
bin/vectoradd:	file format elf64-littleriscv

Disassembly of section .text:

0000000000010120 <exit>:
   10120: 41 11        	addi	sp, sp, -0x10
   10122: 81 45        	li	a1, 0x0
   10124: 22 e0        	sd	s0, 0x0(sp)
   10126: 06 e4        	sd	ra, 0x8(sp)
   10128: 2a 84        	mv	s0, a0
   1012a: ef 30 e0 25  	jal	0x13388 <__call_exitprocs>
   1012e: 03 b5 01 69  	ld	a0, 0x690(gp)
   10132: 3c 6d        	ld	a5, 0x58(a0)
   10134: 91 c3        	beqz	a5, 0x10138 <exit+0x18>
   10136: 82 97        	jalr	a5
   10138: 22 85        	mv	a0, s0
   1013a: ef d0 80 53  	jal	0x1d672 <_exit>

000000000001013e <register_fini>:
   1013e: 93 07 00 00  	li	a5, 0x0
   10142: 99 c7        	beqz	a5, 0x10150 <register_fini+0x12>
   10144: 17 45 00 00  	auipc	a0, 0x4
   10148: 13 05 c5 92  	addi	a0, a0, -0x6d4
   1014c: 6f 30 40 32  	j	0x13470 <atexit>
   10150: 82 80        	ret

0000000000010152 <_start>:
   10152: 97 11 01 00  	auipc	gp, 0x11
   10156: 93 81 61 98  	addi	gp, gp, -0x67a
   1015a: 13 85 81 72  	addi	a0, gp, 0x728
   1015e: 17 16 01 00  	auipc	a2, 0x11
   10162: 13 06 a6 17  	addi	a2, a2, 0x17a
   10166: 09 8e        	sub	a2, a2, a0
   10168: 81 45        	li	a1, 0x0
   1016a: ef 00 30 37  	jal	0x10cdc <memset>
   1016e: 17 35 00 00  	auipc	a0, 0x3
   10172: 13 05 25 30  	addi	a0, a0, 0x302
   10176: 19 c5        	beqz	a0, 0x10184 <_start+0x32>
   10178: 17 45 00 00  	auipc	a0, 0x4
   1017c: 13 05 85 8f  	addi	a0, a0, -0x708
   10180: ef 30 00 2f  	jal	0x13470 <atexit>
   10184: ef 00 f0 2e  	jal	0x10c72 <__libc_init_array>
   10188: 02 45        	lw	a0, 0x0(sp)
   1018a: 2c 00        	addi	a1, sp, 0x8
   1018c: 01 46        	li	a2, 0x0
   1018e: ef 00 60 28  	jal	0x10414 <main>
   10192: 79 b7        	j	0x10120 <exit>

0000000000010194 <__do_global_dtors_aux>:
   10194: 83 c7 01 7a  	lbu	a5, 0x7a0(gp)
   10198: 85 eb        	bnez	a5, 0x101c8 <__do_global_dtors_aux+0x34>
   1019a: 93 07 00 00  	li	a5, 0x0
   1019e: 8d c3        	beqz	a5, 0x101c0 <__do_global_dtors_aux+0x2c>
   101a0: 41 11        	addi	sp, sp, -0x10
   101a2: 17 05 01 00  	auipc	a0, 0x10
   101a6: 13 05 65 bb  	addi	a0, a0, -0x44a
   101aa: 06 e4        	sd	ra, 0x8(sp)
   101ac: 97 00 00 00  	auipc	ra, 0x0
   101b0: e7 00 00 00  	jalr	zero
   101b4: a2 60        	ld	ra, 0x8(sp)
   101b6: 85 47        	li	a5, 0x1
   101b8: 23 80 f1 7a  	sb	a5, 0x7a0(gp)
   101bc: 41 01        	addi	sp, sp, 0x10
   101be: 82 80        	ret
   101c0: 85 47        	li	a5, 0x1
   101c2: 23 80 f1 7a  	sb	a5, 0x7a0(gp)
   101c6: 82 80        	ret
   101c8: 82 80        	ret

00000000000101ca <frame_dummy>:
   101ca: 93 07 00 00  	li	a5, 0x0
   101ce: 99 cb        	beqz	a5, 0x101e4 <frame_dummy+0x1a>
   101d0: 93 85 81 7a  	addi	a1, gp, 0x7a8
   101d4: 17 05 01 00  	auipc	a0, 0x10
   101d8: 13 05 45 b8  	addi	a0, a0, -0x47c
   101dc: 17 03 00 00  	auipc	t1, 0x0
   101e0: 67 00 00 00  	jr	zero
   101e4: 82 80        	ret

00000000000101e6 <generate_random_data>:
   101e6: bd c9        	beqz	a1, 0x1025c <generate_random_data+0x76>
   101e8: 39 71        	addi	sp, sp, -0x40
   101ea: 06 fc        	sd	ra, 0x38(sp)
   101ec: 22 f8        	sd	s0, 0x30(sp)
   101ee: 26 f4        	sd	s1, 0x28(sp)
   101f0: 4a f0        	sd	s2, 0x20(sp)
   101f2: 4e ec        	sd	s3, 0x18(sp)
   101f4: 22 a8        	fsd	fs0, 0x10(sp)
   101f6: 26 a4        	fsd	fs1, 0x8(sp)
   101f8: 2e 84        	mv	s0, a1
   101fa: aa 84        	mv	s1, a0
   101fc: 07 b4 01 6a  	fld	fs0, 0x6a0(gp)
   10200: 37 85 eb 51  	lui	a0, 0x51eb8
   10204: 1b 09 f5 51  	addiw	s2, a0, 0x51f
   10208: 93 09 40 06  	li	s3, 0x64
   1020c: ef 00 50 4b  	jal	0x10ec0 <rand>
   10210: b3 05 25 03  	mul	a1, a0, s2
   10214: 13 d6 f5 03  	srli	a2, a1, 0x3f
   10218: 95 95        	srai	a1, a1, 0x25
   1021a: b2 95        	add	a1, a1, a2
   1021c: b3 85 35 03  	mul	a1, a1, s3
   10220: 0d 9d        	subw	a0, a0, a1
   10222: d3 04 05 d2  	fcvt.d.w	fs1, a0
   10226: ef 00 b0 49  	jal	0x10ec0 <rand>
   1022a: b3 05 25 03  	mul	a1, a0, s2
   1022e: 13 d6 f5 03  	srli	a2, a1, 0x3f
   10232: 95 95        	srai	a1, a1, 0x25
   10234: b2 95        	add	a1, a1, a2
   10236: b3 85 35 03  	mul	a1, a1, s3
   1023a: 0d 9d        	subw	a0, a0, a1
   1023c: d3 07 05 d2  	fcvt.d.w	fa5, a0
   10240: c3 f7 87 4a  	fmadd.d	fa5, fa5, fs0, fs1
   10244: 9c a0        	fsd	fa5, 0x0(s1)
   10246: 7d 14        	addi	s0, s0, -0x1
   10248: a1 04        	addi	s1, s1, 0x8
   1024a: 69 f0        	bnez	s0, 0x1020c <generate_random_data+0x26>
   1024c: e2 70        	ld	ra, 0x38(sp)
   1024e: 42 74        	ld	s0, 0x30(sp)
   10250: a2 74        	ld	s1, 0x28(sp)
   10252: 02 79        	ld	s2, 0x20(sp)
   10254: e2 69        	ld	s3, 0x18(sp)
   10256: 42 24        	fld	fs0, 0x10(sp)
   10258: a2 24        	fld	fs1, 0x8(sp)
   1025a: 21 61        	addi	sp, sp, 0x40
   1025c: 82 80        	ret

000000000001025e <vector_add_f64>:
   1025e: 57 70 88 cd  	vsetivli	zero, 0x10, e64, m1, ta, ma
   10262: 07 74 05 02  	vle64.v	v8, (a0)
   10266: 87 f4 05 02  	vle64.v	v9, (a1)
   1026a: 57 94 84 02  	vfadd.vv	v8, v8, v9
   1026e: 27 74 06 02  	vse64.v	v8, (a2)
   10272: 82 80        	ret

0000000000010274 <double_vector_add_f64>:
   10274: 57 70 88 cd  	vsetivli	zero, 0x10, e64, m1, ta, ma
   10278: 07 74 05 02  	vle64.v	v8, (a0)
   1027c: 87 f4 05 02  	vle64.v	v9, (a1)
   10280: 57 94 84 02  	vfadd.vv	v8, v8, v9
   10284: 57 14 94 02  	vfadd.vv	v8, v9, v8
   10288: 27 74 06 02  	vse64.v	v8, (a2)
   1028c: 82 80        	ret

000000000001028e <vector_scalar_dependency_test>:
   1028e: 57 70 81 cd  	vsetivli	zero, 0x2, e64, m1, ta, ma
   10292: 07 74 05 02  	vle64.v	v8, (a0)
   10296: 87 f4 05 02  	vle64.v	v9, (a1)
   1029a: 57 94 84 02  	vfadd.vv	v8, v8, v9
   1029e: d7 17 80 42  	vfmv.f.s	fa5, v8                                                   # lack
   102a2: 53 07 00 f2  	fmv.d.x	fa4, zero
   102a6: d3 f7 e7 02  	fadd.d	fa5, fa5, fa4
   102aa: 18 29        	fld	fa4, 0x10(a0)
   102ac: 94 29        	fld	fa3, 0x10(a1)
   102ae: 57 b4 80 3e  	vslidedown.vi	v8, v8, 0x1
   102b2: 57 16 80 42  	vfmv.f.s	fa2, v8
   102b6: d3 f7 c7 02  	fadd.d	fa5, fa5, fa2
   102ba: 53 77 d7 02  	fadd.d	fa4, fa4, fa3
   102be: 14 2d        	fld	fa3, 0x18(a0)
   102c0: 90 2d        	fld	fa2, 0x18(a1)
   102c2: 87 b5 81 6a  	fld	fa1, 0x6a8(gp)
   102c6: d3 f7 e7 02  	fadd.d	fa5, fa5, fa4
   102ca: 53 f7 c6 02  	fadd.d	fa4, fa3, fa2
   102ce: d3 f7 e7 02  	fadd.d	fa5, fa5, fa4
   102d2: d3 f7 b7 12  	fmul.d	fa5, fa5, fa1
   102d6: 07 b7 01 6b  	fld	fa4, 0x6b0(gp)
   102da: 87 b6 81 6b  	fld	fa3, 0x6b8(gp)
   102de: 57 70 88 cd  	vsetivli	zero, 0x10, e64, m1, ta, ma
   102e2: 07 74 05 02  	vle64.v	v8, (a0)
   102e6: 87 f4 05 02  	vle64.v	v9, (a1)
   102ea: 43 f7 d7 72  	fmadd.d	fa4, fa5, fa3, fa4
   102ee: 57 d5 07 5e  	vfmv.v.f	v10, fa5
   102f2: d7 55 07 5e  	vfmv.v.f	v11, fa4
   102f6: 57 94 84 02  	vfadd.vv	v8, v8, v9
   102fa: 57 14 85 02  	vfadd.vv	v8, v8, v10
   102fe: 57 94 85 92  	vfmul.vv	v8, v8, v11
   10302: 27 74 06 02  	vse64.v	v8, (a2)
   10306: 82 80        	ret

0000000000010308 <scalar_add_f64>:
   10308: 1c 21        	fld	fa5, 0x0(a0)
   1030a: 98 21        	fld	fa4, 0x0(a1)
   1030c: d3 f7 e7 02  	fadd.d	fa5, fa5, fa4
   10310: 1c a2        	fsd	fa5, 0x0(a2)
   10312: 1c 25        	fld	fa5, 0x8(a0)
   10314: 98 25        	fld	fa4, 0x8(a1)
   10316: d3 f7 e7 02  	fadd.d	fa5, fa5, fa4
   1031a: 1c a6        	fsd	fa5, 0x8(a2)
   1031c: 1c 29        	fld	fa5, 0x10(a0)
   1031e: 98 29        	fld	fa4, 0x10(a1)
   10320: d3 f7 e7 02  	fadd.d	fa5, fa5, fa4
   10324: 1c aa        	fsd	fa5, 0x10(a2)
   10326: 1c 2d        	fld	fa5, 0x18(a0)
   10328: 98 2d        	fld	fa4, 0x18(a1)
   1032a: d3 f7 e7 02  	fadd.d	fa5, fa5, fa4
   1032e: 1c ae        	fsd	fa5, 0x18(a2)
   10330: 1c 31        	fld	fa5, 0x20(a0)
   10332: 98 31        	fld	fa4, 0x20(a1)
   10334: d3 f7 e7 02  	fadd.d	fa5, fa5, fa4
   10338: 1c b2        	fsd	fa5, 0x20(a2)
   1033a: 1c 35        	fld	fa5, 0x28(a0)
   1033c: 98 35        	fld	fa4, 0x28(a1)
   1033e: d3 f7 e7 02  	fadd.d	fa5, fa5, fa4
   10342: 1c b6        	fsd	fa5, 0x28(a2)
   10344: 1c 39        	fld	fa5, 0x30(a0)
   10346: 98 39        	fld	fa4, 0x30(a1)
   10348: d3 f7 e7 02  	fadd.d	fa5, fa5, fa4
   1034c: 1c ba        	fsd	fa5, 0x30(a2)
   1034e: 1c 3d        	fld	fa5, 0x38(a0)
   10350: 98 3d        	fld	fa4, 0x38(a1)
   10352: d3 f7 e7 02  	fadd.d	fa5, fa5, fa4
   10356: 1c be        	fsd	fa5, 0x38(a2)
   10358: 3c 21        	fld	fa5, 0x40(a0)
   1035a: b8 21        	fld	fa4, 0x40(a1)
   1035c: d3 f7 e7 02  	fadd.d	fa5, fa5, fa4
   10360: 3c a2        	fsd	fa5, 0x40(a2)
   10362: 3c 25        	fld	fa5, 0x48(a0)
   10364: b8 25        	fld	fa4, 0x48(a1)
   10366: d3 f7 e7 02  	fadd.d	fa5, fa5, fa4
   1036a: 3c a6        	fsd	fa5, 0x48(a2)
   1036c: 3c 29        	fld	fa5, 0x50(a0)
   1036e: b8 29        	fld	fa4, 0x50(a1)
   10370: d3 f7 e7 02  	fadd.d	fa5, fa5, fa4
   10374: 3c aa        	fsd	fa5, 0x50(a2)
   10376: 3c 2d        	fld	fa5, 0x58(a0)
   10378: b8 2d        	fld	fa4, 0x58(a1)
   1037a: d3 f7 e7 02  	fadd.d	fa5, fa5, fa4
   1037e: 3c ae        	fsd	fa5, 0x58(a2)
   10380: 3c 31        	fld	fa5, 0x60(a0)
   10382: b8 31        	fld	fa4, 0x60(a1)
   10384: d3 f7 e7 02  	fadd.d	fa5, fa5, fa4
   10388: 3c b2        	fsd	fa5, 0x60(a2)
   1038a: 3c 35        	fld	fa5, 0x68(a0)
   1038c: b8 35        	fld	fa4, 0x68(a1)
   1038e: d3 f7 e7 02  	fadd.d	fa5, fa5, fa4
   10392: 3c b6        	fsd	fa5, 0x68(a2)
   10394: 3c 39        	fld	fa5, 0x70(a0)
   10396: b8 39        	fld	fa4, 0x70(a1)
   10398: d3 f7 e7 02  	fadd.d	fa5, fa5, fa4
   1039c: 3c ba        	fsd	fa5, 0x70(a2)
   1039e: 3c 3d        	fld	fa5, 0x78(a0)
   103a0: b8 3d        	fld	fa4, 0x78(a1)
   103a2: d3 f7 e7 02  	fadd.d	fa5, fa5, fa4
   103a6: 3c be        	fsd	fa5, 0x78(a2)
   103a8: 82 80        	ret

00000000000103aa <scalar_dependency_test>:
   103aa: 1c 21        	fld	fa5, 0x0(a0)
   103ac: 98 21        	fld	fa4, 0x0(a1)
   103ae: d3 f7 e7 02  	fadd.d	fa5, fa5, fa4
   103b2: 53 07 00 f2  	fmv.d.x	fa4, zero
   103b6: 14 25        	fld	fa3, 0x8(a0)
   103b8: 90 25        	fld	fa2, 0x8(a1)
   103ba: 0c 29        	fld	fa1, 0x10(a0)
   103bc: 88 29        	fld	fa0, 0x10(a1)
   103be: d3 f7 e7 02  	fadd.d	fa5, fa5, fa4
   103c2: 53 f7 c6 02  	fadd.d	fa4, fa3, fa2
   103c6: d3 f7 e7 02  	fadd.d	fa5, fa5, fa4
   103ca: 53 f7 a5 02  	fadd.d	fa4, fa1, fa0
   103ce: d3 f7 e7 02  	fadd.d	fa5, fa5, fa4
   103d2: 18 2d        	fld	fa4, 0x18(a0)
   103d4: 94 2d        	fld	fa3, 0x18(a1)
   103d6: 07 b6 01 6c  	fld	fa2, 0x6c0(gp)
   103da: 87 b5 81 6c  	fld	fa1, 0x6c8(gp)
   103de: 07 b5 01 6d  	fld	fa0, 0x6d0(gp)
   103e2: 53 77 d7 02  	fadd.d	fa4, fa4, fa3
   103e6: d3 f7 e7 02  	fadd.d	fa5, fa5, fa4
   103ea: d3 f7 c7 12  	fmul.d	fa5, fa5, fa2
   103ee: 43 f7 a7 5a  	fmadd.d	fa4, fa5, fa0, fa1
   103f2: 93 06 06 08  	addi	a3, a2, 0x80
   103f6: 14 21        	fld	fa3, 0x0(a0)
   103f8: 90 21        	fld	fa2, 0x0(a1)
   103fa: d3 f6 c6 02  	fadd.d	fa3, fa3, fa2
   103fe: d3 f6 d7 02  	fadd.d	fa3, fa5, fa3
   10402: d3 76 d7 12  	fmul.d	fa3, fa4, fa3
   10406: 14 a2        	fsd	fa3, 0x0(a2)
   10408: 21 06        	addi	a2, a2, 0x8
   1040a: a1 05        	addi	a1, a1, 0x8
   1040c: 21 05        	addi	a0, a0, 0x8
   1040e: e3 14 d6 fe  	bne	a2, a3, 0x103f6 <scalar_dependency_test+0x4c>
   10412: 82 80        	ret

0000000000010414 <main>:
   10414: 13 01 01 c3  	addi	sp, sp, -0x3d0
   10418: 23 34 11 3c  	sd	ra, 0x3c8(sp)
   1041c: 23 30 81 3c  	sd	s0, 0x3c0(sp)
   10420: 23 3c 91 3a  	sd	s1, 0x3b8(sp)
   10424: 23 38 21 3b  	sd	s2, 0x3b0(sp)
   10428: 23 34 31 3b  	sd	s3, 0x3a8(sp)
   1042c: 23 30 41 3b  	sd	s4, 0x3a0(sp)
   10430: 23 3c 51 39  	sd	s5, 0x398(sp)
   10434: 23 38 61 39  	sd	s6, 0x390(sp)
   10438: 23 34 71 39  	sd	s7, 0x388(sp)
   1043c: 23 30 81 39  	sd	s8, 0x380(sp)
   10440: 23 3c 91 37  	sd	s9, 0x378(sp)
   10444: 23 38 a1 37  	sd	s10, 0x370(sp)
   10448: 23 34 b1 37  	sd	s11, 0x368(sp)
   1044c: 27 30 81 36  	fsd	fs0, 0x360(sp)
   10450: 27 3c 91 34  	fsd	fs1, 0x358(sp)
   10454: 27 38 21 35  	fsd	fs2, 0x350(sp)
   10458: 27 34 31 35  	fsd	fs3, 0x348(sp)
   1045c: 27 30 41 35  	fsd	fs4, 0x340(sp)
   10460: 27 3c 51 33  	fsd	fs5, 0x338(sp)
   10464: 27 38 61 33  	fsd	fs6, 0x330(sp)
   10468: 27 34 71 33  	fsd	fs7, 0x328(sp)
   1046c: 73 25 20 c2  	csrr	a0, vlenb
   10470: 99 45        	li	a1, 0x6
   10472: 33 05 b5 02  	mul	a0, a0, a1
   10476: 33 01 a1 40  	sub	sp, sp, a0
   1047a: 93 0a 01 13  	addi	s5, sp, 0x130
   1047e: 01 45        	li	a0, 0x0
   10480: ef 00 b0 2f  	jal	0x10f7a <time>
   10484: 01 25        	sext.w	a0, a0
   10486: ef 00 f0 22  	jal	0x10eb4 <srand>
   1048a: 00 0d        	addi	s0, sp, 0x290
   1048c: 13 09 01 31  	addi	s2, sp, 0x310
   10490: 07 b4 81 6d  	fld	fs0, 0x6d8(gp)
   10494: 37 85 eb 51  	lui	a0, 0x51eb8
   10498: 9b 04 f5 51  	addiw	s1, a0, 0x51f
   1049c: 93 09 40 06  	li	s3, 0x64
   104a0: ef 00 10 22  	jal	0x10ec0 <rand>
   104a4: b3 05 95 02  	mul	a1, a0, s1
   104a8: 13 d6 f5 03  	srli	a2, a1, 0x3f
   104ac: 95 95        	srai	a1, a1, 0x25
   104ae: b2 95        	add	a1, a1, a2
   104b0: b3 85 35 03  	mul	a1, a1, s3
   104b4: 0d 9d        	subw	a0, a0, a1
   104b6: d3 04 05 d2  	fcvt.d.w	fs1, a0
   104ba: ef 00 70 20  	jal	0x10ec0 <rand>
   104be: b3 05 95 02  	mul	a1, a0, s1
   104c2: 13 d6 f5 03  	srli	a2, a1, 0x3f
   104c6: 95 95        	srai	a1, a1, 0x25
   104c8: b2 95        	add	a1, a1, a2
   104ca: b3 85 35 03  	mul	a1, a1, s3
   104ce: 0d 9d        	subw	a0, a0, a1
   104d0: d3 07 05 d2  	fcvt.d.w	fa5, a0
   104d4: c3 f7 87 4a  	fmadd.d	fa5, fa5, fs0, fs1
   104d8: 1c a0        	fsd	fa5, 0x0(s0)
   104da: 21 04        	addi	s0, s0, 0x8
   104dc: e3 12 24 fd  	bne	s0, s2, 0x104a0 <main+0x8c>
   104e0: 00 0c        	addi	s0, sp, 0x210
   104e2: 13 09 01 29  	addi	s2, sp, 0x290
   104e6: 07 b4 81 6d  	fld	fs0, 0x6d8(gp)
   104ea: 37 85 eb 51  	lui	a0, 0x51eb8
   104ee: 9b 04 f5 51  	addiw	s1, a0, 0x51f
   104f2: 93 09 40 06  	li	s3, 0x64
   104f6: ef 00 b0 1c  	jal	0x10ec0 <rand>
   104fa: b3 05 95 02  	mul	a1, a0, s1
   104fe: 13 d6 f5 03  	srli	a2, a1, 0x3f
   10502: 95 95        	srai	a1, a1, 0x25
   10504: b2 95        	add	a1, a1, a2
   10506: b3 85 35 03  	mul	a1, a1, s3
   1050a: 0d 9d        	subw	a0, a0, a1
   1050c: d3 04 05 d2  	fcvt.d.w	fs1, a0
   10510: ef 00 10 1b  	jal	0x10ec0 <rand>
   10514: b3 05 95 02  	mul	a1, a0, s1
   10518: 13 d6 f5 03  	srli	a2, a1, 0x3f
   1051c: 95 95        	srai	a1, a1, 0x25
   1051e: b2 95        	add	a1, a1, a2
   10520: b3 85 35 03  	mul	a1, a1, s3
   10524: 0d 9d        	subw	a0, a0, a1
   10526: d3 07 05 d2  	fcvt.d.w	fa5, a0
   1052a: c3 f7 87 4a  	fmadd.d	fa5, fa5, fs0, fs1
   1052e: 1c a0        	fsd	fa5, 0x0(s0)
   10530: 21 04        	addi	s0, s0, 0x8
   10532: e3 12 24 fd  	bne	s0, s2, 0x104f6 <main+0xe2>
   10536: 37 f5 01 00  	lui	a0, 0x1f
   1053a: 13 05 95 dd  	addi	a0, a0, -0x227
   1053e: ef 00 f0 16  	jal	0x10eac <puts>
   10542: 37 f5 01 00  	lui	a0, 0x1f
   10546: 13 05 05 ce  	addi	a0, a0, -0x320
   1054a: c1 45        	li	a1, 0x10
   1054c: 41 49        	li	s2, 0x10
   1054e: ef 00 10 06  	jal	0x10dae <printf>
   10552: 37 f5 01 00  	lui	a0, 0x1f
   10556: 13 05 85 df  	addi	a0, a0, -0x208
   1055a: ef 00 30 15  	jal	0x10eac <puts>
   1055e: 07 34 01 29  	fld	fs0, 0x290(sp)
   10562: 87 34 01 21  	fld	fs1, 0x210(sp)
   10566: 37 f5 01 00  	lui	a0, 0x1f
   1056a: 13 04 15 cf  	addi	s0, a0, -0x30f
   1056e: 53 06 04 e2  	fmv.x.d	a2, fs0
   10572: 53 87 04 e2  	fmv.x.d	a4, fs1
   10576: 22 85        	mv	a0, s0
   10578: 81 45        	li	a1, 0x0
   1057a: 81 46        	li	a3, 0x0
   1057c: ef 00 30 03  	jal	0x10dae <printf>
   10580: 07 39 81 29  	fld	fs2, 0x298(sp)
   10584: 87 39 81 21  	fld	fs3, 0x218(sp)
   10588: 53 06 09 e2  	fmv.x.d	a2, fs2
   1058c: 53 87 09 e2  	fmv.x.d	a4, fs3
   10590: 85 45        	li	a1, 0x1
   10592: 85 46        	li	a3, 0x1
   10594: 22 85        	mv	a0, s0
   10596: ef 00 90 01  	jal	0x10dae <printf>
   1059a: 07 3a 01 2a  	fld	fs4, 0x2a0(sp)
   1059e: 87 3a 01 22  	fld	fs5, 0x220(sp)
   105a2: 53 06 0a e2  	fmv.x.d	a2, fs4
   105a6: 53 87 0a e2  	fmv.x.d	a4, fs5
   105aa: 89 45        	li	a1, 0x2
   105ac: 89 46        	li	a3, 0x2
   105ae: 22 85        	mv	a0, s0
   105b0: ef 00 e0 7f  	jal	0x10dae <printf>
   105b4: 07 3b 81 2a  	fld	fs6, 0x2a8(sp)
   105b8: 87 3b 81 22  	fld	fs7, 0x228(sp)
   105bc: 53 06 0b e2  	fmv.x.d	a2, fs6
   105c0: 53 87 0b e2  	fmv.x.d	a4, fs7
   105c4: 8d 45        	li	a1, 0x3
   105c6: 8d 46        	li	a3, 0x3
   105c8: 22 85        	mv	a0, s0
   105ca: ef 00 40 7e  	jal	0x10dae <printf>
   105ce: 57 70 92 cd  	vsetivli	zero, 0x4, e64, m2, ta, ma
   105d2: 57 54 04 5e  	vfmv.v.f	v8, fs0
   105d6: 57 54 89 3e  	vfslide1down.vf	v8, v8, fs2
   105da: 57 54 8a 3e  	vfslide1down.vf	v8, v8, fs4
   105de: 57 54 8b 3e  	vfslide1down.vf	v8, v8, fs6
   105e2: 57 d5 04 5e  	vfmv.v.f	v10, fs1
   105e6: 57 d5 a9 3e  	vfslide1down.vf	v10, v10, fs3
   105ea: 87 34 01 2b  	fld	fs1, 0x2b0(sp)
   105ee: 07 34 01 23  	fld	fs0, 0x230(sp)
   105f2: 57 d5 aa 3e  	vfslide1down.vf	v10, v10, fs5
   105f6: 57 d5 ab 3e  	vfslide1down.vf	v10, v10, fs7
   105fa: 57 14 85 02  	vfadd.vv	v8, v8, v10
   105fe: 73 25 20 c2  	csrr	a0, vlenb
   10602: 0a 05        	slli	a0, a0, 0x2
   10604: 0a 95        	add	a0, a0, sp
   10606: 13 05 05 32  	addi	a0, a0, 0x320
   1060a: 27 04 85 22  	vs2r.v	v8, (a0)
   1060e: 53 86 04 e2  	fmv.x.d	a2, fs1
   10612: 53 07 04 e2  	fmv.x.d	a4, fs0
   10616: 91 45        	li	a1, 0x4
   10618: 91 46        	li	a3, 0x4
   1061a: 22 85        	mv	a0, s0
   1061c: ef 00 20 79  	jal	0x10dae <printf>
   10620: 07 39 81 2b  	fld	fs2, 0x2b8(sp)
   10624: 87 39 81 23  	fld	fs3, 0x238(sp)
   10628: 53 06 09 e2  	fmv.x.d	a2, fs2
   1062c: 53 87 09 e2  	fmv.x.d	a4, fs3
   10630: 95 45        	li	a1, 0x5
   10632: 95 46        	li	a3, 0x5
   10634: 22 85        	mv	a0, s0
   10636: ef 00 80 77  	jal	0x10dae <printf>
   1063a: 07 3a 01 2c  	fld	fs4, 0x2c0(sp)
   1063e: 87 3a 01 24  	fld	fs5, 0x240(sp)
   10642: 53 06 0a e2  	fmv.x.d	a2, fs4
   10646: 53 87 0a e2  	fmv.x.d	a4, fs5
   1064a: 99 45        	li	a1, 0x6
   1064c: 99 46        	li	a3, 0x6
   1064e: 22 85        	mv	a0, s0
   10650: ef 00 e0 75  	jal	0x10dae <printf>
   10654: 07 3b 81 2c  	fld	fs6, 0x2c8(sp)
   10658: 87 3b 81 24  	fld	fs7, 0x248(sp)
   1065c: 53 06 0b e2  	fmv.x.d	a2, fs6
   10660: 53 87 0b e2  	fmv.x.d	a4, fs7
   10664: 9d 45        	li	a1, 0x7
   10666: 9d 46        	li	a3, 0x7
   10668: 22 85        	mv	a0, s0
   1066a: ef 00 40 74  	jal	0x10dae <printf>
   1066e: 57 70 92 cd  	vsetivli	zero, 0x4, e64, m2, ta, ma
   10672: 57 d4 04 5e  	vfmv.v.f	v8, fs1
   10676: 57 54 89 3e  	vfslide1down.vf	v8, v8, fs2
   1067a: 57 54 8a 3e  	vfslide1down.vf	v8, v8, fs4
   1067e: 57 54 8b 3e  	vfslide1down.vf	v8, v8, fs6
   10682: 57 55 04 5e  	vfmv.v.f	v10, fs0
   10686: 57 d5 a9 3e  	vfslide1down.vf	v10, v10, fs3
   1068a: 57 d5 aa 3e  	vfslide1down.vf	v10, v10, fs5
   1068e: 87 34 01 2d  	fld	fs1, 0x2d0(sp)
   10692: 07 34 01 25  	fld	fs0, 0x250(sp)
   10696: 57 d5 ab 3e  	vfslide1down.vf	v10, v10, fs7
   1069a: 57 14 85 02  	vfadd.vv	v8, v8, v10
   1069e: 73 25 20 c2  	csrr	a0, vlenb
   106a2: 06 05        	slli	a0, a0, 0x1
   106a4: 0a 95        	add	a0, a0, sp
   106a6: 13 05 05 32  	addi	a0, a0, 0x320
   106aa: 27 04 85 22  	vs2r.v	v8, (a0)
   106ae: 13 8b 0a 02  	addi	s6, s5, 0x20
   106b2: 53 86 04 e2  	fmv.x.d	a2, fs1
   106b6: 53 07 04 e2  	fmv.x.d	a4, fs0
   106ba: a1 45        	li	a1, 0x8
   106bc: a1 46        	li	a3, 0x8
   106be: 22 85        	mv	a0, s0
   106c0: ef 00 e0 6e  	jal	0x10dae <printf>
   106c4: 07 39 81 2d  	fld	fs2, 0x2d8(sp)
   106c8: 87 39 81 25  	fld	fs3, 0x258(sp)
   106cc: 53 06 09 e2  	fmv.x.d	a2, fs2
   106d0: 53 87 09 e2  	fmv.x.d	a4, fs3
   106d4: a5 45        	li	a1, 0x9
   106d6: a5 46        	li	a3, 0x9
   106d8: 22 85        	mv	a0, s0
   106da: ef 00 40 6d  	jal	0x10dae <printf>
   106de: 07 3a 01 2e  	fld	fs4, 0x2e0(sp)
   106e2: 87 3a 01 26  	fld	fs5, 0x260(sp)
   106e6: 53 06 0a e2  	fmv.x.d	a2, fs4
   106ea: 53 87 0a e2  	fmv.x.d	a4, fs5
   106ee: a9 45        	li	a1, 0xa
   106f0: a9 46        	li	a3, 0xa
   106f2: 22 85        	mv	a0, s0
   106f4: ef 00 a0 6b  	jal	0x10dae <printf>
   106f8: 07 3b 81 2e  	fld	fs6, 0x2e8(sp)
   106fc: 87 3b 81 26  	fld	fs7, 0x268(sp)
   10700: 53 06 0b e2  	fmv.x.d	a2, fs6
   10704: 53 87 0b e2  	fmv.x.d	a4, fs7
   10708: ad 45        	li	a1, 0xb
   1070a: ad 46        	li	a3, 0xb
   1070c: 22 85        	mv	a0, s0
   1070e: ef 00 00 6a  	jal	0x10dae <printf>
   10712: 57 70 92 cd  	vsetivli	zero, 0x4, e64, m2, ta, ma
   10716: 57 d4 04 5e  	vfmv.v.f	v8, fs1
   1071a: 57 54 89 3e  	vfslide1down.vf	v8, v8, fs2
   1071e: 57 54 8a 3e  	vfslide1down.vf	v8, v8, fs4
   10722: 57 54 8b 3e  	vfslide1down.vf	v8, v8, fs6
   10726: 57 55 04 5e  	vfmv.v.f	v10, fs0
   1072a: 57 d5 a9 3e  	vfslide1down.vf	v10, v10, fs3
   1072e: 57 d5 aa 3e  	vfslide1down.vf	v10, v10, fs5
   10732: 87 34 01 2f  	fld	fs1, 0x2f0(sp)
   10736: 07 34 01 27  	fld	fs0, 0x270(sp)
   1073a: 57 d5 ab 3e  	vfslide1down.vf	v10, v10, fs7
   1073e: 57 14 85 02  	vfadd.vv	v8, v8, v10
   10742: 08 16        	addi	a0, sp, 0x320
   10744: 27 04 85 22  	vs2r.v	v8, (a0)
   10748: 93 84 0a 04  	addi	s1, s5, 0x40
   1074c: 53 86 04 e2  	fmv.x.d	a2, fs1
   10750: 53 07 04 e2  	fmv.x.d	a4, fs0
   10754: b1 45        	li	a1, 0xc
   10756: b1 46        	li	a3, 0xc
   10758: 22 85        	mv	a0, s0
   1075a: ef 00 40 65  	jal	0x10dae <printf>
   1075e: 87 39 81 2f  	fld	fs3, 0x2f8(sp)
   10762: 07 39 81 27  	fld	fs2, 0x278(sp)
   10766: 53 86 09 e2  	fmv.x.d	a2, fs3
   1076a: 53 07 09 e2  	fmv.x.d	a4, fs2
   1076e: b5 45        	li	a1, 0xd
   10770: b5 46        	li	a3, 0xd
   10772: 22 85        	mv	a0, s0
   10774: ef 00 a0 63  	jal	0x10dae <printf>
   10778: 87 3a 01 30  	fld	fs5, 0x300(sp)
   1077c: 07 3a 01 28  	fld	fs4, 0x280(sp)
   10780: 53 86 0a e2  	fmv.x.d	a2, fs5
   10784: 53 07 0a e2  	fmv.x.d	a4, fs4
   10788: b9 45        	li	a1, 0xe
   1078a: b9 46        	li	a3, 0xe
   1078c: 22 85        	mv	a0, s0
   1078e: ef 00 00 62  	jal	0x10dae <printf>
   10792: 07 3b 81 30  	fld	fs6, 0x308(sp)
   10796: 87 3b 81 28  	fld	fs7, 0x288(sp)
   1079a: 53 06 0b e2  	fmv.x.d	a2, fs6
   1079e: 53 87 0b e2  	fmv.x.d	a4, fs7
   107a2: bd 45        	li	a1, 0xf
   107a4: bd 46        	li	a3, 0xf
   107a6: 22 85        	mv	a0, s0
   107a8: ef 00 60 60  	jal	0x10dae <printf>
   107ac: 29 45        	li	a0, 0xa
   107ae: ef 00 20 63  	jal	0x10de0 <putchar>
   107b2: 37 f5 01 00  	lui	a0, 0x1f
   107b6: 13 05 45 e0  	addi	a0, a0, -0x1fc
   107ba: ef 00 20 6f  	jal	0x10eac <puts>
   107be: 37 f5 01 00  	lui	a0, 0x1f
   107c2: 13 05 75 e2  	addi	a0, a0, -0x1d9
   107c6: ef 00 60 6e  	jal	0x10eac <puts>
   107ca: 57 70 88 cd  	vsetivli	zero, 0x10, e64, m1, ta, ma
   107ce: 08 0d        	addi	a0, sp, 0x290
   107d0: 07 74 05 02  	vle64.v	v8, (a0)
   107d4: 08 0c        	addi	a0, sp, 0x210
   107d6: 87 74 05 02  	vle64.v	v9, (a0)
   107da: 57 94 84 02  	vfadd.vv	v8, v8, v9
   107de: 93 09 01 19  	addi	s3, sp, 0x190
   107e2: 27 f4 09 02  	vse64.v	v8, (s3)
   107e6: 13 0a 01 11  	addi	s4, sp, 0x110
   107ea: 57 70 92 cd  	vsetivli	zero, 0x4, e64, m2, ta, ma
   107ee: 73 25 20 c2  	csrr	a0, vlenb
   107f2: 0a 05        	slli	a0, a0, 0x2
   107f4: 0a 95        	add	a0, a0, sp
   107f6: 13 05 05 32  	addi	a0, a0, 0x320
   107fa: 07 04 85 22  	vl2r.v	v8, (a0)
   107fe: 27 74 0a 02  	vse64.v	v8, (s4)
   10802: 73 25 20 c2  	csrr	a0, vlenb
   10806: 06 05        	slli	a0, a0, 0x1
   10808: 0a 95        	add	a0, a0, sp
   1080a: 13 05 05 32  	addi	a0, a0, 0x320
   1080e: 07 04 85 22  	vl2r.v	v8, (a0)
   10812: 27 f4 0a 02  	vse64.v	v8, (s5)
   10816: 08 16        	addi	a0, sp, 0x320
   10818: 07 04 85 22  	vl2r.v	v8, (a0)
   1081c: 27 74 0b 02  	vse64.v	v8, (s6)
   10820: 57 d4 04 5e  	vfmv.v.f	v8, fs1
   10824: 57 d4 89 3e  	vfslide1down.vf	v8, v8, fs3
   10828: 57 d4 8a 3e  	vfslide1down.vf	v8, v8, fs5
   1082c: 57 54 8b 3e  	vfslide1down.vf	v8, v8, fs6
   10830: 57 55 04 5e  	vfmv.v.f	v10, fs0
   10834: 57 55 a9 3e  	vfslide1down.vf	v10, v10, fs2
   10838: 57 55 aa 3e  	vfslide1down.vf	v10, v10, fs4
   1083c: 57 d5 ab 3e  	vfslide1down.vf	v10, v10, fs7
   10840: 57 14 85 02  	vfadd.vv	v8, v8, v10
   10844: 27 f4 04 02  	vse64.v	v8, (s1)
   10848: 37 f5 01 00  	lui	a0, 0x1f
   1084c: 13 05 45 e4  	addi	a0, a0, -0x1bc
   10850: ef 00 c0 65  	jal	0x10eac <puts>
   10854: 5a 66        	ld	a2, 0x190(sp)
   10856: 37 f5 01 00  	lui	a0, 0x1f
   1085a: 13 04 f5 d0  	addi	s0, a0, -0x2f1
   1085e: 22 85        	mv	a0, s0
   10860: 81 45        	li	a1, 0x0
   10862: ef 00 c0 54  	jal	0x10dae <printf>
   10866: 7a 66        	ld	a2, 0x198(sp)
   10868: 85 45        	li	a1, 0x1
   1086a: 22 85        	mv	a0, s0
   1086c: ef 00 20 54  	jal	0x10dae <printf>
   10870: 1a 76        	ld	a2, 0x1a0(sp)
   10872: 89 45        	li	a1, 0x2
   10874: 22 85        	mv	a0, s0
   10876: ef 00 80 53  	jal	0x10dae <printf>
   1087a: 3a 76        	ld	a2, 0x1a8(sp)
   1087c: 8d 45        	li	a1, 0x3
   1087e: 22 85        	mv	a0, s0
   10880: ef 00 e0 52  	jal	0x10dae <printf>
   10884: 5a 76        	ld	a2, 0x1b0(sp)
   10886: 91 45        	li	a1, 0x4
   10888: 22 85        	mv	a0, s0
   1088a: ef 00 40 52  	jal	0x10dae <printf>
   1088e: 7a 76        	ld	a2, 0x1b8(sp)
   10890: 95 45        	li	a1, 0x5
   10892: 22 85        	mv	a0, s0
   10894: ef 00 a0 51  	jal	0x10dae <printf>
   10898: 1e 66        	ld	a2, 0x1c0(sp)
   1089a: 99 45        	li	a1, 0x6
   1089c: 22 85        	mv	a0, s0
   1089e: ef 00 00 51  	jal	0x10dae <printf>
   108a2: 3e 66        	ld	a2, 0x1c8(sp)
   108a4: 9d 45        	li	a1, 0x7
   108a6: 22 85        	mv	a0, s0
   108a8: ef 00 60 50  	jal	0x10dae <printf>
   108ac: 5e 66        	ld	a2, 0x1d0(sp)
   108ae: a1 45        	li	a1, 0x8
   108b0: 22 85        	mv	a0, s0
   108b2: ef 00 c0 4f  	jal	0x10dae <printf>
   108b6: 7e 66        	ld	a2, 0x1d8(sp)
   108b8: a5 45        	li	a1, 0x9
   108ba: 22 85        	mv	a0, s0
   108bc: ef 00 20 4f  	jal	0x10dae <printf>
   108c0: 1e 76        	ld	a2, 0x1e0(sp)
   108c2: a9 45        	li	a1, 0xa
   108c4: 22 85        	mv	a0, s0
   108c6: ef 00 80 4e  	jal	0x10dae <printf>
   108ca: 3e 76        	ld	a2, 0x1e8(sp)
   108cc: ad 45        	li	a1, 0xb
   108ce: 22 85        	mv	a0, s0
   108d0: ef 00 e0 4d  	jal	0x10dae <printf>
   108d4: 5e 76        	ld	a2, 0x1f0(sp)
   108d6: b1 45        	li	a1, 0xc
   108d8: 22 85        	mv	a0, s0
   108da: ef 00 40 4d  	jal	0x10dae <printf>
   108de: 7e 76        	ld	a2, 0x1f8(sp)
   108e0: b5 45        	li	a1, 0xd
   108e2: 22 85        	mv	a0, s0
   108e4: ef 00 a0 4c  	jal	0x10dae <printf>
   108e8: 03 36 01 20  	ld	a2, 0x200(sp)
   108ec: b9 45        	li	a1, 0xe
   108ee: 22 85        	mv	a0, s0
   108f0: ef 00 e0 4b  	jal	0x10dae <printf>
   108f4: 03 36 81 20  	ld	a2, 0x208(sp)
   108f8: bd 45        	li	a1, 0xf
   108fa: 22 85        	mv	a0, s0
   108fc: ef 00 20 4b  	jal	0x10dae <printf>
   10900: 29 45        	li	a0, 0xa
   10902: ef 00 e0 4d  	jal	0x10de0 <putchar>
   10906: 37 f5 01 00  	lui	a0, 0x1f
   1090a: 13 05 d5 e5  	addi	a0, a0, -0x1a3
   1090e: ef 00 e0 59  	jal	0x10eac <puts>
   10912: 01 4d        	li	s10, 0x0
   10914: 01 4c        	li	s8, 0x0
   10916: 07 b4 01 6e  	fld	fs0, 0x6e0(gp)
   1091a: 37 f5 01 00  	lui	a0, 0x1f
   1091e: 93 0a a5 d2  	addi	s5, a0, -0x2d6
   10922: 37 f5 01 00  	lui	a0, 0x1f
   10926: 93 0c c5 d5  	addi	s9, a0, -0x2a4
   1092a: c5 4b        	li	s7, 0x11
   1092c: 13 14 3d 00  	slli	s0, s10, 0x3
   10930: ea 8d        	mv	s11, s10
   10932: 05 0d        	addi	s10, s10, 0x1
   10934: b3 04 8a 00  	add	s1, s4, s0
   10938: 4e 94        	add	s0, s0, s3
   1093a: 14 20        	fld	fa3, 0x0(s0)
   1093c: 9c 20        	fld	fa5, 0x0(s1)
   1093e: 53 f7 f6 0a  	fsub.d	fa4, fa3, fa5
   10942: 53 15 87 a2  	flt.d	a0, fa4, fs0
   10946: 9b 85 0d 00  	sext.w	a1, s11
   1094a: 53 86 06 e2  	fmv.x.d	a2, fa3
   1094e: 05 e1        	bnez	a0, 0x1096e <main+0x55a>
   10950: 87 b6 81 6e  	fld	fa3, 0x6e8(gp)
   10954: 53 95 e6 a2  	flt.d	a0, fa3, fa4
   10958: 19 e9        	bnez	a0, 0x1096e <main+0x55a>
   1095a: 66 85        	mv	a0, s9
   1095c: ef 00 20 45  	jal	0x10dae <printf>
   10960: 05 0d        	addi	s10, s10, 0x1
   10962: 85 0d        	addi	s11, s11, 0x1
   10964: a1 04        	addi	s1, s1, 0x8
   10966: 21 04        	addi	s0, s0, 0x8
   10968: e3 19 7d fd  	bne	s10, s7, 0x1093a <main+0x526>
   1096c: 11 a8        	j	0x10980 <main+0x56c>
   1096e: d3 86 07 e2  	fmv.x.d	a3, fa5
   10972: 56 85        	mv	a0, s5
   10974: ef 00 a0 43  	jal	0x10dae <printf>
   10978: 05 4c        	li	s8, 0x1
   1097a: e3 19 2d fb  	bne	s10, s2, 0x1092c <main+0x518>
   1097e: 21 a0        	j	0x10986 <main+0x572>
   10980: 13 75 1c 00  	andi	a0, s8, 0x1
   10984: 19 c5        	beqz	a0, 0x10992 <main+0x57e>
   10986: 37 f5 01 00  	lui	a0, 0x1f
   1098a: 13 05 b5 e8  	addi	a0, a0, -0x175
   1098e: 05 49        	li	s2, 0x1
   10990: 31 a0        	j	0x1099c <main+0x588>
   10992: 01 49        	li	s2, 0x0
   10994: 37 f5 01 00  	lui	a0, 0x1f
   10998: 13 05 45 eb  	addi	a0, a0, -0x14c
   1099c: ef 00 00 51  	jal	0x10eac <puts>
   109a0: 37 f5 01 00  	lui	a0, 0x1f
   109a4: 13 05 d5 ed  	addi	a0, a0, -0x123
   109a8: ef 00 40 50  	jal	0x10eac <puts>
   109ac: 37 f5 01 00  	lui	a0, 0x1f
   109b0: 13 05 35 f0  	addi	a0, a0, -0xfd
   109b4: ef 00 80 4f  	jal	0x10eac <puts>
   109b8: 57 f0 80 cd  	vsetivli	zero, 0x1, e64, m1, ta, ma
   109bc: 73 25 20 c2  	csrr	a0, vlenb
   109c0: 0a 05        	slli	a0, a0, 0x2
   109c2: 0a 95        	add	a0, a0, sp
   109c4: 13 05 05 32  	addi	a0, a0, 0x320
   109c8: 07 05 85 22  	vl2r.v	v10, (a0)
   109cc: d7 17 a0 42  	vfmv.f.s	fa5, v10
   109d0: 53 07 00 f2  	fmv.d.x	fa4, zero
   109d4: d3 f7 e7 02  	fadd.d	fa5, fa5, fa4
   109d8: 57 b4 a0 3e  	vslidedown.vi	v8, v10, 0x1
   109dc: 57 17 80 42  	vfmv.f.s	fa4, v8
   109e0: d3 f7 e7 02  	fadd.d	fa5, fa5, fa4
   109e4: 57 f0 90 cd  	vsetivli	zero, 0x1, e64, m2, ta, ma
   109e8: 57 34 a1 3e  	vslidedown.vi	v8, v10, 0x2
   109ec: 57 17 80 42  	vfmv.f.s	fa4, v8
   109f0: d3 f7 e7 02  	fadd.d	fa5, fa5, fa4
   109f4: 07 b7 01 6f  	fld	fa4, 0x6f0(gp)
   109f8: 57 b4 a1 3e  	vslidedown.vi	v8, v10, 0x3
   109fc: d7 16 80 42  	vfmv.f.s	fa3, v8
   10a00: d3 f7 d7 02  	fadd.d	fa5, fa5, fa3
   10a04: d3 f7 e7 12  	fmul.d	fa5, fa5, fa4
   10a08: 07 b7 81 6f  	fld	fa4, 0x6f8(gp)
   10a0c: 87 b6 01 70  	fld	fa3, 0x700(gp)
   10a10: 08 0d        	addi	a0, sp, 0x290
   10a12: 57 70 88 cd  	vsetivli	zero, 0x10, e64, m1, ta, ma
   10a16: 07 74 05 02  	vle64.v	v8, (a0)
   10a1a: 0c 0c        	addi	a1, sp, 0x210
   10a1c: 87 f4 05 02  	vle64.v	v9, (a1)
   10a20: 43 f7 d7 72  	fmadd.d	fa4, fa5, fa3, fa4
   10a24: 57 d5 07 5e  	vfmv.v.f	v10, fa5
   10a28: d7 55 07 5e  	vfmv.v.f	v11, fa4
   10a2c: 57 94 84 02  	vfadd.vv	v8, v8, v9
   10a30: 57 14 85 02  	vfadd.vv	v8, v8, v10
   10a34: 57 94 85 92  	vfmul.vv	v8, v8, v11
   10a38: 10 09        	addi	a2, sp, 0x90
   10a3a: 27 74 06 02  	vse64.v	v8, (a2)
   10a3e: 10 08        	addi	a2, sp, 0x10
   10a40: 14 09        	addi	a3, sp, 0x90
   10a42: 14 21        	fld	fa3, 0x0(a0)
   10a44: 90 21        	fld	fa2, 0x0(a1)
   10a46: d3 f6 c6 02  	fadd.d	fa3, fa3, fa2
   10a4a: d3 f6 d7 02  	fadd.d	fa3, fa5, fa3
   10a4e: d3 76 d7 12  	fmul.d	fa3, fa4, fa3
   10a52: 14 a2        	fsd	fa3, 0x0(a2)
   10a54: 21 06        	addi	a2, a2, 0x8
   10a56: a1 05        	addi	a1, a1, 0x8
   10a58: 21 05        	addi	a0, a0, 0x8
   10a5a: e3 14 d6 fe  	bne	a2, a3, 0x10a42 <main+0x62e>
   10a5e: 37 f5 01 00  	lui	a0, 0x1f
   10a62: 13 05 35 f4  	addi	a0, a0, -0xbd
   10a66: ef 00 60 44  	jal	0x10eac <puts>
   10a6a: 4a 66        	ld	a2, 0x90(sp)
   10a6c: 37 f5 01 00  	lui	a0, 0x1f
   10a70: 13 04 35 d7  	addi	s0, a0, -0x28d
   10a74: 22 85        	mv	a0, s0
   10a76: 81 45        	li	a1, 0x0
   10a78: ef 00 60 33  	jal	0x10dae <printf>
   10a7c: 6a 66        	ld	a2, 0x98(sp)
   10a7e: 85 45        	li	a1, 0x1
   10a80: 22 85        	mv	a0, s0
   10a82: ef 00 c0 32  	jal	0x10dae <printf>
   10a86: 0a 76        	ld	a2, 0xa0(sp)
   10a88: 89 45        	li	a1, 0x2
   10a8a: 22 85        	mv	a0, s0
   10a8c: ef 00 20 32  	jal	0x10dae <printf>
   10a90: 2a 76        	ld	a2, 0xa8(sp)
   10a92: 8d 45        	li	a1, 0x3
   10a94: 22 85        	mv	a0, s0
   10a96: ef 00 80 31  	jal	0x10dae <printf>
   10a9a: 4a 76        	ld	a2, 0xb0(sp)
   10a9c: 91 45        	li	a1, 0x4
   10a9e: 22 85        	mv	a0, s0
   10aa0: ef 00 e0 30  	jal	0x10dae <printf>
   10aa4: 6a 76        	ld	a2, 0xb8(sp)
   10aa6: 95 45        	li	a1, 0x5
   10aa8: 22 85        	mv	a0, s0
   10aaa: ef 00 40 30  	jal	0x10dae <printf>
   10aae: 0e 66        	ld	a2, 0xc0(sp)
   10ab0: 99 45        	li	a1, 0x6
   10ab2: 22 85        	mv	a0, s0
   10ab4: ef 00 a0 2f  	jal	0x10dae <printf>
   10ab8: 2e 66        	ld	a2, 0xc8(sp)
   10aba: 9d 45        	li	a1, 0x7
   10abc: 22 85        	mv	a0, s0
   10abe: ef 00 00 2f  	jal	0x10dae <printf>
   10ac2: 4e 66        	ld	a2, 0xd0(sp)
   10ac4: a1 45        	li	a1, 0x8
   10ac6: 22 85        	mv	a0, s0
   10ac8: ef 00 60 2e  	jal	0x10dae <printf>
   10acc: 6e 66        	ld	a2, 0xd8(sp)
   10ace: a5 45        	li	a1, 0x9
   10ad0: 22 85        	mv	a0, s0
   10ad2: ef 00 c0 2d  	jal	0x10dae <printf>
   10ad6: 0e 76        	ld	a2, 0xe0(sp)
   10ad8: a9 45        	li	a1, 0xa
   10ada: 22 85        	mv	a0, s0
   10adc: ef 00 20 2d  	jal	0x10dae <printf>
   10ae0: 2e 76        	ld	a2, 0xe8(sp)
   10ae2: ad 45        	li	a1, 0xb
   10ae4: 22 85        	mv	a0, s0
   10ae6: ef 00 80 2c  	jal	0x10dae <printf>
   10aea: 4e 76        	ld	a2, 0xf0(sp)
   10aec: b1 45        	li	a1, 0xc
   10aee: 22 85        	mv	a0, s0
   10af0: ef 00 e0 2b  	jal	0x10dae <printf>
   10af4: 6e 76        	ld	a2, 0xf8(sp)
   10af6: b5 45        	li	a1, 0xd
   10af8: 22 85        	mv	a0, s0
   10afa: ef 00 40 2b  	jal	0x10dae <printf>
   10afe: 12 66        	ld	a2, 0x100(sp)
   10b00: b9 45        	li	a1, 0xe
   10b02: 22 85        	mv	a0, s0
   10b04: ef 00 a0 2a  	jal	0x10dae <printf>
   10b08: 32 66        	ld	a2, 0x108(sp)
   10b0a: bd 45        	li	a1, 0xf
   10b0c: 22 85        	mv	a0, s0
   10b0e: ef 00 00 2a  	jal	0x10dae <printf>
   10b12: 29 45        	li	a0, 0xa
   10b14: ef 00 c0 2c  	jal	0x10de0 <putchar>
   10b18: 37 f5 01 00  	lui	a0, 0x1f
   10b1c: 13 05 55 f6  	addi	a0, a0, -0x9b
   10b20: ef 00 c0 38  	jal	0x10eac <puts>
   10b24: 01 4d        	li	s10, 0x0
   10b26: 81 4b        	li	s7, 0x0
   10b28: 93 09 01 01  	addi	s3, sp, 0x10
   10b2c: 13 0a 01 09  	addi	s4, sp, 0x90
   10b30: 07 b4 01 6e  	fld	fs0, 0x6e0(gp)
   10b34: 37 f5 01 00  	lui	a0, 0x1f
   10b38: 93 0a a5 d2  	addi	s5, a0, -0x2d6
   10b3c: 41 4b        	li	s6, 0x10
   10b3e: 87 b4 81 6e  	fld	fs1, 0x6e8(gp)
   10b42: 37 f5 01 00  	lui	a0, 0x1f
   10b46: 93 0c c5 d5  	addi	s9, a0, -0x2a4
   10b4a: 45 4c        	li	s8, 0x11
   10b4c: 13 14 3d 00  	slli	s0, s10, 0x3
   10b50: ea 8d        	mv	s11, s10
   10b52: 05 0d        	addi	s10, s10, 0x1
   10b54: b3 84 89 00  	add	s1, s3, s0
   10b58: 52 94        	add	s0, s0, s4
   10b5a: 14 20        	fld	fa3, 0x0(s0)
   10b5c: 9c 20        	fld	fa5, 0x0(s1)
   10b5e: 53 f7 f6 0a  	fsub.d	fa4, fa3, fa5
   10b62: 53 15 87 a2  	flt.d	a0, fa4, fs0
   10b66: 9b 85 0d 00  	sext.w	a1, s11
   10b6a: 53 86 06 e2  	fmv.x.d	a2, fa3
   10b6e: 11 ed        	bnez	a0, 0x10b8a <main+0x776>
   10b70: 53 95 e4 a2  	flt.d	a0, fs1, fa4
   10b74: 19 e9        	bnez	a0, 0x10b8a <main+0x776>
   10b76: 66 85        	mv	a0, s9
   10b78: ef 00 60 23  	jal	0x10dae <printf>
   10b7c: 05 0d        	addi	s10, s10, 0x1
   10b7e: 85 0d        	addi	s11, s11, 0x1
   10b80: a1 04        	addi	s1, s1, 0x8
   10b82: 21 04        	addi	s0, s0, 0x8
   10b84: e3 1b 8d fd  	bne	s10, s8, 0x10b5a <main+0x746>
   10b88: 11 a8        	j	0x10b9c <main+0x788>
   10b8a: d3 86 07 e2  	fmv.x.d	a3, fa5
   10b8e: 56 85        	mv	a0, s5
   10b90: ef 00 e0 21  	jal	0x10dae <printf>
   10b94: 85 4b        	li	s7, 0x1
   10b96: e3 1b 6d fb  	bne	s10, s6, 0x10b4c <main+0x738>
   10b9a: 21 a0        	j	0x10ba2 <main+0x78e>
   10b9c: 13 f5 1b 00  	andi	a0, s7, 0x1
   10ba0: 19 c9        	beqz	a0, 0x10bb6 <main+0x7a2>
   10ba2: 37 f5 01 00  	lui	a0, 0x1f
   10ba6: 13 04 45 db  	addi	s0, a0, -0x24c
   10baa: 37 f5 01 00  	lui	a0, 0x1f
   10bae: 13 05 55 fa  	addi	a0, a0, -0x5b
   10bb2: 85 44        	li	s1, 0x1
   10bb4: 11 a8        	j	0x10bc8 <main+0x7b4>
   10bb6: 81 44        	li	s1, 0x0
   10bb8: 37 f5 01 00  	lui	a0, 0x1f
   10bbc: 13 04 d5 da  	addi	s0, a0, -0x253
   10bc0: 37 f5 01 00  	lui	a0, 0x1f
   10bc4: 13 05 05 fd  	addi	a0, a0, -0x30
   10bc8: ef 00 40 2e  	jal	0x10eac <puts>
   10bcc: 37 f5 01 00  	lui	a0, 0x1f
   10bd0: 13 05 b5 ff  	addi	a0, a0, -0x5
   10bd4: ef 00 80 2d  	jal	0x10eac <puts>
   10bd8: 63 17 09 00  	bnez	s2, 0x10be6 <main+0x7d2>
   10bdc: 37 f5 01 00  	lui	a0, 0x1f
   10be0: 93 05 d5 da  	addi	a1, a0, -0x253
   10be4: 29 a0        	j	0x10bee <main+0x7da>
   10be6: 37 f5 01 00  	lui	a0, 0x1f
   10bea: 93 05 45 db  	addi	a1, a0, -0x24c
   10bee: 37 f5 01 00  	lui	a0, 0x1f
   10bf2: 13 05 25 d9  	addi	a0, a0, -0x26e
   10bf6: ef 00 80 1b  	jal	0x10dae <printf>
   10bfa: 37 f5 01 00  	lui	a0, 0x1f
   10bfe: 13 05 b5 db  	addi	a0, a0, -0x245
   10c02: a2 85        	mv	a1, s0
   10c04: ef 00 a0 1a  	jal	0x10dae <printf>
   10c08: 33 65 99 00  	or	a0, s2, s1
   10c0c: f3 25 20 c2  	csrr	a1, vlenb
   10c10: 19 46        	li	a2, 0x6
   10c12: b3 85 c5 02  	mul	a1, a1, a2
   10c16: 2e 91        	add	sp, sp, a1
   10c18: 83 30 81 3c  	ld	ra, 0x3c8(sp)
   10c1c: 03 34 01 3c  	ld	s0, 0x3c0(sp)
   10c20: 83 34 81 3b  	ld	s1, 0x3b8(sp)
   10c24: 03 39 01 3b  	ld	s2, 0x3b0(sp)
   10c28: 83 39 81 3a  	ld	s3, 0x3a8(sp)
   10c2c: 03 3a 01 3a  	ld	s4, 0x3a0(sp)
   10c30: 83 3a 81 39  	ld	s5, 0x398(sp)
   10c34: 03 3b 01 39  	ld	s6, 0x390(sp)
   10c38: 83 3b 81 38  	ld	s7, 0x388(sp)
   10c3c: 03 3c 01 38  	ld	s8, 0x380(sp)
   10c40: 83 3c 81 37  	ld	s9, 0x378(sp)
   10c44: 03 3d 01 37  	ld	s10, 0x370(sp)
   10c48: 83 3d 81 36  	ld	s11, 0x368(sp)
   10c4c: 07 34 01 36  	fld	fs0, 0x360(sp)
   10c50: 87 34 81 35  	fld	fs1, 0x358(sp)
   10c54: 07 39 01 35  	fld	fs2, 0x350(sp)
   10c58: 87 39 81 34  	fld	fs3, 0x348(sp)
   10c5c: 07 3a 01 34  	fld	fs4, 0x340(sp)
   10c60: 87 3a 81 33  	fld	fs5, 0x338(sp)
   10c64: 07 3b 01 33  	fld	fs6, 0x330(sp)
   10c68: 87 3b 81 32  	fld	fs7, 0x328(sp)
   10c6c: 13 01 01 3d  	addi	sp, sp, 0x3d0
   10c70: 82 80        	ret

0000000000010c72 <__libc_init_array>:
   10c72: 01 11        	addi	sp, sp, -0x20
   10c74: 22 e8        	sd	s0, 0x10(sp)
   10c76: 4a e0        	sd	s2, 0x0(sp)
   10c78: 97 f7 00 00  	auipc	a5, 0xf
   10c7c: 93 87 87 38  	addi	a5, a5, 0x388
   10c80: 17 f4 00 00  	auipc	s0, 0xf
   10c84: 13 04 04 38  	addi	s0, s0, 0x380
   10c88: 06 ec        	sd	ra, 0x18(sp)
   10c8a: 26 e4        	sd	s1, 0x8(sp)
   10c8c: 33 89 87 40  	sub	s2, a5, s0
   10c90: 63 8b 87 00  	beq	a5, s0, 0x10ca6 <__libc_init_array+0x34>
   10c94: 13 59 39 40  	srai	s2, s2, 0x3
   10c98: 81 44        	li	s1, 0x0
   10c9a: 1c 60        	ld	a5, 0x0(s0)
   10c9c: 85 04        	addi	s1, s1, 0x1
   10c9e: 21 04        	addi	s0, s0, 0x8
   10ca0: 82 97        	jalr	a5
   10ca2: e3 ec 24 ff  	bltu	s1, s2, 0x10c9a <__libc_init_array+0x28>
   10ca6: 97 f7 00 00  	auipc	a5, 0xf
   10caa: 93 87 a7 36  	addi	a5, a5, 0x36a
   10cae: 17 f4 00 00  	auipc	s0, 0xf
   10cb2: 13 04 24 35  	addi	s0, s0, 0x352
   10cb6: 33 89 87 40  	sub	s2, a5, s0
   10cba: 13 59 39 40  	srai	s2, s2, 0x3
   10cbe: 63 89 87 00  	beq	a5, s0, 0x10cd0 <__libc_init_array+0x5e>
   10cc2: 81 44        	li	s1, 0x0
   10cc4: 1c 60        	ld	a5, 0x0(s0)
   10cc6: 85 04        	addi	s1, s1, 0x1
   10cc8: 21 04        	addi	s0, s0, 0x8
   10cca: 82 97        	jalr	a5
   10ccc: e3 ec 24 ff  	bltu	s1, s2, 0x10cc4 <__libc_init_array+0x52>
   10cd0: e2 60        	ld	ra, 0x18(sp)
   10cd2: 42 64        	ld	s0, 0x10(sp)
   10cd4: a2 64        	ld	s1, 0x8(sp)
   10cd6: 02 69        	ld	s2, 0x0(sp)
   10cd8: 05 61        	addi	sp, sp, 0x20
   10cda: 82 80        	ret

0000000000010cdc <memset>:
   10cdc: 3d 43        	li	t1, 0xf
   10cde: 2a 87        	mv	a4, a0
   10ce0: 63 71 c3 02  	bgeu	t1, a2, 0x10d02 <memset+0x26>
   10ce4: 93 77 f7 00  	andi	a5, a4, 0xf
   10ce8: c1 e3        	bnez	a5, 0x10d68 <memset+0x8c>
   10cea: bd e1        	bnez	a1, 0x10d50 <memset+0x74>
   10cec: 93 76 06 ff  	andi	a3, a2, -0x10
   10cf0: 3d 8a        	andi	a2, a2, 0xf
   10cf2: ba 96        	add	a3, a3, a4
   10cf4: 0c e3        	sd	a1, 0x0(a4)
   10cf6: 0c e7        	sd	a1, 0x8(a4)
   10cf8: 41 07        	addi	a4, a4, 0x10
   10cfa: e3 6d d7 fe  	bltu	a4, a3, 0x10cf4 <memset+0x18>
   10cfe: 11 e2        	bnez	a2, 0x10d02 <memset+0x26>
   10d00: 82 80        	ret
   10d02: b3 06 c3 40  	sub	a3, t1, a2
   10d06: 8a 06        	slli	a3, a3, 0x2
   10d08: 97 02 00 00  	auipc	t0, 0x0
   10d0c: 96 96        	add	a3, a3, t0
   10d0e: 67 80 a6 00  	jr	0xa(a3)
   10d12: 23 07 b7 00  	sb	a1, 0xe(a4)
   10d16: a3 06 b7 00  	sb	a1, 0xd(a4)
   10d1a: 23 06 b7 00  	sb	a1, 0xc(a4)
   10d1e: a3 05 b7 00  	sb	a1, 0xb(a4)
   10d22: 23 05 b7 00  	sb	a1, 0xa(a4)
   10d26: a3 04 b7 00  	sb	a1, 0x9(a4)
   10d2a: 23 04 b7 00  	sb	a1, 0x8(a4)
   10d2e: a3 03 b7 00  	sb	a1, 0x7(a4)
   10d32: 23 03 b7 00  	sb	a1, 0x6(a4)
   10d36: a3 02 b7 00  	sb	a1, 0x5(a4)
   10d3a: 23 02 b7 00  	sb	a1, 0x4(a4)
   10d3e: a3 01 b7 00  	sb	a1, 0x3(a4)
   10d42: 23 01 b7 00  	sb	a1, 0x2(a4)
   10d46: a3 00 b7 00  	sb	a1, 0x1(a4)
   10d4a: 23 00 b7 00  	sb	a1, 0x0(a4)
   10d4e: 82 80        	ret
   10d50: 93 f5 f5 0f  	andi	a1, a1, 0xff
   10d54: 93 96 85 00  	slli	a3, a1, 0x8
   10d58: d5 8d        	or	a1, a1, a3
   10d5a: 93 96 05 01  	slli	a3, a1, 0x10
   10d5e: d5 8d        	or	a1, a1, a3
   10d60: 93 96 05 02  	slli	a3, a1, 0x20
   10d64: d5 8d        	or	a1, a1, a3
   10d66: 59 b7        	j	0x10cec <memset+0x10>
   10d68: 93 96 27 00  	slli	a3, a5, 0x2
   10d6c: 97 02 00 00  	auipc	t0, 0x0
   10d70: 96 96        	add	a3, a3, t0
   10d72: 86 82        	mv	t0, ra
   10d74: e7 80 26 fa  	jalr	-0x5e(a3)
   10d78: 96 80        	mv	ra, t0
   10d7a: c1 17        	addi	a5, a5, -0x10
   10d7c: 1d 8f        	sub	a4, a4, a5
   10d7e: 3e 96        	add	a2, a2, a5
   10d80: e3 71 c3 f8  	bgeu	t1, a2, 0x10d02 <memset+0x26>
   10d84: 9d b7        	j	0x10cea <memset+0xe>

0000000000010d86 <_printf_r>:
   10d86: 5d 71        	addi	sp, sp, -0x50
   10d88: 2e 8e        	mv	t3, a1
   10d8a: 0c 69        	ld	a1, 0x10(a0)
   10d8c: 13 03 01 02  	addi	t1, sp, 0x20
   10d90: 32 f0        	sd	a2, 0x20(sp)
   10d92: 36 f4        	sd	a3, 0x28(sp)
   10d94: 72 86        	mv	a2, t3
   10d96: 9a 86        	mv	a3, t1
   10d98: 06 ec        	sd	ra, 0x18(sp)
   10d9a: 3a f8        	sd	a4, 0x30(sp)
   10d9c: 3e fc        	sd	a5, 0x38(sp)
   10d9e: c2 e0        	sd	a6, 0x40(sp)
   10da0: c6 e4        	sd	a7, 0x48(sp)
   10da2: 1a e4        	sd	t1, 0x8(sp)
   10da4: ef 00 00 20  	jal	0x10fa4 <_vfprintf_r>
   10da8: e2 60        	ld	ra, 0x18(sp)
   10daa: 61 61        	addi	sp, sp, 0x50
   10dac: 82 80        	ret

0000000000010dae <printf>:
   10dae: 03 b3 81 70  	ld	t1, 0x708(gp)
   10db2: 1d 71        	addi	sp, sp, -0x60
   10db4: 32 f8        	sd	a2, 0x30(sp)
   10db6: 36 fc        	sd	a3, 0x38(sp)
   10db8: 2e f4        	sd	a1, 0x28(sp)
   10dba: ba e0        	sd	a4, 0x40(sp)
   10dbc: be e4        	sd	a5, 0x48(sp)
   10dbe: c2 e8        	sd	a6, 0x50(sp)
   10dc0: c6 ec        	sd	a7, 0x58(sp)
   10dc2: 83 35 03 01  	ld	a1, 0x10(t1)
   10dc6: 34 10        	addi	a3, sp, 0x28
   10dc8: 2a 86        	mv	a2, a0
   10dca: 1a 85        	mv	a0, t1
   10dcc: 06 ec        	sd	ra, 0x18(sp)
   10dce: 36 e4        	sd	a3, 0x8(sp)
   10dd0: ef 00 40 1d  	jal	0x10fa4 <_vfprintf_r>
   10dd4: e2 60        	ld	ra, 0x18(sp)
   10dd6: 25 61        	addi	sp, sp, 0x60
   10dd8: 82 80        	ret

0000000000010dda <_putchar_r>:
   10dda: 10 69        	ld	a2, 0x10(a0)
   10ddc: 6f 60 d0 72  	j	0x17d08 <_putc_r>

0000000000010de0 <putchar>:
   10de0: 83 b7 81 70  	ld	a5, 0x708(gp)
   10de4: aa 85        	mv	a1, a0
   10de6: 90 6b        	ld	a2, 0x10(a5)
   10de8: 3e 85        	mv	a0, a5
   10dea: 6f 60 f0 71  	j	0x17d08 <_putc_r>

0000000000010dee <_puts_r>:
   10dee: 1d 71        	addi	sp, sp, -0x60
   10df0: a6 e4        	sd	s1, 0x48(sp)
   10df2: aa 84        	mv	s1, a0
   10df4: 2e 85        	mv	a0, a1
   10df6: a2 e8        	sd	s0, 0x50(sp)
   10df8: 86 ec        	sd	ra, 0x58(sp)
   10dfa: 2e 84        	mv	s0, a1
   10dfc: ef 00 40 0e  	jal	0x10ee0 <strlen>
   10e00: bc 48        	lw	a5, 0x50(s1)
   10e02: 13 08 15 00  	addi	a6, a0, 0x1
   10e06: 97 e5 00 00  	auipc	a1, 0xe
   10e0a: 93 85 a5 20  	addi	a1, a1, 0x20a
   10e0e: 05 46        	li	a2, 0x1
   10e10: 14 10        	addi	a3, sp, 0x20
   10e12: 09 47        	li	a4, 0x2
   10e14: 22 f0        	sd	s0, 0x20(sp)
   10e16: 2a f4        	sd	a0, 0x28(sp)
   10e18: 42 ec        	sd	a6, 0x18(sp)
   10e1a: 2e f8        	sd	a1, 0x30(sp)
   10e1c: 32 fc        	sd	a2, 0x38(sp)
   10e1e: 36 e4        	sd	a3, 0x8(sp)
   10e20: 3a c8        	sw	a4, 0x10(sp)
   10e22: 80 68        	ld	s0, 0x10(s1)
   10e24: b9 cf        	beqz	a5, 0x10e82 <_puts_r+0x94>
   10e26: 03 27 04 0b  	lw	a4, 0xb0(s0)
   10e2a: 83 17 04 01  	lh	a5, 0x10(s0)
   10e2e: 05 8b        	andi	a4, a4, 0x1
   10e30: 01 e7        	bnez	a4, 0x10e38 <_puts_r+0x4a>
   10e32: 13 f7 07 20  	andi	a4, a5, 0x200
   10e36: 3d c3        	beqz	a4, 0x10e9c <_puts_r+0xae>
   10e38: 13 97 27 03  	slli	a4, a5, 0x32
   10e3c: 09 66        	lui	a2, 0x2
   10e3e: 63 4c 07 00  	bltz	a4, 0x10e56 <_puts_r+0x68>
   10e42: 03 27 04 0b  	lw	a4, 0xb0(s0)
   10e46: f9 76        	lui	a3, 0xffffe
   10e48: fd 16        	addi	a3, a3, -0x1
   10e4a: d1 8f        	or	a5, a5, a2
   10e4c: 75 8f        	and	a4, a4, a3
   10e4e: 23 18 f4 00  	sh	a5, 0x10(s0)
   10e52: 23 28 e4 0a  	sw	a4, 0xb0(s0)
   10e56: 26 85        	mv	a0, s1
   10e58: 30 00        	addi	a2, sp, 0x8
   10e5a: a2 85        	mv	a1, s0
   10e5c: ef 20 90 76  	jal	0x13dc4 <__sfvwrite_r>
   10e60: a9 44        	li	s1, 0xa
   10e62: 39 e1        	bnez	a0, 0x10ea8 <_puts_r+0xba>
   10e64: 83 27 04 0b  	lw	a5, 0xb0(s0)
   10e68: 85 8b        	andi	a5, a5, 0x1
   10e6a: 91 e7        	bnez	a5, 0x10e76 <_puts_r+0x88>
   10e6c: 83 57 04 01  	lhu	a5, 0x10(s0)
   10e70: 93 f7 07 20  	andi	a5, a5, 0x200
   10e74: 99 cb        	beqz	a5, 0x10e8a <_puts_r+0x9c>
   10e76: e6 60        	ld	ra, 0x58(sp)
   10e78: 46 64        	ld	s0, 0x50(sp)
   10e7a: 26 85        	mv	a0, s1
   10e7c: a6 64        	ld	s1, 0x48(sp)
   10e7e: 25 61        	addi	sp, sp, 0x60
   10e80: 82 80        	ret
   10e82: 26 85        	mv	a0, s1
   10e84: ef 20 10 15  	jal	0x137d4 <__sinit>
   10e88: 79 bf        	j	0x10e26 <_puts_r+0x38>
   10e8a: 48 70        	ld	a0, 0xa0(s0)
   10e8c: ef 50 e0 71  	jal	0x165aa <__retarget_lock_release_recursive>
   10e90: e6 60        	ld	ra, 0x58(sp)
   10e92: 46 64        	ld	s0, 0x50(sp)
   10e94: 26 85        	mv	a0, s1
   10e96: a6 64        	ld	s1, 0x48(sp)
   10e98: 25 61        	addi	sp, sp, 0x60
   10e9a: 82 80        	ret
   10e9c: 48 70        	ld	a0, 0xa0(s0)
   10e9e: ef 50 00 70  	jal	0x1659e <__retarget_lock_acquire_recursive>
   10ea2: 83 17 04 01  	lh	a5, 0x10(s0)
   10ea6: 49 bf        	j	0x10e38 <_puts_r+0x4a>
   10ea8: fd 54        	li	s1, -0x1
   10eaa: 6d bf        	j	0x10e64 <_puts_r+0x76>

0000000000010eac <puts>:
   10eac: aa 85        	mv	a1, a0
   10eae: 03 b5 81 70  	ld	a0, 0x708(gp)
   10eb2: 35 bf        	j	0x10dee <_puts_r>

0000000000010eb4 <srand>:
   10eb4: 83 b7 81 70  	ld	a5, 0x708(gp)
   10eb8: 02 15        	slli	a0, a0, 0x20
   10eba: 01 91        	srli	a0, a0, 0x20
   10ebc: e8 f7        	sd	a0, 0xe8(a5)
   10ebe: 82 80        	ret

0000000000010ec0 <rand>:
   10ec0: 03 b7 81 70  	ld	a4, 0x708(gp)
   10ec4: 97 06 01 00  	auipc	a3, 0x10
   10ec8: 83 b6 c6 26  	ld	a3, 0x26c(a3)
   10ecc: 7c 77        	ld	a5, 0xe8(a4)
   10ece: b3 87 d7 02  	mul	a5, a5, a3
   10ed2: 85 07        	addi	a5, a5, 0x1
   10ed4: 13 95 17 00  	slli	a0, a5, 0x1
   10ed8: 7c f7        	sd	a5, 0xe8(a4)
   10eda: 05 91        	srli	a0, a0, 0x21
   10edc: 82 80        	ret
   10ede: 00 00        	unimp

0000000000010ee0 <strlen>:
   10ee0: 93 77 75 00  	andi	a5, a0, 0x7
   10ee4: 2a 87        	mv	a4, a0
   10ee6: b1 ef        	bnez	a5, 0x10f42 <strlen+0x62>
   10ee8: b7 87 7f 7f  	lui	a5, 0x7f7f8
   10eec: 93 87 f7 f7  	addi	a5, a5, -0x81
   10ef0: 93 96 07 02  	slli	a3, a5, 0x20
   10ef4: be 96        	add	a3, a3, a5
   10ef6: fd 55        	li	a1, -0x1
   10ef8: 10 63        	ld	a2, 0x0(a4)
   10efa: 21 07        	addi	a4, a4, 0x8
   10efc: b3 77 d6 00  	and	a5, a2, a3
   10f00: b6 97        	add	a5, a5, a3
   10f02: d1 8f        	or	a5, a5, a2
   10f04: d5 8f        	or	a5, a5, a3
   10f06: e3 89 b7 fe  	beq	a5, a1, 0x10ef8 <strlen+0x18>
   10f0a: 83 46 87 ff  	lbu	a3, -0x8(a4)
   10f0e: b3 07 a7 40  	sub	a5, a4, a0
   10f12: a9 c6        	beqz	a3, 0x10f5c <strlen+0x7c>
   10f14: 83 46 97 ff  	lbu	a3, -0x7(a4)
   10f18: 9d ce        	beqz	a3, 0x10f56 <strlen+0x76>
   10f1a: 83 46 a7 ff  	lbu	a3, -0x6(a4)
   10f1e: a9 c6        	beqz	a3, 0x10f68 <strlen+0x88>
   10f20: 83 46 b7 ff  	lbu	a3, -0x5(a4)
   10f24: 9d ce        	beqz	a3, 0x10f62 <strlen+0x82>
   10f26: 83 46 c7 ff  	lbu	a3, -0x4(a4)
   10f2a: b1 c2        	beqz	a3, 0x10f6e <strlen+0x8e>
   10f2c: 83 46 d7 ff  	lbu	a3, -0x3(a4)
   10f30: b1 c2        	beqz	a3, 0x10f74 <strlen+0x94>
   10f32: 03 45 e7 ff  	lbu	a0, -0x2(a4)
   10f36: 33 35 a0 00  	snez	a0, a0
   10f3a: 3e 95        	add	a0, a0, a5
   10f3c: 79 15        	addi	a0, a0, -0x2
   10f3e: 82 80        	ret
   10f40: c5 d6        	beqz	a3, 0x10ee8 <strlen+0x8>
   10f42: 83 47 07 00  	lbu	a5, 0x0(a4)
   10f46: 05 07        	addi	a4, a4, 0x1
   10f48: 93 76 77 00  	andi	a3, a4, 0x7
   10f4c: f5 fb        	bnez	a5, 0x10f40 <strlen+0x60>
   10f4e: 09 8f        	sub	a4, a4, a0
   10f50: 13 05 f7 ff  	addi	a0, a4, -0x1
   10f54: 82 80        	ret
   10f56: 13 85 97 ff  	addi	a0, a5, -0x7
   10f5a: 82 80        	ret
   10f5c: 13 85 87 ff  	addi	a0, a5, -0x8
   10f60: 82 80        	ret
   10f62: 13 85 b7 ff  	addi	a0, a5, -0x5
   10f66: 82 80        	ret
   10f68: 13 85 a7 ff  	addi	a0, a5, -0x6
   10f6c: 82 80        	ret
   10f6e: 13 85 c7 ff  	addi	a0, a5, -0x4
   10f72: 82 80        	ret
   10f74: 13 85 d7 ff  	addi	a0, a5, -0x3
   10f78: 82 80        	ret

0000000000010f7a <time>:
   10f7a: 01 11        	addi	sp, sp, -0x20
   10f7c: 22 e8        	sd	s0, 0x10(sp)
   10f7e: 2a 84        	mv	s0, a0
   10f80: 03 b5 81 70  	ld	a0, 0x708(gp)
   10f84: 01 46        	li	a2, 0x0
   10f86: 8a 85        	mv	a1, sp
   10f88: 06 ec        	sd	ra, 0x18(sp)
   10f8a: ef 30 40 28  	jal	0x1420e <_gettimeofday_r>
   10f8e: fd 57        	li	a5, -0x1
   10f90: 63 43 05 00  	bltz	a0, 0x10f96 <time+0x1c>
   10f94: 82 67        	ld	a5, 0x0(sp)
   10f96: 11 c0        	beqz	s0, 0x10f9a <time+0x20>
   10f98: 1c e0        	sd	a5, 0x0(s0)
   10f9a: e2 60        	ld	ra, 0x18(sp)
   10f9c: 42 64        	ld	s0, 0x10(sp)
   10f9e: 3e 85        	mv	a0, a5
   10fa0: 05 61        	addi	sp, sp, 0x20
   10fa2: 82 80        	ret

0000000000010fa4 <_vfprintf_r>:
   10fa4: 13 01 01 dc  	addi	sp, sp, -0x240
   10fa8: 23 3c 11 22  	sd	ra, 0x238(sp)
   10fac: 23 38 81 22  	sd	s0, 0x230(sp)
   10fb0: 23 30 21 23  	sd	s2, 0x220(sp)
   10fb4: e2 fb        	sd	s8, 0x1f0(sp)
   10fb6: 2e 89        	mv	s2, a1
   10fb8: 32 8c        	mv	s8, a2
   10fba: 36 ec        	sd	a3, 0x18(sp)
   10fbc: 2a 84        	mv	s0, a0
   10fbe: 2a e0        	sd	a0, 0x0(sp)
   10fc0: ef 50 80 5c  	jal	0x16588 <_localeconv_r>
   10fc4: 1c 61        	ld	a5, 0x0(a0)
   10fc6: 3e 85        	mv	a0, a5
   10fc8: be e4        	sd	a5, 0x48(sp)
   10fca: ef f0 7f f1  	jal	0x10ee0 <strlen>
   10fce: aa e0        	sd	a0, 0x40(sp)
   10fd0: 82 e1        	sd	zero, 0xc0(sp)
   10fd2: 82 e5        	sd	zero, 0xc8(sp)
   10fd4: 01 c4        	beqz	s0, 0x10fdc <_vfprintf_r+0x38>
   10fd6: 38 48        	lw	a4, 0x50(s0)
   10fd8: 63 03 07 76  	beqz	a4, 0x1173e <_vfprintf_r+0x79a>
   10fdc: 83 26 09 0b  	lw	a3, 0xb0(s2)
   10fe0: 03 17 09 01  	lh	a4, 0x10(s2)
   10fe4: 85 8a        	andi	a3, a3, 0x1
   10fe6: 91 e6        	bnez	a3, 0x10ff2 <_vfprintf_r+0x4e>
   10fe8: 93 76 07 20  	andi	a3, a4, 0x200
   10fec: 99 e2        	bnez	a3, 0x10ff2 <_vfprintf_r+0x4e>
   10fee: 6f 10 a0 10  	j	0x120f8 <_vfprintf_r+0x1154>
   10ff2: 93 16 27 03  	slli	a3, a4, 0x32
   10ff6: 89 65        	lui	a1, 0x2
   10ff8: 63 cc 06 00  	bltz	a3, 0x11010 <_vfprintf_r+0x6c>
   10ffc: 83 26 09 0b  	lw	a3, 0xb0(s2)
   11000: 79 76        	lui	a2, 0xffffe
   11002: 7d 16        	addi	a2, a2, -0x1
   11004: 4d 8f        	or	a4, a4, a1
   11006: f1 8e        	and	a3, a3, a2
   11008: 23 18 e9 00  	sh	a4, 0x10(s2)
   1100c: 23 28 d9 0a  	sw	a3, 0xb0(s2)
   11010: 93 76 87 00  	andi	a3, a4, 0x8
   11014: 63 86 06 24  	beqz	a3, 0x11260 <_vfprintf_r+0x2bc>
   11018: 83 36 89 01  	ld	a3, 0x18(s2)
   1101c: 63 82 06 24  	beqz	a3, 0x11260 <_vfprintf_r+0x2bc>
   11020: 93 76 a7 01  	andi	a3, a4, 0x1a
   11024: 29 46        	li	a2, 0xa
   11026: 63 8b c6 24  	beq	a3, a2, 0x1127c <_vfprintf_r+0x2d8>
   1102a: 23 34 91 22  	sd	s1, 0x228(sp)
   1102e: 23 3c 31 21  	sd	s3, 0x218(sp)
   11032: ea f3        	sd	s10, 0x1e0(sp)
   11034: 23 38 41 21  	sd	s4, 0x210(sp)
   11038: 23 34 51 21  	sd	s5, 0x208(sp)
   1103c: 23 30 61 21  	sd	s6, 0x200(sp)
   11040: de ff        	sd	s7, 0x1f8(sp)
   11042: e6 f7        	sd	s9, 0x1e8(sp)
   11044: ee ef        	sd	s11, 0x1d8(sp)
   11046: 62 8d        	mv	s10, s8
   11048: 03 47 0d 00  	lbu	a4, 0x0(s10)
   1104c: 9c 0a        	addi	a5, sp, 0x150
   1104e: 82 f1        	sd	zero, 0xe0(sp)
   11050: 82 cd        	sw	zero, 0xd8(sp)
   11052: be e9        	sd	a5, 0xd0(sp)
   11054: 02 f4        	sd	zero, 0x28(sp)
   11056: 82 e8        	sd	zero, 0x50(sp)
   11058: 82 f0        	sd	zero, 0x60(sp)
   1105a: 82 f8        	sd	zero, 0x70(sp)
   1105c: 82 ec        	sd	zero, 0x58(sp)
   1105e: 02 e4        	sd	zero, 0x8(sp)
   11060: 13 04 50 02  	li	s0, 0x25
   11064: c1 44        	li	s1, 0x10
   11066: be 89        	mv	s3, a5
   11068: 63 0b 07 18  	beqz	a4, 0x111fe <_vfprintf_r+0x25a>
   1106c: ea 8a        	mv	s5, s10
   1106e: 63 06 87 24  	beq	a4, s0, 0x112ba <_vfprintf_r+0x316>
   11072: 03 c7 1a 00  	lbu	a4, 0x1(s5)
   11076: 85 0a        	addi	s5, s5, 0x1
   11078: 7d fb        	bnez	a4, 0x1106e <_vfprintf_r+0xca>
   1107a: 3b 8a aa 41  	subw	s4, s5, s10
   1107e: 63 00 0a 18  	beqz	s4, 0x111fe <_vfprintf_r+0x25a>
   11082: 8e 76        	ld	a3, 0xe0(sp)
   11084: 6e 47        	lw	a4, 0xd8(sp)
   11086: 23 b0 a9 01  	sd	s10, 0x0(s3)
   1108a: d2 96        	add	a3, a3, s4
   1108c: 05 27        	addiw	a4, a4, 0x1
   1108e: 23 b4 49 01  	sd	s4, 0x8(s3)
   11092: b6 f1        	sd	a3, 0xe0(sp)
   11094: ba cd        	sw	a4, 0xd8(sp)
   11096: 9d 46        	li	a3, 0x7
   11098: c1 09        	addi	s3, s3, 0x10
   1109a: 63 c7 e6 22  	blt	a3, a4, 0x112c8 <_vfprintf_r+0x324>
   1109e: a2 67        	ld	a5, 0x8(sp)
   110a0: 03 c7 0a 00  	lbu	a4, 0x0(s5)
   110a4: bb 87 47 01  	addw	a5, a5, s4
   110a8: 3e e4        	sd	a5, 0x8(sp)
   110aa: 63 0a 07 14  	beqz	a4, 0x111fe <_vfprintf_r+0x25a>
   110ae: 7d 53        	li	t1, -0x1
   110b0: 01 4f        	li	t5, 0x0
   110b2: 03 ce 1a 00  	lbu	t3, 0x1(s5)
   110b6: a3 0f 01 08  	sb	zero, 0x9f(sp)
   110ba: 85 0a        	addi	s5, s5, 0x1
   110bc: 81 4b        	li	s7, 0x0
   110be: 13 0a a0 05  	li	s4, 0x5a
   110c2: 7a 8b        	mv	s6, t5
   110c4: 1a 8c        	mv	s8, t1
   110c6: 85 0a        	addi	s5, s5, 0x1
   110c8: 9b 07 0e fe  	addiw	a5, t3, -0x20
   110cc: 63 67 fa 04  	bltu	s4, a5, 0x1111a <_vfprintf_r+0x176>
   110d0: 13 97 07 02  	slli	a4, a5, 0x20
   110d4: 93 57 e7 01  	srli	a5, a4, 0x1e
   110d8: 17 e7 00 00  	auipc	a4, 0xe
   110dc: 13 07 c7 07  	addi	a4, a4, 0x7c
   110e0: ba 97        	add	a5, a5, a4
   110e2: 9c 43        	lw	a5, 0x0(a5)
   110e4: ba 97        	add	a5, a5, a4
   110e6: 82 87        	jr	a5
   110e8: 81 4b        	li	s7, 0x0
   110ea: a5 46        	li	a3, 0x9
   110ec: 03 c7 0a 00  	lbu	a4, 0x0(s5)
   110f0: 9b 97 2b 00  	slliw	a5, s7, 0x2
   110f4: bb 8b 77 01  	addw	s7, a5, s7
   110f8: 1b 0e 0e fd  	addiw	t3, t3, -0x30
   110fc: 9b 9b 1b 00  	slliw	s7, s7, 0x1
   11100: 9b 07 07 fd  	addiw	a5, a4, -0x30
   11104: 85 0a        	addi	s5, s5, 0x1
   11106: bb 0b 7e 01  	addw	s7, t3, s7
   1110a: 1b 0e 07 00  	sext.w	t3, a4
   1110e: e3 ff f6 fc  	bgeu	a3, a5, 0x110ec <_vfprintf_r+0x148>
   11112: 9b 07 0e fe  	addiw	a5, t3, -0x20
   11116: e3 7d fa fa  	bgeu	s4, a5, 0x110d0 <_vfprintf_r+0x12c>
   1111a: 5a 8f        	mv	t5, s6
   1111c: 63 01 0e 0e  	beqz	t3, 0x111fe <_vfprintf_r+0x25a>
   11120: 05 4c        	li	s8, 0x1
   11122: 23 04 c1 0f  	sb	t3, 0xe8(sp)
   11126: a3 0f 01 08  	sb	zero, 0x9f(sp)
   1112a: e2 8d        	mv	s11, s8
   1112c: 02 e8        	sd	zero, 0x10(sp)
   1112e: 01 43        	li	t1, 0x0
   11130: 02 fc        	sd	zero, 0x38(sp)
   11132: 02 f8        	sd	zero, 0x30(sp)
   11134: 02 f0        	sd	zero, 0x20(sp)
   11136: 13 0d 81 0e  	addi	s10, sp, 0xe8
   1113a: 0e 7a        	ld	s4, 0xe0(sp)
   1113c: 93 7c 4f 08  	andi	s9, t5, 0x84
   11140: 52 86        	mv	a2, s4
   11142: 63 8c 0c 6c  	beqz	s9, 0x1181a <_vfprintf_r+0x876>
   11146: 03 47 f1 09  	lbu	a4, 0x9f(sp)
   1114a: 31 c3        	beqz	a4, 0x1118e <_vfprintf_r+0x1ea>
   1114c: ee 45        	lw	a1, 0xd8(sp)
   1114e: 01 47        	li	a4, 0x0
   11150: 85 46        	li	a3, 0x1
   11152: 05 0a        	addi	s4, s4, 0x1
   11154: 85 25        	addiw	a1, a1, 0x1
   11156: 13 06 f1 09  	addi	a2, sp, 0x9f
   1115a: 23 b4 d9 00  	sd	a3, 0x8(s3)
   1115e: 23 b0 c9 00  	sd	a2, 0x0(s3)
   11162: d2 f1        	sd	s4, 0xe0(sp)
   11164: ae cd        	sw	a1, 0xd8(sp)
   11166: 9d 46        	li	a3, 0x7
   11168: c1 09        	addi	s3, s3, 0x10
   1116a: 63 c1 b6 4e  	blt	a3, a1, 0x1164c <_vfprintf_r+0x6a8>
   1116e: 05 c3        	beqz	a4, 0x1118e <_vfprintf_r+0x1ea>
   11170: ee 45        	lw	a1, 0xd8(sp)
   11172: 09 47        	li	a4, 0x2
   11174: 09 0a        	addi	s4, s4, 0x2
   11176: 85 25        	addiw	a1, a1, 0x1
   11178: 14 11        	addi	a3, sp, 0xa0
   1117a: 23 b4 e9 00  	sd	a4, 0x8(s3)
   1117e: 23 b0 d9 00  	sd	a3, 0x0(s3)
   11182: d2 f1        	sd	s4, 0xe0(sp)
   11184: ae cd        	sw	a1, 0xd8(sp)
   11186: 1d 47        	li	a4, 0x7
   11188: c1 09        	addi	s3, s3, 0x10
   1118a: e3 4d b7 46  	blt	a4, a1, 0x11e04 <_vfprintf_r+0xe60>
   1118e: 13 07 00 08  	li	a4, 0x80
   11192: e3 8a ec 38  	beq	s9, a4, 0x11d26 <_vfprintf_r+0xd82>
   11196: 3b 03 83 41  	subw	t1, t1, s8
   1119a: 63 4c 60 68  	bgtz	t1, 0x11832 <_vfprintf_r+0x88e>
   1119e: 13 77 0f 10  	andi	a4, t5, 0x100
   111a2: 63 16 07 72  	bnez	a4, 0x118ce <_vfprintf_r+0x92a>
   111a6: 6e 47        	lw	a4, 0xd8(sp)
   111a8: 62 9a        	add	s4, s4, s8
   111aa: d2 f1        	sd	s4, 0xe0(sp)
   111ac: 05 27        	addiw	a4, a4, 0x1
   111ae: 23 b0 a9 01  	sd	s10, 0x0(s3)
   111b2: 23 b4 89 01  	sd	s8, 0x8(s3)
   111b6: ba cd        	sw	a4, 0xd8(sp)
   111b8: 9d 47        	li	a5, 0x7
   111ba: 63 ca e7 54  	blt	a5, a4, 0x1170e <_vfprintf_r+0x76a>
   111be: c1 09        	addi	s3, s3, 0x10
   111c0: 13 7f 4f 00  	andi	t5, t5, 0x4
   111c4: 63 06 0f 00  	beqz	t5, 0x111d0 <_vfprintf_r+0x22c>
   111c8: 3b 8c bb 41  	subw	s8, s7, s11
   111cc: e3 4d 80 45  	bgtz	s8, 0x11e26 <_vfprintf_r+0xe82>
   111d0: de 87        	mv	a5, s7
   111d2: 63 d3 bb 01  	bge	s7, s11, 0x111d8 <_vfprintf_r+0x234>
   111d6: ee 87        	mv	a5, s11
   111d8: 22 67        	ld	a4, 0x8(sp)
   111da: b9 9f        	addw	a5, a5, a4
   111dc: 3e e4        	sd	a5, 0x8(sp)
   111de: e3 1d 0a 3e  	bnez	s4, 0x11dd8 <_vfprintf_r+0xe34>
   111e2: c2 67        	ld	a5, 0x10(sp)
   111e4: 82 cd        	sw	zero, 0xd8(sp)
   111e6: 89 c7        	beqz	a5, 0x111f0 <_vfprintf_r+0x24c>
   111e8: c2 65        	ld	a1, 0x10(sp)
   111ea: 02 65        	ld	a0, 0x0(sp)
   111ec: ef 20 70 19  	jal	0x13b82 <_free_r>
   111f0: 93 09 01 15  	addi	s3, sp, 0x150
   111f4: 56 8d        	mv	s10, s5
   111f6: 03 47 0d 00  	lbu	a4, 0x0(s10)
   111fa: e3 19 07 e6  	bnez	a4, 0x1106c <_vfprintf_r+0xc8>
   111fe: 8e 77        	ld	a5, 0xe0(sp)
   11200: 99 c3        	beqz	a5, 0x11206 <_vfprintf_r+0x262>
   11202: 6f 10 00 6c  	j	0x128c2 <_vfprintf_r+0x191e>
   11206: 82 cd        	sw	zero, 0xd8(sp)
   11208: 03 27 09 0b  	lw	a4, 0xb0(s2)
   1120c: 83 17 09 01  	lh	a5, 0x10(s2)
   11210: 05 8b        	andi	a4, a4, 0x1
   11212: 63 0b 07 50  	beqz	a4, 0x11728 <_vfprintf_r+0x784>
   11216: 93 f7 07 04  	andi	a5, a5, 0x40
   1121a: 83 34 81 22  	ld	s1, 0x228(sp)
   1121e: 83 39 81 21  	ld	s3, 0x218(sp)
   11222: 03 3a 01 21  	ld	s4, 0x210(sp)
   11226: 83 3a 81 20  	ld	s5, 0x208(sp)
   1122a: 03 3b 01 20  	ld	s6, 0x200(sp)
   1122e: fe 7b        	ld	s7, 0x1f8(sp)
   11230: be 7c        	ld	s9, 0x1e8(sp)
   11232: 1e 7d        	ld	s10, 0x1e0(sp)
   11234: fe 6d        	ld	s11, 0x1d8(sp)
   11236: 99 c3        	beqz	a5, 0x1123c <_vfprintf_r+0x298>
   11238: 6f 10 50 67  	j	0x130ac <_vfprintf_r+0x2108>
   1123c: 83 30 81 23  	ld	ra, 0x238(sp)
   11240: 03 34 01 23  	ld	s0, 0x230(sp)
   11244: 22 65        	ld	a0, 0x8(sp)
   11246: 03 39 01 22  	ld	s2, 0x220(sp)
   1124a: 5e 7c        	ld	s8, 0x1f0(sp)
   1124c: 13 01 01 24  	addi	sp, sp, 0x240
   11250: 82 80        	ret
   11252: 13 6f 0b 01  	ori	t5, s6, 0x10
   11256: 03 ce 0a 00  	lbu	t3, 0x0(s5)
   1125a: 1b 0b 0f 00  	sext.w	s6, t5
   1125e: a5 b5        	j	0x110c6 <_vfprintf_r+0x122>
   11260: 02 65        	ld	a0, 0x0(sp)
   11262: ca 85        	mv	a1, s2
   11264: ef 20 60 00  	jal	0x1326a <__swsetup_r>
   11268: 19 c1        	beqz	a0, 0x1126e <_vfprintf_r+0x2ca>
   1126a: 6f 10 b0 63  	j	0x130a4 <_vfprintf_r+0x2100>
   1126e: 03 17 09 01  	lh	a4, 0x10(s2)
   11272: 29 46        	li	a2, 0xa
   11274: 93 76 a7 01  	andi	a3, a4, 0x1a
   11278: e3 99 c6 da  	bne	a3, a2, 0x1102a <_vfprintf_r+0x86>
   1127c: 83 16 29 01  	lh	a3, 0x12(s2)
   11280: e3 c5 06 da  	bltz	a3, 0x1102a <_vfprintf_r+0x86>
   11284: 83 26 09 0b  	lw	a3, 0xb0(s2)
   11288: 85 8a        	andi	a3, a3, 0x1
   1128a: 91 e6        	bnez	a3, 0x11296 <_vfprintf_r+0x2f2>
   1128c: 13 77 07 20  	andi	a4, a4, 0x200
   11290: 19 e3        	bnez	a4, 0x11296 <_vfprintf_r+0x2f2>
   11292: 6f 10 40 69  	j	0x12926 <_vfprintf_r+0x1982>
   11296: e2 66        	ld	a3, 0x18(sp)
   11298: 02 65        	ld	a0, 0x0(sp)
   1129a: 62 86        	mv	a2, s8
   1129c: ca 85        	mv	a1, s2
   1129e: ef 10 b0 71  	jal	0x131b8 <__sbprintf>
   112a2: 83 30 81 23  	ld	ra, 0x238(sp)
   112a6: 03 34 01 23  	ld	s0, 0x230(sp)
   112aa: 2a e4        	sd	a0, 0x8(sp)
   112ac: 22 65        	ld	a0, 0x8(sp)
   112ae: 03 39 01 22  	ld	s2, 0x220(sp)
   112b2: 5e 7c        	ld	s8, 0x1f0(sp)
   112b4: 13 01 01 24  	addi	sp, sp, 0x240
   112b8: 82 80        	ret
   112ba: 3b 8a aa 41  	subw	s4, s5, s10
   112be: e3 12 0a dc  	bnez	s4, 0x11082 <_vfprintf_r+0xde>
   112c2: 03 c7 0a 00  	lbu	a4, 0x0(s5)
   112c6: d5 b3        	j	0x110aa <_vfprintf_r+0x106>
   112c8: 02 65        	ld	a0, 0x0(sp)
   112ca: 90 09        	addi	a2, sp, 0xd0
   112cc: ca 85        	mv	a1, s2
   112ce: ef 90 40 53  	jal	0x1a802 <__sprint_r>
   112d2: 1d f9        	bnez	a0, 0x11208 <_vfprintf_r+0x264>
   112d4: 93 09 01 15  	addi	s3, sp, 0x150
   112d8: d9 b3        	j	0x1109e <_vfprintf_r+0xfa>
   112da: 13 77 8b 00  	andi	a4, s6, 0x8
   112de: 5a 8f        	mv	t5, s6
   112e0: 62 83        	mv	t1, s8
   112e2: e3 1f 07 72  	bnez	a4, 0x12220 <_vfprintf_r+0x127c>
   112e6: e2 67        	ld	a5, 0x18(sp)
   112e8: 72 e8        	sd	t3, 0x10(sp)
   112ea: 62 f8        	sd	s8, 0x30(sp)
   112ec: 88 23        	fld	fa0, 0x0(a5)
   112ee: 93 8c 87 00  	addi	s9, a5, 0x8
   112f2: 5a f0        	sd	s6, 0x20(sp)
   112f4: ef d0 c0 6a  	jal	0x1e9a0 <__extenddftf2>
   112f8: 42 73        	ld	t1, 0x30(sp)
   112fa: 02 7f        	ld	t5, 0x20(sp)
   112fc: 42 6e        	ld	t3, 0x10(sp)
   112fe: 66 ec        	sd	s9, 0x18(sp)
   11300: 2a 87        	mv	a4, a0
   11302: 88 01        	addi	a0, sp, 0xc0
   11304: 1a f8        	sd	t1, 0x30(sp)
   11306: 7a f0        	sd	t5, 0x20(sp)
   11308: 72 e8        	sd	t3, 0x10(sp)
   1130a: ba e1        	sd	a4, 0xc0(sp)
   1130c: ae e5        	sd	a1, 0xc8(sp)
   1130e: ef 50 20 23  	jal	0x16540 <_ldcheck>
   11312: 2a d5        	sw	a0, 0xa8(sp)
   11314: 09 47        	li	a4, 0x2
   11316: 42 6e        	ld	t3, 0x10(sp)
   11318: 02 7f        	ld	t5, 0x20(sp)
   1131a: 42 73        	ld	t1, 0x30(sp)
   1131c: 63 14 e5 00  	bne	a0, a4, 0x11324 <_vfprintf_r+0x380>
   11320: 6f 10 80 22  	j	0x12548 <_vfprintf_r+0x15a4>
   11324: 85 46        	li	a3, 0x1
   11326: 63 14 d5 00  	bne	a0, a3, 0x1132e <_vfprintf_r+0x38a>
   1132a: 6f 10 20 3c  	j	0x126ec <_vfprintf_r+0x1748>
   1132e: 13 07 10 06  	li	a4, 0x61
   11332: 63 14 ee 00  	bne	t3, a4, 0x1133a <_vfprintf_r+0x396>
   11336: 6f 10 60 05  	j	0x1238c <_vfprintf_r+0x13e8>
   1133a: 13 07 10 04  	li	a4, 0x41
   1133e: 93 07 80 05  	li	a5, 0x58
   11342: 63 14 ee 00  	bne	t3, a4, 0x1134a <_vfprintf_r+0x3a6>
   11346: 6f 10 a0 04  	j	0x12390 <_vfprintf_r+0x13ec>
   1134a: 7d 57        	li	a4, -0x1
   1134c: 63 14 e3 00  	bne	t1, a4, 0x11354 <_vfprintf_r+0x3b0>
   11350: 6f 10 70 3f  	j	0x12f46 <_vfprintf_r+0x1fa2>
   11354: 93 67 0f 10  	ori	a5, t5, 0x100
   11358: 13 06 70 06  	li	a2, 0x67
   1135c: 0e 6c        	ld	s8, 0xc0(sp)
   1135e: 2e 6a        	ld	s4, 0xc8(sp)
   11360: 1b 8b 07 00  	sext.w	s6, a5
   11364: 63 14 ce 00  	bne	t3, a2, 0x1136c <_vfprintf_r+0x3c8>
   11368: 6f 10 b0 49  	j	0x13002 <_vfprintf_r+0x205e>
   1136c: 13 06 70 04  	li	a2, 0x47
   11370: 63 14 ce 00  	bne	t3, a2, 0x11378 <_vfprintf_r+0x3d4>
   11374: 6f 10 d0 37  	j	0x12ef0 <_vfprintf_r+0x1f4c>
   11378: 7a f8        	sd	t5, 0x30(sp)
   1137a: 63 54 0a 00  	bgez	s4, 0x11382 <_vfprintf_r+0x3de>
   1137e: 6f 10 10 55  	j	0x130ce <_vfprintf_r+0x212a>
   11382: 9b 06 fe fb  	addiw	a3, t3, -0x41
   11386: 5a 8f        	mv	t5, s6
   11388: 02 e8        	sd	zero, 0x10(sp)
   1138a: 82 f4        	sd	zero, 0x68(sp)
   1138c: 13 06 00 02  	li	a2, 0x20
   11390: 13 17 06 02  	slli	a4, a2, 0x20
   11394: 85 4d        	li	s11, 0x1
   11396: 32 97        	add	a4, a4, a2
   11398: b3 96 dd 00  	sll	a3, s11, a3
   1139c: 75 8f        	and	a4, a4, a3
   1139e: 19 c3        	beqz	a4, 0x113a4 <_vfprintf_r+0x400>
   113a0: 6f 10 00 78  	j	0x12b20 <_vfprintf_r+0x1b7c>
   113a4: 41 46        	li	a2, 0x10
   113a6: 13 17 06 02  	slli	a4, a2, 0x20
   113aa: 32 97        	add	a4, a4, a2
   113ac: 75 8f        	and	a4, a4, a3
   113ae: 19 c3        	beqz	a4, 0x113b4 <_vfprintf_r+0x410>
   113b0: 6f 10 f0 29  	j	0x12e4e <_vfprintf_r+0x1eaa>
   113b4: 13 97 0d 02  	slli	a4, s11, 0x20
   113b8: 6e 97        	add	a4, a4, s11
   113ba: 75 8f        	and	a4, a4, a3
   113bc: 19 e3        	bnez	a4, 0x113c2 <_vfprintf_r+0x41e>
   113be: 6f 10 f0 34  	j	0x12f0c <_vfprintf_r+0x1f68>
   113c2: d2 85        	mv	a1, s4
   113c4: 62 85        	mv	a0, s8
   113c6: 1a f4        	sd	t1, 0x28(sp)
   113c8: 72 f0        	sd	t3, 0x20(sp)
   113ca: ef d0 a0 69  	jal	0x1ea64 <__trunctfdf2>
   113ce: 28 11        	addi	a0, sp, 0xa8
   113d0: ef 60 30 7c  	jal	0x18392 <frexp>
   113d4: ef d0 c0 5c  	jal	0x1e9a0 <__extenddftf2>
   113d8: 17 e7 00 00  	auipc	a4, 0xe
   113dc: 13 07 87 f0  	addi	a4, a4, -0xf8
   113e0: 10 63        	ld	a2, 0x0(a4)
   113e2: 14 67        	ld	a3, 0x8(a4)
   113e4: ef c0 60 6b  	jal	0x1da9a <__multf3>
   113e8: 01 46        	li	a2, 0x0
   113ea: 81 46        	li	a3, 0x0
   113ec: aa 8c        	mv	s9, a0
   113ee: 2e 8a        	mv	s4, a1
   113f0: ef c0 a0 4c  	jal	0x1d8ba <__netf2>
   113f4: 02 7e        	ld	t3, 0x20(sp)
   113f6: 22 73        	ld	t1, 0x28(sp)
   113f8: 11 e1        	bnez	a0, 0x113fc <_vfprintf_r+0x458>
   113fa: 6e d5        	sw	s11, 0xa8(sp)
   113fc: 13 07 10 06  	li	a4, 0x61
   11400: 17 ec 00 00  	auipc	s8, 0xe
   11404: 13 0c 0c c5  	addi	s8, s8, -0x3b0
   11408: 63 16 ee 00  	bne	t3, a4, 0x11414 <_vfprintf_r+0x470>
   1140c: 17 ec 00 00  	auipc	s8, 0xe
   11410: 13 0c cc c2  	addi	s8, s8, -0x3d4
   11414: 97 e6 00 00  	auipc	a3, 0xe
   11418: 93 86 c6 ed  	addi	a3, a3, -0x124
   1141c: 9c 62        	ld	a5, 0x0(a3)
   1141e: 13 17 03 02  	slli	a4, t1, 0x20
   11422: 01 93        	srli	a4, a4, 0x20
   11424: 3e f0        	sd	a5, 0x20(sp)
   11426: 9c 66        	ld	a5, 0x8(a3)
   11428: 05 07        	addi	a4, a4, 0x1
   1142a: ce e8        	sd	s3, 0x50(sp)
   1142c: 3e f4        	sd	a5, 0x28(sp)
   1142e: b3 07 ed 00  	add	a5, s10, a4
   11432: ea 89        	mv	s3, s10
   11434: ea 8d        	mv	s11, s10
   11436: 56 fc        	sd	s5, 0x38(sp)
   11438: 4a 8d        	mv	s10, s2
   1143a: f2 fc        	sd	t3, 0x78(sp)
   1143c: 1a 8b        	mv	s6, t1
   1143e: 3e 89        	mv	s2, a5
   11440: 01 a8        	j	0x11450 <_vfprintf_r+0x4ac>
   11442: 01 46        	li	a2, 0x0
   11444: 81 46        	li	a3, 0x0
   11446: ef c0 40 47  	jal	0x1d8ba <__netf2>
   1144a: 19 e1        	bnez	a0, 0x11450 <_vfprintf_r+0x4ac>
   1144c: 6f 10 10 3f  	j	0x1303c <_vfprintf_r+0x2098>
   11450: 02 76        	ld	a2, 0x20(sp)
   11452: a2 76        	ld	a3, 0x28(sp)
   11454: 66 85        	mv	a0, s9
   11456: d2 85        	mv	a1, s4
   11458: ef c0 20 64  	jal	0x1da9a <__multf3>
   1145c: 2e 8a        	mv	s4, a1
   1145e: aa 8c        	mv	s9, a0
   11460: ef d0 20 46  	jal	0x1e8c2 <__fixtfsi>
   11464: 9b 0a 05 00  	sext.w	s5, a0
   11468: 56 85        	mv	a0, s5
   1146a: ef d0 40 4e  	jal	0x1e94e <__floatsitf>
   1146e: ae 86        	mv	a3, a1
   11470: 2a 86        	mv	a2, a0
   11472: d2 85        	mv	a1, s4
   11474: 66 85        	mv	a0, s9
   11476: ef c0 10 42  	jal	0x1e096 <__subtf3>
   1147a: b3 07 5c 01  	add	a5, s8, s5
   1147e: 83 c6 07 00  	lbu	a3, 0x0(a5)
   11482: ce 87        	mv	a5, s3
   11484: 85 09        	addi	s3, s3, 0x1
   11486: a3 8f d9 fe  	sb	a3, -0x1(s3)
   1148a: aa 8c        	mv	s9, a0
   1148c: 2e 8a        	mv	s4, a1
   1148e: e3 1a 39 fb  	bne	s2, s3, 0x11442 <_vfprintf_r+0x49e>
   11492: 97 e6 00 00  	auipc	a3, 0xe
   11496: 93 86 e6 e6  	addi	a3, a3, -0x192
   1149a: 66 7e        	ld	t3, 0x78(sp)
   1149c: 90 62        	ld	a2, 0x0(a3)
   1149e: 94 66        	ld	a3, 0x8(a3)
   114a0: 72 f4        	sd	t3, 0x28(sp)
   114a2: 3e f0        	sd	a5, 0x20(sp)
   114a4: 4e 8b        	mv	s6, s3
   114a6: 6a 89        	mv	s2, s10
   114a8: c6 69        	ld	s3, 0x50(sp)
   114aa: 6e 8d        	mv	s10, s11
   114ac: b2 e8        	sd	a2, 0x50(sp)
   114ae: d6 8d        	mv	s11, s5
   114b0: e2 7a        	ld	s5, 0x38(sp)
   114b2: 36 fc        	sd	a3, 0x38(sp)
   114b4: ef c0 a0 4a  	jal	0x1d95e <__gttf2>
   114b8: 82 77        	ld	a5, 0x20(sp)
   114ba: 22 7e        	ld	t3, 0x28(sp)
   114bc: 63 40 a0 02  	bgtz	a0, 0x114dc <_vfprintf_r+0x538>
   114c0: 46 66        	ld	a2, 0x50(sp)
   114c2: e2 76        	ld	a3, 0x38(sp)
   114c4: 66 85        	mv	a0, s9
   114c6: d2 85        	mv	a1, s4
   114c8: 72 f0        	sd	t3, 0x20(sp)
   114ca: 3e f4        	sd	a5, 0x28(sp)
   114cc: ef c0 e0 3e  	jal	0x1d8ba <__netf2>
   114d0: 02 7e        	ld	t3, 0x20(sp)
   114d2: 21 e5        	bnez	a0, 0x1151a <_vfprintf_r+0x576>
   114d4: 13 f7 1d 00  	andi	a4, s11, 0x1
   114d8: a2 77        	ld	a5, 0x28(sp)
   114da: 21 c3        	beqz	a4, 0x1151a <_vfprintf_r+0x576>
   114dc: 3e fd        	sd	a5, 0xb8(sp)
   114de: 83 46 fb ff  	lbu	a3, -0x1(s6)
   114e2: 03 46 fc 00  	lbu	a2, 0xf(s8)
   114e6: 5a 87        	mv	a4, s6
   114e8: 63 1e d6 00  	bne	a2, a3, 0x11504 <_vfprintf_r+0x560>
   114ec: 93 05 00 03  	li	a1, 0x30
   114f0: a3 0f b7 fe  	sb	a1, -0x1(a4)
   114f4: 6a 77        	ld	a4, 0xb8(sp)
   114f6: 93 07 f7 ff  	addi	a5, a4, -0x1
   114fa: 3e fd        	sd	a5, 0xb8(sp)
   114fc: 83 46 f7 ff  	lbu	a3, -0x1(a4)
   11500: e3 88 c6 fe  	beq	a3, a2, 0x114f0 <_vfprintf_r+0x54c>
   11504: 13 06 90 03  	li	a2, 0x39
   11508: 63 94 c6 00  	bne	a3, a2, 0x11510 <_vfprintf_r+0x56c>
   1150c: 6f 10 70 40  	j	0x13112 <_vfprintf_r+0x216e>
   11510: 85 26        	addiw	a3, a3, 0x1
   11512: 93 f6 f6 0f  	andi	a3, a3, 0xff
   11516: a3 0f d7 fe  	sb	a3, -0x1(a4)
   1151a: aa 57        	lw	a5, 0xa8(sp)
   1151c: 3b 07 ab 41  	subw	a4, s6, s10
   11520: 3a f4        	sd	a4, 0x28(sp)
   11522: 9b 86 f7 ff  	addiw	a3, a5, -0x1
   11526: 3e f0        	sd	a5, 0x20(sp)
   11528: 13 06 10 06  	li	a2, 0x61
   1152c: 36 d5        	sw	a3, 0xa8(sp)
   1152e: 36 87        	mv	a4, a3
   11530: 63 14 ce 00  	bne	t3, a2, 0x11538 <_vfprintf_r+0x594>
   11534: 6f 10 10 38  	j	0x130b4 <_vfprintf_r+0x2110>
   11538: 93 05 10 04  	li	a1, 0x41
   1153c: 13 06 00 05  	li	a2, 0x50
   11540: 63 04 be 00  	beq	t3, a1, 0x11548 <_vfprintf_r+0x5a4>
   11544: 6f 10 e0 66  	j	0x12bb2 <_vfprintf_r+0x1c0e>
   11548: 23 08 c1 0a  	sb	a2, 0xb0(sp)
   1154c: 63 d4 06 00  	bgez	a3, 0x11554 <_vfprintf_r+0x5b0>
   11550: 6f 10 80 41  	j	0x12968 <_vfprintf_r+0x19c4>
   11554: 13 06 b0 02  	li	a2, 0x2b
   11558: a3 08 c1 0a  	sb	a2, 0xb1(sp)
   1155c: 25 46        	li	a2, 0x9
   1155e: 63 44 d6 00  	blt	a2, a3, 0x11566 <_vfprintf_r+0x5c2>
   11562: 6f 10 e0 41  	j	0x12980 <_vfprintf_r+0x19dc>
   11566: 37 d5 0c 00  	lui	a0, 0xcd
   1156a: 13 05 d5 cc  	addi	a0, a0, -0x333
   1156e: 32 05        	slli	a0, a0, 0xc
   11570: 93 08 f1 0b  	addi	a7, sp, 0xbf
   11574: 13 05 d5 cc  	addi	a0, a0, -0x333
   11578: c6 85        	mv	a1, a7
   1157a: 13 03 30 06  	li	t1, 0x63
   1157e: 93 17 07 02  	slli	a5, a4, 0x20
   11582: 81 93        	srli	a5, a5, 0x20
   11584: b3 87 a7 02  	mul	a5, a5, a0
   11588: 3a 88        	mv	a6, a4
   1158a: 2e 86        	mv	a2, a1
   1158c: fd 15        	addi	a1, a1, -0x1
   1158e: 8d 93        	srli	a5, a5, 0x23
   11590: 9b 96 27 00  	slliw	a3, a5, 0x2
   11594: bd 9e        	addw	a3, a3, a5
   11596: 9b 96 16 00  	slliw	a3, a3, 0x1
   1159a: 15 9f        	subw	a4, a4, a3
   1159c: 1b 07 07 03  	addiw	a4, a4, 0x30
   115a0: a3 0f e6 fe  	sb	a4, -0x1(a2)
   115a4: 3e 87        	mv	a4, a5
   115a6: e3 4c 03 fd  	blt	t1, a6, 0x1157e <_vfprintf_r+0x5da>
   115aa: 1b 87 07 03  	addiw	a4, a5, 0x30
   115ae: a3 8f e5 fe  	sb	a4, -0x1(a1)
   115b2: 13 07 e6 ff  	addi	a4, a2, -0x2
   115b6: 63 64 17 01  	bltu	a4, a7, 0x115be <_vfprintf_r+0x61a>
   115ba: 6f 10 10 36  	j	0x1311a <_vfprintf_r+0x2176>
   115be: 13 05 21 0b  	addi	a0, sp, 0xb2
   115c2: aa 86        	mv	a3, a0
   115c4: 83 47 07 00  	lbu	a5, 0x0(a4)
   115c8: 05 07        	addi	a4, a4, 0x1
   115ca: 85 06        	addi	a3, a3, 0x1
   115cc: a3 8f f6 fe  	sb	a5, -0x1(a3)
   115d0: e3 1a 17 ff  	bne	a4, a7, 0x115c4 <_vfprintf_r+0x620>
   115d4: 2a 97        	add	a4, a4, a0
   115d6: 09 07        	addi	a4, a4, 0x2
   115d8: 11 8f        	sub	a4, a4, a2
   115da: 14 19        	addi	a3, sp, 0xb0
   115dc: bb 07 d7 40  	subw	a5, a4, a3
   115e0: be e8        	sd	a5, 0x50(sp)
   115e2: a2 77        	ld	a5, 0x28(sp)
   115e4: 46 67        	ld	a4, 0x50(sp)
   115e6: 85 46        	li	a3, 0x1
   115e8: 3d 9f        	addw	a4, a4, a5
   115ea: 3a 8c        	mv	s8, a4
   115ec: 63 c4 f6 00  	blt	a3, a5, 0x115f4 <_vfprintf_r+0x650>
   115f0: 6f 10 30 0f  	j	0x12ee2 <_vfprintf_r+0x1f3e>
   115f4: 86 67        	ld	a5, 0x40(sp)
   115f6: 3b 8c e7 00  	addw	s8, a5, a4
   115fa: c2 77        	ld	a5, 0x30(sp)
   115fc: 62 88        	mv	a6, s8
   115fe: 13 ff f7 bf  	andi	t5, a5, -0x401
   11602: 01 2f        	sext.w	t5, t5
   11604: 13 6f 0f 10  	ori	t5, t5, 0x100
   11608: 63 53 0c 00  	bgez	s8, 0x1160e <_vfprintf_r+0x66a>
   1160c: 01 48        	li	a6, 0x0
   1160e: c2 8d        	mv	s11, a6
   11610: 02 fc        	sd	zero, 0x38(sp)
   11612: 02 f8        	sd	zero, 0x30(sp)
   11614: 02 f0        	sd	zero, 0x20(sp)
   11616: a6 77        	ld	a5, 0x68(sp)
   11618: 13 76 2f 00  	andi	a2, t5, 0x2
   1161c: 99 e3        	bnez	a5, 0x11622 <_vfprintf_r+0x67e>
   1161e: 6f 10 e0 37  	j	0x1299c <_vfprintf_r+0x19f8>
   11622: 13 05 d0 02  	li	a0, 0x2d
   11626: a3 0f a1 08  	sb	a0, 0x9f(sp)
   1162a: 85 2d        	addiw	s11, s11, 0x1
   1162c: 01 43        	li	t1, 0x0
   1162e: e3 06 06 b0  	beqz	a2, 0x1113a <_vfprintf_r+0x196>
   11632: 0e 7a        	ld	s4, 0xe0(sp)
   11634: ee 45        	lw	a1, 0xd8(sp)
   11636: 93 7c 4f 08  	andi	s9, t5, 0x84
   1163a: 89 2d        	addiw	s11, s11, 0x2
   1163c: 52 86        	mv	a2, s4
   1163e: ae 86        	mv	a3, a1
   11640: e3 8c 0c 58  	beqz	s9, 0x123d8 <_vfprintf_r+0x1434>
   11644: 09 47        	li	a4, 0x2
   11646: e3 15 05 b0  	bnez	a0, 0x11150 <_vfprintf_r+0x1ac>
   1164a: 25 b6        	j	0x11172 <_vfprintf_r+0x1ce>
   1164c: 02 65        	ld	a0, 0x0(sp)
   1164e: 90 09        	addi	a2, sp, 0xd0
   11650: ca 85        	mv	a1, s2
   11652: 1a e5        	sd	t1, 0x88(sp)
   11654: 7a e1        	sd	t5, 0x80(sp)
   11656: f2 fc        	sd	t3, 0x78(sp)
   11658: ba f4        	sd	a4, 0x68(sp)
   1165a: ef 90 80 1a  	jal	0x1a802 <__sprint_r>
   1165e: 63 14 05 78  	bnez	a0, 0x11de6 <_vfprintf_r+0xe42>
   11662: 0e 7a        	ld	s4, 0xe0(sp)
   11664: 2a 63        	ld	t1, 0x88(sp)
   11666: 0a 6f        	ld	t5, 0x80(sp)
   11668: 66 7e        	ld	t3, 0x78(sp)
   1166a: 26 77        	ld	a4, 0x68(sp)
   1166c: 93 09 01 15  	addi	s3, sp, 0x150
   11670: fd bc        	j	0x1116e <_vfprintf_r+0x1ca>
   11672: 6e 4c        	lw	s8, 0xd8(sp)
   11674: a2 77        	ld	a5, 0x28(sp)
   11676: 85 46        	li	a3, 0x1
   11678: 05 2c        	addiw	s8, s8, 0x1
   1167a: 36 9a        	add	s4, s4, a3
   1167c: 62 87        	mv	a4, s8
   1167e: 93 88 09 01  	addi	a7, s3, 0x10
   11682: e3 df f6 12  	bge	a3, a5, 0x11fc0 <_vfprintf_r+0x101c>
   11686: 85 46        	li	a3, 0x1
   11688: 23 b4 d9 00  	sd	a3, 0x8(s3)
   1168c: 23 b0 a9 01  	sd	s10, 0x0(s3)
   11690: d2 f1        	sd	s4, 0xe0(sp)
   11692: ba cd        	sw	a4, 0xd8(sp)
   11694: 9d 46        	li	a3, 0x7
   11696: e3 c6 e6 5a  	blt	a3, a4, 0x12442 <_vfprintf_r+0x149e>
   1169a: 86 67        	ld	a5, 0x40(sp)
   1169c: 26 67        	ld	a4, 0x48(sp)
   1169e: 05 2c        	addiw	s8, s8, 0x1
   116a0: 3e 9a        	add	s4, s4, a5
   116a2: 23 b0 e8 00  	sd	a4, 0x0(a7)
   116a6: 23 b4 f8 00  	sd	a5, 0x8(a7)
   116aa: d2 f1        	sd	s4, 0xe0(sp)
   116ac: e2 cd        	sw	s8, 0xd8(sp)
   116ae: 1d 47        	li	a4, 0x7
   116b0: c1 08        	addi	a7, a7, 0x10
   116b2: e3 47 87 5b  	blt	a4, s8, 0x12460 <_vfprintf_r+0x14bc>
   116b6: a2 77        	ld	a5, 0x28(sp)
   116b8: 0e 65        	ld	a0, 0xc0(sp)
   116ba: ae 65        	ld	a1, 0xc8(sp)
   116bc: 01 46        	li	a2, 0x0
   116be: 81 46        	li	a3, 0x0
   116c0: 7a f8        	sd	t5, 0x30(sp)
   116c2: 46 f0        	sd	a7, 0x20(sp)
   116c4: 9b 89 f7 ff  	addiw	s3, a5, -0x1
   116c8: ef c0 20 1f  	jal	0x1d8ba <__netf2>
   116cc: 82 78        	ld	a7, 0x20(sp)
   116ce: 42 7f        	ld	t5, 0x30(sp)
   116d0: e3 00 05 1c  	beqz	a0, 0x12090 <_vfprintf_r+0x10ec>
   116d4: 93 07 1d 00  	addi	a5, s10, 0x1
   116d8: 05 2c        	addiw	s8, s8, 0x1
   116da: 4e 9a        	add	s4, s4, s3
   116dc: 23 b0 f8 00  	sd	a5, 0x0(a7)
   116e0: e2 cd        	sw	s8, 0xd8(sp)
   116e2: d2 f1        	sd	s4, 0xe0(sp)
   116e4: 23 b4 38 01  	sd	s3, 0x8(a7)
   116e8: 9d 47        	li	a5, 0x7
   116ea: e3 c8 87 0f  	blt	a5, s8, 0x11fda <_vfprintf_r+0x1036>
   116ee: c1 08        	addi	a7, a7, 0x10
   116f0: 46 67        	ld	a4, 0x50(sp)
   116f2: 1c 19        	addi	a5, sp, 0xb0
   116f4: 05 2c        	addiw	s8, s8, 0x1
   116f6: 3a 9a        	add	s4, s4, a4
   116f8: 23 b0 f8 00  	sd	a5, 0x0(a7)
   116fc: d2 f1        	sd	s4, 0xe0(sp)
   116fe: e2 cd        	sw	s8, 0xd8(sp)
   11700: 23 b4 e8 00  	sd	a4, 0x8(a7)
   11704: 9d 47        	li	a5, 0x7
   11706: 93 89 08 01  	addi	s3, a7, 0x10
   1170a: e3 db 87 ab  	bge	a5, s8, 0x111c0 <_vfprintf_r+0x21c>
   1170e: 02 65        	ld	a0, 0x0(sp)
   11710: 90 09        	addi	a2, sp, 0xd0
   11712: ca 85        	mv	a1, s2
   11714: 7a f0        	sd	t5, 0x20(sp)
   11716: ef 90 c0 0e  	jal	0x1a802 <__sprint_r>
   1171a: 63 16 05 6c  	bnez	a0, 0x11de6 <_vfprintf_r+0xe42>
   1171e: 0e 7a        	ld	s4, 0xe0(sp)
   11720: 02 7f        	ld	t5, 0x20(sp)
   11722: 93 09 01 15  	addi	s3, sp, 0x150
   11726: 69 bc        	j	0x111c0 <_vfprintf_r+0x21c>
   11728: 13 f7 07 20  	andi	a4, a5, 0x200
   1172c: e3 15 07 ae  	bnez	a4, 0x11216 <_vfprintf_r+0x272>
   11730: 03 35 09 0a  	ld	a0, 0xa0(s2)
   11734: ef 40 70 67  	jal	0x165aa <__retarget_lock_release_recursive>
   11738: 83 17 09 01  	lh	a5, 0x10(s2)
   1173c: e9 bc        	j	0x11216 <_vfprintf_r+0x272>
   1173e: 02 65        	ld	a0, 0x0(sp)
   11740: ef 20 40 09  	jal	0x137d4 <__sinit>
   11744: 61 b8        	j	0x10fdc <_vfprintf_r+0x38>
   11746: e2 67        	ld	a5, 0x18(sp)
   11748: 13 77 0b 02  	andi	a4, s6, 0x20
   1174c: 5a 8f        	mv	t5, s6
   1174e: 62 83        	mv	t1, s8
   11750: a1 07        	addi	a5, a5, 0x8
   11752: 63 1b 07 24  	bnez	a4, 0x119a8 <_vfprintf_r+0xa04>
   11756: 13 77 0b 01  	andi	a4, s6, 0x10
   1175a: 19 c3        	beqz	a4, 0x11760 <_vfprintf_r+0x7bc>
   1175c: 6f 10 40 6b  	j	0x12e10 <_vfprintf_r+0x1e6c>
   11760: e2 66        	ld	a3, 0x18(sp)
   11762: 13 77 0b 04  	andi	a4, s6, 0x40
   11766: 03 aa 06 00  	lw	s4, 0x0(a3)
   1176a: e3 09 07 74  	beqz	a4, 0x126bc <_vfprintf_r+0x1718>
   1176e: 1b 1a 0a 01  	slliw	s4, s4, 0x10
   11772: 1b 5a 0a 41  	sraiw	s4, s4, 0x10
   11776: 3e ec        	sd	a5, 0x18(sp)
   11778: 52 87        	mv	a4, s4
   1177a: 63 4d 07 22  	bltz	a4, 0x119b4 <_vfprintf_r+0xa10>
   1177e: 63 46 03 24  	bltz	t1, 0x119ca <_vfprintf_r+0xa26>
   11782: 13 7f ff f7  	andi	t5, t5, -0x81
   11786: 01 2f        	sext.w	t5, t5
   11788: 63 11 0a 24  	bnez	s4, 0x119ca <_vfprintf_r+0xa26>
   1178c: 63 14 03 00  	bnez	t1, 0x11794 <_vfprintf_r+0x7f0>
   11790: 6f 10 00 06  	j	0x127f0 <_vfprintf_r+0x184c>
   11794: 93 07 00 03  	li	a5, 0x30
   11798: 81 a4        	j	0x119d8 <_vfprintf_r+0xa34>
   1179a: 62 67        	ld	a4, 0x18(sp)
   1179c: 5a 8f        	mv	t5, s6
   1179e: 05 4c        	li	s8, 0x1
   117a0: 1c 43        	lw	a5, 0x0(a4)
   117a2: a3 0f 01 08  	sb	zero, 0x9f(sp)
   117a6: 23 04 f1 0e  	sb	a5, 0xe8(sp)
   117aa: 93 07 87 00  	addi	a5, a4, 0x8
   117ae: 3e ec        	sd	a5, 0x18(sp)
   117b0: ad ba        	j	0x1112a <_vfprintf_r+0x186>
   117b2: e2 67        	ld	a5, 0x18(sp)
   117b4: a3 0f 01 08  	sb	zero, 0x9f(sp)
   117b8: 5a 8f        	mv	t5, s6
   117ba: 03 bd 07 00  	ld	s10, 0x0(a5)
   117be: 93 8c 87 00  	addi	s9, a5, 0x8
   117c2: e3 02 0d 3a  	beqz	s10, 0x12366 <_vfprintf_r+0x13c2>
   117c6: e3 49 0c 60  	bltz	s8, 0x125d8 <_vfprintf_r+0x1634>
   117ca: 62 86        	mv	a2, s8
   117cc: 81 45        	li	a1, 0x0
   117ce: 6a 85        	mv	a0, s10
   117d0: 72 f0        	sd	t3, 0x20(sp)
   117d2: 5a f8        	sd	s6, 0x30(sp)
   117d4: 62 ec        	sd	s8, 0x18(sp)
   117d6: ef 50 e0 5b  	jal	0x16d94 <memchr>
   117da: 2a e8        	sd	a0, 0x10(sp)
   117dc: 03 47 f1 09  	lbu	a4, 0x9f(sp)
   117e0: 62 63        	ld	t1, 0x18(sp)
   117e2: 02 7e        	ld	t3, 0x20(sp)
   117e4: 42 7f        	ld	t5, 0x30(sp)
   117e6: 19 e1        	bnez	a0, 0x117ec <_vfprintf_r+0x848>
   117e8: 6f 10 c0 56  	j	0x12d54 <_vfprintf_r+0x1db0>
   117ec: 3b 0c a5 41  	subw	s8, a0, s10
   117f0: e2 86        	mv	a3, s8
   117f2: 63 54 0c 00  	bgez	s8, 0x117fa <_vfprintf_r+0x856>
   117f6: 6f 10 60 09  	j	0x1288c <_vfprintf_r+0x18e8>
   117fa: b6 8d        	mv	s11, a3
   117fc: 19 c3        	beqz	a4, 0x11802 <_vfprintf_r+0x85e>
   117fe: 6f 10 60 02  	j	0x12824 <_vfprintf_r+0x1880>
   11802: 66 ec        	sd	s9, 0x18(sp)
   11804: 0e 7a        	ld	s4, 0xe0(sp)
   11806: 02 e8        	sd	zero, 0x10(sp)
   11808: 02 fc        	sd	zero, 0x38(sp)
   1180a: 02 f8        	sd	zero, 0x30(sp)
   1180c: 02 f0        	sd	zero, 0x20(sp)
   1180e: 93 7c 4f 08  	andi	s9, t5, 0x84
   11812: 01 43        	li	t1, 0x0
   11814: 52 86        	mv	a2, s4
   11816: e3 98 0c 92  	bnez	s9, 0x11146 <_vfprintf_r+0x1a2>
   1181a: 3b 87 bb 41  	subw	a4, s7, s11
   1181e: 63 4d e0 7c  	bgtz	a4, 0x11ff8 <_vfprintf_r+0x1054>
   11822: 03 47 f1 09  	lbu	a4, 0x9f(sp)
   11826: e3 13 07 92  	bnez	a4, 0x1114c <_vfprintf_r+0x1a8>
   1182a: 3b 03 83 41  	subw	t1, t1, s8
   1182e: e3 58 60 96  	blez	t1, 0x1119e <_vfprintf_r+0x1fa>
   11832: 6e 46        	lw	a2, 0xd8(sp)
   11834: 97 ec 00 00  	auipc	s9, 0xe
   11838: 93 8c cc a8  	addi	s9, s9, -0x574
   1183c: 63 db 64 04  	bge	s1, t1, 0x11892 <_vfprintf_r+0x8ee>
   11840: ce 87        	mv	a5, s3
   11842: 52 87        	mv	a4, s4
   11844: 66 8b        	mv	s6, s9
   11846: 9d 46        	li	a3, 0x7
   11848: f2 89        	mv	s3, t3
   1184a: 7a 8a        	mv	s4, t5
   1184c: 9a 8c        	mv	s9, t1
   1184e: 21 a0        	j	0x11856 <_vfprintf_r+0x8b2>
   11850: c1 3c        	addiw	s9, s9, -0x10
   11852: 63 da 94 03  	bge	s1, s9, 0x11886 <_vfprintf_r+0x8e2>
   11856: 41 07        	addi	a4, a4, 0x10
   11858: 05 26        	addiw	a2, a2, 0x1
   1185a: 23 b0 67 01  	sd	s6, 0x0(a5)
   1185e: 84 e7        	sd	s1, 0x8(a5)
   11860: ba f1        	sd	a4, 0xe0(sp)
   11862: b2 cd        	sw	a2, 0xd8(sp)
   11864: c1 07        	addi	a5, a5, 0x10
   11866: e3 d5 c6 fe  	bge	a3, a2, 0x11850 <_vfprintf_r+0x8ac>
   1186a: 02 65        	ld	a0, 0x0(sp)
   1186c: 90 09        	addi	a2, sp, 0xd0
   1186e: ca 85        	mv	a1, s2
   11870: ef 80 30 79  	jal	0x1a802 <__sprint_r>
   11874: 63 19 05 56  	bnez	a0, 0x11de6 <_vfprintf_r+0xe42>
   11878: c1 3c        	addiw	s9, s9, -0x10
   1187a: 0e 77        	ld	a4, 0xe0(sp)
   1187c: 6e 46        	lw	a2, 0xd8(sp)
   1187e: 9c 0a        	addi	a5, sp, 0x150
   11880: 9d 46        	li	a3, 0x7
   11882: e3 ca 94 fd  	blt	s1, s9, 0x11856 <_vfprintf_r+0x8b2>
   11886: 66 83        	mv	t1, s9
   11888: 4e 8e        	mv	t3, s3
   1188a: 52 8f        	mv	t5, s4
   1188c: be 89        	mv	s3, a5
   1188e: 3a 8a        	mv	s4, a4
   11890: da 8c        	mv	s9, s6
   11892: 1a 9a        	add	s4, s4, t1
   11894: 05 26        	addiw	a2, a2, 0x1
   11896: 23 b0 99 01  	sd	s9, 0x0(s3)
   1189a: 23 b4 69 00  	sd	t1, 0x8(s3)
   1189e: d2 f1        	sd	s4, 0xe0(sp)
   118a0: b2 cd        	sw	a2, 0xd8(sp)
   118a2: 1d 47        	li	a4, 0x7
   118a4: c1 09        	addi	s3, s3, 0x10
   118a6: e3 5c c7 8e  	bge	a4, a2, 0x1119e <_vfprintf_r+0x1fa>
   118aa: 02 65        	ld	a0, 0x0(sp)
   118ac: 90 09        	addi	a2, sp, 0xd0
   118ae: ca 85        	mv	a1, s2
   118b0: fa fc        	sd	t5, 0x78(sp)
   118b2: f2 f4        	sd	t3, 0x68(sp)
   118b4: ef 80 f0 74  	jal	0x1a802 <__sprint_r>
   118b8: 63 17 05 52  	bnez	a0, 0x11de6 <_vfprintf_r+0xe42>
   118bc: 66 7f        	ld	t5, 0x78(sp)
   118be: 0e 7a        	ld	s4, 0xe0(sp)
   118c0: 26 7e        	ld	t3, 0x68(sp)
   118c2: 13 77 0f 10  	andi	a4, t5, 0x100
   118c6: 93 09 01 15  	addi	s3, sp, 0x150
   118ca: e3 0e 07 8c  	beqz	a4, 0x111a6 <_vfprintf_r+0x202>
   118ce: 13 07 50 06  	li	a4, 0x65
   118d2: e3 50 c7 db  	bge	a4, t3, 0x11672 <_vfprintf_r+0x6ce>
   118d6: 0e 65        	ld	a0, 0xc0(sp)
   118d8: ae 65        	ld	a1, 0xc8(sp)
   118da: 01 46        	li	a2, 0x0
   118dc: 81 46        	li	a3, 0x0
   118de: fa f4        	sd	t5, 0x68(sp)
   118e0: ef b0 b0 7d  	jal	0x1d8ba <__netf2>
   118e4: 26 7f        	ld	t5, 0x68(sp)
   118e6: 63 1d 05 5a  	bnez	a0, 0x11ea0 <_vfprintf_r+0xefc>
   118ea: ee 47        	lw	a5, 0xd8(sp)
   118ec: 05 47        	li	a4, 0x1
   118ee: 05 0a        	addi	s4, s4, 0x1
   118f0: 97 d6 00 00  	auipc	a3, 0xd
   118f4: 93 86 06 78  	addi	a3, a3, 0x780
   118f8: 85 27        	addiw	a5, a5, 0x1
   118fa: 23 b4 e9 00  	sd	a4, 0x8(s3)
   118fe: 23 b0 d9 00  	sd	a3, 0x0(s3)
   11902: d2 f1        	sd	s4, 0xe0(sp)
   11904: be cd        	sw	a5, 0xd8(sp)
   11906: 1d 47        	li	a4, 0x7
   11908: c1 09        	addi	s3, s3, 0x10
   1190a: e3 4f f7 3e  	blt	a4, a5, 0x12508 <_vfprintf_r+0x1564>
   1190e: aa 57        	lw	a5, 0xa8(sp)
   11910: 22 77        	ld	a4, 0x28(sp)
   11912: 63 dd e7 7c  	bge	a5, a4, 0x120ec <_vfprintf_r+0x1148>
   11916: 06 67        	ld	a4, 0x40(sp)
   11918: ee 47        	lw	a5, 0xd8(sp)
   1191a: a6 66        	ld	a3, 0x48(sp)
   1191c: 3a 9a        	add	s4, s4, a4
   1191e: 85 27        	addiw	a5, a5, 0x1
   11920: 23 b4 e9 00  	sd	a4, 0x8(s3)
   11924: 23 b0 d9 00  	sd	a3, 0x0(s3)
   11928: d2 f1        	sd	s4, 0xe0(sp)
   1192a: be cd        	sw	a5, 0xd8(sp)
   1192c: 1d 47        	li	a4, 0x7
   1192e: c1 09        	addi	s3, s3, 0x10
   11930: e3 4b f7 1e  	blt	a4, a5, 0x12326 <_vfprintf_r+0x1382>
   11934: a2 77        	ld	a5, 0x28(sp)
   11936: 1b 8c f7 ff  	addiw	s8, a5, -0x1
   1193a: e3 53 80 89  	blez	s8, 0x111c0 <_vfprintf_r+0x21c>
   1193e: c1 46        	li	a3, 0x10
   11940: ee 47        	lw	a5, 0xd8(sp)
   11942: 97 ec 00 00  	auipc	s9, 0xe
   11946: 93 8c ec 97  	addi	s9, s9, -0x682
   1194a: e3 d0 86 3f  	bge	a3, s8, 0x1252a <_vfprintf_r+0x1586>
   1194e: 66 8b        	mv	s6, s9
   11950: 36 83        	mv	t1, a3
   11952: e2 8c        	mv	s9, s8
   11954: 1d 4d        	li	s10, 0x7
   11956: 7a 8c        	mv	s8, t5
   11958: 21 a0        	j	0x11960 <_vfprintf_r+0x9bc>
   1195a: c1 3c        	addiw	s9, s9, -0x10
   1195c: e3 54 93 3d  	bge	t1, s9, 0x12524 <_vfprintf_r+0x1580>
   11960: 41 0a        	addi	s4, s4, 0x10
   11962: 85 27        	addiw	a5, a5, 0x1
   11964: 23 b0 69 01  	sd	s6, 0x0(s3)
   11968: 23 b4 d9 00  	sd	a3, 0x8(s3)
   1196c: d2 f1        	sd	s4, 0xe0(sp)
   1196e: be cd        	sw	a5, 0xd8(sp)
   11970: c1 09        	addi	s3, s3, 0x10
   11972: e3 54 fd fe  	bge	s10, a5, 0x1195a <_vfprintf_r+0x9b6>
   11976: 02 65        	ld	a0, 0x0(sp)
   11978: 90 09        	addi	a2, sp, 0xd0
   1197a: ca 85        	mv	a1, s2
   1197c: ef 80 70 68  	jal	0x1a802 <__sprint_r>
   11980: 63 13 05 46  	bnez	a0, 0x11de6 <_vfprintf_r+0xe42>
   11984: 41 43        	li	t1, 0x10
   11986: 0e 7a        	ld	s4, 0xe0(sp)
   11988: ee 47        	lw	a5, 0xd8(sp)
   1198a: 93 09 01 15  	addi	s3, sp, 0x150
   1198e: 9a 86        	mv	a3, t1
   11990: e9 b7        	j	0x1195a <_vfprintf_r+0x9b6>
   11992: 93 66 0b 01  	ori	a3, s6, 0x10
   11996: 13 7f 0b 02  	andi	t5, s6, 0x20
   1199a: 62 83        	mv	t1, s8
   1199c: 81 26        	sext.w	a3, a3
   1199e: e3 0c 0f 08  	beqz	t5, 0x12236 <_vfprintf_r+0x1292>
   119a2: e2 67        	ld	a5, 0x18(sp)
   119a4: 36 8f        	mv	t5, a3
   119a6: a1 07        	addi	a5, a5, 0x8
   119a8: 62 67        	ld	a4, 0x18(sp)
   119aa: 3e ec        	sd	a5, 0x18(sp)
   119ac: 18 63        	ld	a4, 0x0(a4)
   119ae: 3a 8a        	mv	s4, a4
   119b0: e3 57 07 dc  	bgez	a4, 0x1177e <_vfprintf_r+0x7da>
   119b4: 93 07 d0 02  	li	a5, 0x2d
   119b8: a3 0f f1 08  	sb	a5, 0x9f(sp)
   119bc: 33 0a 40 41  	neg	s4, s4
   119c0: 63 45 03 00  	bltz	t1, 0x119ca <_vfprintf_r+0xa26>
   119c4: 13 7f ff f7  	andi	t5, t5, -0x81
   119c8: 01 2f        	sext.w	t5, t5
   119ca: a5 4d        	li	s11, 0x9
   119cc: 63 e9 4d 7d  	bltu	s11, s4, 0x1219e <_vfprintf_r+0x11fa>
   119d0: 9b 07 0a 03  	addiw	a5, s4, 0x30
   119d4: 93 f7 f7 0f  	andi	a5, a5, 0xff
   119d8: a3 05 f1 14  	sb	a5, 0x14b(sp)
   119dc: 1a 88        	mv	a6, t1
   119de: 63 43 60 00  	bgtz	t1, 0x119e4 <_vfprintf_r+0xa40>
   119e2: 05 48        	li	a6, 0x1
   119e4: 03 47 f1 09  	lbu	a4, 0x9f(sp)
   119e8: 9b 0d 08 00  	sext.w	s11, a6
   119ec: 05 4c        	li	s8, 0x1
   119ee: 13 0d b1 14  	addi	s10, sp, 0x14b
   119f2: 63 03 07 22  	beqz	a4, 0x11c18 <_vfprintf_r+0xc74>
   119f6: 85 2d        	addiw	s11, s11, 0x1
   119f8: 02 e8        	sd	zero, 0x10(sp)
   119fa: 02 fc        	sd	zero, 0x38(sp)
   119fc: 02 f8        	sd	zero, 0x30(sp)
   119fe: 02 f0        	sd	zero, 0x20(sp)
   11a00: 6f f0 af f3  	j	0x1113a <_vfprintf_r+0x196>
   11a04: e2 67        	ld	a5, 0x18(sp)
   11a06: 83 ab 07 00  	lw	s7, 0x0(a5)
   11a0a: a1 07        	addi	a5, a5, 0x8
   11a0c: 63 de 0b 6e  	bgez	s7, 0x12108 <_vfprintf_r+0x1164>
   11a10: bb 0b 70 41  	negw	s7, s7
   11a14: 3e ec        	sd	a5, 0x18(sp)
   11a16: 13 6f 4b 00  	ori	t5, s6, 0x4
   11a1a: 03 ce 0a 00  	lbu	t3, 0x0(s5)
   11a1e: 1b 0b 0f 00  	sext.w	s6, t5
   11a22: 6f f0 4f ea  	j	0x110c6 <_vfprintf_r+0x122>
   11a26: 93 77 0b 02  	andi	a5, s6, 0x20
   11a2a: 5a 8f        	mv	t5, s6
   11a2c: 62 83        	mv	t1, s8
   11a2e: 63 99 07 74  	bnez	a5, 0x12180 <_vfprintf_r+0x11dc>
   11a32: 93 77 0b 01  	andi	a5, s6, 0x10
   11a36: 63 95 07 74  	bnez	a5, 0x12180 <_vfprintf_r+0x11dc>
   11a3a: e2 66        	ld	a3, 0x18(sp)
   11a3c: 93 77 0b 04  	andi	a5, s6, 0x40
   11a40: 03 aa 06 00  	lw	s4, 0x0(a3)
   11a44: 13 87 86 00  	addi	a4, a3, 0x8
   11a48: e3 86 07 48  	beqz	a5, 0x126d4 <_vfprintf_r+0x1730>
   11a4c: 42 1a        	slli	s4, s4, 0x30
   11a4e: a3 0f 01 08  	sb	zero, 0x9f(sp)
   11a52: 13 5a 0a 03  	srli	s4, s4, 0x30
   11a56: 63 4a 0c 1e  	bltz	s8, 0x11c4a <_vfprintf_r+0xca6>
   11a5a: 13 7f ff f7  	andi	t5, t5, -0x81
   11a5e: 01 2f        	sext.w	t5, t5
   11a60: 63 15 0a 1e  	bnez	s4, 0x11c4a <_vfprintf_r+0xca6>
   11a64: 3a ec        	sd	a4, 0x18(sp)
   11a66: e3 0d 03 22  	beqz	t1, 0x124a0 <_vfprintf_r+0x14fc>
   11a6a: 01 4a        	li	s4, 0x0
   11a6c: 95 b7        	j	0x119d0 <_vfprintf_r+0xa2c>
   11a6e: 13 6f 0b 02  	ori	t5, s6, 0x20
   11a72: 03 ce 0a 00  	lbu	t3, 0x0(s5)
   11a76: 1b 0b 0f 00  	sext.w	s6, t5
   11a7a: 6f f0 cf e4  	j	0x110c6 <_vfprintf_r+0x122>
   11a7e: e2 66        	ld	a3, 0x18(sp)
   11a80: a1 67        	lui	a5, 0x8
   11a82: 93 87 07 83  	addi	a5, a5, -0x7d0
   11a86: 98 62        	ld	a4, 0x0(a3)
   11a88: 23 10 f1 0a  	sh	a5, 0xa0(sp)
   11a8c: a3 0f 01 08  	sb	zero, 0x9f(sp)
   11a90: 3a e8        	sd	a4, 0x10(sp)
   11a92: 62 83        	mv	t1, s8
   11a94: 93 87 86 00  	addi	a5, a3, 0x8
   11a98: 63 48 0c 7a  	bltz	s8, 0x12248 <_vfprintf_r+0x12a4>
   11a9c: 93 76 fb f7  	andi	a3, s6, -0x81
   11aa0: 81 26        	sext.w	a3, a3
   11aa2: 13 e5 26 00  	ori	a0, a3, 0x2
   11aa6: e3 14 07 2e  	bnez	a4, 0x1258e <_vfprintf_r+0x15ea>
   11aaa: e3 1b 0c 54  	bnez	s8, 0x12800 <_vfprintf_r+0x185c>
   11aae: 0e 7a        	ld	s4, 0xe0(sp)
   11ab0: ee 45        	lw	a1, 0xd8(sp)
   11ab2: 13 77 4b 00  	andi	a4, s6, 0x4
   11ab6: 3a f8        	sd	a4, 0x30(sp)
   11ab8: 3e ec        	sd	a5, 0x18(sp)
   11aba: 02 fc        	sd	zero, 0x38(sp)
   11abc: 52 86        	mv	a2, s4
   11abe: ae 86        	mv	a3, a1
   11ac0: 2a 8f        	mv	t5, a0
   11ac2: 01 4c        	li	s8, 0x0
   11ac4: e3 03 07 10  	beqz	a4, 0x123ca <_vfprintf_r+0x1426>
   11ac8: 02 f8        	sd	zero, 0x30(sp)
   11aca: 02 f0        	sd	zero, 0x20(sp)
   11acc: 89 4d        	li	s11, 0x2
   11ace: 13 0d c1 14  	addi	s10, sp, 0x14c
   11ad2: 13 0e 80 07  	li	t3, 0x78
   11ad6: 91 4c        	li	s9, 0x4
   11ad8: 6f f0 af e9  	j	0x11172 <_vfprintf_r+0x1ce>
   11adc: e2 67        	ld	a5, 0x18(sp)
   11ade: 13 77 0b 02  	andi	a4, s6, 0x20
   11ae2: 5a 8f        	mv	t5, s6
   11ae4: 62 83        	mv	t1, s8
   11ae6: a1 07        	addi	a5, a5, 0x8
   11ae8: 63 1a 07 68  	bnez	a4, 0x1217c <_vfprintf_r+0x11d8>
   11aec: 13 77 0b 01  	andi	a4, s6, 0x10
   11af0: 63 16 07 68  	bnez	a4, 0x1217c <_vfprintf_r+0x11d8>
   11af4: 62 67        	ld	a4, 0x18(sp)
   11af6: 93 76 0b 04  	andi	a3, s6, 0x40
   11afa: 18 43        	lw	a4, 0x0(a4)
   11afc: e3 8f 06 38  	beqz	a3, 0x1269a <_vfprintf_r+0x16f6>
   11b00: 42 17        	slli	a4, a4, 0x30
   11b02: 41 93        	srli	a4, a4, 0x30
   11b04: 3e ec        	sd	a5, 0x18(sp)
   11b06: 5a 88        	mv	a6, s6
   11b08: 71 a0        	j	0x11b94 <_vfprintf_r+0xbf0>
   11b0a: e2 66        	ld	a3, 0x18(sp)
   11b0c: 93 77 0b 02  	andi	a5, s6, 0x20
   11b10: 98 62        	ld	a4, 0x0(a3)
   11b12: a1 06        	addi	a3, a3, 0x8
   11b14: 36 ec        	sd	a3, 0x18(sp)
   11b16: 63 9e 07 64  	bnez	a5, 0x12172 <_vfprintf_r+0x11ce>
   11b1a: 93 77 0b 01  	andi	a5, s6, 0x10
   11b1e: 63 9a 07 64  	bnez	a5, 0x12172 <_vfprintf_r+0x11ce>
   11b22: 93 77 0b 04  	andi	a5, s6, 0x40
   11b26: e3 9d 07 54  	bnez	a5, 0x12880 <_vfprintf_r+0x18dc>
   11b2a: 13 7f 0b 20  	andi	t5, s6, 0x200
   11b2e: a2 67        	ld	a5, 0x8(sp)
   11b30: 63 14 0f 00  	bnez	t5, 0x11b38 <_vfprintf_r+0xb94>
   11b34: 6f 10 a0 40  	j	0x12f3e <_vfprintf_r+0x1f9a>
   11b38: 23 00 f7 00  	sb	a5, 0x0(a4)
   11b3c: 56 8d        	mv	s10, s5
   11b3e: 6f f0 8f eb  	j	0x111f6 <_vfprintf_r+0x252>
   11b42: 03 ce 0a 00  	lbu	t3, 0x0(s5)
   11b46: 93 07 c0 06  	li	a5, 0x6c
   11b4a: 63 0c fe 7e  	beq	t3, a5, 0x12342 <_vfprintf_r+0x139e>
   11b4e: 13 6f 0b 01  	ori	t5, s6, 0x10
   11b52: 1b 0b 0f 00  	sext.w	s6, t5
   11b56: 6f f0 0f d7  	j	0x110c6 <_vfprintf_r+0x122>
   11b5a: 13 6f 8b 00  	ori	t5, s6, 0x8
   11b5e: 03 ce 0a 00  	lbu	t3, 0x0(s5)
   11b62: 1b 0b 0f 00  	sext.w	s6, t5
   11b66: 6f f0 0f d6  	j	0x110c6 <_vfprintf_r+0x122>
   11b6a: 03 ce 0a 00  	lbu	t3, 0x0(s5)
   11b6e: 93 07 80 06  	li	a5, 0x68
   11b72: 63 01 fe 7e  	beq	t3, a5, 0x12354 <_vfprintf_r+0x13b0>
   11b76: 13 6f 0b 04  	ori	t5, s6, 0x40
   11b7a: 1b 0b 0f 00  	sext.w	s6, t5
   11b7e: 6f f0 8f d4  	j	0x110c6 <_vfprintf_r+0x122>
   11b82: e2 67        	ld	a5, 0x18(sp)
   11b84: 13 68 0b 01  	ori	a6, s6, 0x10
   11b88: 62 83        	mv	t1, s8
   11b8a: 01 28        	sext.w	a6, a6
   11b8c: a1 07        	addi	a5, a5, 0x8
   11b8e: 62 67        	ld	a4, 0x18(sp)
   11b90: 18 63        	ld	a4, 0x0(a4)
   11b92: 3e ec        	sd	a5, 0x18(sp)
   11b94: a3 0f 01 08  	sb	zero, 0x9f(sp)
   11b98: 63 44 03 02  	bltz	t1, 0x11bc0 <_vfprintf_r+0xc1c>
   11b9c: 13 7f f8 b7  	andi	t5, a6, -0x481
   11ba0: 01 2f        	sext.w	t5, t5
   11ba2: 1d e3        	bnez	a4, 0x11bc8 <_vfprintf_r+0xc24>
   11ba4: 63 12 03 02  	bnez	t1, 0x11bc8 <_vfprintf_r+0xc24>
   11ba8: 93 7d 18 00  	andi	s11, a6, 0x1
   11bac: e3 80 0d 10  	beqz	s11, 0x124ac <_vfprintf_r+0x1508>
   11bb0: 93 07 00 03  	li	a5, 0x30
   11bb4: a3 05 f1 14  	sb	a5, 0x14b(sp)
   11bb8: 6e 8c        	mv	s8, s11
   11bba: 13 0d b1 14  	addi	s10, sp, 0x14b
   11bbe: a9 a8        	j	0x11c18 <_vfprintf_r+0xc74>
   11bc0: 13 78 f8 bf  	andi	a6, a6, -0x401
   11bc4: 1b 0f 08 00  	sext.w	t5, a6
   11bc8: 93 0c c1 14  	addi	s9, sp, 0x14c
   11bcc: 66 8d        	mv	s10, s9
   11bce: 93 76 77 00  	andi	a3, a4, 0x7
   11bd2: 6a 86        	mv	a2, s10
   11bd4: 93 86 06 03  	addi	a3, a3, 0x30
   11bd8: 0d 83        	srli	a4, a4, 0x3
   11bda: a3 0f dd fe  	sb	a3, -0x1(s10)
   11bde: 7d 1d        	addi	s10, s10, -0x1
   11be0: 7d f7        	bnez	a4, 0x11bce <_vfprintf_r+0xc2a>
   11be2: 13 77 1f 00  	andi	a4, t5, 0x1
   11be6: 15 c3        	beqz	a4, 0x11c0a <_vfprintf_r+0xc66>
   11be8: 13 07 00 03  	li	a4, 0x30
   11bec: 63 8f e6 00  	beq	a3, a4, 0x11c0a <_vfprintf_r+0xc66>
   11bf0: 79 16        	addi	a2, a2, -0x2
   11bf2: 3b 8c cc 40  	subw	s8, s9, a2
   11bf6: a3 0f ed fe  	sb	a4, -0x1(s10)
   11bfa: 1a 88        	mv	a6, t1
   11bfc: 63 53 83 01  	bge	t1, s8, 0x11c02 <_vfprintf_r+0xc5e>
   11c00: 62 88        	mv	a6, s8
   11c02: 9b 0d 08 00  	sext.w	s11, a6
   11c06: 32 8d        	mv	s10, a2
   11c08: 01 a8        	j	0x11c18 <_vfprintf_r+0xc74>
   11c0a: 3b 8c ac 41  	subw	s8, s9, s10
   11c0e: 1a 88        	mv	a6, t1
   11c10: 63 4c 83 4d  	blt	t1, s8, 0x120e8 <_vfprintf_r+0x1144>
   11c14: 9b 0d 08 00  	sext.w	s11, a6
   11c18: 02 e8        	sd	zero, 0x10(sp)
   11c1a: 02 fc        	sd	zero, 0x38(sp)
   11c1c: 02 f8        	sd	zero, 0x30(sp)
   11c1e: 02 f0        	sd	zero, 0x20(sp)
   11c20: 6f f0 af d1  	j	0x1113a <_vfprintf_r+0x196>
   11c24: e2 66        	ld	a3, 0x18(sp)
   11c26: 93 67 0b 01  	ori	a5, s6, 0x10
   11c2a: a3 0f 01 08  	sb	zero, 0x9f(sp)
   11c2e: 62 83        	mv	t1, s8
   11c30: 03 ba 06 00  	ld	s4, 0x0(a3)
   11c34: 81 27        	sext.w	a5, a5
   11c36: 13 87 86 00  	addi	a4, a3, 0x8
   11c3a: 63 4d 03 54  	bltz	t1, 0x12194 <_vfprintf_r+0x11f0>
   11c3e: 93 f7 f7 f7  	andi	a5, a5, -0x81
   11c42: 1b 8f 07 00  	sext.w	t5, a5
   11c46: e3 0f 0a e0  	beqz	s4, 0x11a64 <_vfprintf_r+0xac0>
   11c4a: 3a ec        	sd	a4, 0x18(sp)
   11c4c: bd bb        	j	0x119ca <_vfprintf_r+0xa26>
   11c4e: 82 6c        	ld	s9, 0x0(sp)
   11c50: 66 85        	mv	a0, s9
   11c52: ef 40 70 13  	jal	0x16588 <_localeconv_r>
   11c56: 1c 65        	ld	a5, 0x8(a0)
   11c58: 3e 85        	mv	a0, a5
   11c5a: be ec        	sd	a5, 0x58(sp)
   11c5c: ef f0 4f a8  	jal	0x10ee0 <strlen>
   11c60: aa 87        	mv	a5, a0
   11c62: 66 85        	mv	a0, s9
   11c64: be f8        	sd	a5, 0x70(sp)
   11c66: be 8c        	mv	s9, a5
   11c68: ef 40 10 12  	jal	0x16588 <_localeconv_r>
   11c6c: 1c 69        	ld	a5, 0x10(a0)
   11c6e: 03 ce 0a 00  	lbu	t3, 0x0(s5)
   11c72: be f0        	sd	a5, 0x60(sp)
   11c74: 63 89 0c c4  	beqz	s9, 0x110c6 <_vfprintf_r+0x122>
   11c78: 63 87 07 c4  	beqz	a5, 0x110c6 <_vfprintf_r+0x122>
   11c7c: 83 c7 07 00  	lbu	a5, 0x0(a5)
   11c80: 63 83 07 c4  	beqz	a5, 0x110c6 <_vfprintf_r+0x122>
   11c84: 13 6f 0b 40  	ori	t5, s6, 0x400
   11c88: 1b 0b 0f 00  	sext.w	s6, t5
   11c8c: 6f f0 af c3  	j	0x110c6 <_vfprintf_r+0x122>
   11c90: 13 6f 1b 00  	ori	t5, s6, 0x1
   11c94: 03 ce 0a 00  	lbu	t3, 0x0(s5)
   11c98: 1b 0b 0f 00  	sext.w	s6, t5
   11c9c: 6f f0 af c2  	j	0x110c6 <_vfprintf_r+0x122>
   11ca0: 83 47 f1 09  	lbu	a5, 0x9f(sp)
   11ca4: 03 ce 0a 00  	lbu	t3, 0x0(s5)
   11ca8: 63 9f 07 c0  	bnez	a5, 0x110c6 <_vfprintf_r+0x122>
   11cac: 93 07 00 02  	li	a5, 0x20
   11cb0: a3 0f f1 08  	sb	a5, 0x9f(sp)
   11cb4: 6f f0 2f c1  	j	0x110c6 <_vfprintf_r+0x122>
   11cb8: 13 6f 0b 08  	ori	t5, s6, 0x80
   11cbc: 03 ce 0a 00  	lbu	t3, 0x0(s5)
   11cc0: 1b 0b 0f 00  	sext.w	s6, t5
   11cc4: 6f f0 2f c0  	j	0x110c6 <_vfprintf_r+0x122>
   11cc8: 93 07 b0 02  	li	a5, 0x2b
   11ccc: 03 ce 0a 00  	lbu	t3, 0x0(s5)
   11cd0: a3 0f f1 08  	sb	a5, 0x9f(sp)
   11cd4: 6f f0 2f bf  	j	0x110c6 <_vfprintf_r+0x122>
   11cd8: 03 ce 0a 00  	lbu	t3, 0x0(s5)
   11cdc: 93 07 a0 02  	li	a5, 0x2a
   11ce0: 13 86 1a 00  	addi	a2, s5, 0x1
   11ce4: 63 14 fe 00  	bne	t3, a5, 0x11cec <_vfprintf_r+0xd48>
   11ce8: 6f 10 e0 44  	j	0x13136 <_vfprintf_r+0x2192>
   11cec: 1b 07 0e fd  	addiw	a4, t3, -0x30
   11cf0: a5 45        	li	a1, 0x9
   11cf2: 81 46        	li	a3, 0x0
   11cf4: b2 8a        	mv	s5, a2
   11cf6: 01 4c        	li	s8, 0x0
   11cf8: 63 e8 e5 bc  	bltu	a1, a4, 0x110c8 <_vfprintf_r+0x124>
   11cfc: 9b 97 26 00  	slliw	a5, a3, 0x2
   11d00: 03 4e 06 00  	lbu	t3, 0x0(a2)
   11d04: b5 9f        	addw	a5, a5, a3
   11d06: 9b 97 17 00  	slliw	a5, a5, 0x1
   11d0a: bb 86 e7 00  	addw	a3, a5, a4
   11d0e: 1b 07 0e fd  	addiw	a4, t3, -0x30
   11d12: 05 06        	addi	a2, a2, 0x1
   11d14: e3 f4 e5 fe  	bgeu	a1, a4, 0x11cfc <_vfprintf_r+0xd58>
   11d18: 36 83        	mv	t1, a3
   11d1a: 63 cb 06 58  	bltz	a3, 0x122b0 <_vfprintf_r+0x130c>
   11d1e: 1a 8c        	mv	s8, t1
   11d20: b2 8a        	mv	s5, a2
   11d22: 6f f0 6f ba  	j	0x110c8 <_vfprintf_r+0x124>
   11d26: bb 86 bb 41  	subw	a3, s7, s11
   11d2a: 63 56 d0 c6  	blez	a3, 0x11196 <_vfprintf_r+0x1f2>
   11d2e: c1 4f        	li	t6, 0x10
   11d30: 6e 46        	lw	a2, 0xd8(sp)
   11d32: 97 dc 00 00  	auipc	s9, 0xd
   11d36: 93 8c ec 58  	addi	s9, s9, 0x58e
   11d3a: 63 d2 df 06  	bge	t6, a3, 0x11d9e <_vfprintf_r+0xdfa>
   11d3e: ce 87        	mv	a5, s3
   11d40: 52 87        	mv	a4, s4
   11d42: e6 89        	mv	s3, s9
   11d44: fe 83        	mv	t2, t6
   11d46: e2 8c        	mv	s9, s8
   11d48: 9d 42        	li	t0, 0x7
   11d4a: 36 8b        	mv	s6, a3
   11d4c: f2 f4        	sd	t3, 0x68(sp)
   11d4e: 7a 8a        	mv	s4, t5
   11d50: 1a 8c        	mv	s8, t1
   11d52: 21 a0        	j	0x11d5a <_vfprintf_r+0xdb6>
   11d54: 41 3b        	addiw	s6, s6, -0x10
   11d56: 63 dc 63 03  	bge	t2, s6, 0x11d8e <_vfprintf_r+0xdea>
   11d5a: 41 07        	addi	a4, a4, 0x10
   11d5c: 05 26        	addiw	a2, a2, 0x1
   11d5e: 23 b0 37 01  	sd	s3, 0x0(a5)
   11d62: 23 b4 f7 01  	sd	t6, 0x8(a5)
   11d66: ba f1        	sd	a4, 0xe0(sp)
   11d68: b2 cd        	sw	a2, 0xd8(sp)
   11d6a: c1 07        	addi	a5, a5, 0x10
   11d6c: e3 d4 c2 fe  	bge	t0, a2, 0x11d54 <_vfprintf_r+0xdb0>
   11d70: 02 65        	ld	a0, 0x0(sp)
   11d72: 90 09        	addi	a2, sp, 0xd0
   11d74: ca 85        	mv	a1, s2
   11d76: ef 80 d0 28  	jal	0x1a802 <__sprint_r>
   11d7a: 35 e5        	bnez	a0, 0x11de6 <_vfprintf_r+0xe42>
   11d7c: c1 43        	li	t2, 0x10
   11d7e: 41 3b        	addiw	s6, s6, -0x10
   11d80: 0e 77        	ld	a4, 0xe0(sp)
   11d82: 6e 46        	lw	a2, 0xd8(sp)
   11d84: 9c 0a        	addi	a5, sp, 0x150
   11d86: 9d 42        	li	t0, 0x7
   11d88: 9e 8f        	mv	t6, t2
   11d8a: e3 c8 63 fd  	blt	t2, s6, 0x11d5a <_vfprintf_r+0xdb6>
   11d8e: 26 7e        	ld	t3, 0x68(sp)
   11d90: 52 8f        	mv	t5, s4
   11d92: 62 83        	mv	t1, s8
   11d94: da 86        	mv	a3, s6
   11d96: 66 8c        	mv	s8, s9
   11d98: 3a 8a        	mv	s4, a4
   11d9a: ce 8c        	mv	s9, s3
   11d9c: be 89        	mv	s3, a5
   11d9e: 36 9a        	add	s4, s4, a3
   11da0: 05 26        	addiw	a2, a2, 0x1
   11da2: 23 b0 99 01  	sd	s9, 0x0(s3)
   11da6: 23 b4 d9 00  	sd	a3, 0x8(s3)
   11daa: d2 f1        	sd	s4, 0xe0(sp)
   11dac: b2 cd        	sw	a2, 0xd8(sp)
   11dae: 1d 47        	li	a4, 0x7
   11db0: c1 09        	addi	s3, s3, 0x10
   11db2: 63 52 c7 be  	bge	a4, a2, 0x11196 <_vfprintf_r+0x1f2>
   11db6: 02 65        	ld	a0, 0x0(sp)
   11db8: 90 09        	addi	a2, sp, 0xd0
   11dba: ca 85        	mv	a1, s2
   11dbc: 1a e1        	sd	t1, 0x80(sp)
   11dbe: fa fc        	sd	t5, 0x78(sp)
   11dc0: f2 f4        	sd	t3, 0x68(sp)
   11dc2: ef 80 10 24  	jal	0x1a802 <__sprint_r>
   11dc6: 05 e1        	bnez	a0, 0x11de6 <_vfprintf_r+0xe42>
   11dc8: 0e 7a        	ld	s4, 0xe0(sp)
   11dca: 26 7e        	ld	t3, 0x68(sp)
   11dcc: 66 7f        	ld	t5, 0x78(sp)
   11dce: 0a 63        	ld	t1, 0x80(sp)
   11dd0: 93 09 01 15  	addi	s3, sp, 0x150
   11dd4: 6f f0 2f bc  	j	0x11196 <_vfprintf_r+0x1f2>
   11dd8: 02 65        	ld	a0, 0x0(sp)
   11dda: 90 09        	addi	a2, sp, 0xd0
   11ddc: ca 85        	mv	a1, s2
   11dde: ef 80 50 22  	jal	0x1a802 <__sprint_r>
   11de2: 63 00 05 c0  	beqz	a0, 0x111e2 <_vfprintf_r+0x23e>
   11de6: c2 62        	ld	t0, 0x10(sp)
   11de8: 63 80 02 c2  	beqz	t0, 0x11208 <_vfprintf_r+0x264>
   11dec: 02 65        	ld	a0, 0x0(sp)
   11dee: 96 85        	mv	a1, t0
   11df0: ef 10 30 59  	jal	0x13b82 <_free_r>
   11df4: 03 27 09 0b  	lw	a4, 0xb0(s2)
   11df8: 83 17 09 01  	lh	a5, 0x10(s2)
   11dfc: 05 8b        	andi	a4, a4, 0x1
   11dfe: 63 1c 07 c0  	bnez	a4, 0x11216 <_vfprintf_r+0x272>
   11e02: 1d b2        	j	0x11728 <_vfprintf_r+0x784>
   11e04: 02 65        	ld	a0, 0x0(sp)
   11e06: 90 09        	addi	a2, sp, 0xd0
   11e08: ca 85        	mv	a1, s2
   11e0a: 1a e1        	sd	t1, 0x80(sp)
   11e0c: fa fc        	sd	t5, 0x78(sp)
   11e0e: f2 f4        	sd	t3, 0x68(sp)
   11e10: ef 80 30 1f  	jal	0x1a802 <__sprint_r>
   11e14: 69 f9        	bnez	a0, 0x11de6 <_vfprintf_r+0xe42>
   11e16: 0e 7a        	ld	s4, 0xe0(sp)
   11e18: 0a 63        	ld	t1, 0x80(sp)
   11e1a: 66 7f        	ld	t5, 0x78(sp)
   11e1c: 26 7e        	ld	t3, 0x68(sp)
   11e1e: 93 09 01 15  	addi	s3, sp, 0x150
   11e22: 6f f0 cf b6  	j	0x1118e <_vfprintf_r+0x1ea>
   11e26: 41 47        	li	a4, 0x10
   11e28: 97 d6 00 00  	auipc	a3, 0xd
   11e2c: 93 86 86 4a  	addi	a3, a3, 0x4a8
   11e30: ee 47        	lw	a5, 0xd8(sp)
   11e32: 3a 8d        	mv	s10, a4
   11e34: 1d 4b        	li	s6, 0x7
   11e36: b6 8c        	mv	s9, a3
   11e38: 63 46 87 01  	blt	a4, s8, 0x11e44 <_vfprintf_r+0xea0>
   11e3c: 35 a8        	j	0x11e78 <_vfprintf_r+0xed4>
   11e3e: 41 3c        	addiw	s8, s8, -0x10
   11e40: 63 5b 8d 03  	bge	s10, s8, 0x11e76 <_vfprintf_r+0xed2>
   11e44: 41 0a        	addi	s4, s4, 0x10
   11e46: 85 27        	addiw	a5, a5, 0x1
   11e48: 23 b0 99 01  	sd	s9, 0x0(s3)
   11e4c: 23 b4 e9 00  	sd	a4, 0x8(s3)
   11e50: d2 f1        	sd	s4, 0xe0(sp)
   11e52: be cd        	sw	a5, 0xd8(sp)
   11e54: c1 09        	addi	s3, s3, 0x10
   11e56: e3 54 fb fe  	bge	s6, a5, 0x11e3e <_vfprintf_r+0xe9a>
   11e5a: 02 65        	ld	a0, 0x0(sp)
   11e5c: 90 09        	addi	a2, sp, 0xd0
   11e5e: ca 85        	mv	a1, s2
   11e60: ef 80 30 1a  	jal	0x1a802 <__sprint_r>
   11e64: 49 f1        	bnez	a0, 0x11de6 <_vfprintf_r+0xe42>
   11e66: 41 3c        	addiw	s8, s8, -0x10
   11e68: 0e 7a        	ld	s4, 0xe0(sp)
   11e6a: ee 47        	lw	a5, 0xd8(sp)
   11e6c: 93 09 01 15  	addi	s3, sp, 0x150
   11e70: 41 47        	li	a4, 0x10
   11e72: e3 49 8d fd  	blt	s10, s8, 0x11e44 <_vfprintf_r+0xea0>
   11e76: e6 86        	mv	a3, s9
   11e78: 62 9a        	add	s4, s4, s8
   11e7a: 85 27        	addiw	a5, a5, 0x1
   11e7c: d2 f1        	sd	s4, 0xe0(sp)
   11e7e: be cd        	sw	a5, 0xd8(sp)
   11e80: 23 b0 d9 00  	sd	a3, 0x0(s3)
   11e84: 23 b4 89 01  	sd	s8, 0x8(s3)
   11e88: 1d 47        	li	a4, 0x7
   11e8a: 63 53 f7 b4  	bge	a4, a5, 0x111d0 <_vfprintf_r+0x22c>
   11e8e: 02 65        	ld	a0, 0x0(sp)
   11e90: 90 09        	addi	a2, sp, 0xd0
   11e92: ca 85        	mv	a1, s2
   11e94: ef 80 f0 16  	jal	0x1a802 <__sprint_r>
   11e98: 39 f5        	bnez	a0, 0x11de6 <_vfprintf_r+0xe42>
   11e9a: 0e 7a        	ld	s4, 0xe0(sp)
   11e9c: 6f f0 4f b3  	j	0x111d0 <_vfprintf_r+0x22c>
   11ea0: 2a 56        	lw	a2, 0xa8(sp)
   11ea2: 63 5c c0 26  	blez	a2, 0x1211a <_vfprintf_r+0x1176>
   11ea6: 82 77        	ld	a5, 0x20(sp)
   11ea8: a2 76        	ld	a3, 0x28(sp)
   11eaa: 3e 87        	mv	a4, a5
   11eac: 63 d3 f6 00  	bge	a3, a5, 0x11eb2 <_vfprintf_r+0xf0e>
   11eb0: 36 87        	mv	a4, a3
   11eb2: 1b 0c 07 00  	sext.w	s8, a4
   11eb6: 63 5f 80 01  	blez	s8, 0x11ed4 <_vfprintf_r+0xf30>
   11eba: ee 46        	lw	a3, 0xd8(sp)
   11ebc: 62 9a        	add	s4, s4, s8
   11ebe: 23 b0 a9 01  	sd	s10, 0x0(s3)
   11ec2: 85 26        	addiw	a3, a3, 0x1
   11ec4: 23 b4 89 01  	sd	s8, 0x8(s3)
   11ec8: d2 f1        	sd	s4, 0xe0(sp)
   11eca: b6 cd        	sw	a3, 0xd8(sp)
   11ecc: 1d 46        	li	a2, 0x7
   11ece: c1 09        	addi	s3, s3, 0x10
   11ed0: e3 44 d6 52  	blt	a2, a3, 0x12bf8 <_vfprintf_r+0x1c54>
   11ed4: e2 86        	mv	a3, s8
   11ed6: 63 53 0c 00  	bgez	s8, 0x11edc <_vfprintf_r+0xf38>
   11eda: 81 46        	li	a3, 0x0
   11edc: 82 77        	ld	a5, 0x20(sp)
   11ede: 3b 8c d7 40  	subw	s8, a5, a3
   11ee2: 63 40 80 73  	bgtz	s8, 0x12602 <_vfprintf_r+0x165e>
   11ee6: 82 77        	ld	a5, 0x20(sp)
   11ee8: 13 77 0f 40  	andi	a4, t5, 0x400
   11eec: b3 0c fd 00  	add	s9, s10, a5
   11ef0: e3 1e 07 2a  	bnez	a4, 0x129ac <_vfprintf_r+0x1a08>
   11ef4: 2a 5c        	lw	s8, 0xa8(sp)
   11ef6: a2 77        	ld	a5, 0x28(sp)
   11ef8: 63 46 fc 00  	blt	s8, a5, 0x11f04 <_vfprintf_r+0xf60>
   11efc: 13 77 1f 00  	andi	a4, t5, 0x1
   11f00: e3 0d 07 14  	beqz	a4, 0x1285a <_vfprintf_r+0x18b6>
   11f04: 6e 47        	lw	a4, 0xd8(sp)
   11f06: 86 67        	ld	a5, 0x40(sp)
   11f08: a6 66        	ld	a3, 0x48(sp)
   11f0a: 05 27        	addiw	a4, a4, 0x1
   11f0c: 3e 9a        	add	s4, s4, a5
   11f0e: 23 b0 d9 00  	sd	a3, 0x0(s3)
   11f12: 23 b4 f9 00  	sd	a5, 0x8(s3)
   11f16: d2 f1        	sd	s4, 0xe0(sp)
   11f18: ba cd        	sw	a4, 0xd8(sp)
   11f1a: 9d 46        	li	a3, 0x7
   11f1c: c1 09        	addi	s3, s3, 0x10
   11f1e: e3 c8 e6 5e  	blt	a3, a4, 0x12d0e <_vfprintf_r+0x1d6a>
   11f22: 22 77        	ld	a4, 0x28(sp)
   11f24: b3 07 ed 00  	add	a5, s10, a4
   11f28: b3 87 97 41  	sub	a5, a5, s9
   11f2c: bb 06 87 41  	subw	a3, a4, s8
   11f30: 1b 87 07 00  	sext.w	a4, a5
   11f34: 63 d3 e6 00  	bge	a3, a4, 0x11f3a <_vfprintf_r+0xf96>
   11f38: b6 87        	mv	a5, a3
   11f3a: 1b 8c 07 00  	sext.w	s8, a5
   11f3e: 63 5f 80 01  	blez	s8, 0x11f5c <_vfprintf_r+0xfb8>
   11f42: 6e 47        	lw	a4, 0xd8(sp)
   11f44: 62 9a        	add	s4, s4, s8
   11f46: 23 b0 99 01  	sd	s9, 0x0(s3)
   11f4a: 05 27        	addiw	a4, a4, 0x1
   11f4c: 23 b4 89 01  	sd	s8, 0x8(s3)
   11f50: d2 f1        	sd	s4, 0xe0(sp)
   11f52: ba cd        	sw	a4, 0xd8(sp)
   11f54: 9d 47        	li	a5, 0x7
   11f56: c1 09        	addi	s3, s3, 0x10
   11f58: e3 ca e7 60  	blt	a5, a4, 0x12d6c <_vfprintf_r+0x1dc8>
   11f5c: 62 87        	mv	a4, s8
   11f5e: 63 53 0c 00  	bgez	s8, 0x11f64 <_vfprintf_r+0xfc0>
   11f62: 01 47        	li	a4, 0x0
   11f64: 3b 8c e6 40  	subw	s8, a3, a4
   11f68: 63 5c 80 a5  	blez	s8, 0x111c0 <_vfprintf_r+0x21c>
   11f6c: c1 46        	li	a3, 0x10
   11f6e: ee 47        	lw	a5, 0xd8(sp)
   11f70: 97 dc 00 00  	auipc	s9, 0xd
   11f74: 93 8c 0c 35  	addi	s9, s9, 0x350
   11f78: 63 d9 86 5b  	bge	a3, s8, 0x1252a <_vfprintf_r+0x1586>
   11f7c: 66 8b        	mv	s6, s9
   11f7e: 36 83        	mv	t1, a3
   11f80: e2 8c        	mv	s9, s8
   11f82: 1d 4d        	li	s10, 0x7
   11f84: 7a 8c        	mv	s8, t5
   11f86: 21 a0        	j	0x11f8e <_vfprintf_r+0xfea>
   11f88: c1 3c        	addiw	s9, s9, -0x10
   11f8a: 63 5d 93 59  	bge	t1, s9, 0x12524 <_vfprintf_r+0x1580>
   11f8e: 41 0a        	addi	s4, s4, 0x10
   11f90: 85 27        	addiw	a5, a5, 0x1
   11f92: 23 b0 69 01  	sd	s6, 0x0(s3)
   11f96: 23 b4 d9 00  	sd	a3, 0x8(s3)
   11f9a: d2 f1        	sd	s4, 0xe0(sp)
   11f9c: be cd        	sw	a5, 0xd8(sp)
   11f9e: c1 09        	addi	s3, s3, 0x10
   11fa0: e3 54 fd fe  	bge	s10, a5, 0x11f88 <_vfprintf_r+0xfe4>
   11fa4: 02 65        	ld	a0, 0x0(sp)
   11fa6: 90 09        	addi	a2, sp, 0xd0
   11fa8: ca 85        	mv	a1, s2
   11faa: ef 80 90 05  	jal	0x1a802 <__sprint_r>
   11fae: e3 1c 05 e2  	bnez	a0, 0x11de6 <_vfprintf_r+0xe42>
   11fb2: 41 43        	li	t1, 0x10
   11fb4: 0e 7a        	ld	s4, 0xe0(sp)
   11fb6: ee 47        	lw	a5, 0xd8(sp)
   11fb8: 93 09 01 15  	addi	s3, sp, 0x150
   11fbc: 9a 86        	mv	a3, t1
   11fbe: e9 b7        	j	0x11f88 <_vfprintf_r+0xfe4>
   11fc0: 33 76 df 00  	and	a2, t5, a3
   11fc4: 63 11 06 ec  	bnez	a2, 0x11686 <_vfprintf_r+0x6e2>
   11fc8: 23 b0 a9 01  	sd	s10, 0x0(s3)
   11fcc: 23 b4 d9 00  	sd	a3, 0x8(s3)
   11fd0: d2 f1        	sd	s4, 0xe0(sp)
   11fd2: e2 cd        	sw	s8, 0xd8(sp)
   11fd4: 9d 47        	li	a5, 0x7
   11fd6: 63 dd 87 f1  	bge	a5, s8, 0x116f0 <_vfprintf_r+0x74c>
   11fda: 02 65        	ld	a0, 0x0(sp)
   11fdc: 90 09        	addi	a2, sp, 0xd0
   11fde: ca 85        	mv	a1, s2
   11fe0: 7a f0        	sd	t5, 0x20(sp)
   11fe2: ef 80 10 02  	jal	0x1a802 <__sprint_r>
   11fe6: e3 10 05 e0  	bnez	a0, 0x11de6 <_vfprintf_r+0xe42>
   11fea: 0e 7a        	ld	s4, 0xe0(sp)
   11fec: 6e 4c        	lw	s8, 0xd8(sp)
   11fee: 02 7f        	ld	t5, 0x20(sp)
   11ff0: 93 08 01 15  	addi	a7, sp, 0x150
   11ff4: 6f f0 cf ef  	j	0x116f0 <_vfprintf_r+0x74c>
   11ff8: ee 46        	lw	a3, 0xd8(sp)
   11ffa: 41 4a        	li	s4, 0x10
   11ffc: b6 85        	mv	a1, a3
   11ffe: 97 d6 00 00  	auipc	a3, 0xd
   12002: 93 86 26 2d  	addi	a3, a3, 0x2d2
   12006: 63 50 ea 06  	bge	s4, a4, 0x12066 <_vfprintf_r+0x10c2>
   1200a: d6 f4        	sd	s5, 0x68(sp)
   1200c: ce 87        	mv	a5, s3
   1200e: d2 83        	mv	t2, s4
   12010: 9d 42        	li	t0, 0x7
   12012: ba 89        	mv	s3, a4
   12014: f2 fc        	sd	t3, 0x78(sp)
   12016: 7a 8b        	mv	s6, t5
   12018: 1a e1        	sd	t1, 0x80(sp)
   1201a: b6 8a        	mv	s5, a3
   1201c: 21 a0        	j	0x12024 <_vfprintf_r+0x1080>
   1201e: c1 39        	addiw	s3, s3, -0x10
   12020: 63 dc 33 03  	bge	t2, s3, 0x12058 <_vfprintf_r+0x10b4>
   12024: 41 06        	addi	a2, a2, 0x10
   12026: 85 25        	addiw	a1, a1, 0x1
   12028: 23 b0 57 01  	sd	s5, 0x0(a5)
   1202c: 23 b4 47 01  	sd	s4, 0x8(a5)
   12030: b2 f1        	sd	a2, 0xe0(sp)
   12032: ae cd        	sw	a1, 0xd8(sp)
   12034: c1 07        	addi	a5, a5, 0x10
   12036: e3 d4 b2 fe  	bge	t0, a1, 0x1201e <_vfprintf_r+0x107a>
   1203a: 02 65        	ld	a0, 0x0(sp)
   1203c: 90 09        	addi	a2, sp, 0xd0
   1203e: ca 85        	mv	a1, s2
   12040: ef 80 20 7c  	jal	0x1a802 <__sprint_r>
   12044: e3 11 05 da  	bnez	a0, 0x11de6 <_vfprintf_r+0xe42>
   12048: c1 43        	li	t2, 0x10
   1204a: c1 39        	addiw	s3, s3, -0x10
   1204c: 0e 76        	ld	a2, 0xe0(sp)
   1204e: ee 45        	lw	a1, 0xd8(sp)
   12050: 9c 0a        	addi	a5, sp, 0x150
   12052: 9d 42        	li	t0, 0x7
   12054: e3 c8 33 fd  	blt	t2, s3, 0x12024 <_vfprintf_r+0x1080>
   12058: d6 86        	mv	a3, s5
   1205a: 66 7e        	ld	t3, 0x78(sp)
   1205c: 0a 63        	ld	t1, 0x80(sp)
   1205e: a6 7a        	ld	s5, 0x68(sp)
   12060: 4e 87        	mv	a4, s3
   12062: 5a 8f        	mv	t5, s6
   12064: be 89        	mv	s3, a5
   12066: 33 0a c7 00  	add	s4, a4, a2
   1206a: 85 25        	addiw	a1, a1, 0x1
   1206c: 23 b4 e9 00  	sd	a4, 0x8(s3)
   12070: d2 f1        	sd	s4, 0xe0(sp)
   12072: ae cd        	sw	a1, 0xd8(sp)
   12074: 23 b0 d9 00  	sd	a3, 0x0(s3)
   12078: 1d 47        	li	a4, 0x7
   1207a: 63 4e b7 42  	blt	a4, a1, 0x124b6 <_vfprintf_r+0x1512>
   1207e: 03 47 f1 09  	lbu	a4, 0x9f(sp)
   12082: c1 09        	addi	s3, s3, 0x10
   12084: 59 e7        	bnez	a4, 0x12112 <_vfprintf_r+0x116e>
   12086: 63 88 0c 90  	beqz	s9, 0x11196 <_vfprintf_r+0x1f2>
   1208a: 81 4c        	li	s9, 0x0
   1208c: 6f f0 6f 8e  	j	0x11172 <_vfprintf_r+0x1ce>
   12090: 22 77        	ld	a4, 0x28(sp)
   12092: 85 47        	li	a5, 0x1
   12094: 63 de e7 e4  	bge	a5, a4, 0x116f0 <_vfprintf_r+0x74c>
   12098: c5 47        	li	a5, 0x11
   1209a: 97 dc 00 00  	auipc	s9, 0xd
   1209e: 93 8c 6c 22  	addi	s9, s9, 0x226
   120a2: 63 d7 e7 50  	bge	a5, a4, 0x125b0 <_vfprintf_r+0x160c>
   120a6: 66 8b        	mv	s6, s9
   120a8: c1 47        	li	a5, 0x10
   120aa: ce 8c        	mv	s9, s3
   120ac: 1d 4d        	li	s10, 0x7
   120ae: fa 89        	mv	s3, t5
   120b0: 21 a0        	j	0x120b8 <_vfprintf_r+0x1114>
   120b2: c1 3c        	addiw	s9, s9, -0x10
   120b4: 63 db 97 4f  	bge	a5, s9, 0x125aa <_vfprintf_r+0x1606>
   120b8: 41 0a        	addi	s4, s4, 0x10
   120ba: 05 2c        	addiw	s8, s8, 0x1
   120bc: 23 b0 68 01  	sd	s6, 0x0(a7)
   120c0: 23 b4 f8 00  	sd	a5, 0x8(a7)
   120c4: d2 f1        	sd	s4, 0xe0(sp)
   120c6: e2 cd        	sw	s8, 0xd8(sp)
   120c8: c1 08        	addi	a7, a7, 0x10
   120ca: e3 54 8d ff  	bge	s10, s8, 0x120b2 <_vfprintf_r+0x110e>
   120ce: 02 65        	ld	a0, 0x0(sp)
   120d0: 90 09        	addi	a2, sp, 0xd0
   120d2: ca 85        	mv	a1, s2
   120d4: ef 80 e0 72  	jal	0x1a802 <__sprint_r>
   120d8: e3 17 05 d0  	bnez	a0, 0x11de6 <_vfprintf_r+0xe42>
   120dc: 0e 7a        	ld	s4, 0xe0(sp)
   120de: 6e 4c        	lw	s8, 0xd8(sp)
   120e0: 93 08 01 15  	addi	a7, sp, 0x150
   120e4: c1 47        	li	a5, 0x10
   120e6: f1 b7        	j	0x120b2 <_vfprintf_r+0x110e>
   120e8: 62 88        	mv	a6, s8
   120ea: 2d b6        	j	0x11c14 <_vfprintf_r+0xc70>
   120ec: 93 77 1f 00  	andi	a5, t5, 0x1
   120f0: 63 88 07 8c  	beqz	a5, 0x111c0 <_vfprintf_r+0x21c>
   120f4: 6f f0 3f 82  	j	0x11916 <_vfprintf_r+0x972>
   120f8: 03 35 09 0a  	ld	a0, 0xa0(s2)
   120fc: ef 40 20 4a  	jal	0x1659e <__retarget_lock_acquire_recursive>
   12100: 03 17 09 01  	lh	a4, 0x10(s2)
   12104: 6f e0 ff ee  	j	0x10ff2 <_vfprintf_r+0x4e>
   12108: 03 ce 0a 00  	lbu	t3, 0x0(s5)
   1210c: 3e ec        	sd	a5, 0x18(sp)
   1210e: 6f e0 9f fb  	j	0x110c6 <_vfprintf_r+0x122>
   12112: 66 87        	mv	a4, s9
   12114: 81 4c        	li	s9, 0x0
   12116: 6f f0 af 83  	j	0x11150 <_vfprintf_r+0x1ac>
   1211a: 6e 47        	lw	a4, 0xd8(sp)
   1211c: 85 46        	li	a3, 0x1
   1211e: 05 0a        	addi	s4, s4, 0x1
   12120: 97 d5 00 00  	auipc	a1, 0xd
   12124: 93 85 05 f5  	addi	a1, a1, -0xb0
   12128: 05 27        	addiw	a4, a4, 0x1
   1212a: 23 b4 d9 00  	sd	a3, 0x8(s3)
   1212e: 23 b0 b9 00  	sd	a1, 0x0(s3)
   12132: d2 f1        	sd	s4, 0xe0(sp)
   12134: ba cd        	sw	a4, 0xd8(sp)
   12136: 9d 46        	li	a3, 0x7
   12138: c1 09        	addi	s3, s3, 0x10
   1213a: 63 cd e6 68  	blt	a3, a4, 0x127d4 <_vfprintf_r+0x1830>
   1213e: 63 1d 06 50  	bnez	a2, 0x12658 <_vfprintf_r+0x16b4>
   12142: a2 77        	ld	a5, 0x28(sp)
   12144: 13 77 1f 00  	andi	a4, t5, 0x1
   12148: 5d 8f        	or	a4, a4, a5
   1214a: 01 27        	sext.w	a4, a4
   1214c: 19 e3        	bnez	a4, 0x12152 <_vfprintf_r+0x11ae>
   1214e: 6f f0 2f 87  	j	0x111c0 <_vfprintf_r+0x21c>
   12152: ee 46        	lw	a3, 0xd8(sp)
   12154: 86 67        	ld	a5, 0x40(sp)
   12156: 26 67        	ld	a4, 0x48(sp)
   12158: 85 26        	addiw	a3, a3, 0x1
   1215a: 3e 9a        	add	s4, s4, a5
   1215c: 23 b0 e9 00  	sd	a4, 0x0(s3)
   12160: d2 f1        	sd	s4, 0xe0(sp)
   12162: 23 b4 f9 00  	sd	a5, 0x8(s3)
   12166: b6 cd        	sw	a3, 0xd8(sp)
   12168: 1d 47        	li	a4, 0x7
   1216a: 63 4f d7 78  	blt	a4, a3, 0x12908 <_vfprintf_r+0x1964>
   1216e: c1 09        	addi	s3, s3, 0x10
   12170: 29 a3        	j	0x1267a <_vfprintf_r+0x16d6>
   12172: a2 67        	ld	a5, 0x8(sp)
   12174: 56 8d        	mv	s10, s5
   12176: 1c e3        	sd	a5, 0x0(a4)
   12178: 6f f0 ef 87  	j	0x111f6 <_vfprintf_r+0x252>
   1217c: 7a 88        	mv	a6, t5
   1217e: 01 bc        	j	0x11b8e <_vfprintf_r+0xbea>
   12180: e2 66        	ld	a3, 0x18(sp)
   12182: a3 0f 01 08  	sb	zero, 0x9f(sp)
   12186: fa 87        	mv	a5, t5
   12188: 03 ba 06 00  	ld	s4, 0x0(a3)
   1218c: 13 87 86 00  	addi	a4, a3, 0x8
   12190: e3 57 03 aa  	bgez	t1, 0x11c3e <_vfprintf_r+0xc9a>
   12194: 3a ec        	sd	a4, 0x18(sp)
   12196: a5 4d        	li	s11, 0x9
   12198: 3e 8f        	mv	t5, a5
   1219a: e3 fb 4d 83  	bgeu	s11, s4, 0x119d0 <_vfprintf_r+0xa2c>
   1219e: b7 d7 cc cc  	lui	a5, 0xccccd
   121a2: 93 87 d7 cc  	addi	a5, a5, -0x333
   121a6: 13 9c 07 02  	slli	s8, a5, 0x20
   121aa: 93 0c c1 14  	addi	s9, sp, 0x14c
   121ae: 06 7b        	ld	s6, 0x60(sp)
   121b0: 3e 9c        	add	s8, s8, a5
   121b2: 66 86        	mv	a2, s9
   121b4: 93 7f 0f 40  	andi	t6, t5, 0x400
   121b8: 81 46        	li	a3, 0x0
   121ba: 13 08 f0 0f  	li	a6, 0xff
   121be: 09 a8        	j	0x121d0 <_vfprintf_r+0x122c>
   121c0: d2 87        	mv	a5, s4
   121c2: 33 3a 8a 03  	mulhu	s4, s4, s8
   121c6: 6a 86        	mv	a2, s10
   121c8: 13 5a 3a 00  	srli	s4, s4, 0x3
   121cc: 63 fc fd 02  	bgeu	s11, a5, 0x12204 <_vfprintf_r+0x1260>
   121d0: 33 37 8a 03  	mulhu	a4, s4, s8
   121d4: 85 26        	addiw	a3, a3, 0x1
   121d6: 13 0d f6 ff  	addi	s10, a2, -0x1
   121da: 0d 83        	srli	a4, a4, 0x3
   121dc: 93 17 27 00  	slli	a5, a4, 0x2
   121e0: ba 97        	add	a5, a5, a4
   121e2: 86 07        	slli	a5, a5, 0x1
   121e4: b3 07 fa 40  	sub	a5, s4, a5
   121e8: 9b 87 07 03  	addiw	a5, a5, 0x30
   121ec: a3 0f f6 fe  	sb	a5, -0x1(a2)
   121f0: e3 88 0f fc  	beqz	t6, 0x121c0 <_vfprintf_r+0x121c>
   121f4: 83 47 0b 00  	lbu	a5, 0x0(s6)
   121f8: e3 94 d7 fc  	bne	a5, a3, 0x121c0 <_vfprintf_r+0x121c>
   121fc: e3 82 07 fd  	beq	a5, a6, 0x121c0 <_vfprintf_r+0x121c>
   12200: 63 ed 4d 57  	bltu	s11, s4, 0x1277a <_vfprintf_r+0x17d6>
   12204: da f0        	sd	s6, 0x60(sp)
   12206: 36 f4        	sd	a3, 0x28(sp)
   12208: 3b 8c ac 41  	subw	s8, s9, s10
   1220c: 1a 88        	mv	a6, t1
   1220e: 63 53 83 01  	bge	t1, s8, 0x12214 <_vfprintf_r+0x1270>
   12212: 62 88        	mv	a6, s8
   12214: 03 47 f1 09  	lbu	a4, 0x9f(sp)
   12218: 9b 0d 08 00  	sext.w	s11, a6
   1221c: 6f f0 6f fd  	j	0x119f2 <_vfprintf_r+0xa4e>
   12220: e2 67        	ld	a5, 0x18(sp)
   12222: 93 86 f7 00  	addi	a3, a5, 0xf
   12226: c1 9a        	andi	a3, a3, -0x10
   12228: 93 87 06 01  	addi	a5, a3, 0x10
   1222c: 98 62        	ld	a4, 0x0(a3)
   1222e: 8c 66        	ld	a1, 0x8(a3)
   12230: 3e ec        	sd	a5, 0x18(sp)
   12232: 6f f0 0f 8d  	j	0x11302 <_vfprintf_r+0x35e>
   12236: e2 67        	ld	a5, 0x18(sp)
   12238: a1 07        	addi	a5, a5, 0x8
   1223a: 62 67        	ld	a4, 0x18(sp)
   1223c: 36 8f        	mv	t5, a3
   1223e: 3e ec        	sd	a5, 0x18(sp)
   12240: 18 63        	ld	a4, 0x0(a4)
   12242: 3a 8a        	mv	s4, a4
   12244: 6f f0 6f d3  	j	0x1177a <_vfprintf_r+0x7d6>
   12248: 42 66        	ld	a2, 0x10(sp)
   1224a: 97 d5 00 00  	auipc	a1, 0xd
   1224e: 93 85 e5 de  	addi	a1, a1, -0x212
   12252: 13 6f 2b 00  	ori	t5, s6, 0x2
   12256: 13 77 f6 00  	andi	a4, a2, 0xf
   1225a: 2e 97        	add	a4, a4, a1
   1225c: 83 46 07 00  	lbu	a3, 0x0(a4)
   12260: 3e ec        	sd	a5, 0x18(sp)
   12262: 13 57 46 00  	srli	a4, a2, 0x4
   12266: a3 05 d1 14  	sb	a3, 0x14b(sp)
   1226a: 01 2f        	sext.w	t5, t5
   1226c: 13 0e 80 07  	li	t3, 0x78
   12270: 09 46        	li	a2, 0x2
   12272: e3 0d 07 70  	beqz	a4, 0x1318c <_vfprintf_r+0x21e8>
   12276: 13 0d b1 14  	addi	s10, sp, 0x14b
   1227a: 93 77 f7 00  	andi	a5, a4, 0xf
   1227e: ae 97        	add	a5, a5, a1
   12280: 83 c7 07 00  	lbu	a5, 0x0(a5)
   12284: 11 83        	srli	a4, a4, 0x4
   12286: 7d 1d        	addi	s10, s10, -0x1
   12288: 23 00 fd 00  	sb	a5, 0x0(s10)
   1228c: 7d f7        	bnez	a4, 0x1227a <_vfprintf_r+0x12d6>
   1228e: 93 08 c1 14  	addi	a7, sp, 0x14c
   12292: 3b 8c a8 41  	subw	s8, a7, s10
   12296: 1a 88        	mv	a6, t1
   12298: 63 53 83 01  	bge	t1, s8, 0x1229e <_vfprintf_r+0x12fa>
   1229c: 62 88        	mv	a6, s8
   1229e: 9b 0d 08 00  	sext.w	s11, a6
   122a2: 02 e8        	sd	zero, 0x10(sp)
   122a4: 02 fc        	sd	zero, 0x38(sp)
   122a6: 02 f8        	sd	zero, 0x30(sp)
   122a8: 02 f0        	sd	zero, 0x20(sp)
   122aa: 01 45        	li	a0, 0x0
   122ac: 6f f0 2f b8  	j	0x1162e <_vfprintf_r+0x68a>
   122b0: 7d 53        	li	t1, -0x1
   122b2: b5 b4        	j	0x11d1e <_vfprintf_r+0xd7a>
   122b4: 5a 8f        	mv	t5, s6
   122b6: 62 83        	mv	t1, s8
   122b8: 97 d5 00 00  	auipc	a1, 0xd
   122bc: 93 85 85 d9  	addi	a1, a1, -0x268
   122c0: e2 66        	ld	a3, 0x18(sp)
   122c2: 13 77 0f 02  	andi	a4, t5, 0x20
   122c6: 93 87 86 00  	addi	a5, a3, 0x8
   122ca: 63 04 07 12  	beqz	a4, 0x123f2 <_vfprintf_r+0x144e>
   122ce: 98 62        	ld	a4, 0x0(a3)
   122d0: 93 76 1f 00  	andi	a3, t5, 0x1
   122d4: 63 89 06 12  	beqz	a3, 0x12406 <_vfprintf_r+0x1462>
   122d8: 63 07 07 20  	beqz	a4, 0x124e6 <_vfprintf_r+0x1542>
   122dc: 93 06 00 03  	li	a3, 0x30
   122e0: a3 00 c1 0b  	sb	t3, 0xa1(sp)
   122e4: a3 0f 01 08  	sb	zero, 0x9f(sp)
   122e8: 23 00 d1 0a  	sb	a3, 0xa0(sp)
   122ec: 63 49 03 18  	bltz	t1, 0x1247e <_vfprintf_r+0x14da>
   122f0: 13 7f ff b7  	andi	t5, t5, -0x481
   122f4: 01 2f        	sext.w	t5, t5
   122f6: 13 6f 2f 00  	ori	t5, t5, 0x2
   122fa: 93 76 f7 00  	andi	a3, a4, 0xf
   122fe: ae 96        	add	a3, a3, a1
   12300: 83 c6 06 00  	lbu	a3, 0x0(a3)
   12304: 13 76 2f 00  	andi	a2, t5, 0x2
   12308: 3e ec        	sd	a5, 0x18(sp)
   1230a: a3 05 d1 14  	sb	a3, 0x14b(sp)
   1230e: 11 83        	srli	a4, a4, 0x4
   12310: 3d f3        	bnez	a4, 0x12276 <_vfprintf_r+0x12d2>
   12312: 13 0d b1 14  	addi	s10, sp, 0x14b
   12316: a5 bf        	j	0x1228e <_vfprintf_r+0x12ea>
   12318: 5a 8f        	mv	t5, s6
   1231a: 62 83        	mv	t1, s8
   1231c: 97 d5 00 00  	auipc	a1, 0xd
   12320: 93 85 c5 d1  	addi	a1, a1, -0x2e4
   12324: 71 bf        	j	0x122c0 <_vfprintf_r+0x131c>
   12326: 02 65        	ld	a0, 0x0(sp)
   12328: 90 09        	addi	a2, sp, 0xd0
   1232a: ca 85        	mv	a1, s2
   1232c: 7a f0        	sd	t5, 0x20(sp)
   1232e: ef 80 40 4d  	jal	0x1a802 <__sprint_r>
   12332: e3 1a 05 aa  	bnez	a0, 0x11de6 <_vfprintf_r+0xe42>
   12336: 0e 7a        	ld	s4, 0xe0(sp)
   12338: 02 7f        	ld	t5, 0x20(sp)
   1233a: 93 09 01 15  	addi	s3, sp, 0x150
   1233e: 6f f0 6f df  	j	0x11934 <_vfprintf_r+0x990>
   12342: 13 6f 0b 02  	ori	t5, s6, 0x20
   12346: 03 ce 1a 00  	lbu	t3, 0x1(s5)
   1234a: 1b 0b 0f 00  	sext.w	s6, t5
   1234e: 85 0a        	addi	s5, s5, 0x1
   12350: 6f e0 7f d7  	j	0x110c6 <_vfprintf_r+0x122>
   12354: 13 6f 0b 20  	ori	t5, s6, 0x200
   12358: 03 ce 1a 00  	lbu	t3, 0x1(s5)
   1235c: 1b 0b 0f 00  	sext.w	s6, t5
   12360: 85 0a        	addi	s5, s5, 0x1
   12362: 6f e0 5f d6  	j	0x110c6 <_vfprintf_r+0x122>
   12366: 99 47        	li	a5, 0x6
   12368: 62 88        	mv	a6, s8
   1236a: 63 e1 87 4d  	bltu	a5, s8, 0x1282c <_vfprintf_r+0x1888>
   1236e: 9b 0d 08 00  	sext.w	s11, a6
   12372: 66 ec        	sd	s9, 0x18(sp)
   12374: 6e 8c        	mv	s8, s11
   12376: 02 e8        	sd	zero, 0x10(sp)
   12378: 01 43        	li	t1, 0x0
   1237a: 02 fc        	sd	zero, 0x38(sp)
   1237c: 02 f8        	sd	zero, 0x30(sp)
   1237e: 02 f0        	sd	zero, 0x20(sp)
   12380: 17 dd 00 00  	auipc	s10, 0xd
   12384: 13 0d 8d ce  	addi	s10, s10, -0x318
   12388: 6f e0 3f db  	j	0x1113a <_vfprintf_r+0x196>
   1238c: 93 07 80 07  	li	a5, 0x78
   12390: a3 00 f1 0a  	sb	a5, 0xa1(sp)
   12394: 93 67 2f 00  	ori	a5, t5, 0x2
   12398: 13 07 00 03  	li	a4, 0x30
   1239c: 81 27        	sext.w	a5, a5
   1239e: 23 00 e1 0a  	sb	a4, 0xa0(sp)
   123a2: 3e f8        	sd	a5, 0x30(sp)
   123a4: 13 07 30 06  	li	a4, 0x63
   123a8: 63 45 67 58  	blt	a4, t1, 0x12932 <_vfprintf_r+0x198e>
   123ac: 2e 6a        	ld	s4, 0xc8(sp)
   123ae: 13 6f 2f 10  	ori	t5, t5, 0x102
   123b2: 0e 6c        	ld	s8, 0xc0(sp)
   123b4: 01 2f        	sext.w	t5, t5
   123b6: e3 41 0a 2a  	bltz	s4, 0x12e58 <_vfprintf_r+0x1eb4>
   123ba: 9b 06 fe fb  	addiw	a3, t3, -0x41
   123be: 02 e8        	sd	zero, 0x10(sp)
   123c0: 13 0d 81 0e  	addi	s10, sp, 0xe8
   123c4: 82 f4        	sd	zero, 0x68(sp)
   123c6: 6f e0 7f fc  	j	0x1138c <_vfprintf_r+0x3e8>
   123ca: 02 f0        	sd	zero, 0x20(sp)
   123cc: 13 0d c1 14  	addi	s10, sp, 0x14c
   123d0: 01 45        	li	a0, 0x0
   123d2: 13 0e 80 07  	li	t3, 0x78
   123d6: 89 4d        	li	s11, 0x2
   123d8: 3b 87 bb 41  	subw	a4, s7, s11
   123dc: 63 49 e0 00  	bgtz	a4, 0x123ee <_vfprintf_r+0x144a>
   123e0: 81 4c        	li	s9, 0x0
   123e2: 19 e1        	bnez	a0, 0x123e8 <_vfprintf_r+0x1444>
   123e4: 6f e0 ff d8  	j	0x11172 <_vfprintf_r+0x1ce>
   123e8: 09 47        	li	a4, 0x2
   123ea: 6f e0 7f d6  	j	0x11150 <_vfprintf_r+0x1ac>
   123ee: 89 4c        	li	s9, 0x2
   123f0: 29 b1        	j	0x11ffa <_vfprintf_r+0x1056>
   123f2: 13 77 0f 01  	andi	a4, t5, 0x10
   123f6: 63 00 07 10  	beqz	a4, 0x124f6 <_vfprintf_r+0x1552>
   123fa: 62 67        	ld	a4, 0x18(sp)
   123fc: 93 76 1f 00  	andi	a3, t5, 0x1
   12400: 18 63        	ld	a4, 0x0(a4)
   12402: e3 9b 06 ec  	bnez	a3, 0x122d8 <_vfprintf_r+0x1334>
   12406: a3 0f 01 08  	sb	zero, 0x9f(sp)
   1240a: 63 4d 03 06  	bltz	t1, 0x12484 <_vfprintf_r+0x14e0>
   1240e: 13 7f ff b7  	andi	t5, t5, -0x481
   12412: 01 2f        	sext.w	t5, t5
   12414: e3 13 07 ee  	bnez	a4, 0x122fa <_vfprintf_r+0x1356>
   12418: 63 03 03 08  	beqz	t1, 0x1249e <_vfprintf_r+0x14fa>
   1241c: 03 c7 05 00  	lbu	a4, 0x0(a1)
   12420: 1a 88        	mv	a6, t1
   12422: a3 05 e1 14  	sb	a4, 0x14b(sp)
   12426: 63 58 60 46  	blez	t1, 0x12896 <_vfprintf_r+0x18f2>
   1242a: 9b 0d 08 00  	sext.w	s11, a6
   1242e: 3e ec        	sd	a5, 0x18(sp)
   12430: 02 e8        	sd	zero, 0x10(sp)
   12432: 05 4c        	li	s8, 0x1
   12434: 02 fc        	sd	zero, 0x38(sp)
   12436: 02 f8        	sd	zero, 0x30(sp)
   12438: 02 f0        	sd	zero, 0x20(sp)
   1243a: 13 0d b1 14  	addi	s10, sp, 0x14b
   1243e: 6f e0 df cf  	j	0x1113a <_vfprintf_r+0x196>
   12442: 02 65        	ld	a0, 0x0(sp)
   12444: 90 09        	addi	a2, sp, 0xd0
   12446: ca 85        	mv	a1, s2
   12448: 7a f0        	sd	t5, 0x20(sp)
   1244a: ef 80 80 3b  	jal	0x1a802 <__sprint_r>
   1244e: e3 1c 05 98  	bnez	a0, 0x11de6 <_vfprintf_r+0xe42>
   12452: 0e 7a        	ld	s4, 0xe0(sp)
   12454: 6e 4c        	lw	s8, 0xd8(sp)
   12456: 02 7f        	ld	t5, 0x20(sp)
   12458: 93 08 01 15  	addi	a7, sp, 0x150
   1245c: 6f f0 ef a3  	j	0x1169a <_vfprintf_r+0x6f6>
   12460: 02 65        	ld	a0, 0x0(sp)
   12462: 90 09        	addi	a2, sp, 0xd0
   12464: ca 85        	mv	a1, s2
   12466: 7a f0        	sd	t5, 0x20(sp)
   12468: ef 80 a0 39  	jal	0x1a802 <__sprint_r>
   1246c: e3 1d 05 96  	bnez	a0, 0x11de6 <_vfprintf_r+0xe42>
   12470: 0e 7a        	ld	s4, 0xe0(sp)
   12472: 6e 4c        	lw	s8, 0xd8(sp)
   12474: 02 7f        	ld	t5, 0x20(sp)
   12476: 93 08 01 15  	addi	a7, sp, 0x150
   1247a: 6f f0 cf a3  	j	0x116b6 <_vfprintf_r+0x712>
   1247e: 13 6f 2f 00  	ori	t5, t5, 0x2
   12482: 01 2f        	sext.w	t5, t5
   12484: 93 76 f7 00  	andi	a3, a4, 0xf
   12488: ae 96        	add	a3, a3, a1
   1248a: 13 75 ff bf  	andi	a0, t5, -0x401
   1248e: 13 76 2f 00  	andi	a2, t5, 0x2
   12492: 83 c6 06 00  	lbu	a3, 0x0(a3)
   12496: 3e ec        	sd	a5, 0x18(sp)
   12498: 1b 0f 05 00  	sext.w	t5, a0
   1249c: bd b5        	j	0x1230a <_vfprintf_r+0x1366>
   1249e: 3e ec        	sd	a5, 0x18(sp)
   124a0: 01 4c        	li	s8, 0x0
   124a2: 81 4d        	li	s11, 0x0
   124a4: 13 0d c1 14  	addi	s10, sp, 0x14c
   124a8: 6f f0 0f f7  	j	0x11c18 <_vfprintf_r+0xc74>
   124ac: 01 4c        	li	s8, 0x0
   124ae: 13 0d c1 14  	addi	s10, sp, 0x14c
   124b2: 6f f0 6f f6  	j	0x11c18 <_vfprintf_r+0xc74>
   124b6: 02 65        	ld	a0, 0x0(sp)
   124b8: 90 09        	addi	a2, sp, 0xd0
   124ba: ca 85        	mv	a1, s2
   124bc: 1a e1        	sd	t1, 0x80(sp)
   124be: fa fc        	sd	t5, 0x78(sp)
   124c0: f2 f4        	sd	t3, 0x68(sp)
   124c2: ef 80 00 34  	jal	0x1a802 <__sprint_r>
   124c6: e3 10 05 92  	bnez	a0, 0x11de6 <_vfprintf_r+0xe42>
   124ca: 03 47 f1 09  	lbu	a4, 0x9f(sp)
   124ce: 0e 7a        	ld	s4, 0xe0(sp)
   124d0: 26 7e        	ld	t3, 0x68(sp)
   124d2: 66 7f        	ld	t5, 0x78(sp)
   124d4: 0a 63        	ld	t1, 0x80(sp)
   124d6: 6d cb        	beqz	a4, 0x125c8 <_vfprintf_r+0x1624>
   124d8: 66 87        	mv	a4, s9
   124da: ee 45        	lw	a1, 0xd8(sp)
   124dc: 81 4c        	li	s9, 0x0
   124de: 93 09 01 15  	addi	s3, sp, 0x150
   124e2: 6f e0 ff c6  	j	0x11150 <_vfprintf_r+0x1ac>
   124e6: a3 0f 01 08  	sb	zero, 0x9f(sp)
   124ea: 63 4c 03 26  	bltz	t1, 0x12762 <_vfprintf_r+0x17be>
   124ee: 13 7f ff b7  	andi	t5, t5, -0x481
   124f2: 01 2f        	sext.w	t5, t5
   124f4: 15 b7        	j	0x12418 <_vfprintf_r+0x1474>
   124f6: 62 67        	ld	a4, 0x18(sp)
   124f8: 93 76 0f 04  	andi	a3, t5, 0x40
   124fc: 18 43        	lw	a4, 0x0(a4)
   124fe: 63 88 06 1a  	beqz	a3, 0x126ae <_vfprintf_r+0x170a>
   12502: 42 17        	slli	a4, a4, 0x30
   12504: 41 93        	srli	a4, a4, 0x30
   12506: e9 b3        	j	0x122d0 <_vfprintf_r+0x132c>
   12508: 02 65        	ld	a0, 0x0(sp)
   1250a: 90 09        	addi	a2, sp, 0xd0
   1250c: ca 85        	mv	a1, s2
   1250e: 7a f0        	sd	t5, 0x20(sp)
   12510: ef 80 20 2f  	jal	0x1a802 <__sprint_r>
   12514: e3 19 05 8c  	bnez	a0, 0x11de6 <_vfprintf_r+0xe42>
   12518: 0e 7a        	ld	s4, 0xe0(sp)
   1251a: 02 7f        	ld	t5, 0x20(sp)
   1251c: 93 09 01 15  	addi	s3, sp, 0x150
   12520: 6f f0 ef be  	j	0x1190e <_vfprintf_r+0x96a>
   12524: 62 8f        	mv	t5, s8
   12526: 66 8c        	mv	s8, s9
   12528: da 8c        	mv	s9, s6
   1252a: 62 9a        	add	s4, s4, s8
   1252c: 85 27        	addiw	a5, a5, 0x1
   1252e: d2 f1        	sd	s4, 0xe0(sp)
   12530: be cd        	sw	a5, 0xd8(sp)
   12532: 23 b0 99 01  	sd	s9, 0x0(s3)
   12536: 23 b4 89 01  	sd	s8, 0x8(s3)
   1253a: 1d 47        	li	a4, 0x7
   1253c: 63 44 f7 00  	blt	a4, a5, 0x12544 <_vfprintf_r+0x15a0>
   12540: 6f e0 ff c7  	j	0x111be <_vfprintf_r+0x21a>
   12544: 6f f0 af 9c  	j	0x1170e <_vfprintf_r+0x76a>
   12548: 0e 65        	ld	a0, 0xc0(sp)
   1254a: ae 65        	ld	a1, 0xc8(sp)
   1254c: 13 7f ff f7  	andi	t5, t5, -0x81
   12550: 01 2f        	sext.w	t5, t5
   12552: 01 46        	li	a2, 0x0
   12554: 81 46        	li	a3, 0x0
   12556: 72 f0        	sd	t3, 0x20(sp)
   12558: 7a e8        	sd	t5, 0x10(sp)
   1255a: ef b0 20 4a  	jal	0x1d9fc <__lttf2>
   1255e: 42 6f        	ld	t5, 0x10(sp)
   12560: 02 7e        	ld	t3, 0x20(sp)
   12562: 63 47 05 2c  	bltz	a0, 0x12830 <_vfprintf_r+0x188c>
   12566: 93 06 70 04  	li	a3, 0x47
   1256a: 03 47 f1 09  	lbu	a4, 0x9f(sp)
   1256e: 17 dd 00 00  	auipc	s10, 0xd
   12572: 13 0d ad aa  	addi	s10, s10, -0x556
   12576: 63 d6 c6 01  	bge	a3, t3, 0x12582 <_vfprintf_r+0x15de>
   1257a: 17 dd 00 00  	auipc	s10, 0xd
   1257e: 13 0d 6d aa  	addi	s10, s10, -0x55a
   12582: e3 1d 07 32  	bnez	a4, 0x130bc <_vfprintf_r+0x2118>
   12586: 0d 4c        	li	s8, 0x3
   12588: e2 8d        	mv	s11, s8
   1258a: 6f f0 af a7  	j	0x11804 <_vfprintf_r+0x860>
   1258e: 13 76 f7 00  	andi	a2, a4, 0xf
   12592: 97 d5 00 00  	auipc	a1, 0xd
   12596: 93 85 65 aa  	addi	a1, a1, -0x55a
   1259a: 2e 96        	add	a2, a2, a1
   1259c: 83 46 06 00  	lbu	a3, 0x0(a2)
   125a0: 2a 8f        	mv	t5, a0
   125a2: 09 46        	li	a2, 0x2
   125a4: 13 0e 80 07  	li	t3, 0x78
   125a8: 85 b3        	j	0x12308 <_vfprintf_r+0x1364>
   125aa: 4e 8f        	mv	t5, s3
   125ac: e6 89        	mv	s3, s9
   125ae: da 8c        	mv	s9, s6
   125b0: 4e 9a        	add	s4, s4, s3
   125b2: 05 2c        	addiw	s8, s8, 0x1
   125b4: d2 f1        	sd	s4, 0xe0(sp)
   125b6: e2 cd        	sw	s8, 0xd8(sp)
   125b8: 23 b0 98 01  	sd	s9, 0x0(a7)
   125bc: 23 b4 38 01  	sd	s3, 0x8(a7)
   125c0: 9d 47        	li	a5, 0x7
   125c2: 63 d6 87 93  	bge	a5, s8, 0x116ee <_vfprintf_r+0x74a>
   125c6: 11 bc        	j	0x11fda <_vfprintf_r+0x1036>
   125c8: 63 88 0c 2a  	beqz	s9, 0x12878 <_vfprintf_r+0x18d4>
   125cc: ee 45        	lw	a1, 0xd8(sp)
   125ce: 81 4c        	li	s9, 0x0
   125d0: 93 09 01 15  	addi	s3, sp, 0x150
   125d4: 6f e0 ff b9  	j	0x11172 <_vfprintf_r+0x1ce>
   125d8: 6a 85        	mv	a0, s10
   125da: 72 e8        	sd	t3, 0x10(sp)
   125dc: 5a ec        	sd	s6, 0x18(sp)
   125de: ef e0 3f 90  	jal	0x10ee0 <strlen>
   125e2: 1b 0c 05 00  	sext.w	s8, a0
   125e6: 42 6e        	ld	t3, 0x10(sp)
   125e8: 62 6f        	ld	t5, 0x18(sp)
   125ea: 62 87        	mv	a4, s8
   125ec: 63 43 0c 2a  	bltz	s8, 0x12892 <_vfprintf_r+0x18ee>
   125f0: 83 46 f1 09  	lbu	a3, 0x9f(sp)
   125f4: ba 8d        	mv	s11, a4
   125f6: 63 86 06 a0  	beqz	a3, 0x11802 <_vfprintf_r+0x85e>
   125fa: 9b 0d 17 00  	addiw	s11, a4, 0x1
   125fe: 6f f0 4f a0  	j	0x11802 <_vfprintf_r+0x85e>
   12602: c1 48        	li	a7, 0x10
   12604: 6e 46        	lw	a2, 0xd8(sp)
   12606: 97 dc 00 00  	auipc	s9, 0xd
   1260a: 93 8c ac cb  	addi	s9, s9, -0x346
   1260e: 63 d0 88 13  	bge	a7, s8, 0x1272e <_vfprintf_r+0x178a>
   12612: 66 8b        	mv	s6, s9
   12614: 46 8e        	mv	t3, a7
   12616: e2 8c        	mv	s9, s8
   12618: 1d 43        	li	t1, 0x7
   1261a: 7a 8c        	mv	s8, t5
   1261c: 21 a0        	j	0x12624 <_vfprintf_r+0x1680>
   1261e: c1 3c        	addiw	s9, s9, -0x10
   12620: 63 54 9e 11  	bge	t3, s9, 0x12728 <_vfprintf_r+0x1784>
   12624: 41 0a        	addi	s4, s4, 0x10
   12626: 05 26        	addiw	a2, a2, 0x1
   12628: 23 b0 69 01  	sd	s6, 0x0(s3)
   1262c: 23 b4 19 01  	sd	a7, 0x8(s3)
   12630: d2 f1        	sd	s4, 0xe0(sp)
   12632: b2 cd        	sw	a2, 0xd8(sp)
   12634: c1 09        	addi	s3, s3, 0x10
   12636: e3 54 c3 fe  	bge	t1, a2, 0x1261e <_vfprintf_r+0x167a>
   1263a: 02 65        	ld	a0, 0x0(sp)
   1263c: 90 09        	addi	a2, sp, 0xd0
   1263e: ca 85        	mv	a1, s2
   12640: ef 80 20 1c  	jal	0x1a802 <__sprint_r>
   12644: 63 11 05 fa  	bnez	a0, 0x11de6 <_vfprintf_r+0xe42>
   12648: 41 4e        	li	t3, 0x10
   1264a: 0e 7a        	ld	s4, 0xe0(sp)
   1264c: 6e 46        	lw	a2, 0xd8(sp)
   1264e: 93 09 01 15  	addi	s3, sp, 0x150
   12652: 1d 43        	li	t1, 0x7
   12654: f2 88        	mv	a7, t3
   12656: e1 b7        	j	0x1261e <_vfprintf_r+0x167a>
   12658: ee 46        	lw	a3, 0xd8(sp)
   1265a: 86 67        	ld	a5, 0x40(sp)
   1265c: 26 67        	ld	a4, 0x48(sp)
   1265e: 85 26        	addiw	a3, a3, 0x1
   12660: 3e 9a        	add	s4, s4, a5
   12662: 23 b0 e9 00  	sd	a4, 0x0(s3)
   12666: 23 b4 f9 00  	sd	a5, 0x8(s3)
   1266a: d2 f1        	sd	s4, 0xe0(sp)
   1266c: b6 cd        	sw	a3, 0xd8(sp)
   1266e: 1d 47        	li	a4, 0x7
   12670: c1 09        	addi	s3, s3, 0x10
   12672: 63 4b d7 28  	blt	a4, a3, 0x12908 <_vfprintf_r+0x1964>
   12676: 63 43 06 74  	bltz	a2, 0x12dbc <_vfprintf_r+0x1e18>
   1267a: a2 77        	ld	a5, 0x28(sp)
   1267c: 85 26        	addiw	a3, a3, 0x1
   1267e: b6 cd        	sw	a3, 0xd8(sp)
   12680: 3e 9a        	add	s4, s4, a5
   12682: 23 b4 f9 00  	sd	a5, 0x8(s3)
   12686: d2 f1        	sd	s4, 0xe0(sp)
   12688: 23 b0 a9 01  	sd	s10, 0x0(s3)
   1268c: 9d 47        	li	a5, 0x7
   1268e: 63 c4 d7 00  	blt	a5, a3, 0x12696 <_vfprintf_r+0x16f2>
   12692: 6f e0 df b2  	j	0x111be <_vfprintf_r+0x21a>
   12696: 6f f0 8f 87  	j	0x1170e <_vfprintf_r+0x76a>
   1269a: 93 76 0b 20  	andi	a3, s6, 0x200
   1269e: 63 8c 06 20  	beqz	a3, 0x128b6 <_vfprintf_r+0x1912>
   126a2: 13 77 f7 0f  	andi	a4, a4, 0xff
   126a6: 3e ec        	sd	a5, 0x18(sp)
   126a8: 5a 88        	mv	a6, s6
   126aa: 6f f0 af ce  	j	0x11b94 <_vfprintf_r+0xbf0>
   126ae: 93 76 0f 20  	andi	a3, t5, 0x200
   126b2: 63 8f 06 1e  	beqz	a3, 0x128b0 <_vfprintf_r+0x190c>
   126b6: 13 77 f7 0f  	andi	a4, a4, 0xff
   126ba: 19 b9        	j	0x122d0 <_vfprintf_r+0x132c>
   126bc: 13 77 0b 20  	andi	a4, s6, 0x200
   126c0: 63 04 07 1e  	beqz	a4, 0x128a8 <_vfprintf_r+0x1904>
   126c4: 1b 1a 8a 01  	slliw	s4, s4, 0x18
   126c8: 1b 5a 8a 41  	sraiw	s4, s4, 0x18
   126cc: 3e ec        	sd	a5, 0x18(sp)
   126ce: 52 87        	mv	a4, s4
   126d0: 6f f0 af 8a  	j	0x1177a <_vfprintf_r+0x7d6>
   126d4: 93 77 0b 20  	andi	a5, s6, 0x200
   126d8: a3 0f 01 08  	sb	zero, 0x9f(sp)
   126dc: 63 8f 07 1a  	beqz	a5, 0x1289a <_vfprintf_r+0x18f6>
   126e0: 13 7a fa 0f  	andi	s4, s4, 0xff
   126e4: 63 5b 0c b6  	bgez	s8, 0x11a5a <_vfprintf_r+0xab6>
   126e8: 6f f0 2f d6  	j	0x11c4a <_vfprintf_r+0xca6>
   126ec: ae 67        	ld	a5, 0xc8(sp)
   126ee: 13 7f ff f7  	andi	t5, t5, -0x81
   126f2: 01 2f        	sext.w	t5, t5
   126f4: 13 d7 f7 03  	srli	a4, a5, 0x3f
   126f8: 3a f0        	sd	a4, 0x20(sp)
   126fa: 63 df 07 1c  	bgez	a5, 0x128d8 <_vfprintf_r+0x1934>
   126fe: 93 07 d0 02  	li	a5, 0x2d
   12702: a3 0f f1 08  	sb	a5, 0x9f(sp)
   12706: 02 e8        	sd	zero, 0x10(sp)
   12708: 93 07 70 04  	li	a5, 0x47
   1270c: 02 fc        	sd	zero, 0x38(sp)
   1270e: 02 f8        	sd	zero, 0x30(sp)
   12710: 02 f0        	sd	zero, 0x20(sp)
   12712: 0d 4c        	li	s8, 0x3
   12714: 01 43        	li	t1, 0x0
   12716: e3 dc c7 05  	bge	a5, t3, 0x12f6e <_vfprintf_r+0x1fca>
   1271a: 17 dd 00 00  	auipc	s10, 0xd
   1271e: 13 0d 6d 91  	addi	s10, s10, -0x6ea
   12722: 91 4d        	li	s11, 0x4
   12724: 6f e0 7f a1  	j	0x1113a <_vfprintf_r+0x196>
   12728: 62 8f        	mv	t5, s8
   1272a: 66 8c        	mv	s8, s9
   1272c: da 8c        	mv	s9, s6
   1272e: 62 9a        	add	s4, s4, s8
   12730: 05 26        	addiw	a2, a2, 0x1
   12732: 23 b0 99 01  	sd	s9, 0x0(s3)
   12736: 23 b4 89 01  	sd	s8, 0x8(s3)
   1273a: d2 f1        	sd	s4, 0xe0(sp)
   1273c: b2 cd        	sw	a2, 0xd8(sp)
   1273e: 1d 47        	li	a4, 0x7
   12740: c1 09        	addi	s3, s3, 0x10
   12742: 63 52 c7 fa  	bge	a4, a2, 0x11ee6 <_vfprintf_r+0xf42>
   12746: 02 65        	ld	a0, 0x0(sp)
   12748: 90 09        	addi	a2, sp, 0xd0
   1274a: ca 85        	mv	a1, s2
   1274c: fa f4        	sd	t5, 0x68(sp)
   1274e: ef 80 40 0b  	jal	0x1a802 <__sprint_r>
   12752: 63 1a 05 e8  	bnez	a0, 0x11de6 <_vfprintf_r+0xe42>
   12756: 0e 7a        	ld	s4, 0xe0(sp)
   12758: 26 7f        	ld	t5, 0x68(sp)
   1275a: 93 09 01 15  	addi	s3, sp, 0x150
   1275e: 6f f0 8f f8  	j	0x11ee6 <_vfprintf_r+0xf42>
   12762: 03 c7 05 00  	lbu	a4, 0x0(a1)
   12766: 13 7f ff bf  	andi	t5, t5, -0x401
   1276a: 01 2f        	sext.w	t5, t5
   1276c: a3 05 e1 14  	sb	a4, 0x14b(sp)
   12770: 3e ec        	sd	a5, 0x18(sp)
   12772: 01 46        	li	a2, 0x0
   12774: 13 0d b1 14  	addi	s10, sp, 0x14b
   12778: 19 be        	j	0x1228e <_vfprintf_r+0x12ea>
   1277a: 33 3a 8a 03  	mulhu	s4, s4, s8
   1277e: 46 76        	ld	a2, 0x70(sp)
   12780: e6 65        	ld	a1, 0x58(sp)
   12782: 7e fc        	sd	t6, 0x38(sp)
   12784: b3 08 cd 40  	sub	a7, s10, a2
   12788: 46 85        	mv	a0, a7
   1278a: 1a f8        	sd	t1, 0x30(sp)
   1278c: 7a f4        	sd	t5, 0x28(sp)
   1278e: 72 f0        	sd	t3, 0x20(sp)
   12790: 46 e8        	sd	a7, 0x10(sp)
   12792: 13 5a 3a 00  	srli	s4, s4, 0x3
   12796: ef 50 90 6a  	jal	0x1863e <strncpy>
   1279a: 33 37 8a 03  	mulhu	a4, s4, s8
   1279e: 83 47 1b 00  	lbu	a5, 0x1(s6)
   127a2: c2 68        	ld	a7, 0x10(sp)
   127a4: 02 7e        	ld	t3, 0x20(sp)
   127a6: b3 37 f0 00  	snez	a5, a5
   127aa: 3e 9b        	add	s6, s6, a5
   127ac: 22 7f        	ld	t5, 0x28(sp)
   127ae: 42 73        	ld	t1, 0x30(sp)
   127b0: e2 7f        	ld	t6, 0x38(sp)
   127b2: 13 8d f8 ff  	addi	s10, a7, -0x1
   127b6: 0d 83        	srli	a4, a4, 0x3
   127b8: 93 17 27 00  	slli	a5, a4, 0x2
   127bc: ba 97        	add	a5, a5, a4
   127be: 86 07        	slli	a5, a5, 0x1
   127c0: b3 07 fa 40  	sub	a5, s4, a5
   127c4: 9b 87 07 03  	addiw	a5, a5, 0x30
   127c8: 85 46        	li	a3, 0x1
   127ca: a3 8f f8 fe  	sb	a5, -0x1(a7)
   127ce: 13 08 f0 0f  	li	a6, 0xff
   127d2: 0d b4        	j	0x121f4 <_vfprintf_r+0x1250>
   127d4: 02 65        	ld	a0, 0x0(sp)
   127d6: 90 09        	addi	a2, sp, 0xd0
   127d8: ca 85        	mv	a1, s2
   127da: 7a f0        	sd	t5, 0x20(sp)
   127dc: ef 80 60 02  	jal	0x1a802 <__sprint_r>
   127e0: 63 13 05 e0  	bnez	a0, 0x11de6 <_vfprintf_r+0xe42>
   127e4: 2a 56        	lw	a2, 0xa8(sp)
   127e6: 0e 7a        	ld	s4, 0xe0(sp)
   127e8: 02 7f        	ld	t5, 0x20(sp)
   127ea: 93 09 01 15  	addi	s3, sp, 0x150
   127ee: 81 ba        	j	0x1213e <_vfprintf_r+0x119a>
   127f0: 03 47 f1 09  	lbu	a4, 0x9f(sp)
   127f4: 81 4d        	li	s11, 0x0
   127f6: 01 4c        	li	s8, 0x0
   127f8: 13 0d c1 14  	addi	s10, sp, 0x14c
   127fc: 6f f0 6f 9f  	j	0x119f2 <_vfprintf_r+0xa4e>
   12800: 13 07 00 03  	li	a4, 0x30
   12804: 2a 8f        	mv	t5, a0
   12806: e2 8d        	mv	s11, s8
   12808: 3e ec        	sd	a5, 0x18(sp)
   1280a: a3 05 e1 14  	sb	a4, 0x14b(sp)
   1280e: 02 f8        	sd	zero, 0x30(sp)
   12810: 02 fc        	sd	zero, 0x38(sp)
   12812: 05 4c        	li	s8, 0x1
   12814: 02 f0        	sd	zero, 0x20(sp)
   12816: 13 0d b1 14  	addi	s10, sp, 0x14b
   1281a: 13 0e 80 07  	li	t3, 0x78
   1281e: 01 45        	li	a0, 0x0
   12820: 6f e0 3f e1  	j	0x11632 <_vfprintf_r+0x68e>
   12824: 9b 8d 16 00  	addiw	s11, a3, 0x1
   12828: 6f e0 bf fd  	j	0x11802 <_vfprintf_r+0x85e>
   1282c: 3e 88        	mv	a6, a5
   1282e: 81 b6        	j	0x1236e <_vfprintf_r+0x13ca>
   12830: 93 07 d0 02  	li	a5, 0x2d
   12834: a3 0f f1 08  	sb	a5, 0x9f(sp)
   12838: 02 e8        	sd	zero, 0x10(sp)
   1283a: 93 07 70 04  	li	a5, 0x47
   1283e: 02 fc        	sd	zero, 0x38(sp)
   12840: 02 f8        	sd	zero, 0x30(sp)
   12842: 02 f0        	sd	zero, 0x20(sp)
   12844: 0d 4c        	li	s8, 0x3
   12846: 01 43        	li	t1, 0x0
   12848: 63 dc c7 71  	bge	a5, t3, 0x12f60 <_vfprintf_r+0x1fbc>
   1284c: 17 cd 00 00  	auipc	s10, 0xc
   12850: 13 0d 4d 7d  	addi	s10, s10, 0x7d4
   12854: 91 4d        	li	s11, 0x4
   12856: 6f e0 5f 8e  	j	0x1113a <_vfprintf_r+0x196>
   1285a: 3e 87        	mv	a4, a5
   1285c: ea 97        	add	a5, a5, s10
   1285e: b3 87 97 41  	sub	a5, a5, s9
   12862: bb 06 87 41  	subw	a3, a4, s8
   12866: 1b 87 07 00  	sext.w	a4, a5
   1286a: 63 d3 e6 00  	bge	a3, a4, 0x12870 <_vfprintf_r+0x18cc>
   1286e: b6 87        	mv	a5, a3
   12870: 1b 8c 07 00  	sext.w	s8, a5
   12874: 6f f0 8f ee  	j	0x11f5c <_vfprintf_r+0xfb8>
   12878: 93 09 01 15  	addi	s3, sp, 0x150
   1287c: 6f e0 bf 91  	j	0x11196 <_vfprintf_r+0x1f2>
   12880: a2 67        	ld	a5, 0x8(sp)
   12882: 56 8d        	mv	s10, s5
   12884: 23 10 f7 00  	sh	a5, 0x0(a4)
   12888: 6f e0 ff 96  	j	0x111f6 <_vfprintf_r+0x252>
   1288c: 81 46        	li	a3, 0x0
   1288e: 6f e0 df f6  	j	0x117fa <_vfprintf_r+0x856>
   12892: 01 47        	li	a4, 0x0
   12894: b1 bb        	j	0x125f0 <_vfprintf_r+0x164c>
   12896: 05 48        	li	a6, 0x1
   12898: 49 be        	j	0x1242a <_vfprintf_r+0x1486>
   1289a: 02 1a        	slli	s4, s4, 0x20
   1289c: 13 5a 0a 02  	srli	s4, s4, 0x20
   128a0: 63 5d 0c 9a  	bgez	s8, 0x11a5a <_vfprintf_r+0xab6>
   128a4: 6f f0 6f ba  	j	0x11c4a <_vfprintf_r+0xca6>
   128a8: 3e ec        	sd	a5, 0x18(sp)
   128aa: 52 87        	mv	a4, s4
   128ac: 6f e0 ff ec  	j	0x1177a <_vfprintf_r+0x7d6>
   128b0: 02 17        	slli	a4, a4, 0x20
   128b2: 01 93        	srli	a4, a4, 0x20
   128b4: 31 bc        	j	0x122d0 <_vfprintf_r+0x132c>
   128b6: 02 17        	slli	a4, a4, 0x20
   128b8: 01 93        	srli	a4, a4, 0x20
   128ba: 3e ec        	sd	a5, 0x18(sp)
   128bc: 5a 88        	mv	a6, s6
   128be: 6f f0 6f ad  	j	0x11b94 <_vfprintf_r+0xbf0>
   128c2: 02 65        	ld	a0, 0x0(sp)
   128c4: 90 09        	addi	a2, sp, 0xd0
   128c6: ca 85        	mv	a1, s2
   128c8: ef 70 b0 73  	jal	0x1a802 <__sprint_r>
   128cc: 19 c1        	beqz	a0, 0x128d2 <_vfprintf_r+0x192e>
   128ce: 6f e0 bf 93  	j	0x11208 <_vfprintf_r+0x264>
   128d2: 82 cd        	sw	zero, 0xd8(sp)
   128d4: 6f e0 5f 93  	j	0x11208 <_vfprintf_r+0x264>
   128d8: 93 06 70 04  	li	a3, 0x47
   128dc: 03 47 f1 09  	lbu	a4, 0x9f(sp)
   128e0: 17 cd 00 00  	auipc	s10, 0xc
   128e4: 13 0d 8d 74  	addi	s10, s10, 0x748
   128e8: 63 d6 c6 01  	bge	a3, t3, 0x128f4 <_vfprintf_r+0x1950>
   128ec: 17 cd 00 00  	auipc	s10, 0xc
   128f0: 13 0d 4d 74  	addi	s10, s10, 0x744
   128f4: e3 11 07 08  	bnez	a4, 0x13176 <_vfprintf_r+0x21d2>
   128f8: 0d 4c        	li	s8, 0x3
   128fa: e2 8d        	mv	s11, s8
   128fc: 01 43        	li	t1, 0x0
   128fe: 02 fc        	sd	zero, 0x38(sp)
   12900: 02 f8        	sd	zero, 0x30(sp)
   12902: 02 e8        	sd	zero, 0x10(sp)
   12904: 6f e0 7f 83  	j	0x1113a <_vfprintf_r+0x196>
   12908: 02 65        	ld	a0, 0x0(sp)
   1290a: 90 09        	addi	a2, sp, 0xd0
   1290c: ca 85        	mv	a1, s2
   1290e: 7a f0        	sd	t5, 0x20(sp)
   12910: ef 70 30 6f  	jal	0x1a802 <__sprint_r>
   12914: 63 19 05 cc  	bnez	a0, 0x11de6 <_vfprintf_r+0xe42>
   12918: 2a 56        	lw	a2, 0xa8(sp)
   1291a: 0e 7a        	ld	s4, 0xe0(sp)
   1291c: ee 46        	lw	a3, 0xd8(sp)
   1291e: 02 7f        	ld	t5, 0x20(sp)
   12920: 93 09 01 15  	addi	s3, sp, 0x150
   12924: 89 bb        	j	0x12676 <_vfprintf_r+0x16d2>
   12926: 03 35 09 0a  	ld	a0, 0xa0(s2)
   1292a: ef 30 10 48  	jal	0x165aa <__retarget_lock_release_recursive>
   1292e: 6f e0 9f 96  	j	0x11296 <_vfprintf_r+0x2f2>
   12932: 02 65        	ld	a0, 0x0(sp)
   12934: 9b 05 13 00  	addiw	a1, t1, 0x1
   12938: 7a fc        	sd	t5, 0x38(sp)
   1293a: 72 f4        	sd	t3, 0x28(sp)
   1293c: 1a f0        	sd	t1, 0x20(sp)
   1293e: ef 30 90 60  	jal	0x16746 <_malloc_r>
   12942: 2a e8        	sd	a0, 0x10(sp)
   12944: 02 73        	ld	t1, 0x20(sp)
   12946: 22 7e        	ld	t3, 0x28(sp)
   12948: 62 7f        	ld	t5, 0x38(sp)
   1294a: e3 0e 05 00  	beqz	a0, 0x13166 <_vfprintf_r+0x21c2>
   1294e: 2e 6a        	ld	s4, 0xc8(sp)
   12950: 13 6f 2f 10  	ori	t5, t5, 0x102
   12954: 0e 6c        	ld	s8, 0xc0(sp)
   12956: 01 2f        	sext.w	t5, t5
   12958: 63 4e 0a 76  	bltz	s4, 0x130d4 <_vfprintf_r+0x2130>
   1295c: 42 6d        	ld	s10, 0x10(sp)
   1295e: 9b 06 fe fb  	addiw	a3, t3, -0x41
   12962: 82 f4        	sd	zero, 0x68(sp)
   12964: 6f e0 9f a2  	j	0x1138c <_vfprintf_r+0x3e8>
   12968: 82 77        	ld	a5, 0x20(sp)
   1296a: 93 06 d0 02  	li	a3, 0x2d
   1296e: 05 47        	li	a4, 0x1
   12970: a3 08 d1 0a  	sb	a3, 0xb1(sp)
   12974: 1d 9f        	subw	a4, a4, a5
   12976: a5 46        	li	a3, 0x9
   12978: 63 d4 e6 00  	bge	a3, a4, 0x12980 <_vfprintf_r+0x19dc>
   1297c: 6f e0 bf be  	j	0x11566 <_vfprintf_r+0x5c2>
   12980: 93 06 21 0b  	addi	a3, sp, 0xb2
   12984: 9c 0b        	addi	a5, sp, 0x1d0
   12986: 33 86 f6 40  	sub	a2, a3, a5
   1298a: 1b 07 07 03  	addiw	a4, a4, 0x30
   1298e: 9b 07 16 12  	addiw	a5, a2, 0x121
   12992: 23 80 e6 00  	sb	a4, 0x0(a3)
   12996: be e8        	sd	a5, 0x50(sp)
   12998: 6f e0 bf c4  	j	0x115e2 <_vfprintf_r+0x63e>
   1299c: 03 45 f1 09  	lbu	a0, 0x9f(sp)
   129a0: 19 c1        	beqz	a0, 0x129a6 <_vfprintf_r+0x1a02>
   129a2: 6f e0 9f c8  	j	0x1162a <_vfprintf_r+0x686>
   129a6: 01 43        	li	t1, 0x0
   129a8: 6f e0 7f c8  	j	0x1162e <_vfprintf_r+0x68a>
   129ac: a2 77        	ld	a5, 0x28(sp)
   129ae: d6 f4        	sd	s5, 0x68(sp)
   129b0: de fc        	sd	s7, 0x78(sp)
   129b2: b3 05 fd 00  	add	a1, s10, a5
   129b6: ce 87        	mv	a5, s3
   129b8: c2 79        	ld	s3, 0x30(sp)
   129ba: 7a e1        	sd	t5, 0x80(sp)
   129bc: 6e f8        	sd	s11, 0x30(sp)
   129be: e2 7d        	ld	s11, 0x38(sp)
   129c0: 6a fc        	sd	s10, 0x38(sp)
   129c2: e6 8b        	mv	s7, s9
   129c4: 02 6b        	ld	s6, 0x0(sp)
   129c6: c6 7c        	ld	s9, 0x70(sp)
   129c8: 06 7d        	ld	s10, 0x60(sp)
   129ca: 9d 46        	li	a3, 0x7
   129cc: 41 47        	li	a4, 0x10
   129ce: 17 dc 00 00  	auipc	s8, 0xd
   129d2: 13 0c 2c 8f  	addi	s8, s8, -0x70e
   129d6: 52 86        	mv	a2, s4
   129d8: ae 8a        	mv	s5, a1
   129da: 63 59 30 07  	blez	s3, 0x12a4c <_vfprintf_r+0x1aa8>
   129de: 63 53 b0 11  	blez	s11, 0x12ae4 <_vfprintf_r+0x1b40>
   129e2: fd 3d        	addiw	s11, s11, -0x1
   129e4: ee 45        	lw	a1, 0xd8(sp)
   129e6: 66 65        	ld	a0, 0x58(sp)
   129e8: 66 96        	add	a2, a2, s9
   129ea: 85 25        	addiw	a1, a1, 0x1
   129ec: 88 e3        	sd	a0, 0x0(a5)
   129ee: 23 b4 97 01  	sd	s9, 0x8(a5)
   129f2: b2 f1        	sd	a2, 0xe0(sp)
   129f4: ae cd        	sw	a1, 0xd8(sp)
   129f6: c1 07        	addi	a5, a5, 0x10
   129f8: 63 c9 b6 0e  	blt	a3, a1, 0x12aea <_vfprintf_r+0x1b46>
   129fc: 83 45 0d 00  	lbu	a1, 0x0(s10)
   12a00: b3 88 7a 41  	sub	a7, s5, s7
   12a04: 1b 85 08 00  	sext.w	a0, a7
   12a08: 2e 88        	mv	a6, a1
   12a0a: 63 d3 a5 00  	bge	a1, a0, 0x12a10 <_vfprintf_r+0x1a6c>
   12a0e: ae 88        	mv	a7, a1
   12a10: 1b 8a 08 00  	sext.w	s4, a7
   12a14: 63 51 40 03  	blez	s4, 0x12a36 <_vfprintf_r+0x1a92>
   12a18: ee 45        	lw	a1, 0xd8(sp)
   12a1a: 52 96        	add	a2, a2, s4
   12a1c: b2 f1        	sd	a2, 0xe0(sp)
   12a1e: 85 25        	addiw	a1, a1, 0x1
   12a20: 23 b0 77 01  	sd	s7, 0x0(a5)
   12a24: 23 b4 47 01  	sd	s4, 0x8(a5)
   12a28: ae cd        	sw	a1, 0xd8(sp)
   12a2a: 63 cc b6 0c  	blt	a3, a1, 0x12b02 <_vfprintf_r+0x1b5e>
   12a2e: 83 45 0d 00  	lbu	a1, 0x0(s10)
   12a32: c1 07        	addi	a5, a5, 0x10
   12a34: 2e 88        	mv	a6, a1
   12a36: 52 85        	mv	a0, s4
   12a38: 63 53 0a 00  	bgez	s4, 0x12a3e <_vfprintf_r+0x1a9a>
   12a3c: 01 45        	li	a0, 0x0
   12a3e: 3b 0a a8 40  	subw	s4, a6, a0
   12a42: 63 48 40 03  	bgtz	s4, 0x12a72 <_vfprintf_r+0x1ace>
   12a46: ae 9b        	add	s7, s7, a1
   12a48: e3 4b 30 f9  	bgtz	s3, 0x129de <_vfprintf_r+0x1a3a>
   12a4c: e3 4b b0 f9  	bgtz	s11, 0x129e2 <_vfprintf_r+0x1a3e>
   12a50: ea f0        	sd	s10, 0x60(sp)
   12a52: be 89        	mv	s3, a5
   12a54: 62 7d        	ld	s10, 0x38(sp)
   12a56: a2 77        	ld	a5, 0x28(sp)
   12a58: de 8c        	mv	s9, s7
   12a5a: a6 7a        	ld	s5, 0x68(sp)
   12a5c: 33 07 fd 00  	add	a4, s10, a5
   12a60: e6 7b        	ld	s7, 0x78(sp)
   12a62: 0a 6f        	ld	t5, 0x80(sp)
   12a64: c2 7d        	ld	s11, 0x30(sp)
   12a66: 32 8a        	mv	s4, a2
   12a68: 63 76 97 c9  	bgeu	a4, s9, 0x11ef4 <_vfprintf_r+0xf50>
   12a6c: ba 8c        	mv	s9, a4
   12a6e: 6f f0 6f c8  	j	0x11ef4 <_vfprintf_r+0xf50>
   12a72: ee 45        	lw	a1, 0xd8(sp)
   12a74: 97 d8 00 00  	auipc	a7, 0xd
   12a78: 93 88 c8 84  	addi	a7, a7, -0x7b4
   12a7c: 63 55 47 05  	bge	a4, s4, 0x12ac6 <_vfprintf_r+0x1b22>
   12a80: 4e f0        	sd	s3, 0x20(sp)
   12a82: d2 89        	mv	s3, s4
   12a84: 46 8a        	mv	s4, a7
   12a86: 21 a0        	j	0x12a8e <_vfprintf_r+0x1aea>
   12a88: c1 39        	addiw	s3, s3, -0x10
   12a8a: 63 5b 37 03  	bge	a4, s3, 0x12ac0 <_vfprintf_r+0x1b1c>
   12a8e: 41 06        	addi	a2, a2, 0x10
   12a90: 85 25        	addiw	a1, a1, 0x1
   12a92: 23 b0 87 01  	sd	s8, 0x0(a5)
   12a96: 98 e7        	sd	a4, 0x8(a5)
   12a98: b2 f1        	sd	a2, 0xe0(sp)
   12a9a: ae cd        	sw	a1, 0xd8(sp)
   12a9c: c1 07        	addi	a5, a5, 0x10
   12a9e: e3 d5 b6 fe  	bge	a3, a1, 0x12a88 <_vfprintf_r+0x1ae4>
   12aa2: 90 09        	addi	a2, sp, 0xd0
   12aa4: ca 85        	mv	a1, s2
   12aa6: 5a 85        	mv	a0, s6
   12aa8: ef 70 b0 55  	jal	0x1a802 <__sprint_r>
   12aac: 63 1d 05 b2  	bnez	a0, 0x11de6 <_vfprintf_r+0xe42>
   12ab0: 41 47        	li	a4, 0x10
   12ab2: c1 39        	addiw	s3, s3, -0x10
   12ab4: 0e 76        	ld	a2, 0xe0(sp)
   12ab6: ee 45        	lw	a1, 0xd8(sp)
   12ab8: 9c 0a        	addi	a5, sp, 0x150
   12aba: 9d 46        	li	a3, 0x7
   12abc: e3 49 37 fd  	blt	a4, s3, 0x12a8e <_vfprintf_r+0x1aea>
   12ac0: d2 88        	mv	a7, s4
   12ac2: 4e 8a        	mv	s4, s3
   12ac4: 82 79        	ld	s3, 0x20(sp)
   12ac6: 52 96        	add	a2, a2, s4
   12ac8: 85 25        	addiw	a1, a1, 0x1
   12aca: b2 f1        	sd	a2, 0xe0(sp)
   12acc: ae cd        	sw	a1, 0xd8(sp)
   12ace: 23 b0 17 01  	sd	a7, 0x0(a5)
   12ad2: 23 b4 47 01  	sd	s4, 0x8(a5)
   12ad6: 63 c2 b6 10  	blt	a3, a1, 0x12bda <_vfprintf_r+0x1c36>
   12ada: 83 45 0d 00  	lbu	a1, 0x0(s10)
   12ade: c1 07        	addi	a5, a5, 0x10
   12ae0: ae 9b        	add	s7, s7, a1
   12ae2: 9d b7        	j	0x12a48 <_vfprintf_r+0x1aa4>
   12ae4: 7d 1d        	addi	s10, s10, -0x1
   12ae6: fd 39        	addiw	s3, s3, -0x1
   12ae8: f5 bd        	j	0x129e4 <_vfprintf_r+0x1a40>
   12aea: 90 09        	addi	a2, sp, 0xd0
   12aec: ca 85        	mv	a1, s2
   12aee: 5a 85        	mv	a0, s6
   12af0: ef 70 30 51  	jal	0x1a802 <__sprint_r>
   12af4: 63 19 05 ae  	bnez	a0, 0x11de6 <_vfprintf_r+0xe42>
   12af8: 0e 76        	ld	a2, 0xe0(sp)
   12afa: 9c 0a        	addi	a5, sp, 0x150
   12afc: 41 47        	li	a4, 0x10
   12afe: 9d 46        	li	a3, 0x7
   12b00: f5 bd        	j	0x129fc <_vfprintf_r+0x1a58>
   12b02: 90 09        	addi	a2, sp, 0xd0
   12b04: ca 85        	mv	a1, s2
   12b06: 5a 85        	mv	a0, s6
   12b08: ef 70 b0 4f  	jal	0x1a802 <__sprint_r>
   12b0c: 63 1d 05 ac  	bnez	a0, 0x11de6 <_vfprintf_r+0xe42>
   12b10: 83 45 0d 00  	lbu	a1, 0x0(s10)
   12b14: 0e 76        	ld	a2, 0xe0(sp)
   12b16: 9c 0a        	addi	a5, sp, 0x150
   12b18: 2e 88        	mv	a6, a1
   12b1a: 41 47        	li	a4, 0x10
   12b1c: 9d 46        	li	a3, 0x7
   12b1e: 21 bf        	j	0x12a36 <_vfprintf_r+0x1a92>
   12b20: 1a f4        	sd	t1, 0x28(sp)
   12b22: 8d 46        	li	a3, 0x3
   12b24: 22 77        	ld	a4, 0x28(sp)
   12b26: 02 65        	ld	a0, 0x0(sp)
   12b28: 93 08 81 0b  	addi	a7, sp, 0xb8
   12b2c: 13 08 c1 0a  	addi	a6, sp, 0xac
   12b30: 3c 11        	addi	a5, sp, 0xa8
   12b32: e2 85        	mv	a1, s8
   12b34: 52 86        	mv	a2, s4
   12b36: 9a fc        	sd	t1, 0x78(sp)
   12b38: 7a fc        	sd	t5, 0x38(sp)
   12b3a: 72 f0        	sd	t3, 0x20(sp)
   12b3c: ef 20 f0 29  	jal	0x155da <_ldtoa_r>
   12b40: 02 7e        	ld	t3, 0x20(sp)
   12b42: 62 7f        	ld	t5, 0x38(sp)
   12b44: 66 73        	ld	t1, 0x78(sp)
   12b46: 2a 8d        	mv	s10, a0
   12b48: a2 77        	ld	a5, 0x28(sp)
   12b4a: 93 7c fe fd  	andi	s9, t3, -0x21
   12b4e: 93 06 60 04  	li	a3, 0x46
   12b52: b3 0d fd 00  	add	s11, s10, a5
   12b56: 63 8f dc 12  	beq	s9, a3, 0x12c94 <_vfprintf_r+0x1cf0>
   12b5a: 62 85        	mv	a0, s8
   12b5c: d2 85        	mv	a1, s4
   12b5e: 01 46        	li	a2, 0x0
   12b60: 81 46        	li	a3, 0x0
   12b62: 9a fc        	sd	t1, 0x78(sp)
   12b64: 7a fc        	sd	t5, 0x38(sp)
   12b66: 72 f0        	sd	t3, 0x20(sp)
   12b68: ef a0 30 55  	jal	0x1d8ba <__netf2>
   12b6c: 02 7e        	ld	t3, 0x20(sp)
   12b6e: 62 7f        	ld	t5, 0x38(sp)
   12b70: 66 73        	ld	t1, 0x78(sp)
   12b72: 63 05 05 50  	beqz	a0, 0x1307c <_vfprintf_r+0x20d8>
   12b76: ea 77        	ld	a5, 0xb8(sp)
   12b78: 63 fd b7 5d  	bgeu	a5, s11, 0x13152 <_vfprintf_r+0x21ae>
   12b7c: 13 06 00 03  	li	a2, 0x30
   12b80: 13 87 17 00  	addi	a4, a5, 0x1
   12b84: 3a fd        	sd	a4, 0xb8(sp)
   12b86: 23 80 c7 00  	sb	a2, 0x0(a5)
   12b8a: ea 77        	ld	a5, 0xb8(sp)
   12b8c: e3 ea b7 ff  	bltu	a5, s11, 0x12b80 <_vfprintf_r+0x1bdc>
   12b90: bb 87 a7 41  	subw	a5, a5, s10
   12b94: 3e f4        	sd	a5, 0x28(sp)
   12b96: aa 57        	lw	a5, 0xa8(sp)
   12b98: 13 07 70 04  	li	a4, 0x47
   12b9c: 3e f0        	sd	a5, 0x20(sp)
   12b9e: 63 84 ec 08  	beq	s9, a4, 0x12c26 <_vfprintf_r+0x1c82>
   12ba2: 13 07 60 04  	li	a4, 0x46
   12ba6: 63 88 ec 12  	beq	s9, a4, 0x12cd6 <_vfprintf_r+0x1d32>
   12baa: 82 77        	ld	a5, 0x20(sp)
   12bac: 1b 87 f7 ff  	addiw	a4, a5, -0x1
   12bb0: 3a d5        	sw	a4, 0xa8(sp)
   12bb2: 23 08 c1 0b  	sb	t3, 0xb0(sp)
   12bb6: 63 42 07 18  	bltz	a4, 0x12d3a <_vfprintf_r+0x1d96>
   12bba: 93 06 b0 02  	li	a3, 0x2b
   12bbe: a3 08 d1 0a  	sb	a3, 0xb1(sp)
   12bc2: a5 46        	li	a3, 0x9
   12bc4: 63 d4 e6 00  	bge	a3, a4, 0x12bcc <_vfprintf_r+0x1c28>
   12bc8: 6f e0 ff 99  	j	0x11566 <_vfprintf_r+0x5c2>
   12bcc: 93 06 00 03  	li	a3, 0x30
   12bd0: 23 09 d1 0a  	sb	a3, 0xb2(sp)
   12bd4: 93 06 31 0b  	addi	a3, sp, 0xb3
   12bd8: 75 b3        	j	0x12984 <_vfprintf_r+0x19e0>
   12bda: 90 09        	addi	a2, sp, 0xd0
   12bdc: ca 85        	mv	a1, s2
   12bde: 5a 85        	mv	a0, s6
   12be0: ef 70 30 42  	jal	0x1a802 <__sprint_r>
   12be4: 63 11 05 a0  	bnez	a0, 0x11de6 <_vfprintf_r+0xe42>
   12be8: 83 45 0d 00  	lbu	a1, 0x0(s10)
   12bec: 0e 76        	ld	a2, 0xe0(sp)
   12bee: 9c 0a        	addi	a5, sp, 0x150
   12bf0: 41 47        	li	a4, 0x10
   12bf2: 9d 46        	li	a3, 0x7
   12bf4: ae 9b        	add	s7, s7, a1
   12bf6: 89 bd        	j	0x12a48 <_vfprintf_r+0x1aa4>
   12bf8: 02 65        	ld	a0, 0x0(sp)
   12bfa: 90 09        	addi	a2, sp, 0xd0
   12bfc: ca 85        	mv	a1, s2
   12bfe: fa f4        	sd	t5, 0x68(sp)
   12c00: ef 70 30 40  	jal	0x1a802 <__sprint_r>
   12c04: 63 11 05 9e  	bnez	a0, 0x11de6 <_vfprintf_r+0xe42>
   12c08: 0e 7a        	ld	s4, 0xe0(sp)
   12c0a: 26 7f        	ld	t5, 0x68(sp)
   12c0c: 93 09 01 15  	addi	s3, sp, 0x150
   12c10: 6f f0 4f ac  	j	0x11ed4 <_vfprintf_r+0xf30>
   12c14: aa 57        	lw	a5, 0xa8(sp)
   12c16: 3e f0        	sd	a5, 0x20(sp)
   12c18: bb 87 ad 41  	subw	a5, s11, s10
   12c1c: 93 06 70 04  	li	a3, 0x47
   12c20: 3e f4        	sd	a5, 0x28(sp)
   12c22: 63 9a dc 0a  	bne	s9, a3, 0x12cd6 <_vfprintf_r+0x1d32>
   12c26: 82 77        	ld	a5, 0x20(sp)
   12c28: 75 57        	li	a4, -0x3
   12c2a: 63 c1 e7 10  	blt	a5, a4, 0x12d2c <_vfprintf_r+0x1d88>
   12c2e: 82 77        	ld	a5, 0x20(sp)
   12c30: 63 52 f3 02  	bge	t1, a5, 0x12c54 <_vfprintf_r+0x1cb0>
   12c34: 82 77        	ld	a5, 0x20(sp)
   12c36: 79 3e        	addiw	t3, t3, -0x2
   12c38: 23 08 c1 0b  	sb	t3, 0xb0(sp)
   12c3c: 1b 87 f7 ff  	addiw	a4, a5, -0x1
   12c40: 3a d5        	sw	a4, 0xa8(sp)
   12c42: e3 5c 07 f6  	bgez	a4, 0x12bba <_vfprintf_r+0x1c16>
   12c46: 05 47        	li	a4, 0x1
   12c48: 93 06 d0 02  	li	a3, 0x2d
   12c4c: 1d 9f        	subw	a4, a4, a5
   12c4e: a3 08 d1 0a  	sb	a3, 0xb1(sp)
   12c52: ad bf        	j	0x12bcc <_vfprintf_r+0x1c28>
   12c54: a2 77        	ld	a5, 0x28(sp)
   12c56: 02 77        	ld	a4, 0x20(sp)
   12c58: 63 4d f7 12  	blt	a4, a5, 0x12d92 <_vfprintf_r+0x1dee>
   12c5c: c2 77        	ld	a5, 0x30(sp)
   12c5e: 13 f7 17 00  	andi	a4, a5, 0x1
   12c62: 82 77        	ld	a5, 0x20(sp)
   12c64: 3e 8c        	mv	s8, a5
   12c66: 01 c7        	beqz	a4, 0x12c6e <_vfprintf_r+0x1cca>
   12c68: 06 67        	ld	a4, 0x40(sp)
   12c6a: 3b 0c f7 00  	addw	s8, a4, a5
   12c6e: c2 77        	ld	a5, 0x30(sp)
   12c70: 13 f7 07 40  	andi	a4, a5, 0x400
   12c74: 01 c7        	beqz	a4, 0x12c7c <_vfprintf_r+0x1cd8>
   12c76: 82 77        	ld	a5, 0x20(sp)
   12c78: 63 44 f0 32  	bgtz	a5, 0x12fa0 <_vfprintf_r+0x1ffc>
   12c7c: 62 88        	mv	a6, s8
   12c7e: 63 53 0c 00  	bgez	s8, 0x12c84 <_vfprintf_r+0x1ce0>
   12c82: 01 48        	li	a6, 0x0
   12c84: 9b 0d 08 00  	sext.w	s11, a6
   12c88: 13 0e 70 06  	li	t3, 0x67
   12c8c: 02 fc        	sd	zero, 0x38(sp)
   12c8e: 02 f8        	sd	zero, 0x30(sp)
   12c90: 6f e0 7f 98  	j	0x11616 <_vfprintf_r+0x672>
   12c94: 03 46 0d 00  	lbu	a2, 0x0(s10)
   12c98: 93 06 00 03  	li	a3, 0x30
   12c9c: 63 00 d6 2e  	beq	a2, a3, 0x12f7c <_vfprintf_r+0x1fd8>
   12ca0: aa 56        	lw	a3, 0xa8(sp)
   12ca2: b6 9d        	add	s11, s11, a3
   12ca4: 62 85        	mv	a0, s8
   12ca6: d2 85        	mv	a1, s4
   12ca8: 01 46        	li	a2, 0x0
   12caa: 81 46        	li	a3, 0x0
   12cac: 1a fc        	sd	t1, 0x38(sp)
   12cae: 7a f4        	sd	t5, 0x28(sp)
   12cb0: 72 f0        	sd	t3, 0x20(sp)
   12cb2: ef a0 90 40  	jal	0x1d8ba <__netf2>
   12cb6: 02 7e        	ld	t3, 0x20(sp)
   12cb8: 22 7f        	ld	t5, 0x28(sp)
   12cba: 62 73        	ld	t1, 0x38(sp)
   12cbc: 21 dd        	beqz	a0, 0x12c14 <_vfprintf_r+0x1c70>
   12cbe: ea 77        	ld	a5, 0xb8(sp)
   12cc0: e3 ee b7 eb  	bltu	a5, s11, 0x12b7c <_vfprintf_r+0x1bd8>
   12cc4: bb 87 a7 41  	subw	a5, a5, s10
   12cc8: 3e f4        	sd	a5, 0x28(sp)
   12cca: aa 57        	lw	a5, 0xa8(sp)
   12ccc: 13 07 70 04  	li	a4, 0x47
   12cd0: 3e f0        	sd	a5, 0x20(sp)
   12cd2: e3 8a ec f4  	beq	s9, a4, 0x12c26 <_vfprintf_r+0x1c82>
   12cd6: c2 77        	ld	a5, 0x30(sp)
   12cd8: 13 f7 17 00  	andi	a4, a5, 0x1
   12cdc: 82 77        	ld	a5, 0x20(sp)
   12cde: 33 67 e3 00  	or	a4, t1, a4
   12ce2: 63 5b f0 3e  	blez	a5, 0x130d8 <_vfprintf_r+0x2134>
   12ce6: 63 12 07 3a  	bnez	a4, 0x1308a <_vfprintf_r+0x20e6>
   12cea: 02 7c        	ld	s8, 0x20(sp)
   12cec: 13 0e 60 06  	li	t3, 0x66
   12cf0: c2 77        	ld	a5, 0x30(sp)
   12cf2: 13 f7 07 40  	andi	a4, a5, 0x400
   12cf6: 63 17 07 2a  	bnez	a4, 0x12fa4 <_vfprintf_r+0x2000>
   12cfa: 62 88        	mv	a6, s8
   12cfc: 63 45 0c 00  	bltz	s8, 0x12d06 <_vfprintf_r+0x1d62>
   12d00: 9b 0d 08 00  	sext.w	s11, a6
   12d04: 61 b7        	j	0x12c8c <_vfprintf_r+0x1ce8>
   12d06: 01 48        	li	a6, 0x0
   12d08: 9b 0d 08 00  	sext.w	s11, a6
   12d0c: 41 b7        	j	0x12c8c <_vfprintf_r+0x1ce8>
   12d0e: 02 65        	ld	a0, 0x0(sp)
   12d10: 90 09        	addi	a2, sp, 0xd0
   12d12: ca 85        	mv	a1, s2
   12d14: 7a f0        	sd	t5, 0x20(sp)
   12d16: ef 70 d0 2e  	jal	0x1a802 <__sprint_r>
   12d1a: 63 16 05 8c  	bnez	a0, 0x11de6 <_vfprintf_r+0xe42>
   12d1e: 2a 5c        	lw	s8, 0xa8(sp)
   12d20: 0e 7a        	ld	s4, 0xe0(sp)
   12d22: 02 7f        	ld	t5, 0x20(sp)
   12d24: 93 09 01 15  	addi	s3, sp, 0x150
   12d28: 6f f0 af 9f  	j	0x11f22 <_vfprintf_r+0xf7e>
   12d2c: 82 77        	ld	a5, 0x20(sp)
   12d2e: 79 3e        	addiw	t3, t3, -0x2
   12d30: 23 08 c1 0b  	sb	t3, 0xb0(sp)
   12d34: 1b 87 f7 ff  	addiw	a4, a5, -0x1
   12d38: 3a d5        	sw	a4, 0xa8(sp)
   12d3a: 82 77        	ld	a5, 0x20(sp)
   12d3c: 93 06 d0 02  	li	a3, 0x2d
   12d40: 05 47        	li	a4, 0x1
   12d42: a3 08 d1 0a  	sb	a3, 0xb1(sp)
   12d46: 1d 9f        	subw	a4, a4, a5
   12d48: a5 46        	li	a3, 0x9
   12d4a: 63 d4 e6 00  	bge	a3, a4, 0x12d52 <_vfprintf_r+0x1dae>
   12d4e: 6f e0 9f 81  	j	0x11566 <_vfprintf_r+0x5c2>
   12d52: ad bd        	j	0x12bcc <_vfprintf_r+0x1c28>
   12d54: 66 ec        	sd	s9, 0x18(sp)
   12d56: 63 0e 07 16  	beqz	a4, 0x12ed2 <_vfprintf_r+0x1f2e>
   12d5a: 9b 0d 13 00  	addiw	s11, t1, 0x1
   12d5e: 1a 8c        	mv	s8, t1
   12d60: 02 fc        	sd	zero, 0x38(sp)
   12d62: 01 43        	li	t1, 0x0
   12d64: 02 f8        	sd	zero, 0x30(sp)
   12d66: 02 f0        	sd	zero, 0x20(sp)
   12d68: 6f e0 2f bd  	j	0x1113a <_vfprintf_r+0x196>
   12d6c: 02 65        	ld	a0, 0x0(sp)
   12d6e: 90 09        	addi	a2, sp, 0xd0
   12d70: ca 85        	mv	a1, s2
   12d72: 7a f0        	sd	t5, 0x20(sp)
   12d74: ef 70 f0 28  	jal	0x1a802 <__sprint_r>
   12d78: 19 c1        	beqz	a0, 0x12d7e <_vfprintf_r+0x1dda>
   12d7a: 6f f0 cf 86  	j	0x11de6 <_vfprintf_r+0xe42>
   12d7e: aa 56        	lw	a3, 0xa8(sp)
   12d80: a2 77        	ld	a5, 0x28(sp)
   12d82: 0e 7a        	ld	s4, 0xe0(sp)
   12d84: 02 7f        	ld	t5, 0x20(sp)
   12d86: 93 09 01 15  	addi	s3, sp, 0x150
   12d8a: bb 86 d7 40  	subw	a3, a5, a3
   12d8e: 6f f0 ef 9c  	j	0x11f5c <_vfprintf_r+0xfb8>
   12d92: 86 67        	ld	a5, 0x40(sp)
   12d94: 22 77        	ld	a4, 0x28(sp)
   12d96: 13 0e 70 06  	li	t3, 0x67
   12d9a: 3b 8c e7 00  	addw	s8, a5, a4
   12d9e: 82 77        	ld	a5, 0x20(sp)
   12da0: e3 48 f0 f4  	bgtz	a5, 0x12cf0 <_vfprintf_r+0x1d4c>
   12da4: bb 08 fc 40  	subw	a7, s8, a5
   12da8: 1b 8c 18 00  	addiw	s8, a7, 0x1
   12dac: 62 88        	mv	a6, s8
   12dae: 63 53 0c 00  	bgez	s8, 0x12db4 <_vfprintf_r+0x1e10>
   12db2: 01 48        	li	a6, 0x0
   12db4: c2 8d        	mv	s11, a6
   12db6: 13 0e 70 06  	li	t3, 0x67
   12dba: c9 bd        	j	0x12c8c <_vfprintf_r+0x1ce8>
   12dbc: 41 57        	li	a4, -0x10
   12dbe: 3b 0c c0 40  	negw	s8, a2
   12dc2: 97 cc 00 00  	auipc	s9, 0xc
   12dc6: 93 8c ec 4f  	addi	s9, s9, 0x4fe
   12dca: c1 48        	li	a7, 0x10
   12dcc: 1d 43        	li	t1, 0x7
   12dce: 7a 8b        	mv	s6, t5
   12dd0: 63 46 e6 00  	blt	a2, a4, 0x12ddc <_vfprintf_r+0x1e38>
   12dd4: 91 a0        	j	0x12e18 <_vfprintf_r+0x1e74>
   12dd6: 41 3c        	addiw	s8, s8, -0x10
   12dd8: 63 df 88 03  	bge	a7, s8, 0x12e16 <_vfprintf_r+0x1e72>
   12ddc: 41 0a        	addi	s4, s4, 0x10
   12dde: 85 26        	addiw	a3, a3, 0x1
   12de0: 23 b0 99 01  	sd	s9, 0x0(s3)
   12de4: 23 b4 19 01  	sd	a7, 0x8(s3)
   12de8: d2 f1        	sd	s4, 0xe0(sp)
   12dea: b6 cd        	sw	a3, 0xd8(sp)
   12dec: c1 09        	addi	s3, s3, 0x10
   12dee: e3 54 d3 fe  	bge	t1, a3, 0x12dd6 <_vfprintf_r+0x1e32>
   12df2: 02 65        	ld	a0, 0x0(sp)
   12df4: 90 09        	addi	a2, sp, 0xd0
   12df6: ca 85        	mv	a1, s2
   12df8: ef 70 b0 20  	jal	0x1a802 <__sprint_r>
   12dfc: 19 c1        	beqz	a0, 0x12e02 <_vfprintf_r+0x1e5e>
   12dfe: 6f e0 9f fe  	j	0x11de6 <_vfprintf_r+0xe42>
   12e02: 0e 7a        	ld	s4, 0xe0(sp)
   12e04: ee 46        	lw	a3, 0xd8(sp)
   12e06: 93 09 01 15  	addi	s3, sp, 0x150
   12e0a: 1d 43        	li	t1, 0x7
   12e0c: c1 48        	li	a7, 0x10
   12e0e: e1 b7        	j	0x12dd6 <_vfprintf_r+0x1e32>
   12e10: da 86        	mv	a3, s6
   12e12: 6f f0 8f c2  	j	0x1223a <_vfprintf_r+0x1296>
   12e16: 5a 8f        	mv	t5, s6
   12e18: 62 9a        	add	s4, s4, s8
   12e1a: 85 26        	addiw	a3, a3, 0x1
   12e1c: d2 f1        	sd	s4, 0xe0(sp)
   12e1e: b6 cd        	sw	a3, 0xd8(sp)
   12e20: 23 b0 99 01  	sd	s9, 0x0(s3)
   12e24: 23 b4 89 01  	sd	s8, 0x8(s3)
   12e28: 1d 47        	li	a4, 0x7
   12e2a: 63 52 d7 b4  	bge	a4, a3, 0x1216e <_vfprintf_r+0x11ca>
   12e2e: 02 65        	ld	a0, 0x0(sp)
   12e30: 90 09        	addi	a2, sp, 0xd0
   12e32: ca 85        	mv	a1, s2
   12e34: 7a f0        	sd	t5, 0x20(sp)
   12e36: ef 70 d0 1c  	jal	0x1a802 <__sprint_r>
   12e3a: 19 c1        	beqz	a0, 0x12e40 <_vfprintf_r+0x1e9c>
   12e3c: 6f e0 bf fa  	j	0x11de6 <_vfprintf_r+0xe42>
   12e40: 0e 7a        	ld	s4, 0xe0(sp)
   12e42: ee 46        	lw	a3, 0xd8(sp)
   12e44: 02 7f        	ld	t5, 0x20(sp)
   12e46: 93 09 01 15  	addi	s3, sp, 0x150
   12e4a: 6f f0 1f 83  	j	0x1267a <_vfprintf_r+0x16d6>
   12e4e: 9b 07 13 00  	addiw	a5, t1, 0x1
   12e52: 3e f4        	sd	a5, 0x28(sp)
   12e54: 89 46        	li	a3, 0x2
   12e56: f9 b1        	j	0x12b24 <_vfprintf_r+0x1b80>
   12e58: 02 e8        	sd	zero, 0x10(sp)
   12e5a: 13 0d 81 0e  	addi	s10, sp, 0xe8
   12e5e: 7d 57        	li	a4, -0x1
   12e60: 7e 17        	slli	a4, a4, 0x3f
   12e62: 93 07 d0 02  	li	a5, 0x2d
   12e66: 33 4a ea 00  	xor	s4, s4, a4
   12e6a: be f4        	sd	a5, 0x68(sp)
   12e6c: 9b 06 fe fb  	addiw	a3, t3, -0x41
   12e70: 13 07 60 02  	li	a4, 0x26
   12e74: 63 84 e6 00  	beq	a3, a4, 0x12e7c <_vfprintf_r+0x1ed8>
   12e78: 6f e0 4f d1  	j	0x1138c <_vfprintf_r+0x3e8>
   12e7c: 02 65        	ld	a0, 0x0(sp)
   12e7e: 1a 87        	mv	a4, t1
   12e80: 93 08 81 0b  	addi	a7, sp, 0xb8
   12e84: 13 08 c1 0a  	addi	a6, sp, 0xac
   12e88: 3c 11        	addi	a5, sp, 0xa8
   12e8a: 89 46        	li	a3, 0x2
   12e8c: e2 85        	mv	a1, s8
   12e8e: 52 86        	mv	a2, s4
   12e90: 7a fc        	sd	t5, 0x38(sp)
   12e92: 72 f4        	sd	t3, 0x28(sp)
   12e94: 1a f0        	sd	t1, 0x20(sp)
   12e96: ef 20 40 74  	jal	0x155da <_ldtoa_r>
   12e9a: 02 73        	ld	t1, 0x20(sp)
   12e9c: 22 7e        	ld	t3, 0x28(sp)
   12e9e: 62 7f        	ld	t5, 0x38(sp)
   12ea0: 2a 8d        	mv	s10, a0
   12ea2: c2 77        	ld	a5, 0x30(sp)
   12ea4: 13 f7 17 00  	andi	a4, a5, 0x1
   12ea8: 05 e3        	bnez	a4, 0x12ec8 <_vfprintf_r+0x1f24>
   12eaa: ea 77        	ld	a5, 0xb8(sp)
   12eac: aa 56        	lw	a3, 0xa8(sp)
   12eae: 75 57        	li	a4, -0x3
   12eb0: bb 87 a7 41  	subw	a5, a5, s10
   12eb4: 36 f0        	sd	a3, 0x20(sp)
   12eb6: 3e f4        	sd	a5, 0x28(sp)
   12eb8: e3 ca e6 e6  	blt	a3, a4, 0x12d2c <_vfprintf_r+0x1d88>
   12ebc: e3 4c d3 d6  	blt	t1, a3, 0x12c34 <_vfprintf_r+0x1c90>
   12ec0: e3 c9 f6 ec  	blt	a3, a5, 0x12d92 <_vfprintf_r+0x1dee>
   12ec4: 02 7c        	ld	s8, 0x20(sp)
   12ec6: 65 b3        	j	0x12c6e <_vfprintf_r+0x1cca>
   12ec8: b3 0d 6d 00  	add	s11, s10, t1
   12ecc: 93 0c 70 04  	li	s9, 0x47
   12ed0: d1 bb        	j	0x12ca4 <_vfprintf_r+0x1d00>
   12ed2: 1a 8c        	mv	s8, t1
   12ed4: 9a 8d        	mv	s11, t1
   12ed6: 02 fc        	sd	zero, 0x38(sp)
   12ed8: 01 43        	li	t1, 0x0
   12eda: 02 f8        	sd	zero, 0x30(sp)
   12edc: 02 f0        	sd	zero, 0x20(sp)
   12ede: 6f e0 cf a5  	j	0x1113a <_vfprintf_r+0x196>
   12ee2: c2 77        	ld	a5, 0x30(sp)
   12ee4: fd 8e        	and	a3, a3, a5
   12ee6: 99 e2        	bnez	a3, 0x12eec <_vfprintf_r+0x1f48>
   12ee8: 6f e0 2f f1  	j	0x115fa <_vfprintf_r+0x656>
   12eec: 6f e0 8f f0  	j	0x115f4 <_vfprintf_r+0x650>
   12ef0: 63 13 03 00  	bnez	t1, 0x12ef6 <_vfprintf_r+0x1f52>
   12ef4: 36 83        	mv	t1, a3
   12ef6: 63 5b 0a 10  	bgez	s4, 0x1300c <_vfprintf_r+0x2068>
   12efa: 7e 17        	slli	a4, a4, 0x3f
   12efc: 93 07 d0 02  	li	a5, 0x2d
   12f00: 7a f8        	sd	t5, 0x30(sp)
   12f02: 33 4a ea 00  	xor	s4, s4, a4
   12f06: 02 e8        	sd	zero, 0x10(sp)
   12f08: 5a 8f        	mv	t5, s6
   12f0a: be f4        	sd	a5, 0x68(sp)
   12f0c: 02 65        	ld	a0, 0x0(sp)
   12f0e: 1a 87        	mv	a4, t1
   12f10: 93 08 81 0b  	addi	a7, sp, 0xb8
   12f14: 13 08 c1 0a  	addi	a6, sp, 0xac
   12f18: 3c 11        	addi	a5, sp, 0xa8
   12f1a: 89 46        	li	a3, 0x2
   12f1c: e2 85        	mv	a1, s8
   12f1e: 52 86        	mv	a2, s4
   12f20: 7a fc        	sd	t5, 0x38(sp)
   12f22: 72 f4        	sd	t3, 0x28(sp)
   12f24: 1a f0        	sd	t1, 0x20(sp)
   12f26: ef 20 40 6b  	jal	0x155da <_ldtoa_r>
   12f2a: 22 7e        	ld	t3, 0x28(sp)
   12f2c: 13 07 70 04  	li	a4, 0x47
   12f30: 02 73        	ld	t1, 0x20(sp)
   12f32: 62 7f        	ld	t5, 0x38(sp)
   12f34: 2a 8d        	mv	s10, a0
   12f36: e3 06 ee f6  	beq	t3, a4, 0x12ea2 <_vfprintf_r+0x1efe>
   12f3a: 1a f4        	sd	t1, 0x28(sp)
   12f3c: 31 b1        	j	0x12b48 <_vfprintf_r+0x1ba4>
   12f3e: 1c c3        	sw	a5, 0x0(a4)
   12f40: 56 8d        	mv	s10, s5
   12f42: 6f e0 4f ab  	j	0x111f6 <_vfprintf_r+0x252>
   12f46: 2e 6a        	ld	s4, 0xc8(sp)
   12f48: 13 67 0f 10  	ori	a4, t5, 0x100
   12f4c: 01 27        	sext.w	a4, a4
   12f4e: 7a f8        	sd	t5, 0x30(sp)
   12f50: 02 e8        	sd	zero, 0x10(sp)
   12f52: 0e 6c        	ld	s8, 0xc0(sp)
   12f54: 3a 8f        	mv	t5, a4
   12f56: 19 43        	li	t1, 0x6
   12f58: e3 43 0a f0  	bltz	s4, 0x12e5e <_vfprintf_r+0x1eba>
   12f5c: 82 f4        	sd	zero, 0x68(sp)
   12f5e: 39 b7        	j	0x12e6c <_vfprintf_r+0x1ec8>
   12f60: 17 cd 00 00  	auipc	s10, 0xc
   12f64: 13 0d 8d 0b  	addi	s10, s10, 0xb8
   12f68: 91 4d        	li	s11, 0x4
   12f6a: 6f e0 0f 9d  	j	0x1113a <_vfprintf_r+0x196>
   12f6e: 17 cd 00 00  	auipc	s10, 0xc
   12f72: 13 0d ad 0b  	addi	s10, s10, 0xba
   12f76: 91 4d        	li	s11, 0x4
   12f78: 6f e0 2f 9c  	j	0x1113a <_vfprintf_r+0x196>
   12f7c: 01 46        	li	a2, 0x0
   12f7e: 81 46        	li	a3, 0x0
   12f80: 62 85        	mv	a0, s8
   12f82: d2 85        	mv	a1, s4
   12f84: 9a fc        	sd	t1, 0x78(sp)
   12f86: 7a fc        	sd	t5, 0x38(sp)
   12f88: 72 f0        	sd	t3, 0x20(sp)
   12f8a: ef a0 10 13  	jal	0x1d8ba <__netf2>
   12f8e: 02 7e        	ld	t3, 0x20(sp)
   12f90: 62 7f        	ld	t5, 0x38(sp)
   12f92: 66 73        	ld	t1, 0x78(sp)
   12f94: 63 13 05 10  	bnez	a0, 0x1309a <_vfprintf_r+0x20f6>
   12f98: aa 57        	lw	a5, 0xa8(sp)
   12f9a: 3e f0        	sd	a5, 0x20(sp)
   12f9c: be 9d        	add	s11, s11, a5
   12f9e: ad b9        	j	0x12c18 <_vfprintf_r+0x1c74>
   12fa0: 13 0e 70 06  	li	t3, 0x67
   12fa4: 06 76        	ld	a2, 0x60(sp)
   12fa6: 93 06 f0 0f  	li	a3, 0xff
   12faa: 03 47 06 00  	lbu	a4, 0x0(a2)
   12fae: 63 0c d7 1c  	beq	a4, a3, 0x13186 <_vfprintf_r+0x21e2>
   12fb2: 82 77        	ld	a5, 0x20(sp)
   12fb4: 01 48        	li	a6, 0x0
   12fb6: 01 45        	li	a0, 0x0
   12fb8: ba 85        	mv	a1, a4
   12fba: 63 5a f7 00  	bge	a4, a5, 0x12fce <_vfprintf_r+0x202a>
   12fbe: 03 47 16 00  	lbu	a4, 0x1(a2)
   12fc2: 8d 9f        	subw	a5, a5, a1
   12fc4: 1d cb        	beqz	a4, 0x12ffa <_vfprintf_r+0x2056>
   12fc6: 05 25        	addiw	a0, a0, 0x1
   12fc8: 05 06        	addi	a2, a2, 0x1
   12fca: e3 17 d7 fe  	bne	a4, a3, 0x12fb8 <_vfprintf_r+0x2014>
   12fce: b2 f0        	sd	a2, 0x60(sp)
   12fd0: 3e f0        	sd	a5, 0x20(sp)
   12fd2: 2a f8        	sd	a0, 0x30(sp)
   12fd4: 42 fc        	sd	a6, 0x38(sp)
   12fd6: e2 77        	ld	a5, 0x38(sp)
   12fd8: 42 77        	ld	a4, 0x30(sp)
   12fda: 3d 9f        	addw	a4, a4, a5
   12fdc: c6 77        	ld	a5, 0x70(sp)
   12fde: 3b 07 f7 02  	mulw	a4, a4, a5
   12fe2: 3b 0c 87 01  	addw	s8, a4, s8
   12fe6: 62 88        	mv	a6, s8
   12fe8: 63 45 0c 00  	bltz	s8, 0x12ff2 <_vfprintf_r+0x204e>
   12fec: c2 8d        	mv	s11, a6
   12fee: 6f e0 8f e2  	j	0x11616 <_vfprintf_r+0x672>
   12ff2: 01 48        	li	a6, 0x0
   12ff4: c2 8d        	mv	s11, a6
   12ff6: 6f e0 0f e2  	j	0x11616 <_vfprintf_r+0x672>
   12ffa: 03 47 06 00  	lbu	a4, 0x0(a2)
   12ffe: 05 28        	addiw	a6, a6, 0x1
   13000: e9 b7        	j	0x12fca <_vfprintf_r+0x2026>
   13002: 63 13 03 00  	bnez	t1, 0x13008 <_vfprintf_r+0x2064>
   13006: 36 83        	mv	t1, a3
   13008: 63 4b 0a 0e  	bltz	s4, 0x130fe <_vfprintf_r+0x215a>
   1300c: 02 65        	ld	a0, 0x0(sp)
   1300e: 1a 87        	mv	a4, t1
   13010: 93 08 81 0b  	addi	a7, sp, 0xb8
   13014: 13 08 c1 0a  	addi	a6, sp, 0xac
   13018: 3c 11        	addi	a5, sp, 0xa8
   1301a: 89 46        	li	a3, 0x2
   1301c: e2 85        	mv	a1, s8
   1301e: 52 86        	mv	a2, s4
   13020: 7a e8        	sd	t5, 0x10(sp)
   13022: 72 f4        	sd	t3, 0x28(sp)
   13024: 1a f0        	sd	t1, 0x20(sp)
   13026: ef 20 40 5b  	jal	0x155da <_ldtoa_r>
   1302a: 42 6f        	ld	t5, 0x10(sp)
   1302c: 02 73        	ld	t1, 0x20(sp)
   1302e: 22 7e        	ld	t3, 0x28(sp)
   13030: 7a f8        	sd	t5, 0x30(sp)
   13032: 2a 8d        	mv	s10, a0
   13034: 5a 8f        	mv	t5, s6
   13036: 82 f4        	sd	zero, 0x68(sp)
   13038: 02 e8        	sd	zero, 0x10(sp)
   1303a: a5 b5        	j	0x12ea2 <_vfprintf_r+0x1efe>
   1303c: 5a 83        	mv	t1, s6
   1303e: bb 86 6d 00  	addw	a3, s11, t1
   13042: 4e 8b        	mv	s6, s3
   13044: bb 86 66 41  	subw	a3, a3, s6
   13048: 6a 89        	mv	s2, s10
   1304a: e2 7a        	ld	s5, 0x38(sp)
   1304c: 66 7e        	ld	t3, 0x78(sp)
   1304e: c6 69        	ld	s3, 0x50(sp)
   13050: 6e 8d        	mv	s10, s11
   13052: 63 d4 06 00  	bgez	a3, 0x1305a <_vfprintf_r+0x20b6>
   13056: 6f e0 4f cc  	j	0x1151a <_vfprintf_r+0x576>
   1305a: 13 86 16 00  	addi	a2, a3, 0x1
   1305e: 5a 96        	add	a2, a2, s6
   13060: 5a 87        	mv	a4, s6
   13062: 93 05 00 03  	li	a1, 0x30
   13066: 05 07        	addi	a4, a4, 0x1
   13068: a3 0f b7 fe  	sb	a1, -0x1(a4)
   1306c: e3 1d c7 fe  	bne	a4, a2, 0x13066 <_vfprintf_r+0x20c2>
   13070: 93 07 1b 00  	addi	a5, s6, 0x1
   13074: 33 8b d7 00  	add	s6, a5, a3
   13078: 6f e0 2f ca  	j	0x1151a <_vfprintf_r+0x576>
   1307c: aa 57        	lw	a5, 0xa8(sp)
   1307e: 13 07 70 04  	li	a4, 0x47
   13082: 3e f0        	sd	a5, 0x20(sp)
   13084: e3 93 ec b2  	bne	s9, a4, 0x12baa <_vfprintf_r+0x1c06>
   13088: 79 be        	j	0x12c26 <_vfprintf_r+0x1c82>
   1308a: bb 08 f3 00  	addw	a7, t1, a5
   1308e: 86 67        	ld	a5, 0x40(sp)
   13090: 13 0e 60 06  	li	t3, 0x66
   13094: 3b 8c f8 00  	addw	s8, a7, a5
   13098: a1 b9        	j	0x12cf0 <_vfprintf_r+0x1d4c>
   1309a: a2 77        	ld	a5, 0x28(sp)
   1309c: 85 46        	li	a3, 0x1
   1309e: 9d 9e        	subw	a3, a3, a5
   130a0: 36 d5        	sw	a3, 0xa8(sp)
   130a2: 01 b1        	j	0x12ca2 <_vfprintf_r+0x1cfe>
   130a4: 83 27 09 0b  	lw	a5, 0xb0(s2)
   130a8: 85 8b        	andi	a5, a5, 0x1
   130aa: a5 cf        	beqz	a5, 0x13122 <_vfprintf_r+0x217e>
   130ac: fd 57        	li	a5, -0x1
   130ae: 3e e4        	sd	a5, 0x8(sp)
   130b0: 6f e0 cf 98  	j	0x1123c <_vfprintf_r+0x298>
   130b4: 13 06 00 07  	li	a2, 0x70
   130b8: 6f e0 0f c9  	j	0x11548 <_vfprintf_r+0x5a4>
   130bc: 02 e8        	sd	zero, 0x10(sp)
   130be: 0d 4c        	li	s8, 0x3
   130c0: 01 43        	li	t1, 0x0
   130c2: 02 fc        	sd	zero, 0x38(sp)
   130c4: 02 f8        	sd	zero, 0x30(sp)
   130c6: 02 f0        	sd	zero, 0x20(sp)
   130c8: 91 4d        	li	s11, 0x4
   130ca: 6f e0 0f 87  	j	0x1113a <_vfprintf_r+0x196>
   130ce: 02 e8        	sd	zero, 0x10(sp)
   130d0: 5a 8f        	mv	t5, s6
   130d2: 71 b3        	j	0x12e5e <_vfprintf_r+0x1eba>
   130d4: 42 6d        	ld	s10, 0x10(sp)
   130d6: 61 b3        	j	0x12e5e <_vfprintf_r+0x1eba>
   130d8: 11 e7        	bnez	a4, 0x130e4 <_vfprintf_r+0x2140>
   130da: 85 4d        	li	s11, 0x1
   130dc: 6e 8c        	mv	s8, s11
   130de: 13 0e 60 06  	li	t3, 0x66
   130e2: 6d b6        	j	0x12c8c <_vfprintf_r+0x1ce8>
   130e4: 86 67        	ld	a5, 0x40(sp)
   130e6: 9b 88 17 00  	addiw	a7, a5, 0x1
   130ea: 3b 8c 68 00  	addw	s8, a7, t1
   130ee: 62 88        	mv	a6, s8
   130f0: 63 53 0c 00  	bgez	s8, 0x130f6 <_vfprintf_r+0x2152>
   130f4: 01 48        	li	a6, 0x0
   130f6: c2 8d        	mv	s11, a6
   130f8: 13 0e 60 06  	li	t3, 0x66
   130fc: 41 be        	j	0x12c8c <_vfprintf_r+0x1ce8>
   130fe: 7e 17        	slli	a4, a4, 0x3f
   13100: 93 07 d0 02  	li	a5, 0x2d
   13104: 7a f8        	sd	t5, 0x30(sp)
   13106: 33 4a ea 00  	xor	s4, s4, a4
   1310a: 02 e8        	sd	zero, 0x10(sp)
   1310c: 5a 8f        	mv	t5, s6
   1310e: be f4        	sd	a5, 0x68(sp)
   13110: b5 b3        	j	0x12e7c <_vfprintf_r+0x1ed8>
   13112: 83 46 ac 00  	lbu	a3, 0xa(s8)
   13116: 6f e0 0f c0  	j	0x11516 <_vfprintf_r+0x572>
   1311a: 89 47        	li	a5, 0x2
   1311c: be e8        	sd	a5, 0x50(sp)
   1311e: 6f e0 4f cc  	j	0x115e2 <_vfprintf_r+0x63e>
   13122: 83 57 09 01  	lhu	a5, 0x10(s2)
   13126: 93 f7 07 20  	andi	a5, a5, 0x200
   1312a: c9 f3        	bnez	a5, 0x130ac <_vfprintf_r+0x2108>
   1312c: 03 35 09 0a  	ld	a0, 0xa0(s2)
   13130: ef 30 a0 47  	jal	0x165aa <__retarget_lock_release_recursive>
   13134: a5 bf        	j	0x130ac <_vfprintf_r+0x2108>
   13136: 62 67        	ld	a4, 0x18(sp)
   13138: 1c 43        	lw	a5, 0x0(a4)
   1313a: 21 07        	addi	a4, a4, 0x8
   1313c: 3e 83        	mv	t1, a5
   1313e: 63 d3 07 00  	bgez	a5, 0x13144 <_vfprintf_r+0x21a0>
   13142: 7d 53        	li	t1, -0x1
   13144: 03 ce 1a 00  	lbu	t3, 0x1(s5)
   13148: 1a 8c        	mv	s8, t1
   1314a: 3a ec        	sd	a4, 0x18(sp)
   1314c: b2 8a        	mv	s5, a2
   1314e: 6f d0 9f f7  	j	0x110c6 <_vfprintf_r+0x122>
   13152: bb 87 a7 41  	subw	a5, a5, s10
   13156: 3e f4        	sd	a5, 0x28(sp)
   13158: aa 57        	lw	a5, 0xa8(sp)
   1315a: 13 07 70 04  	li	a4, 0x47
   1315e: 3e f0        	sd	a5, 0x20(sp)
   13160: e3 95 ec a4  	bne	s9, a4, 0x12baa <_vfprintf_r+0x1c06>
   13164: c9 b4        	j	0x12c26 <_vfprintf_r+0x1c82>
   13166: 83 57 09 01  	lhu	a5, 0x10(s2)
   1316a: 93 e7 07 04  	ori	a5, a5, 0x40
   1316e: 23 18 f9 00  	sh	a5, 0x10(s2)
   13172: 6f e0 6f 89  	j	0x11208 <_vfprintf_r+0x264>
   13176: 01 43        	li	t1, 0x0
   13178: 02 fc        	sd	zero, 0x38(sp)
   1317a: 02 f8        	sd	zero, 0x30(sp)
   1317c: 02 e8        	sd	zero, 0x10(sp)
   1317e: 0d 4c        	li	s8, 0x3
   13180: 91 4d        	li	s11, 0x4
   13182: 6f d0 9f fb  	j	0x1113a <_vfprintf_r+0x196>
   13186: 02 fc        	sd	zero, 0x38(sp)
   13188: 02 f8        	sd	zero, 0x30(sp)
   1318a: b1 b5        	j	0x12fd6 <_vfprintf_r+0x2032>
   1318c: 85 4d        	li	s11, 0x1
   1318e: 02 f8        	sd	zero, 0x30(sp)
   13190: 02 fc        	sd	zero, 0x38(sp)
   13192: 6e 8c        	mv	s8, s11
   13194: 02 e8        	sd	zero, 0x10(sp)
   13196: 02 f0        	sd	zero, 0x20(sp)
   13198: 13 0d b1 14  	addi	s10, sp, 0x14b
   1319c: 13 0e 80 07  	li	t3, 0x78
   131a0: 01 45        	li	a0, 0x0
   131a2: 6f e0 0f c9  	j	0x11632 <_vfprintf_r+0x68e>

00000000000131a6 <vfprintf>:
   131a6: 2a 87        	mv	a4, a0
   131a8: 03 b5 81 70  	ld	a0, 0x708(gp)
   131ac: ae 87        	mv	a5, a1
   131ae: b2 86        	mv	a3, a2
   131b0: ba 85        	mv	a1, a4
   131b2: 3e 86        	mv	a2, a5
   131b4: 6f d0 1f df  	j	0x10fa4 <_vfprintf_r>

00000000000131b8 <__sbprintf>:
   131b8: 83 d7 05 01  	lhu	a5, 0x10(a1)
   131bc: 03 ae 05 0b  	lw	t3, 0xb0(a1)
   131c0: 03 d3 25 01  	lhu	t1, 0x12(a1)
   131c4: 83 b8 05 03  	ld	a7, 0x30(a1)
   131c8: 03 b8 05 04  	ld	a6, 0x40(a1)
   131cc: 13 01 01 b1  	addi	sp, sp, -0x4f0
   131d0: 13 07 00 40  	li	a4, 0x400
   131d4: f5 9b        	andi	a5, a5, -0x3
   131d6: 23 30 81 4e  	sd	s0, 0x4e0(sp)
   131da: 23 38 21 4d  	sd	s2, 0x4d0(sp)
   131de: 2e 84        	mv	s0, a1
   131e0: 2a 89        	mv	s2, a0
   131e2: 8c 01        	addi	a1, sp, 0xc0
   131e4: 28 11        	addi	a0, sp, 0xa8
   131e6: 23 34 11 4e  	sd	ra, 0x4e8(sp)
   131ea: 23 3c 91 4c  	sd	s1, 0x4d8(sp)
   131ee: 23 34 31 4d  	sd	s3, 0x4c8(sp)
   131f2: b2 84        	mv	s1, a2
   131f4: b6 89        	mv	s3, a3
   131f6: 23 1c f1 00  	sh	a5, 0x18(sp)
   131fa: 72 dd        	sw	t3, 0xb8(sp)
   131fc: 23 1d 61 00  	sh	t1, 0x1a(sp)
   13200: 46 fc        	sd	a7, 0x38(sp)
   13202: c2 e4        	sd	a6, 0x48(sp)
   13204: 2e e4        	sd	a1, 0x8(sp)
   13206: 2e f0        	sd	a1, 0x20(sp)
   13208: 3a ca        	sw	a4, 0x14(sp)
   1320a: 3a d4        	sw	a4, 0x28(sp)
   1320c: 02 d8        	sw	zero, 0x30(sp)
   1320e: ef 30 80 38  	jal	0x16596 <__retarget_lock_init_recursive>
   13212: 26 86        	mv	a2, s1
   13214: ce 86        	mv	a3, s3
   13216: 2c 00        	addi	a1, sp, 0x8
   13218: 4a 85        	mv	a0, s2
   1321a: ef d0 bf d8  	jal	0x10fa4 <_vfprintf_r>
   1321e: aa 84        	mv	s1, a0
   13220: 63 5e 05 02  	bgez	a0, 0x1325c <__sbprintf+0xa4>
   13224: 83 57 81 01  	lhu	a5, 0x18(sp)
   13228: 93 f7 07 04  	andi	a5, a5, 0x40
   1322c: 99 c7        	beqz	a5, 0x1323a <__sbprintf+0x82>
   1322e: 83 57 04 01  	lhu	a5, 0x10(s0)
   13232: 93 e7 07 04  	ori	a5, a5, 0x40
   13236: 23 18 f4 00  	sh	a5, 0x10(s0)
   1323a: 2a 75        	ld	a0, 0xa8(sp)
   1323c: ef 30 e0 35  	jal	0x1659a <__retarget_lock_close_recursive>
   13240: 83 30 81 4e  	ld	ra, 0x4e8(sp)
   13244: 03 34 01 4e  	ld	s0, 0x4e0(sp)
   13248: 03 39 01 4d  	ld	s2, 0x4d0(sp)
   1324c: 83 39 81 4c  	ld	s3, 0x4c8(sp)
   13250: 26 85        	mv	a0, s1
   13252: 83 34 81 4d  	ld	s1, 0x4d8(sp)
   13256: 13 01 01 4f  	addi	sp, sp, 0x4f0
   1325a: 82 80        	ret
   1325c: 2c 00        	addi	a1, sp, 0x8
   1325e: 4a 85        	mv	a0, s2
   13260: ef 00 40 3b  	jal	0x13614 <_fflush_r>
   13264: 61 d1        	beqz	a0, 0x13224 <__sbprintf+0x6c>
   13266: fd 54        	li	s1, -0x1
   13268: 75 bf        	j	0x13224 <__sbprintf+0x6c>

000000000001326a <__swsetup_r>:
   1326a: 83 b7 81 70  	ld	a5, 0x708(gp)
   1326e: 01 11        	addi	sp, sp, -0x20
   13270: 22 e8        	sd	s0, 0x10(sp)
   13272: 26 e4        	sd	s1, 0x8(sp)
   13274: 06 ec        	sd	ra, 0x18(sp)
   13276: aa 84        	mv	s1, a0
   13278: 2e 84        	mv	s0, a1
   1327a: 99 c3        	beqz	a5, 0x13280 <__swsetup_r+0x16>
   1327c: b8 4b        	lw	a4, 0x50(a5)
   1327e: 41 c3        	beqz	a4, 0x132fe <__swsetup_r+0x94>
   13280: 83 17 04 01  	lh	a5, 0x10(s0)
   13284: 13 f7 87 00  	andi	a4, a5, 0x8
   13288: 15 c3        	beqz	a4, 0x132ac <__swsetup_r+0x42>
   1328a: 18 6c        	ld	a4, 0x18(s0)
   1328c: 05 cf        	beqz	a4, 0x132c4 <__swsetup_r+0x5a>
   1328e: 13 f7 17 00  	andi	a4, a5, 0x1
   13292: 2d c3        	beqz	a4, 0x132f4 <__swsetup_r+0x8a>
   13294: 1c 50        	lw	a5, 0x20(s0)
   13296: 23 26 04 00  	sw	zero, 0xc(s0)
   1329a: bb 07 f0 40  	negw	a5, a5
   1329e: 1c d4        	sw	a5, 0x28(s0)
   132a0: 01 45        	li	a0, 0x0
   132a2: e2 60        	ld	ra, 0x18(sp)
   132a4: 42 64        	ld	s0, 0x10(sp)
   132a6: a2 64        	ld	s1, 0x8(sp)
   132a8: 05 61        	addi	sp, sp, 0x20
   132aa: 82 80        	ret
   132ac: 13 f7 07 01  	andi	a4, a5, 0x10
   132b0: 61 c7        	beqz	a4, 0x13378 <__swsetup_r+0x10e>
   132b2: 13 f7 47 00  	andi	a4, a5, 0x4
   132b6: 21 eb        	bnez	a4, 0x13306 <__swsetup_r+0x9c>
   132b8: 18 6c        	ld	a4, 0x18(s0)
   132ba: 93 e7 87 00  	ori	a5, a5, 0x8
   132be: 23 18 f4 00  	sh	a5, 0x10(s0)
   132c2: 71 f7        	bnez	a4, 0x1328e <__swsetup_r+0x24>
   132c4: 93 f6 07 28  	andi	a3, a5, 0x280
   132c8: 13 06 00 20  	li	a2, 0x200
   132cc: 63 94 c6 06  	bne	a3, a2, 0x13334 <__swsetup_r+0xca>
   132d0: 93 f6 17 00  	andi	a3, a5, 0x1
   132d4: d1 c2        	beqz	a3, 0x13358 <__swsetup_r+0xee>
   132d6: 18 50        	lw	a4, 0x20(s0)
   132d8: 23 26 04 00  	sw	zero, 0xc(s0)
   132dc: 3b 07 e0 40  	negw	a4, a4
   132e0: 18 d4        	sw	a4, 0x28(s0)
   132e2: 13 f7 07 08  	andi	a4, a5, 0x80
   132e6: 4d df        	beqz	a4, 0x132a0 <__swsetup_r+0x36>
   132e8: 93 e7 07 04  	ori	a5, a5, 0x40
   132ec: 23 18 f4 00  	sh	a5, 0x10(s0)
   132f0: 7d 55        	li	a0, -0x1
   132f2: 45 bf        	j	0x132a2 <__swsetup_r+0x38>
   132f4: 89 8b        	andi	a5, a5, 0x2
   132f6: 85 ef        	bnez	a5, 0x1332e <__swsetup_r+0xc4>
   132f8: 1c 50        	lw	a5, 0x20(s0)
   132fa: 5c c4        	sw	a5, 0xc(s0)
   132fc: 55 b7        	j	0x132a0 <__swsetup_r+0x36>
   132fe: 3e 85        	mv	a0, a5
   13300: ef 00 40 4d  	jal	0x137d4 <__sinit>
   13304: b5 bf        	j	0x13280 <__swsetup_r+0x16>
   13306: 2c 6c        	ld	a1, 0x58(s0)
   13308: 81 cd        	beqz	a1, 0x13320 <__swsetup_r+0xb6>
   1330a: 13 07 44 07  	addi	a4, s0, 0x74
   1330e: 63 87 e5 00  	beq	a1, a4, 0x1331c <__swsetup_r+0xb2>
   13312: 26 85        	mv	a0, s1
   13314: ef 00 f0 06  	jal	0x13b82 <_free_r>
   13318: 83 17 04 01  	lh	a5, 0x10(s0)
   1331c: 23 3c 04 04  	sd	zero, 0x58(s0)
   13320: 18 6c        	ld	a4, 0x18(s0)
   13322: 93 f7 b7 fd  	andi	a5, a5, -0x25
   13326: 23 24 04 00  	sw	zero, 0x8(s0)
   1332a: 18 e0        	sd	a4, 0x0(s0)
   1332c: 79 b7        	j	0x132ba <__swsetup_r+0x50>
   1332e: 23 26 04 00  	sw	zero, 0xc(s0)
   13332: bd b7        	j	0x132a0 <__swsetup_r+0x36>
   13334: 26 85        	mv	a0, s1
   13336: a2 85        	mv	a1, s0
   13338: ef 30 40 27  	jal	0x165ac <__smakebuf_r>
   1333c: 83 17 04 01  	lh	a5, 0x10(s0)
   13340: 18 6c        	ld	a4, 0x18(s0)
   13342: 93 f6 17 00  	andi	a3, a5, 0x1
   13346: 85 c2        	beqz	a3, 0x13366 <__swsetup_r+0xfc>
   13348: 14 50        	lw	a3, 0x20(s0)
   1334a: 23 26 04 00  	sw	zero, 0xc(s0)
   1334e: bb 06 d0 40  	negw	a3, a3
   13352: 14 d4        	sw	a3, 0x28(s0)
   13354: 59 d7        	beqz	a4, 0x132e2 <__swsetup_r+0x78>
   13356: a9 b7        	j	0x132a0 <__swsetup_r+0x36>
   13358: 93 f6 27 00  	andi	a3, a5, 0x2
   1335c: 99 ea        	bnez	a3, 0x13372 <__swsetup_r+0x108>
   1335e: 10 50        	lw	a2, 0x20(s0)
   13360: 50 c4        	sw	a2, 0xc(s0)
   13362: 41 d3        	beqz	a4, 0x132e2 <__swsetup_r+0x78>
   13364: 35 bf        	j	0x132a0 <__swsetup_r+0x36>
   13366: 93 f6 27 00  	andi	a3, a5, 0x2
   1336a: 01 46        	li	a2, 0x0
   1336c: f5 fa        	bnez	a3, 0x13360 <__swsetup_r+0xf6>
   1336e: 10 50        	lw	a2, 0x20(s0)
   13370: c5 bf        	j	0x13360 <__swsetup_r+0xf6>
   13372: 23 26 04 00  	sw	zero, 0xc(s0)
   13376: b5 b7        	j	0x132e2 <__swsetup_r+0x78>
   13378: 25 47        	li	a4, 0x9
   1337a: 93 e7 07 04  	ori	a5, a5, 0x40
   1337e: 98 c0        	sw	a4, 0x0(s1)
   13380: 23 18 f4 00  	sh	a5, 0x10(s0)
   13384: 7d 55        	li	a0, -0x1
   13386: 31 bf        	j	0x132a2 <__swsetup_r+0x38>

0000000000013388 <__call_exitprocs>:
   13388: 1d 71        	addi	sp, sp, -0x60
   1338a: 5a f0        	sd	s6, 0x20(sp)
   1338c: 13 8b 01 71  	addi	s6, gp, 0x710
   13390: 56 f4        	sd	s5, 0x28(sp)
   13392: aa 8a        	mv	s5, a0
   13394: 03 35 0b 00  	ld	a0, 0x0(s6)
   13398: ca e0        	sd	s2, 0x40(sp)
   1339a: 5e ec        	sd	s7, 0x18(sp)
   1339c: 66 e4        	sd	s9, 0x8(sp)
   1339e: 86 ec        	sd	ra, 0x58(sp)
   133a0: ae 8b        	mv	s7, a1
   133a2: ef 30 c0 1f  	jal	0x1659e <__retarget_lock_acquire_recursive>
   133a6: 83 bc 01 69  	ld	s9, 0x690(gp)
   133aa: 03 b9 8c 1f  	ld	s2, 0x1f8(s9)
   133ae: 63 00 09 04  	beqz	s2, 0x133ee <__call_exitprocs+0x66>
   133b2: 4e fc        	sd	s3, 0x38(sp)
   133b4: 52 f8        	sd	s4, 0x30(sp)
   133b6: a2 e8        	sd	s0, 0x50(sp)
   133b8: a6 e4        	sd	s1, 0x48(sp)
   133ba: 62 e8        	sd	s8, 0x10(sp)
   133bc: fd 59        	li	s3, -0x1
   133be: 05 4a        	li	s4, 0x1
   133c0: 83 24 89 00  	lw	s1, 0x8(s2)
   133c4: 1b 84 f4 ff  	addiw	s0, s1, -0x1
   133c8: 63 4e 04 00  	bltz	s0, 0x133e4 <__call_exitprocs+0x5c>
   133cc: 8e 04        	slli	s1, s1, 0x3
   133ce: ca 94        	add	s1, s1, s2
   133d0: 63 8a 0b 02  	beqz	s7, 0x13404 <__call_exitprocs+0x7c>
   133d4: 83 b7 84 20  	ld	a5, 0x208(s1)
   133d8: 63 86 77 03  	beq	a5, s7, 0x13404 <__call_exitprocs+0x7c>
   133dc: 7d 34        	addiw	s0, s0, -0x1
   133de: e1 14        	addi	s1, s1, -0x8
   133e0: e3 1a 34 ff  	bne	s0, s3, 0x133d4 <__call_exitprocs+0x4c>
   133e4: 46 64        	ld	s0, 0x50(sp)
   133e6: a6 64        	ld	s1, 0x48(sp)
   133e8: e2 79        	ld	s3, 0x38(sp)
   133ea: 42 7a        	ld	s4, 0x30(sp)
   133ec: 42 6c        	ld	s8, 0x10(sp)
   133ee: 03 35 0b 00  	ld	a0, 0x0(s6)
   133f2: e6 60        	ld	ra, 0x58(sp)
   133f4: 06 69        	ld	s2, 0x40(sp)
   133f6: a2 7a        	ld	s5, 0x28(sp)
   133f8: 02 7b        	ld	s6, 0x20(sp)
   133fa: e2 6b        	ld	s7, 0x18(sp)
   133fc: a2 6c        	ld	s9, 0x8(sp)
   133fe: 25 61        	addi	sp, sp, 0x60
   13400: 6f 30 a0 1a  	j	0x165aa <__retarget_lock_release_recursive>
   13404: 83 27 89 00  	lw	a5, 0x8(s2)
   13408: 94 64        	ld	a3, 0x8(s1)
   1340a: fd 37        	addiw	a5, a5, -0x1
   1340c: 63 8c 87 04  	beq	a5, s0, 0x13464 <__call_exitprocs+0xdc>
   13410: 23 b4 04 00  	sd	zero, 0x8(s1)
   13414: 95 c2        	beqz	a3, 0x13438 <__call_exitprocs+0xb0>
   13416: 83 27 09 31  	lw	a5, 0x310(s2)
   1341a: 3b 17 8a 00  	sllw	a4, s4, s0
   1341e: 03 2c 89 00  	lw	s8, 0x8(s2)
   13422: f9 8f        	and	a5, a5, a4
   13424: 99 ef        	bnez	a5, 0x13442 <__call_exitprocs+0xba>
   13426: 82 96        	jalr	a3
   13428: 83 27 89 00  	lw	a5, 0x8(s2)
   1342c: 63 97 87 03  	bne	a5, s8, 0x1345a <__call_exitprocs+0xd2>
   13430: 83 b7 8c 1f  	ld	a5, 0x1f8(s9)
   13434: 63 93 27 03  	bne	a5, s2, 0x1345a <__call_exitprocs+0xd2>
   13438: 7d 34        	addiw	s0, s0, -0x1
   1343a: e1 14        	addi	s1, s1, -0x8
   1343c: e3 1a 34 f9  	bne	s0, s3, 0x133d0 <__call_exitprocs+0x48>
   13440: 55 b7        	j	0x133e4 <__call_exitprocs+0x5c>
   13442: 83 27 49 31  	lw	a5, 0x314(s2)
   13446: 83 b5 84 10  	ld	a1, 0x108(s1)
   1344a: 7d 8f        	and	a4, a4, a5
   1344c: 19 ef        	bnez	a4, 0x1346a <__call_exitprocs+0xe2>
   1344e: 56 85        	mv	a0, s5
   13450: 82 96        	jalr	a3
   13452: 83 27 89 00  	lw	a5, 0x8(s2)
   13456: e3 8d 87 fd  	beq	a5, s8, 0x13430 <__call_exitprocs+0xa8>
   1345a: 03 b9 8c 1f  	ld	s2, 0x1f8(s9)
   1345e: e3 11 09 f6  	bnez	s2, 0x133c0 <__call_exitprocs+0x38>
   13462: 49 b7        	j	0x133e4 <__call_exitprocs+0x5c>
   13464: 23 24 89 00  	sw	s0, 0x8(s2)
   13468: 75 b7        	j	0x13414 <__call_exitprocs+0x8c>
   1346a: 2e 85        	mv	a0, a1
   1346c: 82 96        	jalr	a3
   1346e: 6d bf        	j	0x13428 <__call_exitprocs+0xa0>

0000000000013470 <atexit>:
   13470: aa 85        	mv	a1, a0
   13472: 81 46        	li	a3, 0x0
   13474: 01 46        	li	a2, 0x0
   13476: 01 45        	li	a0, 0x0
   13478: 6f 80 e0 57  	j	0x1b9f6 <__register_exitproc>

000000000001347c <__sflush_r>:
   1347c: 03 97 05 01  	lh	a4, 0x10(a1)
   13480: 79 71        	addi	sp, sp, -0x30
   13482: 22 f0        	sd	s0, 0x20(sp)
   13484: 4e e4        	sd	s3, 0x8(sp)
   13486: 06 f4        	sd	ra, 0x28(sp)
   13488: 93 77 87 00  	andi	a5, a4, 0x8
   1348c: 2e 84        	mv	s0, a1
   1348e: aa 89        	mv	s3, a0
   13490: e1 e7        	bnez	a5, 0x13558 <__sflush_r+0xdc>
   13492: 85 67        	lui	a5, 0x1
   13494: 93 87 07 80  	addi	a5, a5, -0x800
   13498: 94 45        	lw	a3, 0x8(a1)
   1349a: d9 8f        	or	a5, a5, a4
   1349c: 23 98 f5 00  	sh	a5, 0x10(a1)
   134a0: 63 59 d0 10  	blez	a3, 0x135b2 <__sflush_r+0x136>
   134a4: 03 38 84 04  	ld	a6, 0x48(s0)
   134a8: 63 02 08 0a  	beqz	a6, 0x1354c <__sflush_r+0xd0>
   134ac: 26 ec        	sd	s1, 0x18(sp)
   134ae: 93 16 37 03  	slli	a3, a4, 0x33
   134b2: 83 a4 09 00  	lw	s1, 0x0(s3)
   134b6: 23 a0 09 00  	sw	zero, 0x0(s3)
   134ba: 63 c3 06 10  	bltz	a3, 0x135c0 <__sflush_r+0x144>
   134be: 0c 78        	ld	a1, 0x30(s0)
   134c0: 01 46        	li	a2, 0x0
   134c2: 85 46        	li	a3, 0x1
   134c4: 4e 85        	mv	a0, s3
   134c6: 02 98        	jalr	a6
   134c8: fd 57        	li	a5, -0x1
   134ca: 2a 86        	mv	a2, a0
   134cc: 63 01 f5 12  	beq	a0, a5, 0x135ee <__sflush_r+0x172>
   134d0: 83 17 04 01  	lh	a5, 0x10(s0)
   134d4: 03 38 84 04  	ld	a6, 0x48(s0)
   134d8: 91 8b        	andi	a5, a5, 0x4
   134da: 99 c7        	beqz	a5, 0x134e8 <__sflush_r+0x6c>
   134dc: 18 44        	lw	a4, 0x8(s0)
   134de: 3c 6c        	ld	a5, 0x58(s0)
   134e0: 19 8e        	sub	a2, a2, a4
   134e2: 99 c3        	beqz	a5, 0x134e8 <__sflush_r+0x6c>
   134e4: 3c 58        	lw	a5, 0x70(s0)
   134e6: 1d 8e        	sub	a2, a2, a5
   134e8: 0c 78        	ld	a1, 0x30(s0)
   134ea: 81 46        	li	a3, 0x0
   134ec: 4e 85        	mv	a0, s3
   134ee: 02 98        	jalr	a6
   134f0: 7d 57        	li	a4, -0x1
   134f2: 83 17 04 01  	lh	a5, 0x10(s0)
   134f6: 63 17 e5 0c  	bne	a0, a4, 0x135c4 <__sflush_r+0x148>
   134fa: 83 a6 09 00  	lw	a3, 0x0(s3)
   134fe: 75 47        	li	a4, 0x1d
   13500: 63 63 d7 10  	bltu	a4, a3, 0x13606 <__sflush_r+0x18a>
   13504: 37 07 40 20  	lui	a4, 0x20400
   13508: 05 07        	addi	a4, a4, 0x1
   1350a: 33 57 d7 00  	srl	a4, a4, a3
   1350e: 05 8b        	andi	a4, a4, 0x1
   13510: 7d cb        	beqz	a4, 0x13606 <__sflush_r+0x18a>
   13512: 10 6c        	ld	a2, 0x18(s0)
   13514: 7d 77        	lui	a4, 0xfffff
   13516: 13 07 f7 7f  	addi	a4, a4, 0x7ff
   1351a: 7d 8f        	and	a4, a4, a5
   1351c: 23 18 e4 00  	sh	a4, 0x10(s0)
   13520: 23 24 04 00  	sw	zero, 0x8(s0)
   13524: 10 e0        	sd	a2, 0x0(s0)
   13526: 13 97 37 03  	slli	a4, a5, 0x33
   1352a: 63 53 07 00  	bgez	a4, 0x13530 <__sflush_r+0xb4>
   1352e: cd ca        	beqz	a3, 0x135e0 <__sflush_r+0x164>
   13530: 2c 6c        	ld	a1, 0x58(s0)
   13532: 23 a0 99 00  	sw	s1, 0x0(s3)
   13536: d5 c9        	beqz	a1, 0x135ea <__sflush_r+0x16e>
   13538: 93 07 44 07  	addi	a5, s0, 0x74
   1353c: 63 85 f5 00  	beq	a1, a5, 0x13546 <__sflush_r+0xca>
   13540: 4e 85        	mv	a0, s3
   13542: ef 00 00 64  	jal	0x13b82 <_free_r>
   13546: e2 64        	ld	s1, 0x18(sp)
   13548: 23 3c 04 04  	sd	zero, 0x58(s0)
   1354c: a2 70        	ld	ra, 0x28(sp)
   1354e: 02 74        	ld	s0, 0x20(sp)
   13550: a2 69        	ld	s3, 0x8(sp)
   13552: 01 45        	li	a0, 0x0
   13554: 45 61        	addi	sp, sp, 0x30
   13556: 82 80        	ret
   13558: 4a e8        	sd	s2, 0x10(sp)
   1355a: 03 b9 85 01  	ld	s2, 0x18(a1)
   1355e: 63 0f 09 04  	beqz	s2, 0x135bc <__sflush_r+0x140>
   13562: 26 ec        	sd	s1, 0x18(sp)
   13564: 84 61        	ld	s1, 0x0(a1)
   13566: 0d 8b        	andi	a4, a4, 0x3
   13568: 23 b0 25 01  	sd	s2, 0x0(a1)
   1356c: bb 84 24 41  	subw	s1, s1, s2
   13570: 81 47        	li	a5, 0x0
   13572: 11 e3        	bnez	a4, 0x13576 <__sflush_r+0xfa>
   13574: 9c 51        	lw	a5, 0x20(a1)
   13576: 5c c4        	sw	a5, 0xc(s0)
   13578: 63 46 90 00  	bgtz	s1, 0x13584 <__sflush_r+0x108>
   1357c: 3d a8        	j	0x135ba <__sflush_r+0x13e>
   1357e: 2a 99        	add	s2, s2, a0
   13580: 63 5d 90 02  	blez	s1, 0x135ba <__sflush_r+0x13e>
   13584: 3c 60        	ld	a5, 0x40(s0)
   13586: 0c 78        	ld	a1, 0x30(s0)
   13588: a6 86        	mv	a3, s1
   1358a: 4a 86        	mv	a2, s2
   1358c: 4e 85        	mv	a0, s3
   1358e: 82 97        	jalr	a5
   13590: 89 9c        	subw	s1, s1, a0
   13592: e3 46 a0 fe  	bgtz	a0, 0x1357e <__sflush_r+0x102>
   13596: 83 17 04 01  	lh	a5, 0x10(s0)
   1359a: 42 69        	ld	s2, 0x10(sp)
   1359c: 93 e7 07 04  	ori	a5, a5, 0x40
   135a0: a2 70        	ld	ra, 0x28(sp)
   135a2: 23 18 f4 00  	sh	a5, 0x10(s0)
   135a6: 02 74        	ld	s0, 0x20(sp)
   135a8: e2 64        	ld	s1, 0x18(sp)
   135aa: a2 69        	ld	s3, 0x8(sp)
   135ac: 7d 55        	li	a0, -0x1
   135ae: 45 61        	addi	sp, sp, 0x30
   135b0: 82 80        	ret
   135b2: b4 59        	lw	a3, 0x70(a1)
   135b4: e3 48 d0 ee  	bgtz	a3, 0x134a4 <__sflush_r+0x28>
   135b8: 51 bf        	j	0x1354c <__sflush_r+0xd0>
   135ba: e2 64        	ld	s1, 0x18(sp)
   135bc: 42 69        	ld	s2, 0x10(sp)
   135be: 79 b7        	j	0x1354c <__sflush_r+0xd0>
   135c0: 50 68        	ld	a2, 0x90(s0)
   135c2: 19 bf        	j	0x134d8 <__sflush_r+0x5c>
   135c4: 14 6c        	ld	a3, 0x18(s0)
   135c6: 7d 77        	lui	a4, 0xfffff
   135c8: 13 07 f7 7f  	addi	a4, a4, 0x7ff
   135cc: 7d 8f        	and	a4, a4, a5
   135ce: 23 18 e4 00  	sh	a4, 0x10(s0)
   135d2: 23 24 04 00  	sw	zero, 0x8(s0)
   135d6: 14 e0        	sd	a3, 0x0(s0)
   135d8: 13 97 37 03  	slli	a4, a5, 0x33
   135dc: e3 5a 07 f4  	bgez	a4, 0x13530 <__sflush_r+0xb4>
   135e0: 2c 6c        	ld	a1, 0x58(s0)
   135e2: 48 e8        	sd	a0, 0x90(s0)
   135e4: 23 a0 99 00  	sw	s1, 0x0(s3)
   135e8: a1 f9        	bnez	a1, 0x13538 <__sflush_r+0xbc>
   135ea: e2 64        	ld	s1, 0x18(sp)
   135ec: 85 b7        	j	0x1354c <__sflush_r+0xd0>
   135ee: 83 a7 09 00  	lw	a5, 0x0(s3)
   135f2: e3 8f 07 ec  	beqz	a5, 0x134d0 <__sflush_r+0x54>
   135f6: 75 47        	li	a4, 0x1d
   135f8: 63 8a e7 00  	beq	a5, a4, 0x1360c <__sflush_r+0x190>
   135fc: 59 47        	li	a4, 0x16
   135fe: 63 87 e7 00  	beq	a5, a4, 0x1360c <__sflush_r+0x190>
   13602: 83 17 04 01  	lh	a5, 0x10(s0)
   13606: 93 e7 07 04  	ori	a5, a5, 0x40
   1360a: 59 bf        	j	0x135a0 <__sflush_r+0x124>
   1360c: 23 a0 99 00  	sw	s1, 0x0(s3)
   13610: e2 64        	ld	s1, 0x18(sp)
   13612: 2d bf        	j	0x1354c <__sflush_r+0xd0>

0000000000013614 <_fflush_r>:
   13614: 01 11        	addi	sp, sp, -0x20
   13616: 22 e8        	sd	s0, 0x10(sp)
   13618: 26 e4        	sd	s1, 0x8(sp)
   1361a: 06 ec        	sd	ra, 0x18(sp)
   1361c: 4a e0        	sd	s2, 0x0(sp)
   1361e: aa 84        	mv	s1, a0
   13620: 2e 84        	mv	s0, a1
   13622: 19 c1        	beqz	a0, 0x13628 <_fflush_r+0x14>
   13624: 3c 49        	lw	a5, 0x50(a0)
   13626: a9 c3        	beqz	a5, 0x13668 <_fflush_r+0x54>
   13628: 83 17 04 01  	lh	a5, 0x10(s0)
   1362c: 01 49        	li	s2, 0x0
   1362e: 95 c7        	beqz	a5, 0x1365a <_fflush_r+0x46>
   13630: 03 27 04 0b  	lw	a4, 0xb0(s0)
   13634: 05 8b        	andi	a4, a4, 0x1
   13636: 01 e7        	bnez	a4, 0x1363e <_fflush_r+0x2a>
   13638: 93 f7 07 20  	andi	a5, a5, 0x200
   1363c: 8d cb        	beqz	a5, 0x1366e <_fflush_r+0x5a>
   1363e: 26 85        	mv	a0, s1
   13640: a2 85        	mv	a1, s0
   13642: ef f0 bf e3  	jal	0x1347c <__sflush_r>
   13646: 83 27 04 0b  	lw	a5, 0xb0(s0)
   1364a: 2a 89        	mv	s2, a0
   1364c: 85 8b        	andi	a5, a5, 0x1
   1364e: 91 e7        	bnez	a5, 0x1365a <_fflush_r+0x46>
   13650: 83 57 04 01  	lhu	a5, 0x10(s0)
   13654: 93 f7 07 20  	andi	a5, a5, 0x200
   13658: 85 cb        	beqz	a5, 0x13688 <_fflush_r+0x74>
   1365a: e2 60        	ld	ra, 0x18(sp)
   1365c: 42 64        	ld	s0, 0x10(sp)
   1365e: a2 64        	ld	s1, 0x8(sp)
   13660: 4a 85        	mv	a0, s2
   13662: 02 69        	ld	s2, 0x0(sp)
   13664: 05 61        	addi	sp, sp, 0x20
   13666: 82 80        	ret
   13668: ef 00 c0 16  	jal	0x137d4 <__sinit>
   1366c: 75 bf        	j	0x13628 <_fflush_r+0x14>
   1366e: 48 70        	ld	a0, 0xa0(s0)
   13670: ef 20 f0 72  	jal	0x1659e <__retarget_lock_acquire_recursive>
   13674: 26 85        	mv	a0, s1
   13676: a2 85        	mv	a1, s0
   13678: ef f0 5f e0  	jal	0x1347c <__sflush_r>
   1367c: 83 27 04 0b  	lw	a5, 0xb0(s0)
   13680: 2a 89        	mv	s2, a0
   13682: 85 8b        	andi	a5, a5, 0x1
   13684: f9 fb        	bnez	a5, 0x1365a <_fflush_r+0x46>
   13686: e9 b7        	j	0x13650 <_fflush_r+0x3c>
   13688: 48 70        	ld	a0, 0xa0(s0)
   1368a: ef 20 10 72  	jal	0x165aa <__retarget_lock_release_recursive>
   1368e: e2 60        	ld	ra, 0x18(sp)
   13690: 42 64        	ld	s0, 0x10(sp)
   13692: a2 64        	ld	s1, 0x8(sp)
   13694: 4a 85        	mv	a0, s2
   13696: 02 69        	ld	s2, 0x0(sp)
   13698: 05 61        	addi	sp, sp, 0x20
   1369a: 82 80        	ret

000000000001369c <fflush>:
   1369c: 35 c9        	beqz	a0, 0x13710 <fflush+0x74>
   1369e: 01 11        	addi	sp, sp, -0x20
   136a0: 4a e0        	sd	s2, 0x0(sp)
   136a2: 03 b9 81 70  	ld	s2, 0x708(gp)
   136a6: 22 e8        	sd	s0, 0x10(sp)
   136a8: 06 ec        	sd	ra, 0x18(sp)
   136aa: 26 e4        	sd	s1, 0x8(sp)
   136ac: 2a 84        	mv	s0, a0
   136ae: 63 05 09 00  	beqz	s2, 0x136b8 <fflush+0x1c>
   136b2: 83 27 09 05  	lw	a5, 0x50(s2)
   136b6: a9 c3        	beqz	a5, 0x136f8 <fflush+0x5c>
   136b8: 83 17 04 01  	lh	a5, 0x10(s0)
   136bc: 81 44        	li	s1, 0x0
   136be: 95 c7        	beqz	a5, 0x136ea <fflush+0x4e>
   136c0: 03 27 04 0b  	lw	a4, 0xb0(s0)
   136c4: 05 8b        	andi	a4, a4, 0x1
   136c6: 01 e7        	bnez	a4, 0x136ce <fflush+0x32>
   136c8: 93 f7 07 20  	andi	a5, a5, 0x200
   136cc: 95 cb        	beqz	a5, 0x13700 <fflush+0x64>
   136ce: 4a 85        	mv	a0, s2
   136d0: a2 85        	mv	a1, s0
   136d2: ef f0 bf da  	jal	0x1347c <__sflush_r>
   136d6: 83 27 04 0b  	lw	a5, 0xb0(s0)
   136da: aa 84        	mv	s1, a0
   136dc: 85 8b        	andi	a5, a5, 0x1
   136de: 91 e7        	bnez	a5, 0x136ea <fflush+0x4e>
   136e0: 83 57 04 01  	lhu	a5, 0x10(s0)
   136e4: 93 f7 07 20  	andi	a5, a5, 0x200
   136e8: 85 c3        	beqz	a5, 0x13708 <fflush+0x6c>
   136ea: e2 60        	ld	ra, 0x18(sp)
   136ec: 42 64        	ld	s0, 0x10(sp)
   136ee: 02 69        	ld	s2, 0x0(sp)
   136f0: 26 85        	mv	a0, s1
   136f2: a2 64        	ld	s1, 0x8(sp)
   136f4: 05 61        	addi	sp, sp, 0x20
   136f6: 82 80        	ret
   136f8: 4a 85        	mv	a0, s2
   136fa: ef 00 a0 0d  	jal	0x137d4 <__sinit>
   136fe: 6d bf        	j	0x136b8 <fflush+0x1c>
   13700: 48 70        	ld	a0, 0xa0(s0)
   13702: ef 20 d0 69  	jal	0x1659e <__retarget_lock_acquire_recursive>
   13706: e1 b7        	j	0x136ce <fflush+0x32>
   13708: 48 70        	ld	a0, 0xa0(s0)
   1370a: ef 20 10 6a  	jal	0x165aa <__retarget_lock_release_recursive>
   1370e: f1 bf        	j	0x136ea <fflush+0x4e>
   13710: 03 b5 01 69  	ld	a0, 0x690(gp)
   13714: 97 05 00 00  	auipc	a1, 0x0
   13718: 93 85 05 f0  	addi	a1, a1, -0x100
   1371c: 6f 00 f0 26  	j	0x1418a <_fwalk_reent>

0000000000013720 <_cleanup_r>:
   13720: 97 85 00 00  	auipc	a1, 0x8
   13724: 93 85 c5 47  	addi	a1, a1, 0x47c
   13728: 6f 00 30 26  	j	0x1418a <_fwalk_reent>

000000000001372c <__fp_lock>:
   1372c: 83 27 05 0b  	lw	a5, 0xb0(a0)
   13730: 85 8b        	andi	a5, a5, 0x1
   13732: 91 e7        	bnez	a5, 0x1373e <__fp_lock+0x12>
   13734: 83 57 05 01  	lhu	a5, 0x10(a0)
   13738: 93 f7 07 20  	andi	a5, a5, 0x200
   1373c: 99 c3        	beqz	a5, 0x13742 <__fp_lock+0x16>
   1373e: 01 45        	li	a0, 0x0
   13740: 82 80        	ret
   13742: 48 71        	ld	a0, 0xa0(a0)
   13744: 41 11        	addi	sp, sp, -0x10
   13746: 06 e4        	sd	ra, 0x8(sp)
   13748: ef 20 70 65  	jal	0x1659e <__retarget_lock_acquire_recursive>
   1374c: a2 60        	ld	ra, 0x8(sp)
   1374e: 01 45        	li	a0, 0x0
   13750: 41 01        	addi	sp, sp, 0x10
   13752: 82 80        	ret

0000000000013754 <__fp_unlock>:
   13754: 83 27 05 0b  	lw	a5, 0xb0(a0)
   13758: 85 8b        	andi	a5, a5, 0x1
   1375a: 91 e7        	bnez	a5, 0x13766 <__fp_unlock+0x12>
   1375c: 83 57 05 01  	lhu	a5, 0x10(a0)
   13760: 93 f7 07 20  	andi	a5, a5, 0x200
   13764: 99 c3        	beqz	a5, 0x1376a <__fp_unlock+0x16>
   13766: 01 45        	li	a0, 0x0
   13768: 82 80        	ret
   1376a: 48 71        	ld	a0, 0xa0(a0)
   1376c: 41 11        	addi	sp, sp, -0x10
   1376e: 06 e4        	sd	ra, 0x8(sp)
   13770: ef 20 b0 63  	jal	0x165aa <__retarget_lock_release_recursive>
   13774: a2 60        	ld	ra, 0x8(sp)
   13776: 01 45        	li	a0, 0x0
   13778: 41 01        	addi	sp, sp, 0x10
   1377a: 82 80        	ret

000000000001377c <__sfmoreglue>:
   1377c: 01 11        	addi	sp, sp, -0x20
   1377e: 26 e4        	sd	s1, 0x8(sp)
   13780: 93 07 80 0b  	li	a5, 0xb8
   13784: 9b 84 f5 ff  	addiw	s1, a1, -0x1
   13788: b3 84 f4 02  	mul	s1, s1, a5
   1378c: 4a e0        	sd	s2, 0x0(sp)
   1378e: 2e 89        	mv	s2, a1
   13790: 22 e8        	sd	s0, 0x10(sp)
   13792: 06 ec        	sd	ra, 0x18(sp)
   13794: 93 85 04 0d  	addi	a1, s1, 0xd0
   13798: ef 20 f0 7a  	jal	0x16746 <_malloc_r>
   1379c: 2a 84        	mv	s0, a0
   1379e: 01 cd        	beqz	a0, 0x137b6 <__sfmoreglue+0x3a>
   137a0: 61 05        	addi	a0, a0, 0x18
   137a2: 23 30 04 00  	sd	zero, 0x0(s0)
   137a6: 23 24 24 01  	sw	s2, 0x8(s0)
   137aa: 13 86 84 0b  	addi	a2, s1, 0xb8
   137ae: 08 e8        	sd	a0, 0x10(s0)
   137b0: 81 45        	li	a1, 0x0
   137b2: ef d0 af d2  	jal	0x10cdc <memset>
   137b6: e2 60        	ld	ra, 0x18(sp)
   137b8: 22 85        	mv	a0, s0
   137ba: 42 64        	ld	s0, 0x10(sp)
   137bc: a2 64        	ld	s1, 0x8(sp)
   137be: 02 69        	ld	s2, 0x0(sp)
   137c0: 05 61        	addi	sp, sp, 0x20
   137c2: 82 80        	ret

00000000000137c4 <_cleanup>:
   137c4: 03 b5 01 69  	ld	a0, 0x690(gp)
   137c8: 97 85 00 00  	auipc	a1, 0x8
   137cc: 93 85 45 3d  	addi	a1, a1, 0x3d4
   137d0: 6f 00 b0 1b  	j	0x1418a <_fwalk_reent>

00000000000137d4 <__sinit>:
   137d4: 39 71        	addi	sp, sp, -0x40
   137d6: 26 f4        	sd	s1, 0x28(sp)
   137d8: aa 84        	mv	s1, a0
   137da: 13 85 81 76  	addi	a0, gp, 0x768
   137de: 06 fc        	sd	ra, 0x38(sp)
   137e0: ef 20 f0 5b  	jal	0x1659e <__retarget_lock_acquire_recursive>
   137e4: bc 48        	lw	a5, 0x50(s1)
   137e6: 13 85 81 76  	addi	a0, gp, 0x768
   137ea: 63 97 07 12  	bnez	a5, 0x13918 <__sinit+0x144>
   137ee: 22 f8        	sd	s0, 0x30(sp)
   137f0: 80 64        	ld	s0, 0x8(s1)
   137f2: 4a f0        	sd	s2, 0x20(sp)
   137f4: 4e ec        	sd	s3, 0x18(sp)
   137f6: 52 e8        	sd	s4, 0x10(sp)
   137f8: 56 e4        	sd	s5, 0x8(sp)
   137fa: 97 06 00 00  	auipc	a3, 0x0
   137fe: 93 86 66 f2  	addi	a3, a3, -0xda
   13802: 0d 47        	li	a4, 0x3
   13804: 93 87 84 53  	addi	a5, s1, 0x538
   13808: b4 ec        	sd	a3, 0x58(s1)
   1380a: 23 a4 e4 52  	sw	a4, 0x528(s1)
   1380e: 23 b8 f4 52  	sd	a5, 0x530(s1)
   13812: 23 b0 04 52  	sd	zero, 0x520(s1)
   13816: 91 47        	li	a5, 0x4
   13818: 1c c8        	sw	a5, 0x10(s0)
   1381a: 21 46        	li	a2, 0x8
   1381c: 81 45        	li	a1, 0x0
   1381e: 23 30 04 00  	sd	zero, 0x0(s0)
   13822: 23 34 04 00  	sd	zero, 0x8(s0)
   13826: 23 28 04 0a  	sw	zero, 0xb0(s0)
   1382a: 23 3c 04 00  	sd	zero, 0x18(s0)
   1382e: 23 20 04 02  	sw	zero, 0x20(s0)
   13832: 23 24 04 02  	sw	zero, 0x28(s0)
   13836: 13 05 84 0a  	addi	a0, s0, 0xa8
   1383a: ef d0 2f ca  	jal	0x10cdc <memset>
   1383e: 97 5a 00 00  	auipc	s5, 0x5
   13842: 93 8a 2a c8  	addi	s5, s5, -0x37e
   13846: 17 5a 00 00  	auipc	s4, 0x5
   1384a: 13 0a 6a cb  	addi	s4, s4, -0x34a
   1384e: 97 59 00 00  	auipc	s3, 0x5
   13852: 93 89 29 d0  	addi	s3, s3, -0x2fe
   13856: 17 59 00 00  	auipc	s2, 0x5
   1385a: 13 09 89 d3  	addi	s2, s2, -0x2c8
   1385e: 23 3c 54 03  	sd	s5, 0x38(s0)
   13862: 23 30 44 05  	sd	s4, 0x40(s0)
   13866: 23 34 34 05  	sd	s3, 0x48(s0)
   1386a: 23 38 24 05  	sd	s2, 0x50(s0)
   1386e: 13 05 04 0a  	addi	a0, s0, 0xa0
   13872: 00 f8        	sd	s0, 0x30(s0)
   13874: ef 20 30 52  	jal	0x16596 <__retarget_lock_init_recursive>
   13878: 80 68        	ld	s0, 0x10(s1)
   1387a: c1 67        	lui	a5, 0x10
   1387c: a5 07        	addi	a5, a5, 0x9
   1387e: 1c c8        	sw	a5, 0x10(s0)
   13880: 21 46        	li	a2, 0x8
   13882: 81 45        	li	a1, 0x0
   13884: 23 30 04 00  	sd	zero, 0x0(s0)
   13888: 23 34 04 00  	sd	zero, 0x8(s0)
   1388c: 23 28 04 0a  	sw	zero, 0xb0(s0)
   13890: 23 3c 04 00  	sd	zero, 0x18(s0)
   13894: 23 20 04 02  	sw	zero, 0x20(s0)
   13898: 23 24 04 02  	sw	zero, 0x28(s0)
   1389c: 13 05 84 0a  	addi	a0, s0, 0xa8
   138a0: ef d0 cf c3  	jal	0x10cdc <memset>
   138a4: 13 05 04 0a  	addi	a0, s0, 0xa0
   138a8: 23 3c 54 03  	sd	s5, 0x38(s0)
   138ac: 23 30 44 05  	sd	s4, 0x40(s0)
   138b0: 23 34 34 05  	sd	s3, 0x48(s0)
   138b4: 23 38 24 05  	sd	s2, 0x50(s0)
   138b8: 00 f8        	sd	s0, 0x30(s0)
   138ba: ef 20 d0 4d  	jal	0x16596 <__retarget_lock_init_recursive>
   138be: 80 6c        	ld	s0, 0x18(s1)
   138c0: b7 07 02 00  	lui	a5, 0x20
   138c4: c9 07        	addi	a5, a5, 0x12
   138c6: 1c c8        	sw	a5, 0x10(s0)
   138c8: 23 30 04 00  	sd	zero, 0x0(s0)
   138cc: 23 34 04 00  	sd	zero, 0x8(s0)
   138d0: 23 28 04 0a  	sw	zero, 0xb0(s0)
   138d4: 23 3c 04 00  	sd	zero, 0x18(s0)
   138d8: 23 20 04 02  	sw	zero, 0x20(s0)
   138dc: 23 24 04 02  	sw	zero, 0x28(s0)
   138e0: 13 05 84 0a  	addi	a0, s0, 0xa8
   138e4: 21 46        	li	a2, 0x8
   138e6: 81 45        	li	a1, 0x0
   138e8: ef d0 4f bf  	jal	0x10cdc <memset>
   138ec: 13 05 04 0a  	addi	a0, s0, 0xa0
   138f0: 23 3c 54 03  	sd	s5, 0x38(s0)
   138f4: 23 30 44 05  	sd	s4, 0x40(s0)
   138f8: 23 34 34 05  	sd	s3, 0x48(s0)
   138fc: 23 38 24 05  	sd	s2, 0x50(s0)
   13900: 00 f8        	sd	s0, 0x30(s0)
   13902: ef 20 50 49  	jal	0x16596 <__retarget_lock_init_recursive>
   13906: 42 74        	ld	s0, 0x30(sp)
   13908: 02 79        	ld	s2, 0x20(sp)
   1390a: e2 69        	ld	s3, 0x18(sp)
   1390c: 42 6a        	ld	s4, 0x10(sp)
   1390e: a2 6a        	ld	s5, 0x8(sp)
   13910: 85 47        	li	a5, 0x1
   13912: bc c8        	sw	a5, 0x50(s1)
   13914: 13 85 81 76  	addi	a0, gp, 0x768
   13918: e2 70        	ld	ra, 0x38(sp)
   1391a: a2 74        	ld	s1, 0x28(sp)
   1391c: 21 61        	addi	sp, sp, 0x40
   1391e: 6f 20 d0 48  	j	0x165aa <__retarget_lock_release_recursive>

0000000000013922 <__sfp>:
   13922: 79 71        	addi	sp, sp, -0x30
   13924: 4a e8        	sd	s2, 0x10(sp)
   13926: 2a 89        	mv	s2, a0
   13928: 13 85 01 76  	addi	a0, gp, 0x760
   1392c: 26 ec        	sd	s1, 0x18(sp)
   1392e: 06 f4        	sd	ra, 0x28(sp)
   13930: 22 f0        	sd	s0, 0x20(sp)
   13932: 4e e4        	sd	s3, 0x8(sp)
   13934: ef 20 b0 46  	jal	0x1659e <__retarget_lock_acquire_recursive>
   13938: 83 b4 01 69  	ld	s1, 0x690(gp)
   1393c: bc 48        	lw	a5, 0x50(s1)
   1393e: d9 c7        	beqz	a5, 0x139cc <__sfp+0xaa>
   13940: 93 84 04 52  	addi	s1, s1, 0x520
   13944: 93 09 80 0b  	li	s3, 0xb8
   13948: 98 44        	lw	a4, 0x8(s1)
   1394a: 80 68        	ld	s0, 0x10(s1)
   1394c: 63 5c e0 06  	blez	a4, 0x139c4 <__sfp+0xa2>
   13950: 02 17        	slli	a4, a4, 0x20
   13952: 01 93        	srli	a4, a4, 0x20
   13954: 33 07 37 03  	mul	a4, a4, s3
   13958: 22 97        	add	a4, a4, s0
   1395a: 29 a0        	j	0x13964 <__sfp+0x42>
   1395c: 13 04 84 0b  	addi	s0, s0, 0xb8
   13960: 63 02 e4 06  	beq	s0, a4, 0x139c4 <__sfp+0xa2>
   13964: 83 17 04 01  	lh	a5, 0x10(s0)
   13968: f5 fb        	bnez	a5, 0x1395c <__sfp+0x3a>
   1396a: c1 77        	lui	a5, 0xffff0
   1396c: 85 07        	addi	a5, a5, 0x1
   1396e: 1c c8        	sw	a5, 0x10(s0)
   13970: 13 05 04 0a  	addi	a0, s0, 0xa0
   13974: 23 28 04 0a  	sw	zero, 0xb0(s0)
   13978: ef 20 f0 41  	jal	0x16596 <__retarget_lock_init_recursive>
   1397c: 13 85 01 76  	addi	a0, gp, 0x760
   13980: ef 20 b0 42  	jal	0x165aa <__retarget_lock_release_recursive>
   13984: 13 05 84 0a  	addi	a0, s0, 0xa8
   13988: 23 30 04 00  	sd	zero, 0x0(s0)
   1398c: 23 34 04 00  	sd	zero, 0x8(s0)
   13990: 23 3c 04 00  	sd	zero, 0x18(s0)
   13994: 23 20 04 02  	sw	zero, 0x20(s0)
   13998: 23 24 04 02  	sw	zero, 0x28(s0)
   1399c: 21 46        	li	a2, 0x8
   1399e: 81 45        	li	a1, 0x0
   139a0: ef d0 cf b3  	jal	0x10cdc <memset>
   139a4: 23 3c 04 04  	sd	zero, 0x58(s0)
   139a8: 23 20 04 06  	sw	zero, 0x60(s0)
   139ac: 23 3c 04 06  	sd	zero, 0x78(s0)
   139b0: 23 20 04 08  	sw	zero, 0x80(s0)
   139b4: a2 70        	ld	ra, 0x28(sp)
   139b6: 22 85        	mv	a0, s0
   139b8: 02 74        	ld	s0, 0x20(sp)
   139ba: e2 64        	ld	s1, 0x18(sp)
   139bc: 42 69        	ld	s2, 0x10(sp)
   139be: a2 69        	ld	s3, 0x8(sp)
   139c0: 45 61        	addi	sp, sp, 0x30
   139c2: 82 80        	ret
   139c4: 80 60        	ld	s0, 0x0(s1)
   139c6: 19 c4        	beqz	s0, 0x139d4 <__sfp+0xb2>
   139c8: a2 84        	mv	s1, s0
   139ca: bd bf        	j	0x13948 <__sfp+0x26>
   139cc: 26 85        	mv	a0, s1
   139ce: ef f0 7f e0  	jal	0x137d4 <__sinit>
   139d2: bd b7        	j	0x13940 <__sfp+0x1e>
   139d4: 93 05 80 2f  	li	a1, 0x2f8
   139d8: 4a 85        	mv	a0, s2
   139da: ef 20 d0 56  	jal	0x16746 <_malloc_r>
   139de: 2a 84        	mv	s0, a0
   139e0: 19 cd        	beqz	a0, 0x139fe <__sfp+0xdc>
   139e2: 91 47        	li	a5, 0x4
   139e4: 61 05        	addi	a0, a0, 0x18
   139e6: 23 30 04 00  	sd	zero, 0x0(s0)
   139ea: 1c c4        	sw	a5, 0x8(s0)
   139ec: 08 e8        	sd	a0, 0x10(s0)
   139ee: 13 06 00 2e  	li	a2, 0x2e0
   139f2: 81 45        	li	a1, 0x0
   139f4: ef d0 8f ae  	jal	0x10cdc <memset>
   139f8: 80 e0        	sd	s0, 0x0(s1)
   139fa: a2 84        	mv	s1, s0
   139fc: b1 b7        	j	0x13948 <__sfp+0x26>
   139fe: 23 b0 04 00  	sd	zero, 0x0(s1)
   13a02: 13 85 01 76  	addi	a0, gp, 0x760
   13a06: ef 20 50 3a  	jal	0x165aa <__retarget_lock_release_recursive>
   13a0a: b1 47        	li	a5, 0xc
   13a0c: 23 20 f9 00  	sw	a5, 0x0(s2)
   13a10: 55 b7        	j	0x139b4 <__sfp+0x92>

0000000000013a12 <__sfp_lock_acquire>:
   13a12: 13 85 01 76  	addi	a0, gp, 0x760
   13a16: 6f 20 90 38  	j	0x1659e <__retarget_lock_acquire_recursive>

0000000000013a1a <__sfp_lock_release>:
   13a1a: 13 85 01 76  	addi	a0, gp, 0x760
   13a1e: 6f 20 d0 38  	j	0x165aa <__retarget_lock_release_recursive>

0000000000013a22 <__sinit_lock_acquire>:
   13a22: 13 85 81 76  	addi	a0, gp, 0x768
   13a26: 6f 20 90 37  	j	0x1659e <__retarget_lock_acquire_recursive>

0000000000013a2a <__sinit_lock_release>:
   13a2a: 13 85 81 76  	addi	a0, gp, 0x768
   13a2e: 6f 20 d0 37  	j	0x165aa <__retarget_lock_release_recursive>

0000000000013a32 <__fp_lock_all>:
   13a32: 41 11        	addi	sp, sp, -0x10
   13a34: 13 85 01 76  	addi	a0, gp, 0x760
   13a38: 06 e4        	sd	ra, 0x8(sp)
   13a3a: ef 20 50 36  	jal	0x1659e <__retarget_lock_acquire_recursive>
   13a3e: a2 60        	ld	ra, 0x8(sp)
   13a40: 03 b5 81 70  	ld	a0, 0x708(gp)
   13a44: 97 05 00 00  	auipc	a1, 0x0
   13a48: 93 85 85 ce  	addi	a1, a1, -0x318
   13a4c: 41 01        	addi	sp, sp, 0x10
   13a4e: c1 a5        	j	0x1410e <_fwalk>

0000000000013a50 <__fp_unlock_all>:
   13a50: 03 b5 81 70  	ld	a0, 0x708(gp)
   13a54: 41 11        	addi	sp, sp, -0x10
   13a56: 97 05 00 00  	auipc	a1, 0x0
   13a5a: 93 85 e5 cf  	addi	a1, a1, -0x302
   13a5e: 06 e4        	sd	ra, 0x8(sp)
   13a60: ef 00 e0 6a  	jal	0x1410e <_fwalk>
   13a64: a2 60        	ld	ra, 0x8(sp)
   13a66: 13 85 01 76  	addi	a0, gp, 0x760
   13a6a: 41 01        	addi	sp, sp, 0x10
   13a6c: 6f 20 f0 33  	j	0x165aa <__retarget_lock_release_recursive>

0000000000013a70 <__libc_fini_array>:
   13a70: 01 11        	addi	sp, sp, -0x20
   13a72: 22 e8        	sd	s0, 0x10(sp)
   13a74: 97 c7 00 00  	auipc	a5, 0xc
   13a78: 93 87 c7 59  	addi	a5, a5, 0x59c
   13a7c: 17 c4 00 00  	auipc	s0, 0xc
   13a80: 13 04 c4 59  	addi	s0, s0, 0x59c
   13a84: 1d 8c        	sub	s0, s0, a5
   13a86: 26 e4        	sd	s1, 0x8(sp)
   13a88: 06 ec        	sd	ra, 0x18(sp)
   13a8a: 93 54 34 40  	srai	s1, s0, 0x3
   13a8e: 81 c8        	beqz	s1, 0x13a9e <__libc_fini_array+0x2e>
   13a90: 61 14        	addi	s0, s0, -0x8
   13a92: 3e 94        	add	s0, s0, a5
   13a94: 1c 60        	ld	a5, 0x0(s0)
   13a96: fd 14        	addi	s1, s1, -0x1
   13a98: 61 14        	addi	s0, s0, -0x8
   13a9a: 82 97        	jalr	a5
   13a9c: e5 fc        	bnez	s1, 0x13a94 <__libc_fini_array+0x24>
   13a9e: e2 60        	ld	ra, 0x18(sp)
   13aa0: 42 64        	ld	s0, 0x10(sp)
   13aa2: a2 64        	ld	s1, 0x8(sp)
   13aa4: 05 61        	addi	sp, sp, 0x20
   13aa6: 82 80        	ret

0000000000013aa8 <_malloc_trim_r>:
   13aa8: 79 71        	addi	sp, sp, -0x30
   13aaa: 22 f0        	sd	s0, 0x20(sp)
   13aac: 26 ec        	sd	s1, 0x18(sp)
   13aae: 4a e8        	sd	s2, 0x10(sp)
   13ab0: 4e e4        	sd	s3, 0x8(sp)
   13ab2: 52 e0        	sd	s4, 0x0(sp)
   13ab4: ae 89        	mv	s3, a1
   13ab6: 06 f4        	sd	ra, 0x28(sp)
   13ab8: 2a 89        	mv	s2, a0
   13aba: 17 da 00 00  	auipc	s4, 0xd
   13abe: 13 0a ea cb  	addi	s4, s4, -0x342
   13ac2: ef 30 60 51  	jal	0x16fd8 <__malloc_lock>
   13ac6: 83 37 0a 01  	ld	a5, 0x10(s4)
   13aca: 05 64        	lui	s0, 0x1
   13acc: 13 04 f4 fd  	addi	s0, s0, -0x21
   13ad0: 84 67        	ld	s1, 0x8(a5)
   13ad2: 85 67        	lui	a5, 0x1
   13ad4: f1 98        	andi	s1, s1, -0x4
   13ad6: 26 94        	add	s0, s0, s1
   13ad8: 33 04 34 41  	sub	s0, s0, s3
   13adc: 31 80        	srli	s0, s0, 0xc
   13ade: 7d 14        	addi	s0, s0, -0x1
   13ae0: 32 04        	slli	s0, s0, 0xc
   13ae2: 63 4b f4 00  	blt	s0, a5, 0x13af8 <_malloc_trim_r+0x50>
   13ae6: 81 45        	li	a1, 0x0
   13ae8: 4a 85        	mv	a0, s2
   13aea: ef 40 f0 11  	jal	0x18408 <_sbrk_r>
   13aee: 83 37 0a 01  	ld	a5, 0x10(s4)
   13af2: a6 97        	add	a5, a5, s1
   13af4: 63 0e f5 00  	beq	a0, a5, 0x13b10 <_malloc_trim_r+0x68>
   13af8: 4a 85        	mv	a0, s2
   13afa: ef 30 60 4e  	jal	0x16fe0 <__malloc_unlock>
   13afe: a2 70        	ld	ra, 0x28(sp)
   13b00: 02 74        	ld	s0, 0x20(sp)
   13b02: e2 64        	ld	s1, 0x18(sp)
   13b04: 42 69        	ld	s2, 0x10(sp)
   13b06: a2 69        	ld	s3, 0x8(sp)
   13b08: 02 6a        	ld	s4, 0x0(sp)
   13b0a: 01 45        	li	a0, 0x0
   13b0c: 45 61        	addi	sp, sp, 0x30
   13b0e: 82 80        	ret
   13b10: b3 05 80 40  	neg	a1, s0
   13b14: 4a 85        	mv	a0, s2
   13b16: ef 40 30 0f  	jal	0x18408 <_sbrk_r>
   13b1a: fd 57        	li	a5, -0x1
   13b1c: 63 0d f5 02  	beq	a0, a5, 0x13b56 <_malloc_trim_r+0xae>
   13b20: 03 37 0a 01  	ld	a4, 0x10(s4)
   13b24: 97 d7 00 00  	auipc	a5, 0xd
   13b28: 83 a7 c7 78  	lw	a5, 0x78c(a5)
   13b2c: 81 8c        	sub	s1, s1, s0
   13b2e: 93 e4 14 00  	ori	s1, s1, 0x1
   13b32: 04 e7        	sd	s1, 0x8(a4)
   13b34: 4a 85        	mv	a0, s2
   13b36: 81 9f        	subw	a5, a5, s0
   13b38: 17 d7 00 00  	auipc	a4, 0xd
   13b3c: 23 2c f7 76  	sw	a5, 0x778(a4)
   13b40: ef 30 00 4a  	jal	0x16fe0 <__malloc_unlock>
   13b44: a2 70        	ld	ra, 0x28(sp)
   13b46: 02 74        	ld	s0, 0x20(sp)
   13b48: e2 64        	ld	s1, 0x18(sp)
   13b4a: 42 69        	ld	s2, 0x10(sp)
   13b4c: a2 69        	ld	s3, 0x8(sp)
   13b4e: 02 6a        	ld	s4, 0x0(sp)
   13b50: 05 45        	li	a0, 0x1
   13b52: 45 61        	addi	sp, sp, 0x30
   13b54: 82 80        	ret
   13b56: 81 45        	li	a1, 0x0
   13b58: 4a 85        	mv	a0, s2
   13b5a: ef 40 f0 0a  	jal	0x18408 <_sbrk_r>
   13b5e: 03 37 0a 01  	ld	a4, 0x10(s4)
   13b62: fd 46        	li	a3, 0x1f
   13b64: b3 07 e5 40  	sub	a5, a0, a4
   13b68: e3 d8 f6 f8  	bge	a3, a5, 0x13af8 <_malloc_trim_r+0x50>
   13b6c: 83 b6 81 71  	ld	a3, 0x718(gp)
   13b70: 93 e7 17 00  	ori	a5, a5, 0x1
   13b74: 1c e7        	sd	a5, 0x8(a4)
   13b76: 15 8d        	sub	a0, a0, a3
   13b78: 97 d7 00 00  	auipc	a5, 0xd
   13b7c: 23 ac a7 72  	sw	a0, 0x738(a5)
   13b80: a5 bf        	j	0x13af8 <_malloc_trim_r+0x50>

0000000000013b82 <_free_r>:
   13b82: fd c1        	beqz	a1, 0x13c68 <_free_r+0xe6>
   13b84: 01 11        	addi	sp, sp, -0x20
   13b86: 22 e8        	sd	s0, 0x10(sp)
   13b88: 26 e4        	sd	s1, 0x8(sp)
   13b8a: 2e 84        	mv	s0, a1
   13b8c: aa 84        	mv	s1, a0
   13b8e: 06 ec        	sd	ra, 0x18(sp)
   13b90: ef 30 80 44  	jal	0x16fd8 <__malloc_lock>
   13b94: 83 35 84 ff  	ld	a1, -0x8(s0)
   13b98: 13 07 04 ff  	addi	a4, s0, -0x10
   13b9c: 17 d8 00 00  	auipc	a6, 0xd
   13ba0: 13 08 c8 bd  	addi	a6, a6, -0x424
   13ba4: 93 f7 e5 ff  	andi	a5, a1, -0x2
   13ba8: 33 06 f7 00  	add	a2, a4, a5
   13bac: 14 66        	ld	a3, 0x8(a2)
   13bae: 03 35 08 01  	ld	a0, 0x10(a6)
   13bb2: 93 f8 15 00  	andi	a7, a1, 0x1
   13bb6: f1 9a        	andi	a3, a3, -0x4
   13bb8: 63 05 c5 12  	beq	a0, a2, 0x13ce2 <_free_r+0x160>
   13bbc: 14 e6        	sd	a3, 0x8(a2)
   13bbe: 33 05 d6 00  	add	a0, a2, a3
   13bc2: 08 65        	ld	a0, 0x8(a0)
   13bc4: 05 89        	andi	a0, a0, 0x1
   13bc6: 63 9e 08 06  	bnez	a7, 0x13c42 <_free_r+0xc0>
   13bca: 03 33 04 ff  	ld	t1, -0x10(s0)
   13bce: 97 d8 00 00  	auipc	a7, 0xd
   13bd2: 93 88 a8 bb  	addi	a7, a7, -0x446
   13bd6: 33 07 67 40  	sub	a4, a4, t1
   13bda: 0c 6b        	ld	a1, 0x10(a4)
   13bdc: 9a 97        	add	a5, a5, t1
   13bde: 63 86 15 0f  	beq	a1, a7, 0x13cca <_free_r+0x148>
   13be2: 03 33 87 01  	ld	t1, 0x18(a4)
   13be6: 23 bc 65 00  	sd	t1, 0x18(a1)
   13bea: 23 38 b3 00  	sd	a1, 0x10(t1)
   13bee: 63 04 05 12  	beqz	a0, 0x13d16 <_free_r+0x194>
   13bf2: 93 e6 17 00  	ori	a3, a5, 0x1
   13bf6: 14 e7        	sd	a3, 0x8(a4)
   13bf8: 1c e2        	sd	a5, 0x0(a2)
   13bfa: 93 06 f0 1f  	li	a3, 0x1ff
   13bfe: 63 ef f6 06  	bltu	a3, a5, 0x13c7c <_free_r+0xfa>
   13c02: 8d 83        	srli	a5, a5, 0x3
   13c04: 81 27        	sext.w	a5, a5
   13c06: 9b 86 17 00  	addiw	a3, a5, 0x1
   13c0a: 9b 96 16 00  	slliw	a3, a3, 0x1
   13c0e: 8e 06        	slli	a3, a3, 0x3
   13c10: 03 35 88 00  	ld	a0, 0x8(a6)
   13c14: c2 96        	add	a3, a3, a6
   13c16: 8c 62        	ld	a1, 0x0(a3)
   13c18: 05 46        	li	a2, 0x1
   13c1a: 9b d7 27 40  	sraiw	a5, a5, 0x2
   13c1e: b3 17 f6 00  	sll	a5, a2, a5
   13c22: c9 8f        	or	a5, a5, a0
   13c24: 13 86 06 ff  	addi	a2, a3, -0x10
   13c28: 0c eb        	sd	a1, 0x10(a4)
   13c2a: 10 ef        	sd	a2, 0x18(a4)
   13c2c: 23 34 f8 00  	sd	a5, 0x8(a6)
   13c30: 98 e2        	sd	a4, 0x0(a3)
   13c32: 98 ed        	sd	a4, 0x18(a1)
   13c34: 42 64        	ld	s0, 0x10(sp)
   13c36: e2 60        	ld	ra, 0x18(sp)
   13c38: 26 85        	mv	a0, s1
   13c3a: a2 64        	ld	s1, 0x8(sp)
   13c3c: 05 61        	addi	sp, sp, 0x20
   13c3e: 6f 30 20 3a  	j	0x16fe0 <__malloc_unlock>
   13c42: 05 e5        	bnez	a0, 0x13c6a <_free_r+0xe8>
   13c44: b6 97        	add	a5, a5, a3
   13c46: 97 d8 00 00  	auipc	a7, 0xd
   13c4a: 93 88 28 b4  	addi	a7, a7, -0x4be
   13c4e: 14 6a        	ld	a3, 0x10(a2)
   13c50: 13 e5 17 00  	ori	a0, a5, 0x1
   13c54: b3 05 f7 00  	add	a1, a4, a5
   13c58: 63 8f 16 0f  	beq	a3, a7, 0x13d56 <_free_r+0x1d4>
   13c5c: 10 6e        	ld	a2, 0x18(a2)
   13c5e: 90 ee        	sd	a2, 0x18(a3)
   13c60: 14 ea        	sd	a3, 0x10(a2)
   13c62: 08 e7        	sd	a0, 0x8(a4)
   13c64: 9c e1        	sd	a5, 0x0(a1)
   13c66: 51 bf        	j	0x13bfa <_free_r+0x78>
   13c68: 82 80        	ret
   13c6a: 93 e5 15 00  	ori	a1, a1, 0x1
   13c6e: 23 3c b4 fe  	sd	a1, -0x8(s0)
   13c72: 1c e2        	sd	a5, 0x0(a2)
   13c74: 93 06 f0 1f  	li	a3, 0x1ff
   13c78: e3 f5 f6 f8  	bgeu	a3, a5, 0x13c02 <_free_r+0x80>
   13c7c: 93 d6 97 00  	srli	a3, a5, 0x9
   13c80: 11 46        	li	a2, 0x4
   13c82: 63 6c d6 08  	bltu	a2, a3, 0x13d1a <_free_r+0x198>
   13c86: 93 d6 67 00  	srli	a3, a5, 0x6
   13c8a: 9b 85 96 03  	addiw	a1, a3, 0x39
   13c8e: 9b 95 15 00  	slliw	a1, a1, 0x1
   13c92: 8e 05        	slli	a1, a1, 0x3
   13c94: 1b 86 86 03  	addiw	a2, a3, 0x38
   13c98: c2 95        	add	a1, a1, a6
   13c9a: 94 61        	ld	a3, 0x0(a1)
   13c9c: c1 15        	addi	a1, a1, -0x10
   13c9e: 63 96 d5 00  	bne	a1, a3, 0x13caa <_free_r+0x128>
   13ca2: e9 a0        	j	0x13d6c <_free_r+0x1ea>
   13ca4: 94 6a        	ld	a3, 0x10(a3)
   13ca6: 63 86 d5 00  	beq	a1, a3, 0x13cb2 <_free_r+0x130>
   13caa: 90 66        	ld	a2, 0x8(a3)
   13cac: 71 9a        	andi	a2, a2, -0x4
   13cae: e3 eb c7 fe  	bltu	a5, a2, 0x13ca4 <_free_r+0x122>
   13cb2: 8c 6e        	ld	a1, 0x18(a3)
   13cb4: 0c ef        	sd	a1, 0x18(a4)
   13cb6: 14 eb        	sd	a3, 0x10(a4)
   13cb8: 42 64        	ld	s0, 0x10(sp)
   13cba: e2 60        	ld	ra, 0x18(sp)
   13cbc: 98 e9        	sd	a4, 0x10(a1)
   13cbe: 26 85        	mv	a0, s1
   13cc0: a2 64        	ld	s1, 0x8(sp)
   13cc2: 98 ee        	sd	a4, 0x18(a3)
   13cc4: 05 61        	addi	sp, sp, 0x20
   13cc6: 6f 30 a0 31  	j	0x16fe0 <__malloc_unlock>
   13cca: 2d e9        	bnez	a0, 0x13d3c <_free_r+0x1ba>
   13ccc: 0c 6e        	ld	a1, 0x18(a2)
   13cce: 10 6a        	ld	a2, 0x10(a2)
   13cd0: be 96        	add	a3, a3, a5
   13cd2: 93 e7 16 00  	ori	a5, a3, 0x1
   13cd6: 0c ee        	sd	a1, 0x18(a2)
   13cd8: 90 e9        	sd	a2, 0x10(a1)
   13cda: 1c e7        	sd	a5, 0x8(a4)
   13cdc: 36 97        	add	a4, a4, a3
   13cde: 14 e3        	sd	a3, 0x0(a4)
   13ce0: 91 bf        	j	0x13c34 <_free_r+0xb2>
   13ce2: be 96        	add	a3, a3, a5
   13ce4: 63 9a 08 00  	bnez	a7, 0x13cf8 <_free_r+0x176>
   13ce8: 83 35 04 ff  	ld	a1, -0x10(s0)
   13cec: 0d 8f        	sub	a4, a4, a1
   13cee: 1c 6f        	ld	a5, 0x18(a4)
   13cf0: 10 6b        	ld	a2, 0x10(a4)
   13cf2: ae 96        	add	a3, a3, a1
   13cf4: 1c ee        	sd	a5, 0x18(a2)
   13cf6: 90 eb        	sd	a2, 0x10(a5)
   13cf8: 13 e6 16 00  	ori	a2, a3, 0x1
   13cfc: 83 b7 01 72  	ld	a5, 0x720(gp)
   13d00: 10 e7        	sd	a2, 0x8(a4)
   13d02: 23 38 e8 00  	sd	a4, 0x10(a6)
   13d06: e3 e7 f6 f2  	bltu	a3, a5, 0x13c34 <_free_r+0xb2>
   13d0a: 83 b5 01 78  	ld	a1, 0x780(gp)
   13d0e: 26 85        	mv	a0, s1
   13d10: ef f0 9f d9  	jal	0x13aa8 <_malloc_trim_r>
   13d14: 05 b7        	j	0x13c34 <_free_r+0xb2>
   13d16: b6 97        	add	a5, a5, a3
   13d18: 1d bf        	j	0x13c4e <_free_r+0xcc>
   13d1a: 51 46        	li	a2, 0x14
   13d1c: 63 75 d6 02  	bgeu	a2, a3, 0x13d46 <_free_r+0x1c4>
   13d20: 13 06 40 05  	li	a2, 0x54
   13d24: 63 6f d6 04  	bltu	a2, a3, 0x13d82 <_free_r+0x200>
   13d28: 93 d6 c7 00  	srli	a3, a5, 0xc
   13d2c: 9b 85 f6 06  	addiw	a1, a3, 0x6f
   13d30: 9b 95 15 00  	slliw	a1, a1, 0x1
   13d34: 8e 05        	slli	a1, a1, 0x3
   13d36: 1b 86 e6 06  	addiw	a2, a3, 0x6e
   13d3a: b9 bf        	j	0x13c98 <_free_r+0x116>
   13d3c: 93 e6 17 00  	ori	a3, a5, 0x1
   13d40: 14 e7        	sd	a3, 0x8(a4)
   13d42: 1c e2        	sd	a5, 0x0(a2)
   13d44: c5 bd        	j	0x13c34 <_free_r+0xb2>
   13d46: 9b 85 c6 05  	addiw	a1, a3, 0x5c
   13d4a: 9b 95 15 00  	slliw	a1, a1, 0x1
   13d4e: 8e 05        	slli	a1, a1, 0x3
   13d50: 1b 86 b6 05  	addiw	a2, a3, 0x5b
   13d54: 91 b7        	j	0x13c98 <_free_r+0x116>
   13d56: 23 34 e8 02  	sd	a4, 0x28(a6)
   13d5a: 23 30 e8 02  	sd	a4, 0x20(a6)
   13d5e: 23 3c 17 01  	sd	a7, 0x18(a4)
   13d62: 23 38 17 01  	sd	a7, 0x10(a4)
   13d66: 08 e7        	sd	a0, 0x8(a4)
   13d68: 9c e1        	sd	a5, 0x0(a1)
   13d6a: e9 b5        	j	0x13c34 <_free_r+0xb2>
   13d6c: 03 35 88 00  	ld	a0, 0x8(a6)
   13d70: 1b 56 26 40  	sraiw	a2, a2, 0x2
   13d74: 85 47        	li	a5, 0x1
   13d76: b3 97 c7 00  	sll	a5, a5, a2
   13d7a: c9 8f        	or	a5, a5, a0
   13d7c: 23 34 f8 00  	sd	a5, 0x8(a6)
   13d80: 15 bf        	j	0x13cb4 <_free_r+0x132>
   13d82: 13 06 40 15  	li	a2, 0x154
   13d86: 63 6c d6 00  	bltu	a2, a3, 0x13d9e <_free_r+0x21c>
   13d8a: 93 d6 f7 00  	srli	a3, a5, 0xf
   13d8e: 9b 85 86 07  	addiw	a1, a3, 0x78
   13d92: 9b 95 15 00  	slliw	a1, a1, 0x1
   13d96: 8e 05        	slli	a1, a1, 0x3
   13d98: 1b 86 76 07  	addiw	a2, a3, 0x77
   13d9c: f5 bd        	j	0x13c98 <_free_r+0x116>
   13d9e: 13 06 40 55  	li	a2, 0x554
   13da2: 63 6c d6 00  	bltu	a2, a3, 0x13dba <_free_r+0x238>
   13da6: 93 d6 27 01  	srli	a3, a5, 0x12
   13daa: 9b 85 d6 07  	addiw	a1, a3, 0x7d
   13dae: 9b 95 15 00  	slliw	a1, a1, 0x1
   13db2: 8e 05        	slli	a1, a1, 0x3
   13db4: 1b 86 c6 07  	addiw	a2, a3, 0x7c
   13db8: c5 b5        	j	0x13c98 <_free_r+0x116>
   13dba: 93 05 00 7f  	li	a1, 0x7f0
   13dbe: 13 06 e0 07  	li	a2, 0x7e
   13dc2: d9 bd        	j	0x13c98 <_free_r+0x116>

0000000000013dc4 <__sfvwrite_r>:
   13dc4: 1c 6a        	ld	a5, 0x10(a2)
   13dc6: 63 8d 07 18  	beqz	a5, 0x13f60 <__sfvwrite_r+0x19c>
   13dca: 03 97 05 01  	lh	a4, 0x10(a1)
   13dce: 1d 71        	addi	sp, sp, -0x60
   13dd0: a2 e8        	sd	s0, 0x50(sp)
   13dd2: 52 f8        	sd	s4, 0x30(sp)
   13dd4: 5a f0        	sd	s6, 0x20(sp)
   13dd6: 86 ec        	sd	ra, 0x58(sp)
   13dd8: 93 77 87 00  	andi	a5, a4, 0x8
   13ddc: 32 8a        	mv	s4, a2
   13dde: 2a 8b        	mv	s6, a0
   13de0: 2e 84        	mv	s0, a1
   13de2: a5 c7        	beqz	a5, 0x13e4a <__sfvwrite_r+0x86>
   13de4: 9c 6d        	ld	a5, 0x18(a1)
   13de6: b5 c3        	beqz	a5, 0x13e4a <__sfvwrite_r+0x86>
   13de8: a6 e4        	sd	s1, 0x48(sp)
   13dea: ca e0        	sd	s2, 0x40(sp)
   13dec: 4e fc        	sd	s3, 0x38(sp)
   13dee: 56 f4        	sd	s5, 0x28(sp)
   13df0: 93 77 27 00  	andi	a5, a4, 0x2
   13df4: 83 34 0a 00  	ld	s1, 0x0(s4)
   13df8: b5 cb        	beqz	a5, 0x13e6c <__sfvwrite_r+0xa8>
   13dfa: b7 0a 00 80  	lui	s5, 0x80000
   13dfe: 93 ca 0a c0  	xori	s5, s5, -0x400
   13e02: 81 49        	li	s3, 0x0
   13e04: 01 49        	li	s2, 0x0
   13e06: 4e 86        	mv	a2, s3
   13e08: 5a 85        	mv	a0, s6
   13e0a: 63 05 09 14  	beqz	s2, 0x13f54 <__sfvwrite_r+0x190>
   13e0e: ca 86        	mv	a3, s2
   13e10: 63 f3 2a 01  	bgeu	s5, s2, 0x13e16 <__sfvwrite_r+0x52>
   13e14: d6 86        	mv	a3, s5
   13e16: 3c 60        	ld	a5, 0x40(s0)
   13e18: 0c 78        	ld	a1, 0x30(s0)
   13e1a: 81 26        	sext.w	a3, a3
   13e1c: 82 97        	jalr	a5
   13e1e: 63 5c a0 2c  	blez	a0, 0x140f6 <__sfvwrite_r+0x332>
   13e22: 83 37 0a 01  	ld	a5, 0x10(s4)
   13e26: aa 99        	add	s3, s3, a0
   13e28: 33 09 a9 40  	sub	s2, s2, a0
   13e2c: 89 8f        	sub	a5, a5, a0
   13e2e: 23 38 fa 00  	sd	a5, 0x10(s4)
   13e32: f1 fb        	bnez	a5, 0x13e06 <__sfvwrite_r+0x42>
   13e34: a6 64        	ld	s1, 0x48(sp)
   13e36: 06 69        	ld	s2, 0x40(sp)
   13e38: e2 79        	ld	s3, 0x38(sp)
   13e3a: a2 7a        	ld	s5, 0x28(sp)
   13e3c: 01 45        	li	a0, 0x0
   13e3e: e6 60        	ld	ra, 0x58(sp)
   13e40: 46 64        	ld	s0, 0x50(sp)
   13e42: 42 7a        	ld	s4, 0x30(sp)
   13e44: 02 7b        	ld	s6, 0x20(sp)
   13e46: 25 61        	addi	sp, sp, 0x60
   13e48: 82 80        	ret
   13e4a: a2 85        	mv	a1, s0
   13e4c: 5a 85        	mv	a0, s6
   13e4e: ef f0 cf c1  	jal	0x1326a <__swsetup_r>
   13e52: 63 16 05 1e  	bnez	a0, 0x1403e <__sfvwrite_r+0x27a>
   13e56: 03 17 04 01  	lh	a4, 0x10(s0)
   13e5a: a6 e4        	sd	s1, 0x48(sp)
   13e5c: ca e0        	sd	s2, 0x40(sp)
   13e5e: 4e fc        	sd	s3, 0x38(sp)
   13e60: 56 f4        	sd	s5, 0x28(sp)
   13e62: 93 77 27 00  	andi	a5, a4, 0x2
   13e66: 83 34 0a 00  	ld	s1, 0x0(s4)
   13e6a: c1 fb        	bnez	a5, 0x13dfa <__sfvwrite_r+0x36>
   13e6c: 5e ec        	sd	s7, 0x18(sp)
   13e6e: 62 e8        	sd	s8, 0x10(sp)
   13e70: 66 e4        	sd	s9, 0x8(sp)
   13e72: 93 77 17 00  	andi	a5, a4, 0x1
   13e76: fd e7        	bnez	a5, 0x13f64 <__sfvwrite_r+0x1a0>
   13e78: b7 0b 00 80  	lui	s7, 0x80000
   13e7c: 93 cb fb ff  	not	s7, s7
   13e80: 01 4c        	li	s8, 0x0
   13e82: 01 49        	li	s2, 0x0
   13e84: 63 02 09 0c  	beqz	s2, 0x13f48 <__sfvwrite_r+0x184>
   13e88: 93 77 07 20  	andi	a5, a4, 0x200
   13e8c: 83 2a c4 00  	lw	s5, 0xc(s0)
   13e90: 08 60        	ld	a0, 0x0(s0)
   13e92: 63 88 07 1a  	beqz	a5, 0x14042 <__sfvwrite_r+0x27e>
   13e96: 63 6e 59 07  	bltu	s2, s5, 0x13f12 <__sfvwrite_r+0x14e>
   13e9a: 93 77 07 48  	andi	a5, a4, 0x480
   13e9e: 63 81 07 22  	beqz	a5, 0x140c0 <__sfvwrite_r+0x2fc>
   13ea2: 14 50        	lw	a3, 0x20(s0)
   13ea4: 0c 6c        	ld	a1, 0x18(s0)
   13ea6: 9b 97 16 00  	slliw	a5, a3, 0x1
   13eaa: b5 9f        	addw	a5, a5, a3
   13eac: 0d 8d        	sub	a0, a0, a1
   13eae: 9b d9 f7 01  	srliw	s3, a5, 0x1f
   13eb2: 9b 0a 05 00  	sext.w	s5, a0
   13eb6: bb 89 f9 00  	addw	s3, s3, a5
   13eba: 93 87 1a 00  	addi	a5, s5, 0x1
   13ebe: 9b d9 19 40  	sraiw	s3, s3, 0x1
   13ec2: ca 97        	add	a5, a5, s2
   13ec4: 63 f5 f9 00  	bgeu	s3, a5, 0x13ece <__sfvwrite_r+0x10a>
   13ec8: 05 25        	addiw	a0, a0, 0x1
   13eca: bb 09 25 01  	addw	s3, a0, s2
   13ece: 13 77 07 40  	andi	a4, a4, 0x400
   13ed2: 63 09 07 1e  	beqz	a4, 0x140c4 <__sfvwrite_r+0x300>
   13ed6: ce 85        	mv	a1, s3
   13ed8: 5a 85        	mv	a0, s6
   13eda: ef 20 d0 06  	jal	0x16746 <_malloc_r>
   13ede: aa 8c        	mv	s9, a0
   13ee0: 63 0e 05 20  	beqz	a0, 0x140fc <__sfvwrite_r+0x338>
   13ee4: 0c 6c        	ld	a1, 0x18(s0)
   13ee6: 56 86        	mv	a2, s5
   13ee8: ef 20 d0 74  	jal	0x16e34 <memcpy>
   13eec: 83 57 04 01  	lhu	a5, 0x10(s0)
   13ef0: 93 f7 f7 b7  	andi	a5, a5, -0x481
   13ef4: 93 e7 07 08  	ori	a5, a5, 0x80
   13ef8: 23 18 f4 00  	sh	a5, 0x10(s0)
   13efc: 33 85 5c 01  	add	a0, s9, s5
   13f00: bb 8a 59 41  	subw	s5, s3, s5
   13f04: 23 3c 94 01  	sd	s9, 0x18(s0)
   13f08: 08 e0        	sd	a0, 0x0(s0)
   13f0a: 23 26 54 01  	sw	s5, 0xc(s0)
   13f0e: 23 20 34 03  	sw	s3, 0x20(s0)
   13f12: ca 8c        	mv	s9, s2
   13f14: ca 8a        	mv	s5, s2
   13f16: 56 86        	mv	a2, s5
   13f18: e2 85        	mv	a1, s8
   13f1a: ef 20 90 7d  	jal	0x16ef2 <memmove>
   13f1e: 58 44        	lw	a4, 0xc(s0)
   13f20: 1c 60        	ld	a5, 0x0(s0)
   13f22: ca 89        	mv	s3, s2
   13f24: 3b 07 97 41  	subw	a4, a4, s9
   13f28: d6 97        	add	a5, a5, s5
   13f2a: 58 c4        	sw	a4, 0xc(s0)
   13f2c: 1c e0        	sd	a5, 0x0(s0)
   13f2e: 01 49        	li	s2, 0x0
   13f30: 83 37 0a 01  	ld	a5, 0x10(s4)
   13f34: 4e 9c        	add	s8, s8, s3
   13f36: b3 87 37 41  	sub	a5, a5, s3
   13f3a: 23 38 fa 00  	sd	a5, 0x10(s4)
   13f3e: c1 c7        	beqz	a5, 0x13fc6 <__sfvwrite_r+0x202>
   13f40: 03 17 04 01  	lh	a4, 0x10(s0)
   13f44: e3 12 09 f4  	bnez	s2, 0x13e88 <__sfvwrite_r+0xc4>
   13f48: 03 bc 04 00  	ld	s8, 0x0(s1)
   13f4c: 03 b9 84 00  	ld	s2, 0x8(s1)
   13f50: c1 04        	addi	s1, s1, 0x10
   13f52: 0d bf        	j	0x13e84 <__sfvwrite_r+0xc0>
   13f54: 83 b9 04 00  	ld	s3, 0x0(s1)
   13f58: 03 b9 84 00  	ld	s2, 0x8(s1)
   13f5c: c1 04        	addi	s1, s1, 0x10
   13f5e: 65 b5        	j	0x13e06 <__sfvwrite_r+0x42>
   13f60: 01 45        	li	a0, 0x0
   13f62: 82 80        	ret
   13f64: 81 49        	li	s3, 0x0
   13f66: 01 45        	li	a0, 0x0
   13f68: 81 4c        	li	s9, 0x0
   13f6a: 01 4c        	li	s8, 0x0
   13f6c: 63 01 0c 06  	beqz	s8, 0x13fce <__sfvwrite_r+0x20a>
   13f70: 3d c5        	beqz	a0, 0x13fde <__sfvwrite_r+0x21a>
   13f72: ce 8b        	mv	s7, s3
   13f74: 63 73 3c 01  	bgeu	s8, s3, 0x13f7a <__sfvwrite_r+0x1b6>
   13f78: e2 8b        	mv	s7, s8
   13f7a: 08 60        	ld	a0, 0x0(s0)
   13f7c: 1c 6c        	ld	a5, 0x18(s0)
   13f7e: 14 50        	lw	a3, 0x20(s0)
   13f80: 5e 89        	mv	s2, s7
   13f82: 63 f7 a7 00  	bgeu	a5, a0, 0x13f90 <__sfvwrite_r+0x1cc>
   13f86: 5c 44        	lw	a5, 0xc(s0)
   13f88: bb 8a d7 00  	addw	s5, a5, a3
   13f8c: 63 c4 7a 07  	blt	s5, s7, 0x13ff4 <__sfvwrite_r+0x230>
   13f90: 63 ca db 10  	blt	s7, a3, 0x140a4 <__sfvwrite_r+0x2e0>
   13f94: 3c 60        	ld	a5, 0x40(s0)
   13f96: 0c 78        	ld	a1, 0x30(s0)
   13f98: 66 86        	mv	a2, s9
   13f9a: 5a 85        	mv	a0, s6
   13f9c: 82 97        	jalr	a5
   13f9e: 2a 89        	mv	s2, a0
   13fa0: 63 52 a0 08  	blez	a0, 0x14024 <__sfvwrite_r+0x260>
   13fa4: 9b 07 05 00  	sext.w	a5, a0
   13fa8: bb 89 f9 40  	subw	s3, s3, a5
   13fac: 05 45        	li	a0, 0x1
   13fae: 63 86 09 06  	beqz	s3, 0x1401a <__sfvwrite_r+0x256>
   13fb2: 83 37 0a 01  	ld	a5, 0x10(s4)
   13fb6: ca 9c        	add	s9, s9, s2
   13fb8: 33 0c 2c 41  	sub	s8, s8, s2
   13fbc: b3 87 27 41  	sub	a5, a5, s2
   13fc0: 23 38 fa 00  	sd	a5, 0x10(s4)
   13fc4: c5 f7        	bnez	a5, 0x13f6c <__sfvwrite_r+0x1a8>
   13fc6: e2 6b        	ld	s7, 0x18(sp)
   13fc8: 42 6c        	ld	s8, 0x10(sp)
   13fca: a2 6c        	ld	s9, 0x8(sp)
   13fcc: a5 b5        	j	0x13e34 <__sfvwrite_r+0x70>
   13fce: 03 bc 84 00  	ld	s8, 0x8(s1)
   13fd2: a6 87        	mv	a5, s1
   13fd4: c1 04        	addi	s1, s1, 0x10
   13fd6: e3 0c 0c fe  	beqz	s8, 0x13fce <__sfvwrite_r+0x20a>
   13fda: 83 bc 07 00  	ld	s9, 0x0(a5)
   13fde: 62 86        	mv	a2, s8
   13fe0: a9 45        	li	a1, 0xa
   13fe2: 66 85        	mv	a0, s9
   13fe4: ef 20 10 5b  	jal	0x16d94 <memchr>
   13fe8: 63 04 05 10  	beqz	a0, 0x140f0 <__sfvwrite_r+0x32c>
   13fec: 05 05        	addi	a0, a0, 0x1
   13fee: bb 09 95 41  	subw	s3, a0, s9
   13ff2: 41 b7        	j	0x13f72 <__sfvwrite_r+0x1ae>
   13ff4: e6 85        	mv	a1, s9
   13ff6: 56 86        	mv	a2, s5
   13ff8: ef 20 b0 6f  	jal	0x16ef2 <memmove>
   13ffc: 1c 60        	ld	a5, 0x0(s0)
   13ffe: a2 85        	mv	a1, s0
   14000: 5a 85        	mv	a0, s6
   14002: d6 97        	add	a5, a5, s5
   14004: 1c e0        	sd	a5, 0x0(s0)
   14006: ef f0 ef e0  	jal	0x13614 <_fflush_r>
   1400a: 09 ed        	bnez	a0, 0x14024 <__sfvwrite_r+0x260>
   1400c: d6 87        	mv	a5, s5
   1400e: bb 89 f9 40  	subw	s3, s3, a5
   14012: 56 89        	mv	s2, s5
   14014: 05 45        	li	a0, 0x1
   14016: e3 9e 09 f8  	bnez	s3, 0x13fb2 <__sfvwrite_r+0x1ee>
   1401a: a2 85        	mv	a1, s0
   1401c: 5a 85        	mv	a0, s6
   1401e: ef f0 6f df  	jal	0x13614 <_fflush_r>
   14022: 41 d9        	beqz	a0, 0x13fb2 <__sfvwrite_r+0x1ee>
   14024: 83 17 04 01  	lh	a5, 0x10(s0)
   14028: e2 6b        	ld	s7, 0x18(sp)
   1402a: 42 6c        	ld	s8, 0x10(sp)
   1402c: a2 6c        	ld	s9, 0x8(sp)
   1402e: a6 64        	ld	s1, 0x48(sp)
   14030: 06 69        	ld	s2, 0x40(sp)
   14032: e2 79        	ld	s3, 0x38(sp)
   14034: a2 7a        	ld	s5, 0x28(sp)
   14036: 93 e7 07 04  	ori	a5, a5, 0x40
   1403a: 23 18 f4 00  	sh	a5, 0x10(s0)
   1403e: 7d 55        	li	a0, -0x1
   14040: fd bb        	j	0x13e3e <__sfvwrite_r+0x7a>
   14042: 1c 6c        	ld	a5, 0x18(s0)
   14044: 63 e8 a7 02  	bltu	a5, a0, 0x14074 <__sfvwrite_r+0x2b0>
   14048: 1c 50        	lw	a5, 0x20(s0)
   1404a: 63 65 f9 02  	bltu	s2, a5, 0x14074 <__sfvwrite_r+0x2b0>
   1404e: ca 86        	mv	a3, s2
   14050: 63 f3 2b 01  	bgeu	s7, s2, 0x14056 <__sfvwrite_r+0x292>
   14054: de 86        	mv	a3, s7
   14056: bb c6 f6 02  	divw	a3, a3, a5
   1405a: 38 60        	ld	a4, 0x40(s0)
   1405c: 0c 78        	ld	a1, 0x30(s0)
   1405e: 62 86        	mv	a2, s8
   14060: 5a 85        	mv	a0, s6
   14062: bb 86 f6 02  	mulw	a3, a3, a5
   14066: 02 97        	jalr	a4
   14068: aa 89        	mv	s3, a0
   1406a: e3 5d a0 fa  	blez	a0, 0x14024 <__sfvwrite_r+0x260>
   1406e: 33 09 39 41  	sub	s2, s2, s3
   14072: 7d bd        	j	0x13f30 <__sfvwrite_r+0x16c>
   14074: d6 89        	mv	s3, s5
   14076: 63 73 59 01  	bgeu	s2, s5, 0x1407c <__sfvwrite_r+0x2b8>
   1407a: ca 89        	mv	s3, s2
   1407c: 4e 86        	mv	a2, s3
   1407e: e2 85        	mv	a1, s8
   14080: ef 20 30 67  	jal	0x16ef2 <memmove>
   14084: 18 60        	ld	a4, 0x0(s0)
   14086: 5c 44        	lw	a5, 0xc(s0)
   14088: 4e 97        	add	a4, a4, s3
   1408a: bb 87 37 41  	subw	a5, a5, s3
   1408e: 18 e0        	sd	a4, 0x0(s0)
   14090: 5c c4        	sw	a5, 0xc(s0)
   14092: f1 ff        	bnez	a5, 0x1406e <__sfvwrite_r+0x2aa>
   14094: a2 85        	mv	a1, s0
   14096: 5a 85        	mv	a0, s6
   14098: ef f0 cf d7  	jal	0x13614 <_fflush_r>
   1409c: 41 f5        	bnez	a0, 0x14024 <__sfvwrite_r+0x260>
   1409e: 33 09 39 41  	sub	s2, s2, s3
   140a2: 79 b5        	j	0x13f30 <__sfvwrite_r+0x16c>
   140a4: 5e 86        	mv	a2, s7
   140a6: e6 85        	mv	a1, s9
   140a8: ef 20 b0 64  	jal	0x16ef2 <memmove>
   140ac: 54 44        	lw	a3, 0xc(s0)
   140ae: 18 60        	ld	a4, 0x0(s0)
   140b0: 9b 87 0b 00  	sext.w	a5, s7
   140b4: bb 86 76 41  	subw	a3, a3, s7
   140b8: 5e 97        	add	a4, a4, s7
   140ba: 54 c4        	sw	a3, 0xc(s0)
   140bc: 18 e0        	sd	a4, 0x0(s0)
   140be: ed b5        	j	0x13fa8 <__sfvwrite_r+0x1e4>
   140c0: d6 8c        	mv	s9, s5
   140c2: 91 bd        	j	0x13f16 <__sfvwrite_r+0x152>
   140c4: 4e 86        	mv	a2, s3
   140c6: 5a 85        	mv	a0, s6
   140c8: ef 30 d0 58  	jal	0x17e54 <_realloc_r>
   140cc: aa 8c        	mv	s9, a0
   140ce: e3 17 05 e2  	bnez	a0, 0x13efc <__sfvwrite_r+0x138>
   140d2: 0c 6c        	ld	a1, 0x18(s0)
   140d4: 5a 85        	mv	a0, s6
   140d6: ef f0 df aa  	jal	0x13b82 <_free_r>
   140da: 83 17 04 01  	lh	a5, 0x10(s0)
   140de: 31 47        	li	a4, 0xc
   140e0: e2 6b        	ld	s7, 0x18(sp)
   140e2: 42 6c        	ld	s8, 0x10(sp)
   140e4: a2 6c        	ld	s9, 0x8(sp)
   140e6: 23 20 eb 00  	sw	a4, 0x0(s6)
   140ea: 93 f7 f7 f7  	andi	a5, a5, -0x81
   140ee: 81 b7        	j	0x1402e <__sfvwrite_r+0x26a>
   140f0: 9b 09 1c 00  	addiw	s3, s8, 0x1
   140f4: bd bd        	j	0x13f72 <__sfvwrite_r+0x1ae>
   140f6: 83 17 04 01  	lh	a5, 0x10(s0)
   140fa: 15 bf        	j	0x1402e <__sfvwrite_r+0x26a>
   140fc: b1 47        	li	a5, 0xc
   140fe: 23 20 fb 00  	sw	a5, 0x0(s6)
   14102: e2 6b        	ld	s7, 0x18(sp)
   14104: 83 17 04 01  	lh	a5, 0x10(s0)
   14108: 42 6c        	ld	s8, 0x10(sp)
   1410a: a2 6c        	ld	s9, 0x8(sp)
   1410c: 0d b7        	j	0x1402e <__sfvwrite_r+0x26a>

000000000001410e <_fwalk>:
   1410e: 5d 71        	addi	sp, sp, -0x50
   14110: 4a f8        	sd	s2, 0x30(sp)
   14112: 4e f4        	sd	s3, 0x28(sp)
   14114: 52 f0        	sd	s4, 0x20(sp)
   14116: 56 ec        	sd	s5, 0x18(sp)
   14118: 5a e8        	sd	s6, 0x10(sp)
   1411a: 5e e4        	sd	s7, 0x8(sp)
   1411c: 86 e4        	sd	ra, 0x48(sp)
   1411e: a2 e0        	sd	s0, 0x40(sp)
   14120: 26 fc        	sd	s1, 0x38(sp)
   14122: 93 09 05 52  	addi	s3, a0, 0x520
   14126: ae 8a        	mv	s5, a1
   14128: 01 49        	li	s2, 0x0
   1412a: 13 0b 80 0b  	li	s6, 0xb8
   1412e: 85 4b        	li	s7, 0x1
   14130: 7d 5a        	li	s4, -0x1
   14132: 83 a4 89 00  	lw	s1, 0x8(s3)
   14136: 03 b4 09 01  	ld	s0, 0x10(s3)
   1413a: 63 58 90 02  	blez	s1, 0x1416a <_fwalk+0x5c>
   1413e: 82 14        	slli	s1, s1, 0x20
   14140: 81 90        	srli	s1, s1, 0x20
   14142: b3 84 64 03  	mul	s1, s1, s6
   14146: a2 94        	add	s1, s1, s0
   14148: 83 57 04 01  	lhu	a5, 0x10(s0)
   1414c: 63 fb fb 00  	bgeu	s7, a5, 0x14162 <_fwalk+0x54>
   14150: 83 17 24 01  	lh	a5, 0x12(s0)
   14154: 22 85        	mv	a0, s0
   14156: 63 86 47 01  	beq	a5, s4, 0x14162 <_fwalk+0x54>
   1415a: 82 9a        	jalr	s5
   1415c: 33 69 25 01  	or	s2, a0, s2
   14160: 01 29        	sext.w	s2, s2
   14162: 13 04 84 0b  	addi	s0, s0, 0xb8
   14166: e3 11 94 fe  	bne	s0, s1, 0x14148 <_fwalk+0x3a>
   1416a: 83 b9 09 00  	ld	s3, 0x0(s3)
   1416e: e3 92 09 fc  	bnez	s3, 0x14132 <_fwalk+0x24>
   14172: a6 60        	ld	ra, 0x48(sp)
   14174: 06 64        	ld	s0, 0x40(sp)
   14176: e2 74        	ld	s1, 0x38(sp)
   14178: a2 79        	ld	s3, 0x28(sp)
   1417a: 02 7a        	ld	s4, 0x20(sp)
   1417c: e2 6a        	ld	s5, 0x18(sp)
   1417e: 42 6b        	ld	s6, 0x10(sp)
   14180: a2 6b        	ld	s7, 0x8(sp)
   14182: 4a 85        	mv	a0, s2
   14184: 42 79        	ld	s2, 0x30(sp)
   14186: 61 61        	addi	sp, sp, 0x50
   14188: 82 80        	ret

000000000001418a <_fwalk_reent>:
   1418a: 5d 71        	addi	sp, sp, -0x50
   1418c: 4a f8        	sd	s2, 0x30(sp)
   1418e: 4e f4        	sd	s3, 0x28(sp)
   14190: 52 f0        	sd	s4, 0x20(sp)
   14192: 56 ec        	sd	s5, 0x18(sp)
   14194: 5a e8        	sd	s6, 0x10(sp)
   14196: 5e e4        	sd	s7, 0x8(sp)
   14198: 62 e0        	sd	s8, 0x0(sp)
   1419a: 86 e4        	sd	ra, 0x48(sp)
   1419c: a2 e0        	sd	s0, 0x40(sp)
   1419e: 26 fc        	sd	s1, 0x38(sp)
   141a0: aa 89        	mv	s3, a0
   141a2: 2e 8b        	mv	s6, a1
   141a4: 13 0a 05 52  	addi	s4, a0, 0x520
   141a8: 01 49        	li	s2, 0x0
   141aa: 93 0b 80 0b  	li	s7, 0xb8
   141ae: 05 4c        	li	s8, 0x1
   141b0: fd 5a        	li	s5, -0x1
   141b2: 83 24 8a 00  	lw	s1, 0x8(s4)
   141b6: 03 34 0a 01  	ld	s0, 0x10(s4)
   141ba: 63 59 90 02  	blez	s1, 0x141ec <_fwalk_reent+0x62>
   141be: 82 14        	slli	s1, s1, 0x20
   141c0: 81 90        	srli	s1, s1, 0x20
   141c2: b3 84 74 03  	mul	s1, s1, s7
   141c6: a2 94        	add	s1, s1, s0
   141c8: 83 57 04 01  	lhu	a5, 0x10(s0)
   141cc: 63 7c fc 00  	bgeu	s8, a5, 0x141e4 <_fwalk_reent+0x5a>
   141d0: 83 17 24 01  	lh	a5, 0x12(s0)
   141d4: a2 85        	mv	a1, s0
   141d6: 4e 85        	mv	a0, s3
   141d8: 63 86 57 01  	beq	a5, s5, 0x141e4 <_fwalk_reent+0x5a>
   141dc: 02 9b        	jalr	s6
   141de: 33 69 25 01  	or	s2, a0, s2
   141e2: 01 29        	sext.w	s2, s2
   141e4: 13 04 84 0b  	addi	s0, s0, 0xb8
   141e8: e3 10 94 fe  	bne	s0, s1, 0x141c8 <_fwalk_reent+0x3e>
   141ec: 03 3a 0a 00  	ld	s4, 0x0(s4)
   141f0: e3 11 0a fc  	bnez	s4, 0x141b2 <_fwalk_reent+0x28>
   141f4: a6 60        	ld	ra, 0x48(sp)
   141f6: 06 64        	ld	s0, 0x40(sp)
   141f8: e2 74        	ld	s1, 0x38(sp)
   141fa: a2 79        	ld	s3, 0x28(sp)
   141fc: 02 7a        	ld	s4, 0x20(sp)
   141fe: e2 6a        	ld	s5, 0x18(sp)
   14200: 42 6b        	ld	s6, 0x10(sp)
   14202: a2 6b        	ld	s7, 0x8(sp)
   14204: 02 6c        	ld	s8, 0x0(sp)
   14206: 4a 85        	mv	a0, s2
   14208: 42 79        	ld	s2, 0x30(sp)
   1420a: 61 61        	addi	sp, sp, 0x50
   1420c: 82 80        	ret

000000000001420e <_gettimeofday_r>:
   1420e: 41 11        	addi	sp, sp, -0x10
   14210: 2e 87        	mv	a4, a1
   14212: 22 e0        	sd	s0, 0x0(sp)
   14214: b2 85        	mv	a1, a2
   14216: 2a 84        	mv	s0, a0
   14218: 3a 85        	mv	a0, a4
   1421a: 23 a4 01 78  	sw	zero, 0x788(gp)
   1421e: 06 e4        	sd	ra, 0x8(sp)
   14220: ef 90 a0 4c  	jal	0x1d6ea <_gettimeofday>
   14224: fd 57        	li	a5, -0x1
   14226: 63 06 f5 00  	beq	a0, a5, 0x14232 <_gettimeofday_r+0x24>
   1422a: a2 60        	ld	ra, 0x8(sp)
   1422c: 02 64        	ld	s0, 0x0(sp)
   1422e: 41 01        	addi	sp, sp, 0x10
   14230: 82 80        	ret
   14232: 83 a7 81 78  	lw	a5, 0x788(gp)
   14236: f5 db        	beqz	a5, 0x1422a <_gettimeofday_r+0x1c>
   14238: a2 60        	ld	ra, 0x8(sp)
   1423a: 1c c0        	sw	a5, 0x0(s0)
   1423c: 02 64        	ld	s0, 0x0(sp)
   1423e: 41 01        	addi	sp, sp, 0x10
   14240: 82 80        	ret

0000000000014242 <eshdn1>:
   14242: 93 06 45 00  	addi	a3, a0, 0x4
   14246: 81 47        	li	a5, 0x0
   14248: 69 05        	addi	a0, a0, 0x1a
   1424a: 61 78        	lui	a6, 0xffff8
   1424c: 11 a8        	j	0x14260 <eshdn1+0x1e>
   1424e: 9b 97 17 00  	slliw	a5, a5, 0x1
   14252: 23 90 e6 00  	sh	a4, 0x0(a3)
   14256: c2 17        	slli	a5, a5, 0x30
   14258: 89 06        	addi	a3, a3, 0x2
   1425a: c1 93        	srli	a5, a5, 0x30
   1425c: 63 06 d5 02  	beq	a0, a3, 0x14288 <eshdn1+0x46>
   14260: 03 d7 06 00  	lhu	a4, 0x0(a3)
   14264: 13 f6 27 00  	andi	a2, a5, 0x2
   14268: 93 75 17 00  	andi	a1, a4, 0x1
   1426c: 05 83        	srli	a4, a4, 0x1
   1426e: cd 8f        	or	a5, a5, a1
   14270: b3 65 07 01  	or	a1, a4, a6
   14274: 69 de        	beqz	a2, 0x1424e <eshdn1+0xc>
   14276: 9b 97 17 00  	slliw	a5, a5, 0x1
   1427a: 23 90 b6 00  	sh	a1, 0x0(a3)
   1427e: c2 17        	slli	a5, a5, 0x30
   14280: 89 06        	addi	a3, a3, 0x2
   14282: c1 93        	srli	a5, a5, 0x30
   14284: e3 1e d5 fc  	bne	a0, a3, 0x14260 <eshdn1+0x1e>
   14288: 82 80        	ret

000000000001428a <eshup1>:
   1428a: 93 06 85 01  	addi	a3, a0, 0x18
   1428e: 01 47        	li	a4, 0x0
   14290: 09 05        	addi	a0, a0, 0x2
   14292: 11 a8        	j	0x142a6 <eshup1+0x1c>
   14294: 1b 17 17 00  	slliw	a4, a4, 0x1
   14298: 23 90 f6 00  	sh	a5, 0x0(a3)
   1429c: 42 17        	slli	a4, a4, 0x30
   1429e: f9 16        	addi	a3, a3, -0x2
   142a0: 41 93        	srli	a4, a4, 0x30
   142a2: 63 00 d5 04  	beq	a0, a3, 0x142e2 <eshup1+0x58>
   142a6: 83 d7 06 00  	lhu	a5, 0x0(a3)
   142aa: 1b 96 07 01  	slliw	a2, a5, 0x10
   142ae: 1b 56 06 41  	sraiw	a2, a2, 0x10
   142b2: 9b 97 17 00  	slliw	a5, a5, 0x1
   142b6: c2 17        	slli	a5, a5, 0x30
   142b8: 93 15 06 02  	slli	a1, a2, 0x20
   142bc: c1 93        	srli	a5, a5, 0x30
   142be: 63 d4 05 00  	bgez	a1, 0x142c6 <eshup1+0x3c>
   142c2: 13 67 17 00  	ori	a4, a4, 0x1
   142c6: 13 76 27 00  	andi	a2, a4, 0x2
   142ca: 93 e5 17 00  	ori	a1, a5, 0x1
   142ce: 79 d2        	beqz	a2, 0x14294 <eshup1+0xa>
   142d0: 1b 17 17 00  	slliw	a4, a4, 0x1
   142d4: 23 90 b6 00  	sh	a1, 0x0(a3)
   142d8: 42 17        	slli	a4, a4, 0x30
   142da: f9 16        	addi	a3, a3, -0x2
   142dc: 41 93        	srli	a4, a4, 0x30
   142de: e3 14 d5 fc  	bne	a0, a3, 0x142a6 <eshup1+0x1c>
   142e2: 82 80        	ret

00000000000142e4 <m16m>:
   142e4: 01 11        	addi	sp, sp, -0x20
   142e6: e1 05        	addi	a1, a1, 0x18
   142e8: 23 1b 01 00  	sh	zero, 0x16(sp)
   142ec: 23 1c 01 00  	sh	zero, 0x18(sp)
   142f0: 3c 08        	addi	a5, sp, 0x18
   142f2: 13 08 41 00  	addi	a6, sp, 0x4
   142f6: 03 d7 05 00  	lhu	a4, 0x0(a1)
   142fa: f9 17        	addi	a5, a5, -0x2
   142fc: f9 15        	addi	a1, a1, -0x2
   142fe: 0d c7        	beqz	a4, 0x14328 <m16m+0x44>
   14300: 33 07 a7 02  	mul	a4, a4, a0
   14304: 83 d8 27 00  	lhu	a7, 0x2(a5)
   14308: 03 d3 07 00  	lhu	t1, 0x0(a5)
   1430c: 93 16 07 03  	slli	a3, a4, 0x30
   14310: c1 92        	srli	a3, a3, 0x30
   14312: c6 96        	add	a3, a3, a7
   14314: 41 83        	srli	a4, a4, 0x10
   14316: 1a 97        	add	a4, a4, t1
   14318: 93 d8 06 01  	srli	a7, a3, 0x10
   1431c: 46 97        	add	a4, a4, a7
   1431e: 23 90 e7 00  	sh	a4, 0x0(a5)
   14322: 23 91 d7 00  	sh	a3, 0x2(a5)
   14326: 41 83        	srli	a4, a4, 0x10
   14328: 23 9f e7 fe  	sh	a4, -0x2(a5)
   1432c: e3 95 07 fd  	bne	a5, a6, 0x142f6 <m16m+0x12>
   14330: 11 06        	addi	a2, a2, 0x4
   14332: 93 06 a1 01  	addi	a3, sp, 0x1a
   14336: 03 d7 07 00  	lhu	a4, 0x0(a5)
   1433a: 89 07        	addi	a5, a5, 0x2
   1433c: 09 06        	addi	a2, a2, 0x2
   1433e: 23 1f e6 fe  	sh	a4, -0x2(a2)
   14342: e3 9a f6 fe  	bne	a3, a5, 0x14336 <m16m+0x52>
   14346: 05 61        	addi	sp, sp, 0x20
   14348: 82 80        	ret

000000000001434a <emovo.isra.0>:
   1434a: 03 57 05 00  	lhu	a4, 0x0(a0)
   1434e: 83 57 25 00  	lhu	a5, 0x2(a0)
   14352: 19 c3        	beqz	a4, 0x14358 <emovo.isra.0+0xe>
   14354: 21 67        	lui	a4, 0x8
   14356: d9 8f        	or	a5, a5, a4
   14358: 23 99 f5 00  	sh	a5, 0x12(a1)
   1435c: 03 57 25 00  	lhu	a4, 0x2(a0)
   14360: a1 67        	lui	a5, 0x8
   14362: fd 17        	addi	a5, a5, -0x1
   14364: 63 0f f7 00  	beq	a4, a5, 0x14382 <emovo.isra.0+0x38>
   14368: 93 07 65 00  	addi	a5, a0, 0x6
   1436c: c1 05        	addi	a1, a1, 0x10
   1436e: 61 05        	addi	a0, a0, 0x18
   14370: 03 d7 07 00  	lhu	a4, 0x0(a5)
   14374: 89 07        	addi	a5, a5, 0x2
   14376: f9 15        	addi	a1, a1, -0x2
   14378: 23 91 e5 00  	sh	a4, 0x2(a1)
   1437c: e3 9a a7 fe  	bne	a5, a0, 0x14370 <emovo.isra.0+0x26>
   14380: 82 80        	ret
   14382: 93 07 65 00  	addi	a5, a0, 0x6
   14386: 69 05        	addi	a0, a0, 0x1a
   14388: 03 d7 07 00  	lhu	a4, 0x0(a5)
   1438c: 89 07        	addi	a5, a5, 0x2
   1438e: 1d e3        	bnez	a4, 0x143b4 <emovo.isra.0+0x6a>
   14390: e3 9c a7 fe  	bne	a5, a0, 0x14388 <emovo.isra.0+0x3e>
   14394: 13 87 25 01  	addi	a4, a1, 0x12
   14398: ae 87        	mv	a5, a1
   1439a: 89 07        	addi	a5, a5, 0x2
   1439c: 23 9f 07 fe  	sh	zero, -0x2(a5)
   143a0: e3 9d e7 fe  	bne	a5, a4, 0x1439a <emovo.isra.0+0x50>
   143a4: 83 d7 25 01  	lhu	a5, 0x12(a1)
   143a8: 21 67        	lui	a4, 0x8
   143aa: 7d 17        	addi	a4, a4, -0x1
   143ac: d9 8f        	or	a5, a5, a4
   143ae: 23 99 f5 00  	sh	a5, 0x12(a1)
   143b2: 82 80        	ret
   143b4: 13 87 05 01  	addi	a4, a1, 0x10
   143b8: ae 87        	mv	a5, a1
   143ba: 89 07        	addi	a5, a5, 0x2
   143bc: 23 9f 07 fe  	sh	zero, -0x2(a5)
   143c0: e3 9d e7 fe  	bne	a5, a4, 0x143ba <emovo.isra.0+0x70>
   143c4: e1 77        	lui	a5, 0xffff8
   143c6: 93 c7 f7 ff  	not	a5, a5
   143ca: 71 77        	lui	a4, 0xffffc
   143cc: 23 99 f5 00  	sh	a5, 0x12(a1)
   143d0: 23 98 e5 00  	sh	a4, 0x10(a1)
   143d4: 82 80        	ret

00000000000143d6 <enormlz>:
   143d6: 83 57 45 00  	lhu	a5, 0x4(a0)
   143da: 01 11        	addi	sp, sp, -0x20
   143dc: 26 e4        	sd	s1, 0x8(sp)
   143de: 06 ec        	sd	ra, 0x18(sp)
   143e0: 22 e8        	sd	s0, 0x10(sp)
   143e2: aa 84        	mv	s1, a0
   143e4: c5 eb        	bnez	a5, 0x14494 <enormlz+0xbe>
   143e6: 83 57 65 00  	lhu	a5, 0x6(a0)
   143ea: 01 44        	li	s0, 0x0
   143ec: 1b 97 07 01  	slliw	a4, a5, 0x10
   143f0: 1b 57 07 41  	sraiw	a4, a4, 0x10
   143f4: 93 16 07 02  	slli	a3, a4, 0x20
   143f8: 63 c8 06 08  	bltz	a3, 0x14488 <enormlz+0xb2>
   143fc: 93 06 85 01  	addi	a3, a0, 0x18
   14400: 13 06 00 0a  	li	a2, 0xa0
   14404: 95 e3        	bnez	a5, 0x14428 <enormlz+0x52>
   14406: 93 87 44 00  	addi	a5, s1, 0x4
   1440a: 03 d7 27 00  	lhu	a4, 0x2(a5)
   1440e: 89 07        	addi	a5, a5, 0x2
   14410: 23 9f e7 fe  	sh	a4, -0x2(a5)
   14414: e3 9b d7 fe  	bne	a5, a3, 0x1440a <enormlz+0x34>
   14418: 23 9c 04 00  	sh	zero, 0x18(s1)
   1441c: 41 24        	addiw	s0, s0, 0x10
   1441e: 63 05 c4 06  	beq	s0, a2, 0x14488 <enormlz+0xb2>
   14422: 83 d7 64 00  	lhu	a5, 0x6(s1)
   14426: e5 d3        	beqz	a5, 0x14406 <enormlz+0x30>
   14428: 4a e0        	sd	s2, 0x0(sp)
   1442a: 13 05 f0 0f  	li	a0, 0xff
   1442e: 63 69 f5 02  	bltu	a0, a5, 0x14460 <enormlz+0x8a>
   14432: 13 88 84 01  	addi	a6, s1, 0x18
   14436: 93 85 24 00  	addi	a1, s1, 0x2
   1443a: 81 47        	li	a5, 0x0
   1443c: 42 87        	mv	a4, a6
   1443e: 83 56 07 00  	lhu	a3, 0x0(a4)
   14442: 79 17        	addi	a4, a4, -0x2
   14444: 1b 96 86 00  	slliw	a2, a3, 0x8
   14448: d1 8f        	or	a5, a5, a2
   1444a: 23 11 f7 00  	sh	a5, 0x2(a4)
   1444e: 93 d7 86 00  	srli	a5, a3, 0x8
   14452: e3 16 b7 fe  	bne	a4, a1, 0x1443e <enormlz+0x68>
   14456: 83 d7 64 00  	lhu	a5, 0x6(s1)
   1445a: 21 24        	addiw	s0, s0, 0x8
   1445c: e3 7f f5 fc  	bgeu	a0, a5, 0x1443a <enormlz+0x64>
   14460: 13 09 00 0a  	li	s2, 0xa0
   14464: 01 a8        	j	0x14474 <enormlz+0x9e>
   14466: 05 24        	addiw	s0, s0, 0x1
   14468: ef f0 3f e2  	jal	0x1428a <eshup1>
   1446c: 63 4d 89 00  	blt	s2, s0, 0x14486 <enormlz+0xb0>
   14470: 83 d7 64 00  	lhu	a5, 0x6(s1)
   14474: 9b 97 07 01  	slliw	a5, a5, 0x10
   14478: 9b d7 07 41  	sraiw	a5, a5, 0x10
   1447c: 13 97 07 02  	slli	a4, a5, 0x20
   14480: 26 85        	mv	a0, s1
   14482: e3 52 07 fe  	bgez	a4, 0x14466 <enormlz+0x90>
   14486: 02 69        	ld	s2, 0x0(sp)
   14488: e2 60        	ld	ra, 0x18(sp)
   1448a: 22 85        	mv	a0, s0
   1448c: 42 64        	ld	s0, 0x10(sp)
   1448e: a2 64        	ld	s1, 0x8(sp)
   14490: 05 61        	addi	sp, sp, 0x20
   14492: 82 80        	ret
   14494: 4a e0        	sd	s2, 0x0(sp)
   14496: 13 07 f0 0f  	li	a4, 0xff
   1449a: 01 44        	li	s0, 0x0
   1449c: 63 60 f7 02  	bltu	a4, a5, 0x144bc <enormlz+0xe6>
   144a0: 13 09 f0 f6  	li	s2, -0x91
   144a4: 01 a8        	j	0x144b4 <enormlz+0xde>
   144a6: 7d 34        	addiw	s0, s0, -0x1
   144a8: ef f0 bf d9  	jal	0x14242 <eshdn1>
   144ac: e3 0d 24 fd  	beq	s0, s2, 0x14486 <enormlz+0xb0>
   144b0: 83 d7 44 00  	lhu	a5, 0x4(s1)
   144b4: 26 85        	mv	a0, s1
   144b6: e5 fb        	bnez	a5, 0x144a6 <enormlz+0xd0>
   144b8: 02 69        	ld	s2, 0x0(sp)
   144ba: f9 b7        	j	0x14488 <enormlz+0xb2>
   144bc: 13 07 45 00  	addi	a4, a0, 0x4
   144c0: 93 05 a5 01  	addi	a1, a0, 0x1a
   144c4: 81 47        	li	a5, 0x0
   144c6: 83 56 07 00  	lhu	a3, 0x0(a4)
   144ca: 09 07        	addi	a4, a4, 0x2
   144cc: 1b d6 86 00  	srliw	a2, a3, 0x8
   144d0: d1 8f        	or	a5, a5, a2
   144d2: 9b 96 86 00  	slliw	a3, a3, 0x8
   144d6: 23 1f f7 fe  	sh	a5, -0x2(a4)
   144da: 93 97 06 03  	slli	a5, a3, 0x30
   144de: c1 93        	srli	a5, a5, 0x30
   144e0: e3 13 b7 fe  	bne	a4, a1, 0x144c6 <enormlz+0xf0>
   144e4: 83 d7 44 00  	lhu	a5, 0x4(s1)
   144e8: 61 54        	li	s0, -0x8
   144ea: 5d bf        	j	0x144a0 <enormlz+0xca>

00000000000144ec <eshift.part.0>:
   144ec: 79 71        	addi	sp, sp, -0x30
   144ee: 22 f0        	sd	s0, 0x20(sp)
   144f0: 26 ec        	sd	s1, 0x18(sp)
   144f2: 06 f4        	sd	ra, 0x28(sp)
   144f4: ae 84        	mv	s1, a1
   144f6: 2a 84        	mv	s0, a0
   144f8: 63 ce 05 06  	bltz	a1, 0x14574 <eshift.part.0+0x88>
   144fc: bd 45        	li	a1, 0xf
   144fe: 11 05        	addi	a0, a0, 0x4
   14500: 26 86        	mv	a2, s1
   14502: 93 06 84 01  	addi	a3, s0, 0x18
   14506: 63 da 95 10  	bge	a1, s1, 0x1461a <eshift.part.0+0x12e>
   1450a: aa 87        	mv	a5, a0
   1450c: 03 d7 27 00  	lhu	a4, 0x2(a5)
   14510: 89 07        	addi	a5, a5, 0x2
   14512: 23 9f e7 fe  	sh	a4, -0x2(a5)
   14516: e3 9b d7 fe  	bne	a5, a3, 0x1450c <eshift.part.0+0x20>
   1451a: 23 1c 04 00  	sh	zero, 0x18(s0)
   1451e: 41 36        	addiw	a2, a2, -0x10
   14520: e3 c5 c5 fe  	blt	a1, a2, 0x1450a <eshift.part.0+0x1e>
   14524: 9b d7 44 00  	srliw	a5, s1, 0x4
   14528: fd 37        	addiw	a5, a5, -0x1
   1452a: bb 07 f0 40  	negw	a5, a5
   1452e: 9b 97 47 00  	slliw	a5, a5, 0x4
   14532: c1 34        	addiw	s1, s1, -0x10
   14534: bd 9c        	addw	s1, s1, a5
   14536: 9d 47        	li	a5, 0x7
   14538: 63 d2 97 02  	bge	a5, s1, 0x1455c <eshift.part.0+0x70>
   1453c: 93 05 24 00  	addi	a1, s0, 0x2
   14540: 81 47        	li	a5, 0x0
   14542: 03 d7 06 00  	lhu	a4, 0x0(a3)
   14546: f9 16        	addi	a3, a3, -0x2
   14548: 1b 16 87 00  	slliw	a2, a4, 0x8
   1454c: d1 8f        	or	a5, a5, a2
   1454e: 23 91 f6 00  	sh	a5, 0x2(a3)
   14552: 93 57 87 00  	srli	a5, a4, 0x8
   14556: e3 96 b6 fe  	bne	a3, a1, 0x14542 <eshift.part.0+0x56>
   1455a: e1 34        	addiw	s1, s1, -0x8
   1455c: 91 c4        	beqz	s1, 0x14568 <eshift.part.0+0x7c>
   1455e: 22 85        	mv	a0, s0
   14560: fd 34        	addiw	s1, s1, -0x1
   14562: ef f0 9f d2  	jal	0x1428a <eshup1>
   14566: e5 fc        	bnez	s1, 0x1455e <eshift.part.0+0x72>
   14568: 01 45        	li	a0, 0x0
   1456a: a2 70        	ld	ra, 0x28(sp)
   1456c: 02 74        	ld	s0, 0x20(sp)
   1456e: e2 64        	ld	s1, 0x18(sp)
   14570: 45 61        	addi	sp, sp, 0x30
   14572: 82 80        	ret
   14574: 4a e8        	sd	s2, 0x10(sp)
   14576: 4e e4        	sd	s3, 0x8(sp)
   14578: c5 57        	li	a5, -0xf
   1457a: 3b 09 b0 40  	negw	s2, a1
   1457e: 63 d7 f5 0a  	bge	a1, a5, 0x1462c <eshift.part.0+0x140>
   14582: 93 05 85 01  	addi	a1, a0, 0x18
   14586: 81 49        	li	s3, 0x0
   14588: 93 06 45 00  	addi	a3, a0, 0x4
   1458c: 3d 46        	li	a2, 0xf
   1458e: 03 57 84 01  	lhu	a4, 0x18(s0)
   14592: ae 87        	mv	a5, a1
   14594: b3 e9 e9 00  	or	s3, s3, a4
   14598: 03 d7 e7 ff  	lhu	a4, -0x2(a5)
   1459c: f9 17        	addi	a5, a5, -0x2
   1459e: 23 91 e7 00  	sh	a4, 0x2(a5)
   145a2: e3 9b d7 fe  	bne	a5, a3, 0x14598 <eshift.part.0+0xac>
   145a6: 23 12 04 00  	sh	zero, 0x4(s0)
   145aa: 41 39        	addiw	s2, s2, -0x10
   145ac: e3 41 26 ff  	blt	a2, s2, 0x1458e <eshift.part.0+0xa2>
   145b0: 33 09 90 40  	neg	s2, s1
   145b4: 13 79 f9 00  	andi	s2, s2, 0xf
   145b8: 9d 47        	li	a5, 0x7
   145ba: 63 d9 27 03  	bge	a5, s2, 0x145ec <eshift.part.0+0x100>
   145be: 83 47 84 01  	lbu	a5, 0x18(s0)
   145c2: 93 05 a4 01  	addi	a1, s0, 0x1a
   145c6: b3 e9 f9 00  	or	s3, s3, a5
   145ca: 81 47        	li	a5, 0x0
   145cc: 03 d7 06 00  	lhu	a4, 0x0(a3)
   145d0: 89 06        	addi	a3, a3, 0x2
   145d2: 1b 56 87 00  	srliw	a2, a4, 0x8
   145d6: d1 8f        	or	a5, a5, a2
   145d8: 1b 17 87 00  	slliw	a4, a4, 0x8
   145dc: 23 9f f6 fe  	sh	a5, -0x2(a3)
   145e0: 93 17 07 03  	slli	a5, a4, 0x30
   145e4: c1 93        	srli	a5, a5, 0x30
   145e6: e3 93 b6 fe  	bne	a3, a1, 0x145cc <eshift.part.0+0xe0>
   145ea: 61 39        	addiw	s2, s2, -0x8
   145ec: 63 0b 09 02  	beqz	s2, 0x14622 <eshift.part.0+0x136>
   145f0: 83 57 84 01  	lhu	a5, 0x18(s0)
   145f4: 22 85        	mv	a0, s0
   145f6: 7d 39        	addiw	s2, s2, -0x1
   145f8: 85 8b        	andi	a5, a5, 0x1
   145fa: b3 e9 f9 00  	or	s3, s3, a5
   145fe: ef f0 5f c4  	jal	0x14242 <eshdn1>
   14602: e3 17 09 fe  	bnez	s2, 0x145f0 <eshift.part.0+0x104>
   14606: a2 70        	ld	ra, 0x28(sp)
   14608: 02 74        	ld	s0, 0x20(sp)
   1460a: 81 29        	sext.w	s3, s3
   1460c: 42 69        	ld	s2, 0x10(sp)
   1460e: e2 64        	ld	s1, 0x18(sp)
   14610: 33 35 30 01  	snez	a0, s3
   14614: a2 69        	ld	s3, 0x8(sp)
   14616: 45 61        	addi	sp, sp, 0x30
   14618: 82 80        	ret
   1461a: 9d 47        	li	a5, 0x7
   1461c: e3 c0 97 f2  	blt	a5, s1, 0x1453c <eshift.part.0+0x50>
   14620: 3d bf        	j	0x1455e <eshift.part.0+0x72>
   14622: 33 35 30 01  	snez	a0, s3
   14626: 42 69        	ld	s2, 0x10(sp)
   14628: a2 69        	ld	s3, 0x8(sp)
   1462a: 81 b7        	j	0x1456a <eshift.part.0+0x7e>
   1462c: e5 57        	li	a5, -0x7
   1462e: 81 49        	li	s3, 0x0
   14630: 93 06 45 00  	addi	a3, a0, 0x4
   14634: e3 c5 f5 f8  	blt	a1, a5, 0x145be <eshift.part.0+0xd2>
   14638: 65 bf        	j	0x145f0 <eshift.part.0+0x104>

000000000001463a <emovi>:
   1463a: 83 57 25 01  	lhu	a5, 0x12(a0)
   1463e: a1 66        	lui	a3, 0x8
   14640: fd 16        	addi	a3, a3, -0x1
   14642: 9b d7 f7 00  	srliw	a5, a5, 0xf
   14646: bb 07 f0 40  	negw	a5, a5
   1464a: 23 90 f5 00  	sh	a5, 0x0(a1)
   1464e: 03 57 25 01  	lhu	a4, 0x12(a0)
   14652: 93 07 05 01  	addi	a5, a0, 0x10
   14656: 75 8f        	and	a4, a4, a3
   14658: 23 91 e5 00  	sh	a4, 0x2(a1)
   1465c: 1b 06 07 00  	sext.w	a2, a4
   14660: 63 02 d7 02  	beq	a4, a3, 0x14684 <emovi+0x4a>
   14664: 23 92 05 00  	sh	zero, 0x4(a1)
   14668: 79 15        	addi	a0, a0, -0x2
   1466a: 13 87 65 00  	addi	a4, a1, 0x6
   1466e: 83 d6 07 00  	lhu	a3, 0x0(a5)
   14672: f9 17        	addi	a5, a5, -0x2
   14674: 09 07        	addi	a4, a4, 0x2
   14676: 23 1f d7 fe  	sh	a3, -0x2(a4)
   1467a: e3 9a a7 fe  	bne	a5, a0, 0x1466e <emovi+0x34>
   1467e: 23 9c 05 00  	sh	zero, 0x18(a1)
   14682: 82 80        	ret
   14684: 03 57 25 01  	lhu	a4, 0x12(a0)
   14688: 71 8f        	and	a4, a4, a2
   1468a: 63 1b c7 00  	bne	a4, a2, 0x146a0 <emovi+0x66>
   1468e: 13 06 25 01  	addi	a2, a0, 0x12
   14692: 2a 87        	mv	a4, a0
   14694: 83 56 07 00  	lhu	a3, 0x0(a4)
   14698: 09 07        	addi	a4, a4, 0x2
   1469a: 81 ee        	bnez	a3, 0x146b2 <emovi+0x78>
   1469c: e3 1c c7 fe  	bne	a4, a2, 0x14694 <emovi+0x5a>
   146a0: 93 87 45 00  	addi	a5, a1, 0x4
   146a4: e9 05        	addi	a1, a1, 0x1a
   146a6: 89 07        	addi	a5, a5, 0x2
   146a8: 23 9f 07 fe  	sh	zero, -0x2(a5)
   146ac: e3 9d b7 fe  	bne	a5, a1, 0x146a6 <emovi+0x6c>
   146b0: 82 80        	ret
   146b2: 23 92 05 00  	sh	zero, 0x4(a1)
   146b6: 71 15        	addi	a0, a0, -0x4
   146b8: 99 05        	addi	a1, a1, 0x6
   146ba: 03 d7 07 00  	lhu	a4, 0x0(a5)
   146be: f9 17        	addi	a5, a5, -0x2
   146c0: 89 05        	addi	a1, a1, 0x2
   146c2: 23 9f e5 fe  	sh	a4, -0x2(a1)
   146c6: e3 1a f5 fe  	bne	a0, a5, 0x146ba <emovi+0x80>
   146ca: 82 80        	ret

00000000000146cc <ecmp>:
   146cc: 83 57 25 01  	lhu	a5, 0x12(a0)
   146d0: 5d 71        	addi	sp, sp, -0x50
   146d2: a2 e0        	sd	s0, 0x40(sp)
   146d4: 93 c7 f7 ff  	not	a5, a5
   146d8: 86 e4        	sd	ra, 0x48(sp)
   146da: 13 97 17 03  	slli	a4, a5, 0x31
   146de: 2e 84        	mv	s0, a1
   146e0: 11 eb        	bnez	a4, 0x146f4 <ecmp+0x28>
   146e2: 93 06 25 01  	addi	a3, a0, 0x12
   146e6: aa 87        	mv	a5, a0
   146e8: 03 d7 07 00  	lhu	a4, 0x0(a5)
   146ec: 89 07        	addi	a5, a5, 0x2
   146ee: 25 eb        	bnez	a4, 0x1475e <ecmp+0x92>
   146f0: e3 9c d7 fe  	bne	a5, a3, 0x146e8 <ecmp+0x1c>
   146f4: 83 57 24 01  	lhu	a5, 0x12(s0)
   146f8: 93 c7 f7 ff  	not	a5, a5
   146fc: 13 97 17 03  	slli	a4, a5, 0x31
   14700: 31 c3        	beqz	a4, 0x14744 <ecmp+0x78>
   14702: 8a 85        	mv	a1, sp
   14704: ef f0 7f f3  	jal	0x1463a <emovi>
   14708: 0c 10        	addi	a1, sp, 0x20
   1470a: 22 85        	mv	a0, s0
   1470c: ef f0 ff f2  	jal	0x1463a <emovi>
   14710: 83 55 01 00  	lhu	a1, 0x0(sp)
   14714: 83 57 01 02  	lhu	a5, 0x20(sp)
   14718: 63 88 b7 04  	beq	a5, a1, 0x14768 <ecmp+0x9c>
   1471c: 93 07 21 00  	addi	a5, sp, 0x2
   14720: 13 07 21 02  	addi	a4, sp, 0x22
   14724: 30 08        	addi	a2, sp, 0x18
   14726: 83 d6 07 00  	lhu	a3, 0x0(a5)
   1472a: 89 07        	addi	a5, a5, 0x2
   1472c: b5 ea        	bnez	a3, 0x147a0 <ecmp+0xd4>
   1472e: 83 56 07 00  	lhu	a3, 0x0(a4)
   14732: 09 07        	addi	a4, a4, 0x2
   14734: b5 e6        	bnez	a3, 0x147a0 <ecmp+0xd4>
   14736: e3 98 c7 fe  	bne	a5, a2, 0x14726 <ecmp+0x5a>
   1473a: 01 45        	li	a0, 0x0
   1473c: a6 60        	ld	ra, 0x48(sp)
   1473e: 06 64        	ld	s0, 0x40(sp)
   14740: 61 61        	addi	sp, sp, 0x50
   14742: 82 80        	ret
   14744: a2 87        	mv	a5, s0
   14746: 03 d7 07 00  	lhu	a4, 0x0(a5)
   1474a: 89 07        	addi	a5, a5, 0x2
   1474c: 93 06 24 01  	addi	a3, s0, 0x12
   14750: 19 e7        	bnez	a4, 0x1475e <ecmp+0x92>
   14752: e3 88 f6 fa  	beq	a3, a5, 0x14702 <ecmp+0x36>
   14756: 03 d7 07 00  	lhu	a4, 0x0(a5)
   1475a: 89 07        	addi	a5, a5, 0x2
   1475c: 7d db        	beqz	a4, 0x14752 <ecmp+0x86>
   1475e: a6 60        	ld	ra, 0x48(sp)
   14760: 06 64        	ld	s0, 0x40(sp)
   14762: 79 55        	li	a0, -0x2
   14764: 61 61        	addi	sp, sp, 0x50
   14766: 82 80        	ret
   14768: 7d 55        	li	a0, -0x1
   1476a: a9 c1        	beqz	a1, 0x147ac <ecmp+0xe0>
   1476c: 18 10        	addi	a4, sp, 0x20
   1476e: 8a 87        	mv	a5, sp
   14770: 03 d6 07 00  	lhu	a2, 0x0(a5)
   14774: 83 56 07 00  	lhu	a3, 0x0(a4)
   14778: 89 07        	addi	a5, a5, 0x2
   1477a: 09 07        	addi	a4, a4, 0x2
   1477c: 2c 08        	addi	a1, sp, 0x18
   1477e: 63 1c d6 00  	bne	a2, a3, 0x14796 <ecmp+0xca>
   14782: e3 8c b7 fa  	beq	a5, a1, 0x1473a <ecmp+0x6e>
   14786: 03 d6 07 00  	lhu	a2, 0x0(a5)
   1478a: 83 56 07 00  	lhu	a3, 0x0(a4)
   1478e: 89 07        	addi	a5, a5, 0x2
   14790: 09 07        	addi	a4, a4, 0x2
   14792: e3 08 d6 fe  	beq	a2, a3, 0x14782 <ecmp+0xb6>
   14796: e3 e3 c6 fa  	bltu	a3, a2, 0x1473c <ecmp+0x70>
   1479a: 3b 05 a0 40  	negw	a0, a0
   1479e: 79 bf        	j	0x1473c <ecmp+0x70>
   147a0: 81 e9        	bnez	a1, 0x147b0 <ecmp+0xe4>
   147a2: a6 60        	ld	ra, 0x48(sp)
   147a4: 06 64        	ld	s0, 0x40(sp)
   147a6: 05 45        	li	a0, 0x1
   147a8: 61 61        	addi	sp, sp, 0x50
   147aa: 82 80        	ret
   147ac: 05 45        	li	a0, 0x1
   147ae: 7d bf        	j	0x1476c <ecmp+0xa0>
   147b0: 7d 55        	li	a0, -0x1
   147b2: 69 b7        	j	0x1473c <ecmp+0x70>

00000000000147b4 <emdnorm>:
   147b4: 39 71        	addi	sp, sp, -0x40
   147b6: 22 f8        	sd	s0, 0x30(sp)
   147b8: 26 f4        	sd	s1, 0x28(sp)
   147ba: 4a f0        	sd	s2, 0x20(sp)
   147bc: 4e ec        	sd	s3, 0x18(sp)
   147be: 52 e8        	sd	s4, 0x10(sp)
   147c0: 56 e4        	sd	s5, 0x8(sp)
   147c2: 36 89        	mv	s2, a3
   147c4: 3e 84        	mv	s0, a5
   147c6: 06 fc        	sd	ra, 0x38(sp)
   147c8: ae 89        	mv	s3, a1
   147ca: 32 8a        	mv	s4, a2
   147cc: ba 8a        	mv	s5, a4
   147ce: aa 84        	mv	s1, a0
   147d0: ef f0 7f c0  	jal	0x143d6 <enormlz>
   147d4: 93 07 00 09  	li	a5, 0x90
   147d8: 33 09 a9 40  	sub	s2, s2, a0
   147dc: 63 dc a7 06  	bge	a5, a0, 0x14854 <emdnorm+0xa0>
   147e0: a1 67        	lui	a5, 0x8
   147e2: f9 17        	addi	a5, a5, -0x2
   147e4: 63 d8 27 21  	bge	a5, s2, 0x149f4 <emdnorm+0x240>
   147e8: 63 89 0a 12  	beqz	s5, 0x1491a <emdnorm+0x166>
   147ec: 83 2a 44 00  	lw	s5, 0x4(s0)
   147f0: 1c 40        	lw	a5, 0x0(s0)
   147f2: 63 88 fa 18  	beq	s5, a5, 0x14982 <emdnorm+0x1ce>
   147f6: 13 07 a4 01  	addi	a4, s0, 0x1a
   147fa: 93 07 44 03  	addi	a5, s0, 0x34
   147fe: 09 07        	addi	a4, a4, 0x2
   14800: 23 1f 07 fe  	sh	zero, -0x2(a4)
   14804: e3 9d e7 fe  	bne	a5, a4, 0x147fe <emdnorm+0x4a>
   14808: 93 07 80 03  	li	a5, 0x38
   1480c: 63 8a fa 28  	beq	s5, a5, 0x14aa0 <emdnorm+0x2ec>
   14810: 63 d5 57 13  	bge	a5, s5, 0x1493a <emdnorm+0x186>
   14814: 93 07 00 04  	li	a5, 0x40
   14818: 63 85 fa 30  	beq	s5, a5, 0x14b22 <emdnorm+0x36e>
   1481c: 93 07 10 07  	li	a5, 0x71
   14820: 63 90 fa 2e  	bne	s5, a5, 0x14b00 <emdnorm+0x34c>
   14824: b7 87 00 40  	lui	a5, 0x40008
   14828: a9 46        	li	a3, 0xa
   1482a: 61 77        	lui	a4, 0xffff8
   1482c: fd 17        	addi	a5, a5, -0x1
   1482e: 23 20 54 01  	sw	s5, 0x0(s0)
   14832: 5c c8        	sw	a5, 0x14(s0)
   14834: 14 c4        	sw	a3, 0x8(s0)
   14836: 54 c4        	sw	a3, 0xc(s0)
   14838: 23 1c e4 00  	sh	a4, 0x18(s0)
   1483c: 23 17 e4 02  	sh	a4, 0x2e(s0)
   14840: 63 57 20 13  	blez	s2, 0x1496e <emdnorm+0x1ba>
   14844: 03 d6 44 01  	lhu	a2, 0x14(s1)
   14848: 93 85 44 01  	addi	a1, s1, 0x14
   1484c: ad 46        	li	a3, 0xb
   1484e: 46 16        	slli	a2, a2, 0x31
   14850: 45 92        	srli	a2, a2, 0x31
   14852: cd aa        	j	0x14a44 <emdnorm+0x290>
   14854: 63 46 09 0a  	bltz	s2, 0x14900 <emdnorm+0x14c>
   14858: 63 83 0a 08  	beqz	s5, 0x148de <emdnorm+0x12a>
   1485c: 83 2a 44 00  	lw	s5, 0x4(s0)
   14860: 1c 40        	lw	a5, 0x0(s0)
   14862: e3 9a fa f8  	bne	s5, a5, 0x147f6 <emdnorm+0x42>
   14866: 63 4d 20 31  	bgtz	s2, 0x14b80 <emdnorm+0x3cc>
   1486a: 13 07 00 09  	li	a4, 0x90
   1486e: 63 9b e7 30  	bne	a5, a4, 0x14b84 <emdnorm+0x3d0>
   14872: 18 44        	lw	a4, 0x8(s0)
   14874: 83 55 44 01  	lhu	a1, 0x14(s0)
   14878: 06 07        	slli	a4, a4, 0x1
   1487a: 26 97        	add	a4, a4, s1
   1487c: 83 56 07 00  	lhu	a3, 0x0(a4)
   14880: 13 c6 f5 ff  	not	a2, a1
   14884: 75 8e        	and	a2, a2, a3
   14886: 23 10 c7 00  	sh	a2, 0x0(a4)
   1488a: 03 57 64 01  	lhu	a4, 0x16(s0)
   1488e: ed 8e        	and	a3, a3, a1
   14890: 33 f6 e6 00  	and	a2, a3, a4
   14894: 63 0e 06 1e  	beqz	a2, 0x14a90 <emdnorm+0x2dc>
   14898: be 8a        	mv	s5, a5
   1489a: 63 96 e6 00  	bne	a3, a4, 0x148a6 <emdnorm+0xf2>
   1489e: 63 8e 09 10  	beqz	s3, 0x149ba <emdnorm+0x206>
   148a2: 63 18 0a 12  	bnez	s4, 0x149d2 <emdnorm+0x21e>
   148a6: 93 07 24 03  	addi	a5, s0, 0x32
   148aa: 13 86 84 01  	addi	a2, s1, 0x18
   148ae: 13 85 24 00  	addi	a0, s1, 0x2
   148b2: 81 46        	li	a3, 0x0
   148b4: 03 d7 07 00  	lhu	a4, 0x0(a5)
   148b8: 83 55 06 00  	lhu	a1, 0x0(a2)
   148bc: 79 16        	addi	a2, a2, -0x2
   148be: f9 17        	addi	a5, a5, -0x2
   148c0: 2e 97        	add	a4, a4, a1
   148c2: 36 97        	add	a4, a4, a3
   148c4: 23 11 e6 00  	sh	a4, 0x2(a2)
   148c8: 41 83        	srli	a4, a4, 0x10
   148ca: 93 76 17 00  	andi	a3, a4, 0x1
   148ce: e3 13 c5 fe  	bne	a0, a2, 0x148b4 <emdnorm+0x100>
   148d2: 63 50 20 11  	blez	s2, 0x149d2 <emdnorm+0x21e>
   148d6: 83 d7 44 00  	lhu	a5, 0x4(s1)
   148da: 63 96 07 14  	bnez	a5, 0x14a26 <emdnorm+0x272>
   148de: a1 67        	lui	a5, 0x8
   148e0: 23 9c 04 00  	sh	zero, 0x18(s1)
   148e4: f9 17        	addi	a5, a5, -0x2
   148e6: 63 cc 27 03  	blt	a5, s2, 0x1491e <emdnorm+0x16a>
   148ea: 23 91 24 01  	sh	s2, 0x2(s1)
   148ee: e2 70        	ld	ra, 0x38(sp)
   148f0: 42 74        	ld	s0, 0x30(sp)
   148f2: a2 74        	ld	s1, 0x28(sp)
   148f4: 02 79        	ld	s2, 0x20(sp)
   148f6: e2 69        	ld	s3, 0x18(sp)
   148f8: 42 6a        	ld	s4, 0x10(sp)
   148fa: a2 6a        	ld	s5, 0x8(sp)
   148fc: 21 61        	addi	sp, sp, 0x40
   148fe: 82 80        	ret
   14900: 93 07 00 f7  	li	a5, -0x90
   14904: 63 51 f9 10  	bge	s2, a5, 0x14a06 <emdnorm+0x252>
   14908: 93 87 24 00  	addi	a5, s1, 0x2
   1490c: e9 04        	addi	s1, s1, 0x1a
   1490e: 89 07        	addi	a5, a5, 0x2
   14910: 23 9f 07 fe  	sh	zero, -0x2(a5)
   14914: e3 9d f4 fe  	bne	s1, a5, 0x1490e <emdnorm+0x15a>
   14918: d9 bf        	j	0x148ee <emdnorm+0x13a>
   1491a: 23 9c 04 00  	sh	zero, 0x18(s1)
   1491e: e1 77        	lui	a5, 0xffff8
   14920: 93 c7 f7 ff  	not	a5, a5
   14924: 23 91 f4 00  	sh	a5, 0x2(s1)
   14928: 93 87 44 00  	addi	a5, s1, 0x4
   1492c: e1 04        	addi	s1, s1, 0x18
   1492e: 23 90 07 00  	sh	zero, 0x0(a5)
   14932: 89 07        	addi	a5, a5, 0x2
   14934: e3 9d f4 fe  	bne	s1, a5, 0x1492e <emdnorm+0x17a>
   14938: 5d bf        	j	0x148ee <emdnorm+0x13a>
   1493a: e1 47        	li	a5, 0x18
   1493c: 63 8a fa 18  	beq	s5, a5, 0x14ad0 <emdnorm+0x31c>
   14940: 93 07 50 03  	li	a5, 0x35
   14944: 63 9e fa 1a  	bne	s5, a5, 0x14b00 <emdnorm+0x34c>
   14948: 37 07 00 04  	lui	a4, 0x4000
   1494c: 85 67        	lui	a5, 0x1
   1494e: 93 87 07 80  	addi	a5, a5, -0x800
   14952: 99 46        	li	a3, 0x6
   14954: 13 07 f7 7f  	addi	a4, a4, 0x7ff
   14958: 23 20 54 01  	sw	s5, 0x0(s0)
   1495c: 58 c8        	sw	a4, 0x14(s0)
   1495e: 23 1c f4 00  	sh	a5, 0x18(s0)
   14962: 23 13 f4 02  	sh	a5, 0x26(s0)
   14966: 14 c4        	sw	a3, 0x8(s0)
   14968: 54 c4        	sw	a3, 0xc(s0)
   1496a: 63 4e 20 1f  	bgtz	s2, 0x14b66 <emdnorm+0x3b2>
   1496e: 83 d7 84 01  	lhu	a5, 0x18(s1)
   14972: 26 85        	mv	a0, s1
   14974: 85 8b        	andi	a5, a5, 0x1
   14976: b3 e7 f9 00  	or	a5, s3, a5
   1497a: 9b 89 07 00  	sext.w	s3, a5
   1497e: ef f0 5f 8c  	jal	0x14242 <eshdn1>
   14982: 14 44        	lw	a3, 0x8(s0)
   14984: 03 57 44 01  	lhu	a4, 0x14(s0)
   14988: 13 05 f0 08  	li	a0, 0x8f
   1498c: 93 95 16 00  	slli	a1, a3, 0x1
   14990: a6 95        	add	a1, a1, s1
   14992: 83 d7 05 00  	lhu	a5, 0x0(a1)
   14996: 33 f6 e7 00  	and	a2, a5, a4
   1499a: 63 51 55 0b  	bge	a0, s5, 0x14a3c <emdnorm+0x288>
   1499e: 13 47 f7 ff  	not	a4, a4
   149a2: f9 8f        	and	a5, a5, a4
   149a4: 23 90 f5 00  	sh	a5, 0x0(a1)
   149a8: 83 57 64 01  	lhu	a5, 0x16(s0)
   149ac: 33 f7 c7 00  	and	a4, a5, a2
   149b0: 0d d3        	beqz	a4, 0x148d2 <emdnorm+0x11e>
   149b2: e3 9a c7 ee  	bne	a5, a2, 0x148a6 <emdnorm+0xf2>
   149b6: 63 95 09 1a  	bnez	s3, 0x14b60 <emdnorm+0x3ac>
   149ba: 5c 44        	lw	a5, 0xc(s0)
   149bc: 03 57 84 01  	lhu	a4, 0x18(s0)
   149c0: 86 07        	slli	a5, a5, 0x1
   149c2: a6 97        	add	a5, a5, s1
   149c4: 83 d7 07 00  	lhu	a5, 0x0(a5)
   149c8: f9 8f        	and	a5, a5, a4
   149ca: e3 9e 07 ec  	bnez	a5, 0x148a6 <emdnorm+0xf2>
   149ce: e3 44 20 f1  	bgtz	s2, 0x148d6 <emdnorm+0x122>
   149d2: 93 07 00 09  	li	a5, 0x90
   149d6: 63 8d fa 0a  	beq	s5, a5, 0x14a90 <emdnorm+0x2dc>
   149da: 26 85        	mv	a0, s1
   149dc: ef f0 ff 8a  	jal	0x1428a <eshup1>
   149e0: 83 d7 44 00  	lhu	a5, 0x4(s1)
   149e4: cd eb        	bnez	a5, 0x14a96 <emdnorm+0x2e2>
   149e6: 23 9c 04 00  	sh	zero, 0x18(s1)
   149ea: e3 50 09 f0  	bgez	s2, 0x148ea <emdnorm+0x136>
   149ee: 23 91 04 00  	sh	zero, 0x2(s1)
   149f2: f5 bd        	j	0x148ee <emdnorm+0x13a>
   149f4: 93 87 24 00  	addi	a5, s1, 0x2
   149f8: e9 04        	addi	s1, s1, 0x1a
   149fa: 89 07        	addi	a5, a5, 0x2
   149fc: 23 9f 07 fe  	sh	zero, -0x2(a5)
   14a00: e3 9d 97 fe  	bne	a5, s1, 0x149fa <emdnorm+0x246>
   14a04: ed b5        	j	0x148ee <emdnorm+0x13a>
   14a06: 9b 05 09 00  	sext.w	a1, s2
   14a0a: 26 85        	mv	a0, s1
   14a0c: ef f0 1f ae  	jal	0x144ec <eshift.part.0>
   14a10: 63 00 05 14  	beqz	a0, 0x14b50 <emdnorm+0x39c>
   14a14: 63 81 0a 16  	beqz	s5, 0x14b76 <emdnorm+0x3c2>
   14a18: 83 2a 44 00  	lw	s5, 0x4(s0)
   14a1c: 1c 40        	lw	a5, 0x0(s0)
   14a1e: aa 89        	mv	s3, a0
   14a20: e3 9b fa dc  	bne	s5, a5, 0x147f6 <emdnorm+0x42>
   14a24: 99 b5        	j	0x1486a <emdnorm+0xb6>
   14a26: 26 85        	mv	a0, s1
   14a28: ef f0 bf 81  	jal	0x14242 <eshdn1>
   14a2c: a1 67        	lui	a5, 0x8
   14a2e: 05 09        	addi	s2, s2, 0x1
   14a30: 23 9c 04 00  	sh	zero, 0x18(s1)
   14a34: f9 17        	addi	a5, a5, -0x2
   14a36: e3 da 27 eb  	bge	a5, s2, 0x148ea <emdnorm+0x136>
   14a3a: d5 b5        	j	0x1491e <emdnorm+0x16a>
   14a3c: 85 26        	addiw	a3, a3, 0x1
   14a3e: 31 45        	li	a0, 0xc
   14a40: e3 4f d5 f4  	blt	a0, a3, 0x1499e <emdnorm+0x1ea>
   14a44: 31 47        	li	a4, 0xc
   14a46: 15 9f        	subw	a4, a4, a3
   14a48: 02 17        	slli	a4, a4, 0x20
   14a4a: 01 93        	srli	a4, a4, 0x20
   14a4c: 36 97        	add	a4, a4, a3
   14a4e: 93 97 16 00  	slli	a5, a3, 0x1
   14a52: 13 85 24 00  	addi	a0, s1, 0x2
   14a56: 06 07        	slli	a4, a4, 0x1
   14a58: a6 97        	add	a5, a5, s1
   14a5a: 2a 97        	add	a4, a4, a0
   14a5c: 83 d6 07 00  	lhu	a3, 0x0(a5)
   14a60: 99 c2        	beqz	a3, 0x14a66 <emdnorm+0x2b2>
   14a62: 13 66 16 00  	ori	a2, a2, 0x1
   14a66: 23 90 07 00  	sh	zero, 0x0(a5)
   14a6a: 89 07        	addi	a5, a5, 0x2
   14a6c: e3 98 e7 fe  	bne	a5, a4, 0x14a5c <emdnorm+0x2a8>
   14a70: 03 57 44 01  	lhu	a4, 0x14(s0)
   14a74: 83 d7 05 00  	lhu	a5, 0x0(a1)
   14a78: 13 47 f7 ff  	not	a4, a4
   14a7c: f9 8f        	and	a5, a5, a4
   14a7e: 23 90 f5 00  	sh	a5, 0x0(a1)
   14a82: 83 57 64 01  	lhu	a5, 0x16(s0)
   14a86: 33 f7 c7 00  	and	a4, a5, a2
   14a8a: e3 04 07 e4  	beqz	a4, 0x148d2 <emdnorm+0x11e>
   14a8e: 15 b7        	j	0x149b2 <emdnorm+0x1fe>
   14a90: 83 d7 44 00  	lhu	a5, 0x4(s1)
   14a94: a9 db        	beqz	a5, 0x149e6 <emdnorm+0x232>
   14a96: 26 85        	mv	a0, s1
   14a98: ef f0 af fa  	jal	0x14242 <eshdn1>
   14a9c: 05 09        	addi	s2, s2, 0x1
   14a9e: a1 b7        	j	0x149e6 <emdnorm+0x232>
   14aa0: b7 07 80 00  	lui	a5, 0x800
   14aa4: 99 46        	li	a3, 0x6
   14aa6: 13 07 00 10  	li	a4, 0x100
   14aaa: 93 87 f7 0f  	addi	a5, a5, 0xff
   14aae: 23 20 54 01  	sw	s5, 0x0(s0)
   14ab2: 5c c8        	sw	a5, 0x14(s0)
   14ab4: 14 c4        	sw	a3, 0x8(s0)
   14ab6: 54 c4        	sw	a3, 0xc(s0)
   14ab8: 23 1c e4 00  	sh	a4, 0x18(s0)
   14abc: 23 13 e4 02  	sh	a4, 0x26(s0)
   14ac0: e3 57 20 eb  	blez	s2, 0x1496e <emdnorm+0x1ba>
   14ac4: 03 c6 c4 00  	lbu	a2, 0xc(s1)
   14ac8: 93 85 c4 00  	addi	a1, s1, 0xc
   14acc: 9d 46        	li	a3, 0x7
   14ace: 9d bf        	j	0x14a44 <emdnorm+0x290>
   14ad0: b7 07 80 00  	lui	a5, 0x800
   14ad4: 91 46        	li	a3, 0x4
   14ad6: 13 07 00 10  	li	a4, 0x100
   14ada: 93 87 f7 0f  	addi	a5, a5, 0xff
   14ade: 23 20 54 01  	sw	s5, 0x0(s0)
   14ae2: 5c c8        	sw	a5, 0x14(s0)
   14ae4: 14 c4        	sw	a3, 0x8(s0)
   14ae6: 54 c4        	sw	a3, 0xc(s0)
   14ae8: 23 1c e4 00  	sh	a4, 0x18(s0)
   14aec: 23 11 e4 02  	sh	a4, 0x22(s0)
   14af0: e3 5f 20 e7  	blez	s2, 0x1496e <emdnorm+0x1ba>
   14af4: 03 c6 84 00  	lbu	a2, 0x8(s1)
   14af8: 93 85 84 00  	addi	a1, s1, 0x8
   14afc: 95 46        	li	a3, 0x5
   14afe: 99 b7        	j	0x14a44 <emdnorm+0x290>
   14b00: 37 07 01 80  	lui	a4, 0x80010
   14b04: 85 46        	li	a3, 0x1
   14b06: 7d 17        	addi	a4, a4, -0x1
   14b08: b1 45        	li	a1, 0xc
   14b0a: 2d 46        	li	a2, 0xb
   14b0c: 23 20 54 01  	sw	s5, 0x0(s0)
   14b10: d6 87        	mv	a5, s5
   14b12: 58 c8        	sw	a4, 0x14(s0)
   14b14: 0c c4        	sw	a1, 0x8(s0)
   14b16: 23 1c d4 00  	sh	a3, 0x18(s0)
   14b1a: 23 18 d4 02  	sh	a3, 0x30(s0)
   14b1e: 50 c4        	sw	a2, 0xc(s0)
   14b20: 99 b3        	j	0x14866 <emdnorm+0xb2>
   14b22: b7 07 01 80  	lui	a5, 0x80010
   14b26: 05 47        	li	a4, 0x1
   14b28: fd 17        	addi	a5, a5, -0x1
   14b2a: 1d 46        	li	a2, 0x7
   14b2c: 99 46        	li	a3, 0x6
   14b2e: 23 20 54 01  	sw	s5, 0x0(s0)
   14b32: 5c c8        	sw	a5, 0x14(s0)
   14b34: 10 c4        	sw	a2, 0x8(s0)
   14b36: 23 1c e4 00  	sh	a4, 0x18(s0)
   14b3a: 23 13 e4 02  	sh	a4, 0x26(s0)
   14b3e: 54 c4        	sw	a3, 0xc(s0)
   14b40: e3 57 20 e3  	blez	s2, 0x1496e <emdnorm+0x1ba>
   14b44: 03 d6 e4 00  	lhu	a2, 0xe(s1)
   14b48: 93 85 e4 00  	addi	a1, s1, 0xe
   14b4c: a1 46        	li	a3, 0x8
   14b4e: dd bd        	j	0x14a44 <emdnorm+0x290>
   14b50: 63 83 0a 02  	beqz	s5, 0x14b76 <emdnorm+0x3c2>
   14b54: 83 2a 44 00  	lw	s5, 0x4(s0)
   14b58: 1c 40        	lw	a5, 0x0(s0)
   14b5a: e3 9e fa c8  	bne	s5, a5, 0x147f6 <emdnorm+0x42>
   14b5e: 31 b3        	j	0x1486a <emdnorm+0xb6>
   14b60: e3 03 0a d4  	beqz	s4, 0x148a6 <emdnorm+0xf2>
   14b64: bd b3        	j	0x148d2 <emdnorm+0x11e>
   14b66: 03 d6 c4 00  	lhu	a2, 0xc(s1)
   14b6a: 93 85 c4 00  	addi	a1, s1, 0xc
   14b6e: 9d 46        	li	a3, 0x7
   14b70: 13 76 f6 7f  	andi	a2, a2, 0x7ff
   14b74: c1 bd        	j	0x14a44 <emdnorm+0x290>
   14b76: 23 9c 04 00  	sh	zero, 0x18(s1)
   14b7a: 23 91 04 00  	sh	zero, 0x2(s1)
   14b7e: 85 bb        	j	0x148ee <emdnorm+0x13a>
   14b80: be 8a        	mv	s5, a5
   14b82: 01 b5        	j	0x14982 <emdnorm+0x1ce>
   14b84: be 8a        	mv	s5, a5
   14b86: e5 b3        	j	0x1496e <emdnorm+0x1ba>

0000000000014b88 <eiremain>:
   14b88: 1d 71        	addi	sp, sp, -0x60
   14b8a: a6 e4        	sd	s1, 0x48(sp)
   14b8c: ca e0        	sd	s2, 0x40(sp)
   14b8e: ae 84        	mv	s1, a1
   14b90: 03 59 25 00  	lhu	s2, 0x2(a0)
   14b94: 86 ec        	sd	ra, 0x58(sp)
   14b96: a2 e8        	sd	s0, 0x50(sp)
   14b98: 4e fc        	sd	s3, 0x38(sp)
   14b9a: 32 84        	mv	s0, a2
   14b9c: 93 09 46 03  	addi	s3, a2, 0x34
   14ba0: 52 f8        	sd	s4, 0x30(sp)
   14ba2: 6a e0        	sd	s10, 0x0(sp)
   14ba4: 2a 8a        	mv	s4, a0
   14ba6: ef f0 1f 83  	jal	0x143d6 <enormlz>
   14baa: 03 dd 24 00  	lhu	s10, 0x2(s1)
   14bae: aa 87        	mv	a5, a0
   14bb0: 26 85        	mv	a0, s1
   14bb2: 33 09 f9 40  	sub	s2, s2, a5
   14bb6: ef f0 1f 82  	jal	0x143d6 <enormlz>
   14bba: 33 0d ad 40  	sub	s10, s10, a0
   14bbe: 13 07 e4 04  	addi	a4, s0, 0x4e
   14bc2: ce 87        	mv	a5, s3
   14bc4: 89 07        	addi	a5, a5, 0x2
   14bc6: 23 9f 07 fe  	sh	zero, -0x2(a5)
   14bca: e3 1d f7 fe  	bne	a4, a5, 0x14bc4 <eiremain+0x3c>
   14bce: 63 45 2d 09  	blt	s10, s2, 0x14c58 <eiremain+0xd0>
   14bd2: 56 f4        	sd	s5, 0x28(sp)
   14bd4: 5a f0        	sd	s6, 0x20(sp)
   14bd6: 5e ec        	sd	s7, 0x18(sp)
   14bd8: 62 e8        	sd	s8, 0x10(sp)
   14bda: 66 e4        	sd	s9, 0x8(sp)
   14bdc: 13 0b 4a 00  	addi	s6, s4, 0x4
   14be0: 93 8a 44 00  	addi	s5, s1, 0x4
   14be4: 93 0b aa 01  	addi	s7, s4, 0x1a
   14be8: 13 8c 24 00  	addi	s8, s1, 0x2
   14bec: 56 87        	mv	a4, s5
   14bee: da 87        	mv	a5, s6
   14bf0: 83 d5 07 00  	lhu	a1, 0x0(a5)
   14bf4: 03 56 07 00  	lhu	a2, 0x0(a4)
   14bf8: 89 07        	addi	a5, a5, 0x2
   14bfa: 09 07        	addi	a4, a4, 0x2
   14bfc: 63 9e c5 06  	bne	a1, a2, 0x14c78 <eiremain+0xf0>
   14c00: e3 98 fb fe  	bne	s7, a5, 0x14bf0 <eiremain+0x68>
   14c04: 13 06 8a 01  	addi	a2, s4, 0x18
   14c08: 13 87 84 01  	addi	a4, s1, 0x18
   14c0c: 81 45        	li	a1, 0x0
   14c0e: 83 57 07 00  	lhu	a5, 0x0(a4)
   14c12: 03 58 06 00  	lhu	a6, 0x0(a2)
   14c16: 79 17        	addi	a4, a4, -0x2
   14c18: 79 16        	addi	a2, a2, -0x2
   14c1a: b3 87 07 41  	sub	a5, a5, a6
   14c1e: 8d 8f        	sub	a5, a5, a1
   14c20: 23 11 f7 00  	sh	a5, 0x2(a4)
   14c24: c1 83        	srli	a5, a5, 0x10
   14c26: 93 f5 17 00  	andi	a1, a5, 0x1
   14c2a: e3 12 ec fe  	bne	s8, a4, 0x14c0e <eiremain+0x86>
   14c2e: 85 4c        	li	s9, 0x1
   14c30: 4e 85        	mv	a0, s3
   14c32: ef f0 8f e5  	jal	0x1428a <eshup1>
   14c36: 83 57 c4 04  	lhu	a5, 0x4c(s0)
   14c3a: 26 85        	mv	a0, s1
   14c3c: 7d 1d        	addi	s10, s10, -0x1
   14c3e: b3 e7 fc 00  	or	a5, s9, a5
   14c42: 23 16 f4 04  	sh	a5, 0x4c(s0)
   14c46: ef f0 4f e4  	jal	0x1428a <eshup1>
   14c4a: e3 51 2d fb  	bge	s10, s2, 0x14bec <eiremain+0x64>
   14c4e: a2 7a        	ld	s5, 0x28(sp)
   14c50: 02 7b        	ld	s6, 0x20(sp)
   14c52: e2 6b        	ld	s7, 0x18(sp)
   14c54: 42 6c        	ld	s8, 0x10(sp)
   14c56: a2 6c        	ld	s9, 0x8(sp)
   14c58: a2 87        	mv	a5, s0
   14c5a: 46 64        	ld	s0, 0x50(sp)
   14c5c: e6 60        	ld	ra, 0x58(sp)
   14c5e: 06 69        	ld	s2, 0x40(sp)
   14c60: e2 79        	ld	s3, 0x38(sp)
   14c62: 42 7a        	ld	s4, 0x30(sp)
   14c64: ea 86        	mv	a3, s10
   14c66: 26 85        	mv	a0, s1
   14c68: 02 6d        	ld	s10, 0x0(sp)
   14c6a: a6 64        	ld	s1, 0x48(sp)
   14c6c: 01 47        	li	a4, 0x0
   14c6e: 01 46        	li	a2, 0x0
   14c70: 81 45        	li	a1, 0x0
   14c72: 25 61        	addi	sp, sp, 0x60
   14c74: 6f f0 1f b4  	j	0x147b4 <emdnorm>
   14c78: 81 4c        	li	s9, 0x0
   14c7a: e3 6b b6 fa  	bltu	a2, a1, 0x14c30 <eiremain+0xa8>
   14c7e: 59 b7        	j	0x14c04 <eiremain+0x7c>

0000000000014c80 <e113toe.isra.0>:
   14c80: 79 71        	addi	sp, sp, -0x30
   14c82: 22 f0        	sd	s0, 0x20(sp)
   14c84: 06 f4        	sd	ra, 0x28(sp)
   14c86: 2e 84        	mv	s0, a1
   14c88: 8a 87        	mv	a5, sp
   14c8a: 13 07 a1 01  	addi	a4, sp, 0x1a
   14c8e: 89 07        	addi	a5, a5, 0x2
   14c90: 23 9f 07 fe  	sh	zero, -0x2(a5)
   14c94: e3 9d e7 fe  	bne	a5, a4, 0x14c8e <e113toe.isra.0+0xe>
   14c98: 83 57 e5 00  	lhu	a5, 0xe(a0)
   14c9c: 21 67        	lui	a4, 0x8
   14c9e: 7d 17        	addi	a4, a4, -0x1
   14ca0: 9b d6 f7 00  	srliw	a3, a5, 0xf
   14ca4: bb 06 d0 40  	negw	a3, a3
   14ca8: 23 10 d1 00  	sh	a3, 0x0(sp)
   14cac: b3 f6 e7 00  	and	a3, a5, a4
   14cb0: 36 86        	mv	a2, a3
   14cb2: 63 83 e6 04  	beq	a3, a4, 0x14cf8 <e113toe.isra.0+0x78>
   14cb6: 23 11 d1 00  	sh	a3, 0x2(sp)
   14cba: 93 07 e5 00  	addi	a5, a0, 0xe
   14cbe: 13 07 61 00  	addi	a4, sp, 0x6
   14cc2: 83 d6 e7 ff  	lhu	a3, -0x2(a5)
   14cc6: f9 17        	addi	a5, a5, -0x2
   14cc8: 09 07        	addi	a4, a4, 0x2
   14cca: 23 1f d7 fe  	sh	a3, -0x2(a4)
   14cce: e3 1a f5 fe  	bne	a0, a5, 0x14cc2 <e113toe.isra.0+0x42>
   14cd2: 19 ea        	bnez	a2, 0x14ce8 <e113toe.isra.0+0x68>
   14cd4: 23 12 01 00  	sh	zero, 0x4(sp)
   14cd8: a2 85        	mv	a1, s0
   14cda: 0a 85        	mv	a0, sp
   14cdc: ef f0 ef e6  	jal	0x1434a <emovo.isra.0>
   14ce0: a2 70        	ld	ra, 0x28(sp)
   14ce2: 02 74        	ld	s0, 0x20(sp)
   14ce4: 45 61        	addi	sp, sp, 0x30
   14ce6: 82 80        	ret
   14ce8: 85 47        	li	a5, 0x1
   14cea: fd 55        	li	a1, -0x1
   14cec: 0a 85        	mv	a0, sp
   14cee: 23 12 f1 00  	sh	a5, 0x4(sp)
   14cf2: ef f0 af ff  	jal	0x144ec <eshift.part.0>
   14cf6: cd b7        	j	0x14cd8 <e113toe.isra.0+0x58>
   14cf8: aa 87        	mv	a5, a0
   14cfa: 93 06 e5 00  	addi	a3, a0, 0xe
   14cfe: 03 d7 07 00  	lhu	a4, 0x0(a5)
   14d02: 89 07        	addi	a5, a5, 0x2
   14d04: 21 ef        	bnez	a4, 0x14d5c <e113toe.isra.0+0xdc>
   14d06: e3 9c d7 fe  	bne	a5, a3, 0x14cfe <e113toe.isra.0+0x7e>
   14d0a: 13 07 44 01  	addi	a4, s0, 0x14
   14d0e: a2 87        	mv	a5, s0
   14d10: 89 07        	addi	a5, a5, 0x2
   14d12: 23 9f 07 fe  	sh	zero, -0x2(a5)
   14d16: e3 9d e7 fe  	bne	a5, a4, 0x14d10 <e113toe.isra.0+0x90>
   14d1a: 13 07 24 01  	addi	a4, s0, 0x12
   14d1e: a2 87        	mv	a5, s0
   14d20: 89 07        	addi	a5, a5, 0x2
   14d22: 23 9f 07 fe  	sh	zero, -0x2(a5)
   14d26: e3 9d e7 fe  	bne	a5, a4, 0x14d20 <e113toe.isra.0+0xa0>
   14d2a: 83 57 24 01  	lhu	a5, 0x12(s0)
   14d2e: a1 66        	lui	a3, 0x8
   14d30: fd 16        	addi	a3, a3, -0x1
   14d32: d5 8f        	or	a5, a5, a3
   14d34: c2 17        	slli	a5, a5, 0x30
   14d36: c1 93        	srli	a5, a5, 0x30
   14d38: 23 19 f4 00  	sh	a5, 0x12(s0)
   14d3c: 83 16 e5 00  	lh	a3, 0xe(a0)
   14d40: e3 d0 06 fa  	bgez	a3, 0x14ce0 <e113toe.isra.0+0x60>
   14d44: a2 86        	mv	a3, s0
   14d46: 03 d6 06 00  	lhu	a2, 0x0(a3)
   14d4a: 89 06        	addi	a3, a3, 0x2
   14d4c: 51 fa        	bnez	a2, 0x14ce0 <e113toe.isra.0+0x60>
   14d4e: e3 9c e6 fe  	bne	a3, a4, 0x14d46 <e113toe.isra.0+0xc6>
   14d52: 61 77        	lui	a4, 0xffff8
   14d54: b9 8f        	xor	a5, a5, a4
   14d56: 23 19 f4 00  	sh	a5, 0x12(s0)
   14d5a: 59 b7        	j	0x14ce0 <e113toe.isra.0+0x60>
   14d5c: 13 07 04 01  	addi	a4, s0, 0x10
   14d60: a2 87        	mv	a5, s0
   14d62: 89 07        	addi	a5, a5, 0x2
   14d64: 23 9f 07 fe  	sh	zero, -0x2(a5)
   14d68: e3 9d e7 fe  	bne	a5, a4, 0x14d62 <e113toe.isra.0+0xe2>
   14d6c: e1 77        	lui	a5, 0xffff8
   14d6e: 93 c7 f7 ff  	not	a5, a5
   14d72: 71 77        	lui	a4, 0xffffc
   14d74: 23 19 f4 00  	sh	a5, 0x12(s0)
   14d78: 23 18 e4 00  	sh	a4, 0x10(s0)
   14d7c: 95 b7        	j	0x14ce0 <e113toe.isra.0+0x60>

0000000000014d7e <ediv>:
   14d7e: 83 57 25 01  	lhu	a5, 0x12(a0)
   14d82: 51 71        	addi	sp, sp, -0xf0
   14d84: a2 f1        	sd	s0, 0xe0(sp)
   14d86: 93 c7 f7 ff  	not	a5, a5
   14d8a: a6 ed        	sd	s1, 0xd8(sp)
   14d8c: ca e9        	sd	s2, 0xd0(sp)
   14d8e: ce e5        	sd	s3, 0xc8(sp)
   14d90: 86 f5        	sd	ra, 0xe8(sp)
   14d92: 13 97 17 03  	slli	a4, a5, 0x31
   14d96: 2a 89        	mv	s2, a0
   14d98: ae 89        	mv	s3, a1
   14d9a: 32 84        	mv	s0, a2
   14d9c: b6 84        	mv	s1, a3
   14d9e: 11 eb        	bnez	a4, 0x14db2 <ediv+0x34>
   14da0: 93 06 25 01  	addi	a3, a0, 0x12
   14da4: aa 87        	mv	a5, a0
   14da6: 03 d7 07 00  	lhu	a4, 0x0(a5)
   14daa: 89 07        	addi	a5, a5, 0x2
   14dac: 4d e7        	bnez	a4, 0x14e56 <ediv+0xd8>
   14dae: e3 9c f6 fe  	bne	a3, a5, 0x14da6 <ediv+0x28>
   14db2: 83 d7 29 01  	lhu	a5, 0x12(s3)
   14db6: 93 c7 f7 ff  	not	a5, a5
   14dba: 13 97 17 03  	slli	a4, a5, 0x31
   14dbe: 11 eb        	bnez	a4, 0x14dd2 <ediv+0x54>
   14dc0: 93 86 29 01  	addi	a3, s3, 0x12
   14dc4: ce 87        	mv	a5, s3
   14dc6: 03 d7 07 00  	lhu	a4, 0x0(a5)
   14dca: 89 07        	addi	a5, a5, 0x2
   14dcc: 55 e7        	bnez	a4, 0x14e78 <ediv+0xfa>
   14dce: e3 9c f6 fe  	bne	a3, a5, 0x14dc6 <ediv+0x48>
   14dd2: 97 a5 00 00  	auipc	a1, 0xa
   14dd6: 93 85 e5 78  	addi	a1, a1, 0x78e
   14dda: 4a 85        	mv	a0, s2
   14ddc: ef f0 1f 8f  	jal	0x146cc <ecmp>
   14de0: 63 0b 05 12  	beqz	a0, 0x14f16 <ediv+0x198>
   14de4: 03 56 29 01  	lhu	a2, 0x12(s2)
   14de8: a1 67        	lui	a5, 0x8
   14dea: fd 17        	addi	a5, a5, -0x1
   14dec: 33 75 f6 00  	and	a0, a2, a5
   14df0: 63 15 f5 0a  	bne	a0, a5, 0x14e9a <ediv+0x11c>
   14df4: 93 06 29 01  	addi	a3, s2, 0x12
   14df8: ca 87        	mv	a5, s2
   14dfa: 03 d7 07 00  	lhu	a4, 0x0(a5)
   14dfe: 89 07        	addi	a5, a5, 0x2
   14e00: 49 ef        	bnez	a4, 0x14e9a <ediv+0x11c>
   14e02: e3 9c f6 fe  	bne	a3, a5, 0x14dfa <ediv+0x7c>
   14e06: 03 d7 29 01  	lhu	a4, 0x12(s3)
   14e0a: 93 47 f7 ff  	not	a5, a4
   14e0e: 93 96 17 03  	slli	a3, a5, 0x31
   14e12: f5 ea        	bnez	a3, 0x14f06 <ediv+0x188>
   14e14: 93 86 29 01  	addi	a3, s3, 0x12
   14e18: ce 87        	mv	a5, s3
   14e1a: 83 d5 07 00  	lhu	a1, 0x0(a5)
   14e1e: 89 07        	addi	a5, a5, 0x2
   14e20: 63 93 05 3c  	bnez	a1, 0x151e6 <ediv+0x468>
   14e24: e3 9b f6 fe  	bne	a3, a5, 0x14e1a <ediv+0x9c>
   14e28: 13 07 04 01  	addi	a4, s0, 0x10
   14e2c: a2 87        	mv	a5, s0
   14e2e: 89 07        	addi	a5, a5, 0x2
   14e30: 23 9f 07 fe  	sh	zero, -0x2(a5)
   14e34: e3 9d e7 fe  	bne	a5, a4, 0x14e2e <ediv+0xb0>
   14e38: e1 77        	lui	a5, 0xffff8
   14e3a: 93 c7 f7 ff  	not	a5, a5
   14e3e: 71 77        	lui	a4, 0xffffc
   14e40: 23 19 f4 00  	sh	a5, 0x12(s0)
   14e44: 23 18 e4 00  	sh	a4, 0x10(s0)
   14e48: ae 70        	ld	ra, 0xe8(sp)
   14e4a: 0e 74        	ld	s0, 0xe0(sp)
   14e4c: ee 64        	ld	s1, 0xd8(sp)
   14e4e: 4e 69        	ld	s2, 0xd0(sp)
   14e50: ae 69        	ld	s3, 0xc8(sp)
   14e52: 6d 61        	addi	sp, sp, 0xf0
   14e54: 82 80        	ret
   14e56: 13 07 44 01  	addi	a4, s0, 0x14
   14e5a: 83 57 09 00  	lhu	a5, 0x0(s2)
   14e5e: 09 04        	addi	s0, s0, 0x2
   14e60: 09 09        	addi	s2, s2, 0x2
   14e62: 23 1f f4 fe  	sh	a5, -0x2(s0)
   14e66: e3 1a e4 fe  	bne	s0, a4, 0x14e5a <ediv+0xdc>
   14e6a: ae 70        	ld	ra, 0xe8(sp)
   14e6c: 0e 74        	ld	s0, 0xe0(sp)
   14e6e: ee 64        	ld	s1, 0xd8(sp)
   14e70: 4e 69        	ld	s2, 0xd0(sp)
   14e72: ae 69        	ld	s3, 0xc8(sp)
   14e74: 6d 61        	addi	sp, sp, 0xf0
   14e76: 82 80        	ret
   14e78: 13 07 44 01  	addi	a4, s0, 0x14
   14e7c: 83 d7 09 00  	lhu	a5, 0x0(s3)
   14e80: 09 04        	addi	s0, s0, 0x2
   14e82: 89 09        	addi	s3, s3, 0x2
   14e84: 23 1f f4 fe  	sh	a5, -0x2(s0)
   14e88: e3 1a e4 fe  	bne	s0, a4, 0x14e7c <ediv+0xfe>
   14e8c: ae 70        	ld	ra, 0xe8(sp)
   14e8e: 0e 74        	ld	s0, 0xe0(sp)
   14e90: ee 64        	ld	s1, 0xd8(sp)
   14e92: 4e 69        	ld	s2, 0xd0(sp)
   14e94: ae 69        	ld	s3, 0xc8(sp)
   14e96: 6d 61        	addi	sp, sp, 0xf0
   14e98: 82 80        	ret
   14e9a: 03 d7 29 01  	lhu	a4, 0x12(s3)
   14e9e: 93 47 f7 ff  	not	a5, a4
   14ea2: 93 96 17 03  	slli	a3, a5, 0x31
   14ea6: d1 e2        	bnez	a3, 0x14f2a <ediv+0x1ac>
   14ea8: 01 48        	li	a6, 0x0
   14eaa: 93 86 29 01  	addi	a3, s3, 0x12
   14eae: ce 87        	mv	a5, s3
   14eb0: 83 d5 07 00  	lhu	a1, 0x0(a5)
   14eb4: 89 07        	addi	a5, a5, 0x2
   14eb6: b1 e5        	bnez	a1, 0x14f02 <ediv+0x184>
   14eb8: e3 9c f6 fe  	bne	a3, a5, 0x14eb0 <ediv+0x132>
   14ebc: a1 67        	lui	a5, 0x8
   14ebe: fd 17        	addi	a5, a5, -0x1
   14ec0: 63 0c f5 0a  	beq	a0, a5, 0x14f78 <ediv+0x1fa>
   14ec4: 3d 82        	srli	a2, a2, 0xf
   14ec6: 83 d7 09 00  	lhu	a5, 0x0(s3)
   14eca: 89 09        	addi	s3, s3, 0x2
   14ecc: 63 99 07 30  	bnez	a5, 0x151de <ediv+0x460>
   14ed0: e3 9b 36 ff  	bne	a3, s3, 0x14ec6 <ediv+0x148>
   14ed4: 93 57 f7 00  	srli	a5, a4, 0xf
   14ed8: b1 8f        	xor	a5, a5, a2
   14eda: 9b 97 f7 00  	slliw	a5, a5, 0xf
   14ede: 23 19 f4 00  	sh	a5, 0x12(s0)
   14ee2: 13 07 24 01  	addi	a4, s0, 0x12
   14ee6: a2 87        	mv	a5, s0
   14ee8: 89 07        	addi	a5, a5, 0x2
   14eea: 23 9f 07 fe  	sh	zero, -0x2(a5)
   14eee: e3 1d f7 fe  	bne	a4, a5, 0x14ee8 <ediv+0x16a>
   14ef2: 83 57 24 01  	lhu	a5, 0x12(s0)
   14ef6: 21 67        	lui	a4, 0x8
   14ef8: 7d 17        	addi	a4, a4, -0x1
   14efa: d9 8f        	or	a5, a5, a4
   14efc: 23 19 f4 00  	sh	a5, 0x12(s0)
   14f00: a1 b7        	j	0x14e48 <ediv+0xca>
   14f02: 63 04 08 02  	beqz	a6, 0x14f2a <ediv+0x1ac>
   14f06: 93 07 44 01  	addi	a5, s0, 0x14
   14f0a: 09 04        	addi	s0, s0, 0x2
   14f0c: 23 1f 04 fe  	sh	zero, -0x2(s0)
   14f10: e3 1d f4 fe  	bne	s0, a5, 0x14f0a <ediv+0x18c>
   14f14: 15 bf        	j	0x14e48 <ediv+0xca>
   14f16: 97 a5 00 00  	auipc	a1, 0xa
   14f1a: 93 85 a5 64  	addi	a1, a1, 0x64a
   14f1e: 4e 85        	mv	a0, s3
   14f20: ef f0 cf fa  	jal	0x146cc <ecmp>
   14f24: e3 10 05 ec  	bnez	a0, 0x14de4 <ediv+0x66>
   14f28: 01 b7        	j	0x14e28 <ediv+0xaa>
   14f2a: 4a 85        	mv	a0, s2
   14f2c: 0c 10        	addi	a1, sp, 0x20
   14f2e: 5a f9        	sd	s6, 0xb0(sp)
   14f30: 62 f1        	sd	s8, 0xa0(sp)
   14f32: ef f0 8f f0  	jal	0x1463a <emovi>
   14f36: 4e 85        	mv	a0, s3
   14f38: 8c 00        	addi	a1, sp, 0x40
   14f3a: ef f0 0f f0  	jal	0x1463a <emovi>
   14f3e: 03 5b 21 04  	lhu	s6, 0x42(sp)
   14f42: 03 5c 21 02  	lhu	s8, 0x22(sp)
   14f46: 63 13 0b 04  	bnez	s6, 0x14f8c <ediv+0x20e>
   14f4a: 66 ed        	sd	s9, 0x98(sp)
   14f4c: 93 07 21 04  	addi	a5, sp, 0x42
   14f50: 93 0c 81 05  	addi	s9, sp, 0x58
   14f54: 03 d7 07 00  	lhu	a4, 0x0(a5)
   14f58: 89 07        	addi	a5, a5, 0x2
   14f5a: 63 1d 07 24  	bnez	a4, 0x151b4 <ediv+0x436>
   14f5e: e3 9b fc fe  	bne	s9, a5, 0x14f54 <ediv+0x1d6>
   14f62: 93 07 44 01  	addi	a5, s0, 0x14
   14f66: 09 04        	addi	s0, s0, 0x2
   14f68: 23 1f 04 fe  	sh	zero, -0x2(s0)
   14f6c: e3 1d f4 fe  	bne	s0, a5, 0x14f66 <ediv+0x1e8>
   14f70: 4a 7b        	ld	s6, 0xb0(sp)
   14f72: 0a 7c        	ld	s8, 0xa0(sp)
   14f74: ea 6c        	ld	s9, 0x98(sp)
   14f76: c9 bd        	j	0x14e48 <ediv+0xca>
   14f78: 93 05 29 01  	addi	a1, s2, 0x12
   14f7c: 83 57 09 00  	lhu	a5, 0x0(s2)
   14f80: 09 09        	addi	s2, s2, 0x2
   14f82: 63 90 07 26  	bnez	a5, 0x151e2 <ediv+0x464>
   14f86: e3 9b 25 ff  	bne	a1, s2, 0x14f7c <ediv+0x1fe>
   14f8a: 2d bf        	j	0x14ec4 <ediv+0x146>
   14f8c: 5a e4        	sd	s6, 0x8(sp)
   14f8e: 63 19 0c 04  	bnez	s8, 0x14fe0 <ediv+0x262>
   14f92: 93 07 21 02  	addi	a5, sp, 0x22
   14f96: 34 18        	addi	a3, sp, 0x38
   14f98: 03 d7 07 00  	lhu	a4, 0x0(a5)
   14f9c: 89 07        	addi	a5, a5, 0x2
   14f9e: 63 13 07 22  	bnez	a4, 0x151c4 <ediv+0x446>
   14fa2: e3 9b d7 fe  	bne	a5, a3, 0x14f98 <ediv+0x21a>
   14fa6: 83 56 01 02  	lhu	a3, 0x20(sp)
   14faa: 03 56 01 04  	lhu	a2, 0x40(sp)
   14fae: 13 07 24 01  	addi	a4, s0, 0x12
   14fb2: a2 87        	mv	a5, s0
   14fb4: 91 8e        	sub	a3, a3, a2
   14fb6: b3 36 d0 00  	snez	a3, a3
   14fba: 9b 96 f6 00  	slliw	a3, a3, 0xf
   14fbe: 23 19 d4 00  	sh	a3, 0x12(s0)
   14fc2: 89 07        	addi	a5, a5, 0x2
   14fc4: 23 9f 07 fe  	sh	zero, -0x2(a5)
   14fc8: e3 9d e7 fe  	bne	a5, a4, 0x14fc2 <ediv+0x244>
   14fcc: 83 57 24 01  	lhu	a5, 0x12(s0)
   14fd0: 21 67        	lui	a4, 0x8
   14fd2: 7d 17        	addi	a4, a4, -0x1
   14fd4: d9 8f        	or	a5, a5, a4
   14fd6: 4a 7b        	ld	s6, 0xb0(sp)
   14fd8: 0a 7c        	ld	s8, 0xa0(sp)
   14fda: 23 19 f4 00  	sh	a5, 0x12(s0)
   14fde: ad b5        	j	0x14e48 <ediv+0xca>
   14fe0: d2 e1        	sd	s4, 0xc0(sp)
   14fe2: 56 fd        	sd	s5, 0xb8(sp)
   14fe4: 5e f5        	sd	s7, 0xa8(sp)
   14fe6: 66 ed        	sd	s9, 0x98(sp)
   14fe8: 6a e9        	sd	s10, 0x90(sp)
   14fea: 6e e5        	sd	s11, 0x88(sp)
   14fec: 62 e8        	sd	s8, 0x10(sp)
   14fee: 06 47        	lw	a4, 0x40(sp)
   14ff0: 13 89 84 03  	addi	s2, s1, 0x38
   14ff4: ca 87        	mv	a5, s2
   14ff6: d8 d8        	sw	a4, 0x34(s1)
   14ff8: 13 87 44 03  	addi	a4, s1, 0x34
   14ffc: 3a ec        	sd	a4, 0x18(sp)
   14ffe: 93 89 e4 04  	addi	s3, s1, 0x4e
   15002: 89 07        	addi	a5, a5, 0x2
   15004: 23 9f 07 fe  	sh	zero, -0x2(a5)
   15008: e3 9d 37 ff  	bne	a5, s3, 0x15002 <ediv+0x284>
   1500c: 88 00        	addi	a0, sp, 0x40
   1500e: ef f0 4f a3  	jal	0x14242 <eshdn1>
   15012: 83 5b 61 02  	lhu	s7, 0x26(sp)
   15016: 41 6a        	lui	s4, 0x10
   15018: 13 0d 21 04  	addi	s10, sp, 0x42
   1501c: 93 9a 0b 01  	slli	s5, s7, 0x10
   15020: b3 8a 7a 41  	sub	s5, s5, s7
   15024: 93 0c 81 05  	addi	s9, sp, 0x58
   15028: 93 0d a1 07  	addi	s11, sp, 0x7a
   1502c: 13 0c 21 06  	addi	s8, sp, 0x62
   15030: 7d 1a        	addi	s4, s4, -0x1
   15032: 83 57 41 04  	lhu	a5, 0x44(sp)
   15036: 03 57 61 04  	lhu	a4, 0x46(sp)
   1503a: 52 8b        	mv	s6, s4
   1503c: c2 07        	slli	a5, a5, 0x10
   1503e: ba 97        	add	a5, a5, a4
   15040: 63 e8 fa 00  	bltu	s5, a5, 0x15050 <ediv+0x2d2>
   15044: b3 d7 77 03  	divu	a5, a5, s7
   15048: 13 9b 07 03  	slli	s6, a5, 0x30
   1504c: 13 5b 0b 03  	srli	s6, s6, 0x30
   15050: 90 10        	addi	a2, sp, 0x60
   15052: 0c 10        	addi	a1, sp, 0x20
   15054: 5a 85        	mv	a0, s6
   15056: ef f0 ef a8  	jal	0x142e4 <m16m>
   1505a: d8 00        	addi	a4, sp, 0x44
   1505c: dc 10        	addi	a5, sp, 0x64
   1505e: 03 d6 07 00  	lhu	a2, 0x0(a5)
   15062: 83 56 07 00  	lhu	a3, 0x0(a4)
   15066: 89 07        	addi	a5, a5, 0x2
   15068: 09 07        	addi	a4, a4, 0x2
   1506a: 63 13 d6 0c  	bne	a2, a3, 0x15130 <ediv+0x3b2>
   1506e: e3 98 b7 ff  	bne	a5, s11, 0x1505e <ediv+0x2e0>
   15072: 01 46        	li	a2, 0x0
   15074: b4 18        	addi	a3, sp, 0x78
   15076: e6 87        	mv	a5, s9
   15078: 03 d7 07 00  	lhu	a4, 0x0(a5)
   1507c: 83 d5 06 00  	lhu	a1, 0x0(a3)
   15080: f9 17        	addi	a5, a5, -0x2
   15082: f9 16        	addi	a3, a3, -0x2
   15084: 0d 8f        	sub	a4, a4, a1
   15086: 11 8f        	sub	a4, a4, a2
   15088: 23 91 e7 00  	sh	a4, 0x2(a5)
   1508c: 41 83        	srli	a4, a4, 0x10
   1508e: 13 76 17 00  	andi	a2, a4, 0x1
   15092: e3 93 a7 ff  	bne	a5, s10, 0x15078 <ediv+0x2fa>
   15096: 23 10 69 01  	sh	s6, 0x0(s2)
   1509a: dc 00        	addi	a5, sp, 0x44
   1509c: 03 d7 27 00  	lhu	a4, 0x2(a5)
   150a0: 89 07        	addi	a5, a5, 0x2
   150a2: 23 9f e7 fe  	sh	a4, -0x2(a5)
   150a6: e3 9b 97 ff  	bne	a5, s9, 0x1509c <ediv+0x31e>
   150aa: 23 1c 01 04  	sh	zero, 0x58(sp)
   150ae: 09 09        	addi	s2, s2, 0x2
   150b0: e3 91 29 f9  	bne	s3, s2, 0x15032 <ediv+0x2b4>
   150b4: dc 00        	addi	a5, sp, 0x44
   150b6: 01 47        	li	a4, 0x0
   150b8: 93 06 a1 05  	addi	a3, sp, 0x5a
   150bc: 03 d6 07 00  	lhu	a2, 0x0(a5)
   150c0: 89 07        	addi	a5, a5, 0x2
   150c2: 51 8f        	or	a4, a4, a2
   150c4: e3 9c d7 fe  	bne	a5, a3, 0x150bc <ediv+0x33e>
   150c8: 62 69        	ld	s2, 0x18(sp)
   150ca: 01 27        	sext.w	a4, a4
   150cc: b3 35 e0 00  	snez	a1, a4
   150d0: 9c 00        	addi	a5, sp, 0x40
   150d2: 03 57 09 00  	lhu	a4, 0x0(s2)
   150d6: 89 07        	addi	a5, a5, 0x2
   150d8: 09 09        	addi	s2, s2, 0x2
   150da: 23 9f e7 fe  	sh	a4, -0x2(a5)
   150de: e3 9a f6 fe  	bne	a3, a5, 0x150d2 <ediv+0x354>
   150e2: a2 67        	ld	a5, 0x8(sp)
   150e4: 42 67        	ld	a4, 0x10(sp)
   150e6: 91 66        	lui	a3, 0x4
   150e8: fd 16        	addi	a3, a3, -0x1
   150ea: 33 8b e7 40  	sub	s6, a5, a4
   150ee: 13 07 00 04  	li	a4, 0x40
   150f2: da 96        	add	a3, a3, s6
   150f4: 33 05 e1 00  	add	a0, sp, a4
   150f8: a6 87        	mv	a5, s1
   150fa: 01 46        	li	a2, 0x0
   150fc: ef f0 8f eb  	jal	0x147b4 <emdnorm>
   15100: 03 57 01 04  	lhu	a4, 0x40(sp)
   15104: 83 57 01 02  	lhu	a5, 0x20(sp)
   15108: a2 85        	mv	a1, s0
   1510a: 88 00        	addi	a0, sp, 0x40
   1510c: 99 8f        	sub	a5, a5, a4
   1510e: b3 37 f0 00  	snez	a5, a5
   15112: bb 07 f0 40  	negw	a5, a5
   15116: 23 10 f1 04  	sh	a5, 0x40(sp)
   1511a: ef f0 0f a3  	jal	0x1434a <emovo.isra.0>
   1511e: 0e 6a        	ld	s4, 0xc0(sp)
   15120: ea 7a        	ld	s5, 0xb8(sp)
   15122: 4a 7b        	ld	s6, 0xb0(sp)
   15124: aa 7b        	ld	s7, 0xa8(sp)
   15126: 0a 7c        	ld	s8, 0xa0(sp)
   15128: ea 6c        	ld	s9, 0x98(sp)
   1512a: 4a 6d        	ld	s10, 0x90(sp)
   1512c: aa 6d        	ld	s11, 0x88(sp)
   1512e: 29 bb        	j	0x14e48 <ediv+0xca>
   15130: e3 f1 c6 f4  	bgeu	a3, a2, 0x15072 <ediv+0x2f4>
   15134: 1b 03 fb ff  	addiw	t1, s6, -0x1
   15138: 42 13        	slli	t1, t1, 0x30
   1513a: 13 53 03 03  	srli	t1, t1, 0x30
   1513e: 01 46        	li	a2, 0x0
   15140: 34 18        	addi	a3, sp, 0x38
   15142: b8 18        	addi	a4, sp, 0x78
   15144: 83 57 07 00  	lhu	a5, 0x0(a4)
   15148: 83 d5 06 00  	lhu	a1, 0x0(a3)
   1514c: 79 17        	addi	a4, a4, -0x2
   1514e: f9 16        	addi	a3, a3, -0x2
   15150: 8d 8f        	sub	a5, a5, a1
   15152: 91 8f        	sub	a5, a5, a2
   15154: 23 11 f7 00  	sh	a5, 0x2(a4)
   15158: c1 83        	srli	a5, a5, 0x10
   1515a: 13 f6 17 00  	andi	a2, a5, 0x1
   1515e: e3 13 87 ff  	bne	a4, s8, 0x15144 <ediv+0x3c6>
   15162: d8 00        	addi	a4, sp, 0x44
   15164: dc 10        	addi	a5, sp, 0x64
   15166: 03 d6 07 00  	lhu	a2, 0x0(a5)
   1516a: 83 56 07 00  	lhu	a3, 0x0(a4)
   1516e: 89 07        	addi	a5, a5, 0x2
   15170: 09 07        	addi	a4, a4, 0x2
   15172: 63 16 d6 00  	bne	a2, a3, 0x1517e <ediv+0x400>
   15176: e3 98 b7 ff  	bne	a5, s11, 0x15166 <ediv+0x3e8>
   1517a: 1a 8b        	mv	s6, t1
   1517c: dd bd        	j	0x15072 <ediv+0x2f4>
   1517e: e3 fe c6 fe  	bgeu	a3, a2, 0x1517a <ediv+0x3fc>
   15182: 1b 05 eb ff  	addiw	a0, s6, -0x2
   15186: 13 1b 05 03  	slli	s6, a0, 0x30
   1518a: 13 5b 0b 03  	srli	s6, s6, 0x30
   1518e: 01 46        	li	a2, 0x0
   15190: 34 18        	addi	a3, sp, 0x38
   15192: b8 18        	addi	a4, sp, 0x78
   15194: 83 57 07 00  	lhu	a5, 0x0(a4)
   15198: 83 d5 06 00  	lhu	a1, 0x0(a3)
   1519c: 79 17        	addi	a4, a4, -0x2
   1519e: f9 16        	addi	a3, a3, -0x2
   151a0: 8d 8f        	sub	a5, a5, a1
   151a2: 91 8f        	sub	a5, a5, a2
   151a4: 23 11 f7 00  	sh	a5, 0x2(a4)
   151a8: c1 83        	srli	a5, a5, 0x10
   151aa: 13 f6 17 00  	andi	a2, a5, 0x1
   151ae: e3 13 87 ff  	bne	a4, s8, 0x15194 <ediv+0x416>
   151b2: c1 b5        	j	0x15072 <ediv+0x2f4>
   151b4: 88 00        	addi	a0, sp, 0x40
   151b6: ef f0 0f a2  	jal	0x143d6 <enormlz>
   151ba: b3 07 a0 40  	neg	a5, a0
   151be: ea 6c        	ld	s9, 0x98(sp)
   151c0: 3e e4        	sd	a5, 0x8(sp)
   151c2: f1 b3        	j	0x14f8e <ediv+0x210>
   151c4: 08 10        	addi	a0, sp, 0x20
   151c6: d2 e1        	sd	s4, 0xc0(sp)
   151c8: 56 fd        	sd	s5, 0xb8(sp)
   151ca: 5e f5        	sd	s7, 0xa8(sp)
   151cc: 66 ed        	sd	s9, 0x98(sp)
   151ce: 6a e9        	sd	s10, 0x90(sp)
   151d0: 6e e5        	sd	s11, 0x88(sp)
   151d2: ef f0 4f a0  	jal	0x143d6 <enormlz>
   151d6: b3 07 a0 40  	neg	a5, a0
   151da: 3e e8        	sd	a5, 0x10(sp)
   151dc: 09 bd        	j	0x14fee <ediv+0x270>
   151de: 81 47        	li	a5, 0x0
   151e0: e5 b9        	j	0x14ed8 <ediv+0x15a>
   151e2: 01 46        	li	a2, 0x0
   151e4: cd b1        	j	0x14ec6 <ediv+0x148>
   151e6: 05 48        	li	a6, 0x1
   151e8: d9 b1        	j	0x14eae <ediv+0x130>

00000000000151ea <emul>:
   151ea: 31 71        	addi	sp, sp, -0xc0
   151ec: 26 f5        	sd	s1, 0xa8(sp)
   151ee: aa 84        	mv	s1, a0
   151f0: 03 55 25 01  	lhu	a0, 0x12(a0)
   151f4: 21 67        	lui	a4, 0x8
   151f6: 7d 17        	addi	a4, a4, -0x1
   151f8: 22 f9        	sd	s0, 0xb0(sp)
   151fa: 4a f1        	sd	s2, 0xa0(sp)
   151fc: 52 e9        	sd	s4, 0x90(sp)
   151fe: 06 fd        	sd	ra, 0xb8(sp)
   15200: 4e ed        	sd	s3, 0x98(sp)
   15202: 33 78 e5 00  	and	a6, a0, a4
   15206: 2e 89        	mv	s2, a1
   15208: 32 84        	mv	s0, a2
   1520a: 36 8a        	mv	s4, a3
   1520c: 63 18 e8 0c  	bne	a6, a4, 0x152dc <emul+0xf2>
   15210: 93 89 24 01  	addi	s3, s1, 0x12
   15214: 26 87        	mv	a4, s1
   15216: 03 56 07 00  	lhu	a2, 0x0(a4)
   1521a: 09 07        	addi	a4, a4, 0x2
   1521c: 63 14 06 14  	bnez	a2, 0x15364 <emul+0x17a>
   15220: e3 9b e9 fe  	bne	s3, a4, 0x15216 <emul+0x2c>
   15224: 03 56 29 01  	lhu	a2, 0x12(s2)
   15228: 93 47 f6 ff  	not	a5, a2
   1522c: 13 97 17 03  	slli	a4, a5, 0x31
   15230: 45 cf        	beqz	a4, 0x152e8 <emul+0xfe>
   15232: a6 87        	mv	a5, s1
   15234: 03 d7 07 00  	lhu	a4, 0x0(a5)
   15238: 89 07        	addi	a5, a5, 0x2
   1523a: 63 1e 07 22  	bnez	a4, 0x15476 <emul+0x28c>
   1523e: e3 9b f9 fe  	bne	s3, a5, 0x15234 <emul+0x4a>
   15242: 97 a5 00 00  	auipc	a1, 0xa
   15246: 93 85 e5 31  	addi	a1, a1, 0x31e
   1524a: 4a 85        	mv	a0, s2
   1524c: ef f0 0f c8  	jal	0x146cc <ecmp>
   15250: 63 0d 05 22  	beqz	a0, 0x1548a <emul+0x2a0>
   15254: 03 56 29 01  	lhu	a2, 0x12(s2)
   15258: 21 67        	lui	a4, 0x8
   1525a: 7d 17        	addi	a4, a4, -0x1
   1525c: b3 76 e6 00  	and	a3, a2, a4
   15260: b6 85        	mv	a1, a3
   15262: 93 07 29 01  	addi	a5, s2, 0x12
   15266: 63 93 e6 36  	bne	a3, a4, 0x155cc <emul+0x3e2>
   1526a: 4a 87        	mv	a4, s2
   1526c: 83 56 07 00  	lhu	a3, 0x0(a4)
   15270: 09 07        	addi	a4, a4, 0x2
   15272: 63 90 06 16  	bnez	a3, 0x153d2 <emul+0x1e8>
   15276: e3 9b e7 fe  	bne	a5, a4, 0x1526c <emul+0x82>
   1527a: 97 a5 00 00  	auipc	a1, 0xa
   1527e: 93 85 65 2e  	addi	a1, a1, 0x2e6
   15282: 26 85        	mv	a0, s1
   15284: ef f0 8f c4  	jal	0x146cc <ecmp>
   15288: 63 01 05 20  	beqz	a0, 0x1548a <emul+0x2a0>
   1528c: 03 d5 24 01  	lhu	a0, 0x12(s1)
   15290: 03 56 29 01  	lhu	a2, 0x12(s2)
   15294: a1 67        	lui	a5, 0x8
   15296: fd 17        	addi	a5, a5, -0x1
   15298: 33 77 f5 00  	and	a4, a0, a5
   1529c: b3 75 f6 00  	and	a1, a2, a5
   152a0: ba 86        	mv	a3, a4
   152a2: 63 01 f7 14  	beq	a4, a5, 0x153e4 <emul+0x1fa>
   152a6: 2e 87        	mv	a4, a1
   152a8: b6 85        	mv	a1, a3
   152aa: a1 67        	lui	a5, 0x8
   152ac: 01 27        	sext.w	a4, a4
   152ae: fd 17        	addi	a5, a5, -0x1
   152b0: 63 1f f7 04  	bne	a4, a5, 0x1530e <emul+0x124>
   152b4: 93 07 29 01  	addi	a5, s2, 0x12
   152b8: 4a 87        	mv	a4, s2
   152ba: 83 56 07 00  	lhu	a3, 0x0(a4)
   152be: 09 07        	addi	a4, a4, 0x2
   152c0: b9 e6        	bnez	a3, 0x1530e <emul+0x124>
   152c2: e3 9c e7 fe  	bne	a5, a4, 0x152ba <emul+0xd0>
   152c6: 21 68        	lui	a6, 0x8
   152c8: 7d 18        	addi	a6, a6, -0x1
   152ca: 9b 86 05 00  	sext.w	a3, a1
   152ce: 13 57 f5 00  	srli	a4, a0, 0xf
   152d2: 93 89 24 01  	addi	s3, s1, 0x12
   152d6: 63 99 05 19  	bne	a1, a6, 0x15468 <emul+0x27e>
   152da: 05 a2        	j	0x153fa <emul+0x210>
   152dc: 03 d6 25 01  	lhu	a2, 0x12(a1)
   152e0: b3 77 e6 00  	and	a5, a2, a4
   152e4: 63 95 e7 02  	bne	a5, a4, 0x1530e <emul+0x124>
   152e8: 93 07 29 01  	addi	a5, s2, 0x12
   152ec: 4a 87        	mv	a4, s2
   152ee: 83 56 07 00  	lhu	a3, 0x0(a4)
   152f2: 09 07        	addi	a4, a4, 0x2
   152f4: d1 ea        	bnez	a3, 0x15388 <emul+0x19e>
   152f6: e3 9c e7 fe  	bne	a5, a4, 0x152ee <emul+0x104>
   152fa: 21 67        	lui	a4, 0x8
   152fc: 7d 17        	addi	a4, a4, -0x1
   152fe: 93 89 24 01  	addi	s3, s1, 0x12
   15302: e3 08 e8 f2  	beq	a6, a4, 0x15232 <emul+0x48>
   15306: b3 76 e6 00  	and	a3, a2, a4
   1530a: e3 80 e6 f6  	beq	a3, a4, 0x1526a <emul+0x80>
   1530e: 26 85        	mv	a0, s1
   15310: 8a 85        	mv	a1, sp
   15312: 56 e5        	sd	s5, 0x88(sp)
   15314: ef f0 6f b2  	jal	0x1463a <emovi>
   15318: 4a 85        	mv	a0, s2
   1531a: 0c 10        	addi	a1, sp, 0x20
   1531c: ef f0 ef b1  	jal	0x1463a <emovi>
   15320: 03 59 21 00  	lhu	s2, 0x2(sp)
   15324: 83 5a 21 02  	lhu	s5, 0x22(sp)
   15328: 63 02 09 08  	beqz	s2, 0x153ac <emul+0x1c2>
   1532c: 63 97 0a 18  	bnez	s5, 0x154ba <emul+0x2d0>
   15330: 93 07 21 02  	addi	a5, sp, 0x22
   15334: 34 18        	addi	a3, sp, 0x38
   15336: 03 d7 07 00  	lhu	a4, 0x0(a5)
   1533a: 89 07        	addi	a5, a5, 0x2
   1533c: 63 1c 07 26  	bnez	a4, 0x155b4 <emul+0x3ca>
   15340: e3 9b f6 fe  	bne	a3, a5, 0x15336 <emul+0x14c>
   15344: 93 07 44 01  	addi	a5, s0, 0x14
   15348: 09 04        	addi	s0, s0, 0x2
   1534a: 23 1f 04 fe  	sh	zero, -0x2(s0)
   1534e: e3 1d f4 fe  	bne	s0, a5, 0x15348 <emul+0x15e>
   15352: aa 6a        	ld	s5, 0x88(sp)
   15354: ea 70        	ld	ra, 0xb8(sp)
   15356: 4a 74        	ld	s0, 0xb0(sp)
   15358: aa 74        	ld	s1, 0xa8(sp)
   1535a: 0a 79        	ld	s2, 0xa0(sp)
   1535c: ea 69        	ld	s3, 0x98(sp)
   1535e: 4a 6a        	ld	s4, 0x90(sp)
   15360: 29 61        	addi	sp, sp, 0xc0
   15362: 82 80        	ret
   15364: 13 07 44 01  	addi	a4, s0, 0x14
   15368: 83 d7 04 00  	lhu	a5, 0x0(s1)
   1536c: 09 04        	addi	s0, s0, 0x2
   1536e: 89 04        	addi	s1, s1, 0x2
   15370: 23 1f f4 fe  	sh	a5, -0x2(s0)
   15374: e3 1a e4 fe  	bne	s0, a4, 0x15368 <emul+0x17e>
   15378: ea 70        	ld	ra, 0xb8(sp)
   1537a: 4a 74        	ld	s0, 0xb0(sp)
   1537c: aa 74        	ld	s1, 0xa8(sp)
   1537e: 0a 79        	ld	s2, 0xa0(sp)
   15380: ea 69        	ld	s3, 0x98(sp)
   15382: 4a 6a        	ld	s4, 0x90(sp)
   15384: 29 61        	addi	sp, sp, 0xc0
   15386: 82 80        	ret
   15388: 13 07 44 01  	addi	a4, s0, 0x14
   1538c: 83 57 09 00  	lhu	a5, 0x0(s2)
   15390: 09 04        	addi	s0, s0, 0x2
   15392: 09 09        	addi	s2, s2, 0x2
   15394: 23 1f f4 fe  	sh	a5, -0x2(s0)
   15398: e3 1a 87 fe  	bne	a4, s0, 0x1538c <emul+0x1a2>
   1539c: ea 70        	ld	ra, 0xb8(sp)
   1539e: 4a 74        	ld	s0, 0xb0(sp)
   153a0: aa 74        	ld	s1, 0xa8(sp)
   153a2: 0a 79        	ld	s2, 0xa0(sp)
   153a4: ea 69        	ld	s3, 0x98(sp)
   153a6: 4a 6a        	ld	s4, 0x90(sp)
   153a8: 29 61        	addi	sp, sp, 0xc0
   153aa: 82 80        	ret
   153ac: 93 07 21 00  	addi	a5, sp, 0x2
   153b0: 34 08        	addi	a3, sp, 0x18
   153b2: 03 d7 07 00  	lhu	a4, 0x0(a5)
   153b6: 89 07        	addi	a5, a5, 0x2
   153b8: 63 18 07 1e  	bnez	a4, 0x155a8 <emul+0x3be>
   153bc: e3 9b f6 fe  	bne	a3, a5, 0x153b2 <emul+0x1c8>
   153c0: 93 07 44 01  	addi	a5, s0, 0x14
   153c4: 09 04        	addi	s0, s0, 0x2
   153c6: 23 1f 04 fe  	sh	zero, -0x2(s0)
   153ca: e3 1d f4 fe  	bne	s0, a5, 0x153c4 <emul+0x1da>
   153ce: aa 6a        	ld	s5, 0x88(sp)
   153d0: 51 b7        	j	0x15354 <emul+0x16a>
   153d2: 03 d5 24 01  	lhu	a0, 0x12(s1)
   153d6: 21 67        	lui	a4, 0x8
   153d8: 7d 17        	addi	a4, a4, -0x1
   153da: b3 76 e5 00  	and	a3, a0, a4
   153de: b6 85        	mv	a1, a3
   153e0: e3 9c e6 ec  	bne	a3, a4, 0x152b8 <emul+0xce>
   153e4: 93 89 24 01  	addi	s3, s1, 0x12
   153e8: a6 87        	mv	a5, s1
   153ea: 03 d7 07 00  	lhu	a4, 0x0(a5)
   153ee: 89 07        	addi	a5, a5, 0x2
   153f0: 61 e3        	bnez	a4, 0x154b0 <emul+0x2c6>
   153f2: e3 9c f9 fe  	bne	s3, a5, 0x153ea <emul+0x200>
   153f6: 9b 86 05 00  	sext.w	a3, a1
   153fa: 83 d7 04 00  	lhu	a5, 0x0(s1)
   153fe: 89 04        	addi	s1, s1, 0x2
   15400: 99 eb        	bnez	a5, 0x15416 <emul+0x22c>
   15402: e3 9c 99 fe  	bne	s3, s1, 0x153fa <emul+0x210>
   15406: 1b 15 05 01  	slliw	a0, a0, 0x10
   1540a: 1b 55 05 41  	sraiw	a0, a0, 0x10
   1540e: 93 17 05 02  	slli	a5, a0, 0x20
   15412: 63 c4 07 04  	bltz	a5, 0x1545a <emul+0x270>
   15416: a1 67        	lui	a5, 0x8
   15418: fd 17        	addi	a5, a5, -0x1
   1541a: 01 47        	li	a4, 0x0
   1541c: 63 84 f6 04  	beq	a3, a5, 0x15464 <emul+0x27a>
   15420: 3d 82        	srli	a2, a2, 0xf
   15422: 31 8f        	xor	a4, a4, a2
   15424: 1b 17 f7 00  	slliw	a4, a4, 0xf
   15428: 23 19 e4 00  	sh	a4, 0x12(s0)
   1542c: a2 87        	mv	a5, s0
   1542e: 13 07 24 01  	addi	a4, s0, 0x12
   15432: 89 07        	addi	a5, a5, 0x2
   15434: 23 9f 07 fe  	sh	zero, -0x2(a5)
   15438: e3 9d e7 fe  	bne	a5, a4, 0x15432 <emul+0x248>
   1543c: 83 57 24 01  	lhu	a5, 0x12(s0)
   15440: 21 67        	lui	a4, 0x8
   15442: 7d 17        	addi	a4, a4, -0x1
   15444: d9 8f        	or	a5, a5, a4
   15446: ea 70        	ld	ra, 0xb8(sp)
   15448: 23 19 f4 00  	sh	a5, 0x12(s0)
   1544c: 4a 74        	ld	s0, 0xb0(sp)
   1544e: aa 74        	ld	s1, 0xa8(sp)
   15450: 0a 79        	ld	s2, 0xa0(sp)
   15452: ea 69        	ld	s3, 0x98(sp)
   15454: 4a 6a        	ld	s4, 0x90(sp)
   15456: 29 61        	addi	sp, sp, 0xc0
   15458: 82 80        	ret
   1545a: a1 67        	lui	a5, 0x8
   1545c: fd 17        	addi	a5, a5, -0x1
   1545e: 05 47        	li	a4, 0x1
   15460: e3 90 f6 fc  	bne	a3, a5, 0x15420 <emul+0x236>
   15464: 93 07 29 01  	addi	a5, s2, 0x12
   15468: 83 56 09 00  	lhu	a3, 0x0(s2)
   1546c: 09 09        	addi	s2, s2, 0x2
   1546e: 9d ee        	bnez	a3, 0x154ac <emul+0x2c2>
   15470: e3 9c 27 ff  	bne	a5, s2, 0x15468 <emul+0x27e>
   15474: 75 b7        	j	0x15420 <emul+0x236>
   15476: 21 67        	lui	a4, 0x8
   15478: 7d 17        	addi	a4, a4, -0x1
   1547a: b3 76 e6 00  	and	a3, a2, a4
   1547e: b6 85        	mv	a1, a3
   15480: 93 07 29 01  	addi	a5, s2, 0x12
   15484: e3 83 e6 de  	beq	a3, a4, 0x1526a <emul+0x80>
   15488: 85 b7        	j	0x153e8 <emul+0x1fe>
   1548a: 13 07 04 01  	addi	a4, s0, 0x10
   1548e: a2 87        	mv	a5, s0
   15490: 89 07        	addi	a5, a5, 0x2
   15492: 23 9f 07 fe  	sh	zero, -0x2(a5)
   15496: e3 1d f7 fe  	bne	a4, a5, 0x15490 <emul+0x2a6>
   1549a: e1 77        	lui	a5, 0xffff8
   1549c: 93 c7 f7 ff  	not	a5, a5
   154a0: 71 77        	lui	a4, 0xffffc
   154a2: 23 19 f4 00  	sh	a5, 0x12(s0)
   154a6: 23 18 e4 00  	sh	a4, 0x10(s0)
   154aa: 6d b5        	j	0x15354 <emul+0x16a>
   154ac: 01 46        	li	a2, 0x0
   154ae: 95 bf        	j	0x15422 <emul+0x238>
   154b0: a1 67        	lui	a5, 0x8
   154b2: 2e 87        	mv	a4, a1
   154b4: 93 85 f7 ff  	addi	a1, a5, -0x1
   154b8: cd bb        	j	0x152aa <emul+0xc0>
   154ba: 5a e1        	sd	s6, 0x80(sp)
   154bc: de fc        	sd	s7, 0x78(sp)
   154be: e2 f8        	sd	s8, 0x70(sp)
   154c0: e6 f4        	sd	s9, 0x68(sp)
   154c2: d6 89        	mv	s3, s5
   154c4: 83 57 01 02  	lhu	a5, 0x20(sp)
   154c8: 93 04 8a 03  	addi	s1, s4, 0x38
   154cc: 23 1b 5a 03  	sh	s5, 0x36(s4)
   154d0: 23 1a fa 02  	sh	a5, 0x34(s4)
   154d4: 13 07 ea 04  	addi	a4, s4, 0x4e
   154d8: a6 87        	mv	a5, s1
   154da: 23 90 07 00  	sh	zero, 0x0(a5)
   154de: 89 07        	addi	a5, a5, 0x2
   154e0: e3 1d f7 fe  	bne	a4, a5, 0x154da <emul+0x2f0>
   154e4: 13 0c ca 04  	addi	s8, s4, 0x4c
   154e8: 81 4b        	li	s7, 0x0
   154ea: 93 0a 81 01  	addi	s5, sp, 0x18
   154ee: 93 0c 41 00  	addi	s9, sp, 0x4
   154f2: 13 0b 21 04  	addi	s6, sp, 0x42
   154f6: 03 d5 0a 00  	lhu	a0, 0x0(s5)
   154fa: f9 1a        	addi	s5, s5, -0x2
   154fc: 3d ed        	bnez	a0, 0x1557a <emul+0x390>
   154fe: 83 57 ca 04  	lhu	a5, 0x4c(s4)
   15502: 62 87        	mv	a4, s8
   15504: b3 eb fb 00  	or	s7, s7, a5
   15508: 03 56 e7 ff  	lhu	a2, -0x2(a4)
   1550c: 79 17        	addi	a4, a4, -0x2
   1550e: 23 11 c7 00  	sh	a2, 0x2(a4)
   15512: e3 1b 97 fe  	bne	a4, s1, 0x15508 <emul+0x31e>
   15516: 23 1c 0a 02  	sh	zero, 0x38(s4)
   1551a: e3 9e 9a fd  	bne	s5, s9, 0x154f6 <emul+0x30c>
   1551e: 13 07 4a 03  	addi	a4, s4, 0x34
   15522: 1c 10        	addi	a5, sp, 0x20
   15524: 13 06 a1 03  	addi	a2, sp, 0x3a
   15528: 83 56 07 00  	lhu	a3, 0x0(a4)
   1552c: 89 07        	addi	a5, a5, 0x2
   1552e: 09 07        	addi	a4, a4, 0x2
   15530: 23 9f d7 fe  	sh	a3, -0x2(a5)
   15534: e3 9a c7 fe  	bne	a5, a2, 0x15528 <emul+0x33e>
   15538: f1 76        	lui	a3, 0xffffc
   1553a: 4e 99        	add	s2, s2, s3
   1553c: 89 06        	addi	a3, a3, 0x2
   1553e: de 85        	mv	a1, s7
   15540: d2 87        	mv	a5, s4
   15542: ca 96        	add	a3, a3, s2
   15544: 13 07 00 04  	li	a4, 0x40
   15548: 01 46        	li	a2, 0x0
   1554a: 08 10        	addi	a0, sp, 0x20
   1554c: ef f0 8f a6  	jal	0x147b4 <emdnorm>
   15550: 03 57 01 02  	lhu	a4, 0x20(sp)
   15554: 83 57 01 00  	lhu	a5, 0x0(sp)
   15558: a2 85        	mv	a1, s0
   1555a: 08 10        	addi	a0, sp, 0x20
   1555c: 99 8f        	sub	a5, a5, a4
   1555e: b3 37 f0 00  	snez	a5, a5
   15562: bb 07 f0 40  	negw	a5, a5
   15566: 23 10 f1 02  	sh	a5, 0x20(sp)
   1556a: ef e0 1f de  	jal	0x1434a <emovo.isra.0>
   1556e: aa 6a        	ld	s5, 0x88(sp)
   15570: 0a 6b        	ld	s6, 0x80(sp)
   15572: e6 7b        	ld	s7, 0x78(sp)
   15574: 46 7c        	ld	s8, 0x70(sp)
   15576: a6 7c        	ld	s9, 0x68(sp)
   15578: f1 bb        	j	0x15354 <emul+0x16a>
   1557a: 90 00        	addi	a2, sp, 0x40
   1557c: 0c 10        	addi	a1, sp, 0x20
   1557e: ef e0 7f d6  	jal	0x142e4 <m16m>
   15582: e2 85        	mv	a1, s8
   15584: b0 08        	addi	a2, sp, 0x58
   15586: 81 47        	li	a5, 0x0
   15588: 83 d6 05 00  	lhu	a3, 0x0(a1)
   1558c: 03 57 06 00  	lhu	a4, 0x0(a2)
   15590: 79 16        	addi	a2, a2, -0x2
   15592: f9 15        	addi	a1, a1, -0x2
   15594: 36 97        	add	a4, a4, a3
   15596: 3e 97        	add	a4, a4, a5
   15598: 23 91 e5 00  	sh	a4, 0x2(a1)
   1559c: 41 83        	srli	a4, a4, 0x10
   1559e: 93 77 17 00  	andi	a5, a4, 0x1
   155a2: e3 13 66 ff  	bne	a2, s6, 0x15588 <emul+0x39e>
   155a6: a1 bf        	j	0x154fe <emul+0x314>
   155a8: 0a 85        	mv	a0, sp
   155aa: ef e0 df e2  	jal	0x143d6 <enormlz>
   155ae: 33 09 a0 40  	neg	s2, a0
   155b2: ad bb        	j	0x1532c <emul+0x142>
   155b4: 08 10        	addi	a0, sp, 0x20
   155b6: 5a e1        	sd	s6, 0x80(sp)
   155b8: de fc        	sd	s7, 0x78(sp)
   155ba: e2 f8        	sd	s8, 0x70(sp)
   155bc: e6 f4        	sd	s9, 0x68(sp)
   155be: ef e0 9f e1  	jal	0x143d6 <enormlz>
   155c2: b3 09 a0 40  	neg	s3, a0
   155c6: 83 5a 21 02  	lhu	s5, 0x22(sp)
   155ca: ed bd        	j	0x154c4 <emul+0x2da>
   155cc: 03 d5 24 01  	lhu	a0, 0x12(s1)
   155d0: b3 77 e5 00  	and	a5, a0, a4
   155d4: e3 9d e7 d2  	bne	a5, a4, 0x1530e <emul+0x124>
   155d8: 01 bd        	j	0x153e8 <emul+0x1fe>

00000000000155da <_ldtoa_r>:
   155da: 13 03 10 09  	li	t1, 0x91
   155de: 02 13        	slli	t1, t1, 0x20
   155e0: 03 3e 05 06  	ld	t3, 0x60(a0)
   155e4: 13 01 01 d9  	addi	sp, sp, -0x270
   155e8: 7d 13        	addi	t1, t1, -0x1
   155ea: 23 30 81 26  	sd	s0, 0x260(sp)
   155ee: 23 30 41 25  	sd	s4, 0x240(sp)
   155f2: 23 3c 51 23  	sd	s5, 0x238(sp)
   155f6: 23 38 61 23  	sd	s6, 0x230(sp)
   155fa: 23 34 11 26  	sd	ra, 0x268(sp)
   155fe: 23 3c 91 24  	sd	s1, 0x258(sp)
   15602: 23 38 21 25  	sd	s2, 0x250(sp)
   15606: 23 34 71 23  	sd	s7, 0x228(sp)
   1560a: ae f0        	sd	a1, 0x60(sp)
   1560c: b2 f4        	sd	a2, 0x68(sp)
   1560e: 1a fb        	sd	t1, 0x1b0(sp)
   15610: 3a e8        	sd	a4, 0x10(sp)
   15612: 3e ec        	sd	a5, 0x18(sp)
   15614: 46 f0        	sd	a7, 0x20(sp)
   15616: 2a 8a        	mv	s4, a0
   15618: b6 8a        	mv	s5, a3
   1561a: 42 84        	mv	s0, a6
   1561c: 01 4b        	li	s6, 0x0
   1561e: 63 0f 0e 00  	beqz	t3, 0x1563c <_ldtoa_r+0x62>
   15622: 38 55        	lw	a4, 0x68(a0)
   15624: 85 47        	li	a5, 0x1
   15626: f2 85        	mv	a1, t3
   15628: bb 97 e7 00  	sllw	a5, a5, a4
   1562c: 23 24 ee 00  	sw	a4, 0x8(t3)
   15630: 23 26 fe 00  	sw	a5, 0xc(t3)
   15634: ef 10 d0 21  	jal	0x17050 <_Bfree>
   15638: 23 30 0a 06  	sd	zero, 0x60(s4)
   1563c: 0c 09        	addi	a1, sp, 0x90
   1563e: 88 10        	addi	a0, sp, 0x60
   15640: ef f0 0f e4  	jal	0x14c80 <e113toe.isra.0>
   15644: 83 56 21 0a  	lhu	a3, 0xa2(sp)
   15648: a1 67        	lui	a5, 0x8
   1564a: fd 17        	addi	a5, a5, -0x1
   1564c: 33 f7 f6 00  	and	a4, a3, a5
   15650: 3a f8        	sd	a4, 0x30(sp)
   15652: 63 0e f7 50  	beq	a4, a5, 0x15b6e <_ldtoa_r+0x594>
   15656: 23 34 31 25  	sd	s3, 0x248(sp)
   1565a: 23 30 81 23  	sd	s8, 0x220(sp)
   1565e: 23 3c 91 21  	sd	s9, 0x218(sp)
   15662: 23 38 a1 21  	sd	s10, 0x210(sp)
   15666: 23 34 b1 21  	sd	s11, 0x208(sp)
   1566a: bd 82        	srli	a3, a3, 0xf
   1566c: 14 c0        	sw	a3, 0x0(s0)
   1566e: 8d 47        	li	a5, 0x3
   15670: e3 86 fa 00  	beq	s5, a5, 0x15e7c <_ldtoa_r+0x8a2>
   15674: d1 47        	li	a5, 0x14
   15676: 3e e4        	sd	a5, 0x8(sp)
   15678: e3 9e 0a 00  	bnez	s5, 0x15e94 <_ldtoa_r+0x8ba>
   1567c: 1c 19        	addi	a5, sp, 0xb0
   1567e: 18 09        	addi	a4, sp, 0x90
   15680: 13 0c 41 0c  	addi	s8, sp, 0xc4
   15684: 83 56 07 00  	lhu	a3, 0x0(a4)
   15688: 89 07        	addi	a5, a5, 0x2
   1568a: 09 07        	addi	a4, a4, 0x2
   1568c: 23 9f d7 fe  	sh	a3, -0x2(a5)
   15690: e3 9a 87 ff  	bne	a5, s8, 0x15684 <_ldtoa_r+0xaa>
   15694: 83 5c 21 0c  	lhu	s9, 0xc2(sp)
   15698: 02 f4        	sd	zero, 0x28(sp)
   1569a: 9b 97 0c 01  	slliw	a5, s9, 0x10
   1569e: 9b d7 07 41  	sraiw	a5, a5, 0x10
   156a2: 13 97 07 02  	slli	a4, a5, 0x20
   156a6: 63 5a 07 00  	bgez	a4, 0x156ba <_ldtoa_r+0xe0>
   156aa: c6 1c        	slli	s9, s9, 0x31
   156ac: c1 67        	lui	a5, 0x10
   156ae: 93 dc 1c 03  	srli	s9, s9, 0x31
   156b2: fd 17        	addi	a5, a5, -0x1
   156b4: 23 11 91 0d  	sh	s9, 0xc2(sp)
   156b8: 3e f4        	sd	a5, 0x28(sp)
   156ba: 9c 09        	addi	a5, sp, 0xd0
   156bc: 17 a7 00 00  	auipc	a4, 0xa
   156c0: 13 07 c7 e8  	addi	a4, a4, -0x174
   156c4: 13 0d 41 0e  	addi	s10, sp, 0xe4
   156c8: 83 56 07 00  	lhu	a3, 0x0(a4)
   156cc: 89 07        	addi	a5, a5, 0x2
   156ce: 09 07        	addi	a4, a4, 0x2
   156d0: 23 9f d7 fe  	sh	a3, -0x2(a5)
   156d4: e3 9a a7 ff  	bne	a5, s10, 0x156c8 <_ldtoa_r+0xee>
   156d8: 63 9c 0c 5e  	bnez	s9, 0x15cd0 <_ldtoa_r+0x6f6>
   156dc: 1c 19        	addi	a5, sp, 0xb0
   156de: 93 06 21 0c  	addi	a3, sp, 0xc2
   156e2: 03 d7 07 00  	lhu	a4, 0x0(a5)
   156e6: 89 07        	addi	a5, a5, 0x2
   156e8: 63 1c 07 5e  	bnez	a4, 0x15ce0 <_ldtoa_r+0x706>
   156ec: e3 9b d7 fe  	bne	a5, a3, 0x156e2 <_ldtoa_r+0x108>
   156f0: 01 44        	li	s0, 0x0
   156f2: 93 0b 01 17  	addi	s7, sp, 0x170
   156f6: 13 09 01 1b  	addi	s2, sp, 0x1b0
   156fa: 04 0a        	addi	s1, sp, 0x110
   156fc: 93 0d 81 12  	addi	s11, sp, 0x128
   15700: a6 85        	mv	a1, s1
   15702: 88 09        	addi	a0, sp, 0xd0
   15704: ef e0 7f f3  	jal	0x1463a <emovi>
   15708: a6 89        	mv	s3, s1
   1570a: 94 09        	addi	a3, sp, 0xd0
   1570c: 26 87        	mv	a4, s1
   1570e: 1c 63        	ld	a5, 0x0(a4)
   15710: 21 07        	addi	a4, a4, 0x8
   15712: a1 06        	addi	a3, a3, 0x8
   15714: 23 bc f6 fe  	sd	a5, -0x8(a3)
   15718: e3 9b ed fe  	bne	s11, a4, 0x1570e <_ldtoa_r+0x134>
   1571c: a6 85        	mv	a1, s1
   1571e: 08 19        	addi	a0, sp, 0xb0
   15720: 23 14 01 0e  	sh	zero, 0xe8(sp)
   15724: ef e0 7f f1  	jal	0x1463a <emovi>
   15728: 18 19        	addi	a4, sp, 0xb0
   1572a: 83 b7 09 00  	ld	a5, 0x0(s3)
   1572e: a1 09        	addi	s3, s3, 0x8
   15730: 21 07        	addi	a4, a4, 0x8
   15732: 23 3c f7 fe  	sd	a5, -0x8(a4)
   15736: e3 9a 3d ff  	bne	s11, s3, 0x1572a <_ldtoa_r+0x150>
   1573a: 4a 86        	mv	a2, s2
   1573c: 0c 19        	addi	a1, sp, 0xb0
   1573e: 88 09        	addi	a0, sp, 0xd0
   15740: 23 14 01 0c  	sh	zero, 0xc8(sp)
   15744: 23 1e 61 1f  	sh	s6, 0x1fc(sp)
   15748: ef f0 0f c4  	jal	0x14b88 <eiremain>
   1574c: 83 5c c1 1f  	lhu	s9, 0x1fc(sp)
   15750: e6 86        	mv	a3, s9
   15752: 63 99 0c 16  	bnez	s9, 0x158c4 <_ldtoa_r+0x2ea>
   15756: 13 0b 21 0b  	addi	s6, sp, 0xb2
   1575a: 13 0c 81 10  	addi	s8, sp, 0x108
   1575e: 93 09 21 0f  	addi	s3, sp, 0xf2
   15762: 97 a5 00 00  	auipc	a1, 0xa
   15766: 93 85 e5 df  	addi	a1, a1, -0x202
   1576a: 08 19        	addi	a0, sp, 0xb0
   1576c: ef e0 1f f6  	jal	0x146cc <ecmp>
   15770: 63 00 05 6c  	beqz	a0, 0x15e30 <_ldtoa_r+0x856>
   15774: 01 47        	li	a4, 0x0
   15776: b4 01        	addi	a3, sp, 0xc8
   15778: 11 a8        	j	0x1578c <_ldtoa_r+0x1b2>
   1577a: 1b 17 17 00  	slliw	a4, a4, 0x1
   1577e: 23 90 f6 00  	sh	a5, 0x0(a3)
   15782: 42 17        	slli	a4, a4, 0x30
   15784: f9 16        	addi	a3, a3, -0x2
   15786: 41 93        	srli	a4, a4, 0x30
   15788: 63 80 66 05  	beq	a3, s6, 0x157c8 <_ldtoa_r+0x1ee>
   1578c: 83 d7 06 00  	lhu	a5, 0x0(a3)
   15790: 1b 96 07 01  	slliw	a2, a5, 0x10
   15794: 1b 56 06 41  	sraiw	a2, a2, 0x10
   15798: 9b 97 17 00  	slliw	a5, a5, 0x1
   1579c: c2 17        	slli	a5, a5, 0x30
   1579e: 93 15 06 02  	slli	a1, a2, 0x20
   157a2: c1 93        	srli	a5, a5, 0x30
   157a4: 63 d4 05 00  	bgez	a1, 0x157ac <_ldtoa_r+0x1d2>
   157a8: 13 67 17 00  	ori	a4, a4, 0x1
   157ac: 13 76 27 00  	andi	a2, a4, 0x2
   157b0: 93 e5 17 00  	ori	a1, a5, 0x1
   157b4: 79 d2        	beqz	a2, 0x1577a <_ldtoa_r+0x1a0>
   157b6: 1b 17 17 00  	slliw	a4, a4, 0x1
   157ba: 23 90 b6 00  	sh	a1, 0x0(a3)
   157be: 42 17        	slli	a4, a4, 0x30
   157c0: f9 16        	addi	a3, a3, -0x2
   157c2: 41 93        	srli	a4, a4, 0x30
   157c4: e3 94 66 fd  	bne	a3, s6, 0x1578c <_ldtoa_r+0x1b2>
   157c8: 9c 19        	addi	a5, sp, 0xf0
   157ca: 18 19        	addi	a4, sp, 0xb0
   157cc: 14 63        	ld	a3, 0x0(a4)
   157ce: a1 07        	addi	a5, a5, 0x8
   157d0: 21 07        	addi	a4, a4, 0x8
   157d2: 23 bc d7 fe  	sd	a3, -0x8(a5)
   157d6: e3 1b fc fe  	bne	s8, a5, 0x157cc <_ldtoa_r+0x1f2>
   157da: 23 14 01 10  	sh	zero, 0x108(sp)
   157de: 01 47        	li	a4, 0x0
   157e0: e2 86        	mv	a3, s8
   157e2: 11 a8        	j	0x157f6 <_ldtoa_r+0x21c>
   157e4: 1b 17 17 00  	slliw	a4, a4, 0x1
   157e8: 23 90 f6 00  	sh	a5, 0x0(a3)
   157ec: 42 17        	slli	a4, a4, 0x30
   157ee: f9 16        	addi	a3, a3, -0x2
   157f0: 41 93        	srli	a4, a4, 0x30
   157f2: 63 80 36 05  	beq	a3, s3, 0x15832 <_ldtoa_r+0x258>
   157f6: 83 d7 06 00  	lhu	a5, 0x0(a3)
   157fa: 1b 96 07 01  	slliw	a2, a5, 0x10
   157fe: 1b 56 06 41  	sraiw	a2, a2, 0x10
   15802: 9b 97 17 00  	slliw	a5, a5, 0x1
   15806: c2 17        	slli	a5, a5, 0x30
   15808: 93 15 06 02  	slli	a1, a2, 0x20
   1580c: c1 93        	srli	a5, a5, 0x30
   1580e: 63 d4 05 00  	bgez	a1, 0x15816 <_ldtoa_r+0x23c>
   15812: 13 67 17 00  	ori	a4, a4, 0x1
   15816: 13 76 27 00  	andi	a2, a4, 0x2
   1581a: 93 e5 17 00  	ori	a1, a5, 0x1
   1581e: 79 d2        	beqz	a2, 0x157e4 <_ldtoa_r+0x20a>
   15820: 1b 17 17 00  	slliw	a4, a4, 0x1
   15824: 23 90 b6 00  	sh	a1, 0x0(a3)
   15828: 42 17        	slli	a4, a4, 0x30
   1582a: f9 16        	addi	a3, a3, -0x2
   1582c: 41 93        	srli	a4, a4, 0x30
   1582e: e3 94 36 fd  	bne	a3, s3, 0x157f6 <_ldtoa_r+0x21c>
   15832: 01 47        	li	a4, 0x0
   15834: e2 86        	mv	a3, s8
   15836: 11 a8        	j	0x1584a <_ldtoa_r+0x270>
   15838: 1b 17 17 00  	slliw	a4, a4, 0x1
   1583c: 23 90 f6 00  	sh	a5, 0x0(a3)
   15840: 42 17        	slli	a4, a4, 0x30
   15842: f9 16        	addi	a3, a3, -0x2
   15844: 41 93        	srli	a4, a4, 0x30
   15846: 63 80 36 05  	beq	a3, s3, 0x15886 <_ldtoa_r+0x2ac>
   1584a: 83 d7 06 00  	lhu	a5, 0x0(a3)
   1584e: 1b 96 07 01  	slliw	a2, a5, 0x10
   15852: 1b 56 06 41  	sraiw	a2, a2, 0x10
   15856: 9b 97 17 00  	slliw	a5, a5, 0x1
   1585a: c2 17        	slli	a5, a5, 0x30
   1585c: 93 15 06 02  	slli	a1, a2, 0x20
   15860: c1 93        	srli	a5, a5, 0x30
   15862: 63 d4 05 00  	bgez	a1, 0x1586a <_ldtoa_r+0x290>
   15866: 13 67 17 00  	ori	a4, a4, 0x1
   1586a: 13 76 27 00  	andi	a2, a4, 0x2
   1586e: 93 e5 17 00  	ori	a1, a5, 0x1
   15872: 79 d2        	beqz	a2, 0x15838 <_ldtoa_r+0x25e>
   15874: 1b 17 17 00  	slliw	a4, a4, 0x1
   15878: 23 90 b6 00  	sh	a1, 0x0(a3)
   1587c: 42 17        	slli	a4, a4, 0x30
   1587e: f9 16        	addi	a3, a3, -0x2
   15880: 41 93        	srli	a4, a4, 0x30
   15882: e3 94 36 fd  	bne	a3, s3, 0x1584a <_ldtoa_r+0x270>
   15886: 01 46        	li	a2, 0x0
   15888: b4 01        	addi	a3, sp, 0xc8
   1588a: 62 87        	mv	a4, s8
   1588c: 83 d5 06 00  	lhu	a1, 0x0(a3)
   15890: 83 57 07 00  	lhu	a5, 0x0(a4)
   15894: 79 17        	addi	a4, a4, -0x2
   15896: f9 16        	addi	a3, a3, -0x2
   15898: ae 97        	add	a5, a5, a1
   1589a: b2 97        	add	a5, a5, a2
   1589c: 23 91 f6 00  	sh	a5, 0x2(a3)
   158a0: c1 83        	srli	a5, a5, 0x10
   158a2: 13 f6 17 00  	andi	a2, a5, 0x1
   158a6: e3 13 37 ff  	bne	a4, s3, 0x1588c <_ldtoa_r+0x2b2>
   158aa: 4a 86        	mv	a2, s2
   158ac: 0c 19        	addi	a1, sp, 0xb0
   158ae: 88 09        	addi	a0, sp, 0xd0
   158b0: 23 1e 01 1e  	sh	zero, 0x1fc(sp)
   158b4: ef f0 4f ad  	jal	0x14b88 <eiremain>
   158b8: 83 56 c1 1f  	lhu	a3, 0x1fc(sp)
   158bc: 7d 34        	addiw	s0, s0, -0x1
   158be: e3 82 06 ea  	beqz	a3, 0x15762 <_ldtoa_r+0x188>
   158c2: b6 8c        	mv	s9, a3
   158c4: a2 77        	ld	a5, 0x28(sp)
   158c6: 13 07 00 02  	li	a4, 0x20
   158ca: 99 c3        	beqz	a5, 0x158d0 <_ldtoa_r+0x2f6>
   158cc: 13 07 d0 02  	li	a4, 0x2d
   158d0: 23 08 e1 16  	sb	a4, 0x170(sp)
   158d4: 0d 46        	li	a2, 0x3
   158d6: 22 67        	ld	a4, 0x8(sp)
   158d8: 63 93 ca 00  	bne	s5, a2, 0x158de <_ldtoa_r+0x304>
   158dc: 21 9f        	addw	a4, a4, s0
   158de: 93 05 a0 02  	li	a1, 0x2a
   158e2: 1b 06 07 00  	sext.w	a2, a4
   158e6: 63 d3 e5 00  	bge	a1, a4, 0x158ec <_ldtoa_r+0x312>
   158ea: 2e 86        	mv	a2, a1
   158ec: a9 45        	li	a1, 0xa
   158ee: 63 85 bc 56  	beq	s9, a1, 0x15e58 <_ldtoa_r+0x87e>
   158f2: 9b 8c 0c 03  	addiw	s9, s9, 0x30
   158f6: 93 05 e0 02  	li	a1, 0x2e
   158fa: a3 08 91 17  	sb	s9, 0x171(sp)
   158fe: 23 09 b1 16  	sb	a1, 0x172(sp)
   15902: e3 44 07 1c  	bltz	a4, 0x162ca <_ldtoa_r+0xcf0>
   15906: 93 05 31 17  	addi	a1, sp, 0x173
   1590a: 93 0d 81 0c  	addi	s11, sp, 0xc8
   1590e: 13 0b 16 00  	addi	s6, a2, 0x1
   15912: 22 f4        	sd	s0, 0x28(sp)
   15914: 2e 9b        	add	s6, s6, a1
   15916: 6e 84        	mv	s0, s11
   15918: 2e 8d        	mv	s10, a1
   1591a: 93 09 01 0f  	addi	s3, sp, 0xf0
   1591e: 93 0c 21 0b  	addi	s9, sp, 0xb2
   15922: 13 0c 21 0f  	addi	s8, sp, 0xf2
   15926: b2 84        	mv	s1, a2
   15928: ae 8d        	mv	s11, a1
   1592a: 01 46        	li	a2, 0x0
   1592c: ac 01        	addi	a1, sp, 0xc8
   1592e: 11 a8        	j	0x15942 <_ldtoa_r+0x368>
   15930: 1b 16 16 00  	slliw	a2, a2, 0x1
   15934: 23 90 f5 00  	sh	a5, 0x0(a1)
   15938: 42 16        	slli	a2, a2, 0x30
   1593a: f9 15        	addi	a1, a1, -0x2
   1593c: 41 92        	srli	a2, a2, 0x30
   1593e: 63 80 95 05  	beq	a1, s9, 0x1597e <_ldtoa_r+0x3a4>
   15942: 83 d7 05 00  	lhu	a5, 0x0(a1)
   15946: 1b 95 07 01  	slliw	a0, a5, 0x10
   1594a: 1b 55 05 41  	sraiw	a0, a0, 0x10
   1594e: 9b 97 17 00  	slliw	a5, a5, 0x1
   15952: c2 17        	slli	a5, a5, 0x30
   15954: 13 18 05 02  	slli	a6, a0, 0x20
   15958: c1 93        	srli	a5, a5, 0x30
   1595a: 63 54 08 00  	bgez	a6, 0x15962 <_ldtoa_r+0x388>
   1595e: 13 66 16 00  	ori	a2, a2, 0x1
   15962: 13 75 26 00  	andi	a0, a2, 0x2
   15966: 13 e8 17 00  	ori	a6, a5, 0x1
   1596a: 79 d1        	beqz	a0, 0x15930 <_ldtoa_r+0x356>
   1596c: 1b 16 16 00  	slliw	a2, a2, 0x1
   15970: 23 90 05 01  	sh	a6, 0x0(a1)
   15974: 42 16        	slli	a2, a2, 0x30
   15976: f9 15        	addi	a1, a1, -0x2
   15978: 41 92        	srli	a2, a2, 0x30
   1597a: e3 94 95 fd  	bne	a1, s9, 0x15942 <_ldtoa_r+0x368>
   1597e: 4e 86        	mv	a2, s3
   15980: 1c 19        	addi	a5, sp, 0xb0
   15982: 8c 63        	ld	a1, 0x0(a5)
   15984: a1 07        	addi	a5, a5, 0x8
   15986: 21 06        	addi	a2, a2, 0x8
   15988: 23 3c b6 fe  	sd	a1, -0x8(a2)
   1598c: e3 1b f4 fe  	bne	s0, a5, 0x15982 <_ldtoa_r+0x3a8>
   15990: 23 14 01 10  	sh	zero, 0x108(sp)
   15994: 01 46        	li	a2, 0x0
   15996: 2c 02        	addi	a1, sp, 0x108
   15998: 11 a8        	j	0x159ac <_ldtoa_r+0x3d2>
   1599a: 1b 16 16 00  	slliw	a2, a2, 0x1
   1599e: 23 90 f5 00  	sh	a5, 0x0(a1)
   159a2: 42 16        	slli	a2, a2, 0x30
   159a4: f9 15        	addi	a1, a1, -0x2
   159a6: 41 92        	srli	a2, a2, 0x30
   159a8: 63 80 85 05  	beq	a1, s8, 0x159e8 <_ldtoa_r+0x40e>
   159ac: 83 d7 05 00  	lhu	a5, 0x0(a1)
   159b0: 1b 95 07 01  	slliw	a0, a5, 0x10
   159b4: 1b 55 05 41  	sraiw	a0, a0, 0x10
   159b8: 9b 97 17 00  	slliw	a5, a5, 0x1
   159bc: c2 17        	slli	a5, a5, 0x30
   159be: 13 18 05 02  	slli	a6, a0, 0x20
   159c2: c1 93        	srli	a5, a5, 0x30
   159c4: 63 54 08 00  	bgez	a6, 0x159cc <_ldtoa_r+0x3f2>
   159c8: 13 66 16 00  	ori	a2, a2, 0x1
   159cc: 13 75 26 00  	andi	a0, a2, 0x2
   159d0: 13 e8 17 00  	ori	a6, a5, 0x1
   159d4: 79 d1        	beqz	a0, 0x1599a <_ldtoa_r+0x3c0>
   159d6: 1b 16 16 00  	slliw	a2, a2, 0x1
   159da: 23 90 05 01  	sh	a6, 0x0(a1)
   159de: 42 16        	slli	a2, a2, 0x30
   159e0: f9 15        	addi	a1, a1, -0x2
   159e2: 41 92        	srli	a2, a2, 0x30
   159e4: e3 94 85 fd  	bne	a1, s8, 0x159ac <_ldtoa_r+0x3d2>
   159e8: 01 46        	li	a2, 0x0
   159ea: 2c 02        	addi	a1, sp, 0x108
   159ec: 11 a8        	j	0x15a00 <_ldtoa_r+0x426>
   159ee: 1b 16 16 00  	slliw	a2, a2, 0x1
   159f2: 23 90 f5 00  	sh	a5, 0x0(a1)
   159f6: 42 16        	slli	a2, a2, 0x30
   159f8: f9 15        	addi	a1, a1, -0x2
   159fa: 41 92        	srli	a2, a2, 0x30
   159fc: 63 80 85 05  	beq	a1, s8, 0x15a3c <_ldtoa_r+0x462>
   15a00: 83 d7 05 00  	lhu	a5, 0x0(a1)
   15a04: 1b 95 07 01  	slliw	a0, a5, 0x10
   15a08: 1b 55 05 41  	sraiw	a0, a0, 0x10
   15a0c: 9b 97 17 00  	slliw	a5, a5, 0x1
   15a10: c2 17        	slli	a5, a5, 0x30
   15a12: 13 18 05 02  	slli	a6, a0, 0x20
   15a16: c1 93        	srli	a5, a5, 0x30
   15a18: 63 54 08 00  	bgez	a6, 0x15a20 <_ldtoa_r+0x446>
   15a1c: 13 66 16 00  	ori	a2, a2, 0x1
   15a20: 13 75 26 00  	andi	a0, a2, 0x2
   15a24: 13 e8 17 00  	ori	a6, a5, 0x1
   15a28: 79 d1        	beqz	a0, 0x159ee <_ldtoa_r+0x414>
   15a2a: 1b 16 16 00  	slliw	a2, a2, 0x1
   15a2e: 23 90 05 01  	sh	a6, 0x0(a1)
   15a32: 42 16        	slli	a2, a2, 0x30
   15a34: f9 15        	addi	a1, a1, -0x2
   15a36: 41 92        	srli	a2, a2, 0x30
   15a38: e3 94 85 fd  	bne	a1, s8, 0x15a00 <_ldtoa_r+0x426>
   15a3c: 01 45        	li	a0, 0x0
   15a3e: ac 01        	addi	a1, sp, 0xc8
   15a40: 30 02        	addi	a2, sp, 0x108
   15a42: 03 d8 05 00  	lhu	a6, 0x0(a1)
   15a46: 83 57 06 00  	lhu	a5, 0x0(a2)
   15a4a: 79 16        	addi	a2, a2, -0x2
   15a4c: f9 15        	addi	a1, a1, -0x2
   15a4e: c2 97        	add	a5, a5, a6
   15a50: aa 97        	add	a5, a5, a0
   15a52: 23 91 f5 00  	sh	a5, 0x2(a1)
   15a56: c1 83        	srli	a5, a5, 0x10
   15a58: 13 f5 17 00  	andi	a0, a5, 0x1
   15a5c: e3 13 86 ff  	bne	a2, s8, 0x15a42 <_ldtoa_r+0x468>
   15a60: 4a 86        	mv	a2, s2
   15a62: 0c 19        	addi	a1, sp, 0xb0
   15a64: 88 09        	addi	a0, sp, 0xd0
   15a66: 23 1e d1 1e  	sh	a3, 0x1fc(sp)
   15a6a: ef f0 ef 91  	jal	0x14b88 <eiremain>
   15a6e: 83 56 c1 1f  	lhu	a3, 0x1fc(sp)
   15a72: 85 0d        	addi	s11, s11, 0x1
   15a74: 9b 87 06 03  	addiw	a5, a3, 0x30
   15a78: a3 8f fd fe  	sb	a5, -0x1(s11)
   15a7c: e3 17 bb eb  	bne	s6, s11, 0x1592a <_ldtoa_r+0x350>
   15a80: 11 47        	li	a4, 0x4
   15a82: 22 74        	ld	s0, 0x28(sp)
   15a84: 26 86        	mv	a2, s1
   15a86: b3 09 9d 00  	add	s3, s10, s1
   15a8a: 63 5d d7 04  	bge	a4, a3, 0x15ae4 <_ldtoa_r+0x50a>
   15a8e: 13 07 1d 00  	addi	a4, s10, 0x1
   15a92: 95 45        	li	a1, 0x5
   15a94: 33 09 97 00  	add	s2, a4, s1
   15a98: 63 8c b6 62  	beq	a3, a1, 0x160d0 <_ldtoa_r+0xaf6>
   15a9c: 83 46 e9 ff  	lbu	a3, -0x2(s2)
   15aa0: 93 f6 f6 07  	andi	a3, a3, 0x7f
   15aa4: 13 06 e0 02  	li	a2, 0x2e
   15aa8: 13 07 e9 ff  	addi	a4, s2, -0x2
   15aac: 63 81 c6 02  	beq	a3, a2, 0x15ace <_ldtoa_r+0x4f4>
   15ab0: 93 05 80 03  	li	a1, 0x38
   15ab4: 13 05 00 03  	li	a0, 0x30
   15ab8: 63 fa d5 7e  	bgeu	a1, a3, 0x162ac <_ldtoa_r+0xcd2>
   15abc: 23 00 a7 00  	sb	a0, 0x0(a4)
   15ac0: 83 46 f7 ff  	lbu	a3, -0x1(a4)
   15ac4: 7d 17        	addi	a4, a4, -0x1
   15ac6: 93 f6 f6 07  	andi	a3, a3, 0x7f
   15aca: e3 97 c6 fe  	bne	a3, a2, 0x15ab8 <_ldtoa_r+0x4de>
   15ace: 83 46 f7 ff  	lbu	a3, -0x1(a4)
   15ad2: 13 06 80 03  	li	a2, 0x38
   15ad6: e3 72 d6 02  	bgeu	a2, a3, 0x162fa <_ldtoa_r+0xd20>
   15ada: 93 06 10 03  	li	a3, 0x31
   15ade: 05 24        	addiw	s0, s0, 0x1
   15ae0: a3 0f d7 fe  	sb	a3, -0x1(a4)
   15ae4: 4e 85        	mv	a0, s3
   15ae6: 22 86        	mv	a2, s0
   15ae8: 97 95 00 00  	auipc	a1, 0x9
   15aec: 93 85 85 5b  	addi	a1, a1, 0x5b8
   15af0: ef 20 90 18  	jal	0x18478 <sprintf>
   15af4: c2 77        	ld	a5, 0x30(sp)
   15af6: 93 06 00 09  	li	a3, 0x90
   15afa: 21 67        	lui	a4, 0x8
   15afc: 23 20 81 1c  	sw	s0, 0x1c0(sp)
   15b00: 23 2a d1 1a  	sw	a3, 0x1b4(sp)
   15b04: 7d 17        	addi	a4, a4, -0x1
   15b06: 83 39 81 24  	ld	s3, 0x248(sp)
   15b0a: 03 3c 01 22  	ld	s8, 0x220(sp)
   15b0e: 83 3c 81 21  	ld	s9, 0x218(sp)
   15b12: 03 3d 01 21  	ld	s10, 0x210(sp)
   15b16: 83 3d 81 20  	ld	s11, 0x208(sp)
   15b1a: 63 8b e7 18  	beq	a5, a4, 0x15cb0 <_ldtoa_r+0x6d6>
   15b1e: e2 67        	ld	a5, 0x18(sp)
   15b20: 83 46 01 17  	lbu	a3, 0x170(sp)
   15b24: 1b 07 14 00  	addiw	a4, s0, 0x1
   15b28: 98 c3        	sw	a4, 0x0(a5)
   15b2a: 5e 87        	mv	a4, s7
   15b2c: 95 c2        	beqz	a3, 0x15b50 <_ldtoa_r+0x576>
   15b2e: 13 06 e0 02  	li	a2, 0x2e
   15b32: 63 81 c6 30  	beq	a3, a2, 0x15e34 <_ldtoa_r+0x85a>
   15b36: 83 46 17 00  	lbu	a3, 0x1(a4)
   15b3a: 05 07        	addi	a4, a4, 0x1
   15b3c: fd fa        	bnez	a3, 0x15b32 <_ldtoa_r+0x558>
   15b3e: 13 06 50 04  	li	a2, 0x45
   15b42: 63 f7 eb 00  	bgeu	s7, a4, 0x15b50 <_ldtoa_r+0x576>
   15b46: 83 47 f7 ff  	lbu	a5, -0x1(a4)
   15b4a: 7d 17        	addi	a4, a4, -0x1
   15b4c: e3 9b c7 fe  	bne	a5, a2, 0x15b42 <_ldtoa_r+0x568>
   15b50: 23 00 07 00  	sb	zero, 0x0(a4)
   15b54: 5e 87        	mv	a4, s7
   15b56: 13 06 00 02  	li	a2, 0x20
   15b5a: 93 05 d0 02  	li	a1, 0x2d
   15b5e: 83 47 07 00  	lbu	a5, 0x0(a4)
   15b62: 63 84 c7 00  	beq	a5, a2, 0x15b6a <_ldtoa_r+0x590>
   15b66: 63 94 b7 06  	bne	a5, a1, 0x15bce <_ldtoa_r+0x5f4>
   15b6a: 05 07        	addi	a4, a4, 0x1
   15b6c: cd bf        	j	0x15b5e <_ldtoa_r+0x584>
   15b6e: 1c 09        	addi	a5, sp, 0x90
   15b70: 13 06 21 0a  	addi	a2, sp, 0xa2
   15b74: 03 d7 07 00  	lhu	a4, 0x0(a5)
   15b78: 89 07        	addi	a5, a5, 0x2
   15b7a: 63 16 07 5a  	bnez	a4, 0x16126 <_ldtoa_r+0xb4c>
   15b7e: e3 9b c7 fe  	bne	a5, a2, 0x15b74 <_ldtoa_r+0x59a>
   15b82: bd 82        	srli	a3, a3, 0xf
   15b84: 14 c0        	sw	a3, 0x0(s0)
   15b86: 8d 47        	li	a5, 0x3
   15b88: 63 84 fa 58  	beq	s5, a5, 0x16110 <_ldtoa_r+0xb36>
   15b8c: d1 47        	li	a5, 0x14
   15b8e: 3e e4        	sd	a5, 0x8(sp)
   15b90: 63 8b 0a 00  	beqz	s5, 0x15ba6 <_ldtoa_r+0x5cc>
   15b94: c2 67        	ld	a5, 0x10(sp)
   15b96: 13 07 a0 02  	li	a4, 0x2a
   15b9a: fd 37        	addiw	a5, a5, -0x1
   15b9c: be 8b        	mv	s7, a5
   15b9e: 63 53 f7 00  	bge	a4, a5, 0x15ba4 <_ldtoa_r+0x5ca>
   15ba2: ba 8b        	mv	s7, a4
   15ba4: 5e e4        	sd	s7, 0x8(sp)
   15ba6: 1c 09        	addi	a5, sp, 0x90
   15ba8: 93 06 21 0a  	addi	a3, sp, 0xa2
   15bac: 03 d7 07 00  	lhu	a4, 0x0(a5)
   15bb0: 89 07        	addi	a5, a5, 0x2
   15bb2: 69 ef        	bnez	a4, 0x15c8c <_ldtoa_r+0x6b2>
   15bb4: e3 9c d7 fe  	bne	a5, a3, 0x15bac <_ldtoa_r+0x5d2>
   15bb8: 23 34 31 25  	sd	s3, 0x248(sp)
   15bbc: 23 30 81 23  	sd	s8, 0x220(sp)
   15bc0: 23 3c 91 21  	sd	s9, 0x218(sp)
   15bc4: 23 38 a1 21  	sd	s10, 0x210(sp)
   15bc8: 23 34 b1 21  	sd	s11, 0x208(sp)
   15bcc: 45 bc        	j	0x1567c <_ldtoa_r+0xa2>
   15bce: de 86        	mv	a3, s7
   15bd0: 83 47 07 00  	lbu	a5, 0x0(a4)
   15bd4: 36 89        	mv	s2, a3
   15bd6: 05 07        	addi	a4, a4, 0x1
   15bd8: 23 80 f6 00  	sb	a5, 0x0(a3)
   15bdc: 85 06        	addi	a3, a3, 0x1
   15bde: ed fb        	bnez	a5, 0x15bd0 <_ldtoa_r+0x5f6>
   15be0: 09 47        	li	a4, 0x2
   15be2: 03 46 f9 ff  	lbu	a2, -0x1(s2)
   15be6: 63 8a ea 20  	beq	s5, a4, 0x15dfa <_ldtoa_r+0x820>
   15bea: a2 67        	ld	a5, 0x8(sp)
   15bec: 22 87        	mv	a4, s0
   15bee: 63 53 f4 00  	bge	s0, a5, 0x15bf4 <_ldtoa_r+0x61a>
   15bf2: 3e 87        	mv	a4, a5
   15bf4: 93 05 00 03  	li	a1, 0x30
   15bf8: 9b 06 07 00  	sext.w	a3, a4
   15bfc: 63 10 b6 02  	bne	a2, a1, 0x15c1c <_ldtoa_r+0x642>
   15c00: 13 06 00 03  	li	a2, 0x30
   15c04: 01 a8        	j	0x15c14 <_ldtoa_r+0x63a>
   15c06: 83 47 e9 ff  	lbu	a5, -0x2(s2)
   15c0a: a3 0f 09 fe  	sb	zero, -0x1(s2)
   15c0e: 7d 19        	addi	s2, s2, -0x1
   15c10: 63 96 c7 00  	bne	a5, a2, 0x15c1c <_ldtoa_r+0x642>
   15c14: b3 07 79 41  	sub	a5, s2, s7
   15c18: e3 c7 f6 fe  	blt	a3, a5, 0x15c06 <_ldtoa_r+0x62c>
   15c1c: 0d 47        	li	a4, 0x3
   15c1e: 63 84 ea 1e  	beq	s5, a4, 0x15e06 <_ldtoa_r+0x82c>
   15c22: c2 67        	ld	a5, 0x10(sp)
   15c24: 7d 46        	li	a2, 0x1f
   15c26: 85 46        	li	a3, 0x1
   15c28: 9b 84 97 00  	addiw	s1, a5, 0x9
   15c2c: 11 47        	li	a4, 0x4
   15c2e: 63 7d 96 1e  	bgeu	a2, s1, 0x15e28 <_ldtoa_r+0x84e>
   15c32: 1b 17 17 00  	slliw	a4, a4, 0x1
   15c36: 93 07 c7 01  	addi	a5, a4, 0x1c
   15c3a: b6 85        	mv	a1, a3
   15c3c: 85 26        	addiw	a3, a3, 0x1
   15c3e: e3 fa f4 fe  	bgeu	s1, a5, 0x15c32 <_ldtoa_r+0x658>
   15c42: 23 24 ba 06  	sw	a1, 0x68(s4)
   15c46: 52 85        	mv	a0, s4
   15c48: ef 10 00 3a  	jal	0x16fe8 <_Balloc>
   15c4c: 23 30 aa 06  	sd	a0, 0x60(s4)
   15c50: de 85        	mv	a1, s7
   15c52: 2a 84        	mv	s0, a0
   15c54: ef 20 50 14  	jal	0x18598 <strcpy>
   15c58: 02 77        	ld	a4, 0x20(sp)
   15c5a: 09 c7        	beqz	a4, 0x15c64 <_ldtoa_r+0x68a>
   15c5c: b3 07 79 41  	sub	a5, s2, s7
   15c60: a2 97        	add	a5, a5, s0
   15c62: 1c e3        	sd	a5, 0x0(a4)
   15c64: 83 30 81 26  	ld	ra, 0x268(sp)
   15c68: 22 85        	mv	a0, s0
   15c6a: 03 34 01 26  	ld	s0, 0x260(sp)
   15c6e: 83 34 81 25  	ld	s1, 0x258(sp)
   15c72: 03 39 01 25  	ld	s2, 0x250(sp)
   15c76: 03 3a 01 24  	ld	s4, 0x240(sp)
   15c7a: 83 3a 81 23  	ld	s5, 0x238(sp)
   15c7e: 03 3b 01 23  	ld	s6, 0x230(sp)
   15c82: 83 3b 81 22  	ld	s7, 0x228(sp)
   15c86: 13 01 01 27  	addi	sp, sp, 0x270
   15c8a: 82 80        	ret
   15c8c: 93 0b 01 17  	addi	s7, sp, 0x170
   15c90: 5e 85        	mv	a0, s7
   15c92: 97 95 00 00  	auipc	a1, 0x9
   15c96: 93 85 65 41  	addi	a1, a1, 0x416
   15c9a: ef 20 e0 7d  	jal	0x18478 <sprintf>
   15c9e: 09 64        	lui	s0, 0x2
   15ca0: 13 07 00 09  	li	a4, 0x90
   15ca4: 13 04 f4 70  	addi	s0, s0, 0x70f
   15ca8: 23 2a e1 1a  	sw	a4, 0x1b4(sp)
   15cac: 23 20 81 1c  	sw	s0, 0x1c0(sp)
   15cb0: 18 09        	addi	a4, sp, 0x90
   15cb2: 13 06 21 0a  	addi	a2, sp, 0xa2
   15cb6: 83 57 07 00  	lhu	a5, 0x0(a4)
   15cba: 09 07        	addi	a4, a4, 0x2
   15cbc: 63 98 07 5c  	bnez	a5, 0x1628c <_ldtoa_r+0xcb2>
   15cc0: e3 1b c7 fe  	bne	a4, a2, 0x15cb6 <_ldtoa_r+0x6dc>
   15cc4: e2 67        	ld	a5, 0x18(sp)
   15cc6: 09 67        	lui	a4, 0x2
   15cc8: 13 07 f7 70  	addi	a4, a4, 0x70f
   15ccc: 98 c3        	sw	a4, 0x0(a5)
   15cce: 59 b5        	j	0x15b54 <_ldtoa_r+0x57a>
   15cd0: a1 67        	lui	a5, 0x8
   15cd2: fd 17        	addi	a5, a5, -0x1
   15cd4: 63 8d fc 58  	beq	s9, a5, 0x1626e <_ldtoa_r+0xc94>
   15cd8: 83 17 01 0c  	lh	a5, 0xc0(sp)
   15cdc: 63 dd 07 5c  	bgez	a5, 0x162b6 <_ldtoa_r+0xcdc>
   15ce0: 0c 19        	addi	a1, sp, 0xb0
   15ce2: 17 a5 00 00  	auipc	a0, 0xa
   15ce6: 13 05 65 86  	addi	a0, a0, -0x79a
   15cea: ef e0 3f 9e  	jal	0x146cc <ecmp>
   15cee: e3 01 05 a0  	beqz	a0, 0x156f0 <_ldtoa_r+0x116>
   15cf2: 63 4c 05 1a  	bltz	a0, 0x15eaa <_ldtoa_r+0x8d0>
   15cf6: 63 9e 0c 62  	bnez	s9, 0x16332 <_ldtoa_r+0xd58>
   15cfa: 83 17 01 0c  	lh	a5, 0xc0(sp)
   15cfe: 01 44        	li	s0, 0x0
   15d00: 13 09 01 1b  	addi	s2, sp, 0x1b0
   15d04: 63 c4 07 02  	bltz	a5, 0x15d2c <_ldtoa_r+0x752>
   15d08: 10 19        	addi	a2, sp, 0xb0
   15d0a: ca 86        	mv	a3, s2
   15d0c: b2 85        	mv	a1, a2
   15d0e: 17 a5 00 00  	auipc	a0, 0xa
   15d12: 13 05 25 82  	addi	a0, a0, -0x7de
   15d16: 23 1e 61 1f  	sh	s6, 0x1fc(sp)
   15d1a: ef f0 0f cd  	jal	0x151ea <emul>
   15d1e: 83 17 01 0c  	lh	a5, 0xc0(sp)
   15d22: 03 5b c1 1f  	lhu	s6, 0x1fc(sp)
   15d26: 7d 34        	addiw	s0, s0, -0x1
   15d28: e3 d0 07 fe  	bgez	a5, 0x15d08 <_ldtoa_r+0x72e>
   15d2c: 04 0a        	addi	s1, sp, 0x110
   15d2e: 93 0d 81 12  	addi	s11, sp, 0x128
   15d32: a6 87        	mv	a5, s1
   15d34: 18 19        	addi	a4, sp, 0xb0
   15d36: 50 12        	addi	a2, sp, 0x124
   15d38: 83 56 07 00  	lhu	a3, 0x0(a4)
   15d3c: 89 07        	addi	a5, a5, 0x2
   15d3e: 09 07        	addi	a4, a4, 0x2
   15d40: 23 9f d7 fe  	sh	a3, -0x2(a5)
   15d44: e3 9a c7 fe  	bne	a5, a2, 0x15d38 <_ldtoa_r+0x75e>
   15d48: 9c 09        	addi	a5, sp, 0xd0
   15d4a: 17 97 00 00  	auipc	a4, 0x9
   15d4e: 13 07 e7 7f  	addi	a4, a4, 0x7fe
   15d52: 83 56 07 00  	lhu	a3, 0x0(a4)
   15d56: 89 07        	addi	a5, a5, 0x2
   15d58: 09 07        	addi	a4, a4, 0x2
   15d5a: 23 9f d7 fe  	sh	a3, -0x2(a5)
   15d5e: e3 9a a7 ff  	bne	a5, s10, 0x15d52 <_ldtoa_r+0x778>
   15d62: fd 79        	lui	s3, 0xfffff
   15d64: 97 9c 00 00  	auipc	s9, 0x9
   15d68: 93 8c cc 6d  	addi	s9, s9, 0x6dc
   15d6c: 17 9c 00 00  	auipc	s8, 0x9
   15d70: 13 0c cc 5c  	addi	s8, s8, 0x5cc
   15d74: 05 4d        	li	s10, 0x1
   15d76: 97 9b 00 00  	auipc	s7, 0x9
   15d7a: 93 8b 2b 6b  	addi	s7, s7, 0x6b2
   15d7e: 19 a0        	j	0x15d84 <_ldtoa_r+0x7aa>
   15d80: 51 0c        	addi	s8, s8, 0x14
   15d82: d1 0c        	addi	s9, s9, 0x14
   15d84: a6 85        	mv	a1, s1
   15d86: 17 95 00 00  	auipc	a0, 0x9
   15d8a: 13 05 25 7c  	addi	a0, a0, 0x7c2
   15d8e: ef e0 ff 93  	jal	0x146cc <ecmp>
   15d92: aa 87        	mv	a5, a0
   15d94: a6 85        	mv	a1, s1
   15d96: 62 85        	mv	a0, s8
   15d98: 63 91 a7 05  	bne	a5, s10, 0x15dda <_ldtoa_r+0x800>
   15d9c: ef e0 1f 93  	jal	0x146cc <ecmp>
   15da0: aa 87        	mv	a5, a0
   15da2: ca 86        	mv	a3, s2
   15da4: 26 86        	mv	a2, s1
   15da6: a6 85        	mv	a1, s1
   15da8: 66 85        	mv	a0, s9
   15daa: 63 c0 07 02  	bltz	a5, 0x15dca <_ldtoa_r+0x7f0>
   15dae: 23 1e 61 1f  	sh	s6, 0x1fc(sp)
   15db2: ef f0 8f c3  	jal	0x151ea <emul>
   15db6: 90 09        	addi	a2, sp, 0xd0
   15db8: ca 86        	mv	a3, s2
   15dba: b2 85        	mv	a1, a2
   15dbc: 66 85        	mv	a0, s9
   15dbe: ef f0 cf c2  	jal	0x151ea <emul>
   15dc2: 03 5b c1 1f  	lhu	s6, 0x1fc(sp)
   15dc6: 3b 84 89 00  	addw	s0, s3, s0
   15dca: 9b d7 f9 01  	srliw	a5, s3, 0x1f
   15dce: bb 87 37 01  	addw	a5, a5, s3
   15dd2: 9b d9 17 40  	sraiw	s3, a5, 0x1
   15dd6: e3 15 7c fb  	bne	s8, s7, 0x15d80 <_ldtoa_r+0x7a6>
   15dda: 90 09        	addi	a2, sp, 0xd0
   15ddc: ca 86        	mv	a3, s2
   15dde: 97 95 00 00  	auipc	a1, 0x9
   15de2: 93 85 a5 76  	addi	a1, a1, 0x76a
   15de6: 32 85        	mv	a0, a2
   15de8: 23 1e 61 1f  	sh	s6, 0x1fc(sp)
   15dec: 93 0b 01 17  	addi	s7, sp, 0x170
   15df0: ef e0 ff f8  	jal	0x14d7e <ediv>
   15df4: 03 5b c1 1f  	lhu	s6, 0x1fc(sp)
   15df8: 21 b2        	j	0x15700 <_ldtoa_r+0x126>
   15dfa: 13 07 00 03  	li	a4, 0x30
   15dfe: e3 12 e6 e2  	bne	a2, a4, 0x15c22 <_ldtoa_r+0x648>
   15e02: 85 46        	li	a3, 0x1
   15e04: f5 bb        	j	0x15c00 <_ldtoa_r+0x626>
   15e06: a2 67        	ld	a5, 0x8(sp)
   15e08: 3d 9c        	addw	s0, s0, a5
   15e0a: 63 43 04 44  	bltz	s0, 0x16250 <_ldtoa_r+0xc76>
   15e0e: e2 67        	ld	a5, 0x18(sp)
   15e10: 98 43        	lw	a4, 0x0(a5)
   15e12: c2 67        	ld	a5, 0x10(sp)
   15e14: b9 9f        	addw	a5, a5, a4
   15e16: 3e e8        	sd	a5, 0x10(sp)
   15e18: c2 67        	ld	a5, 0x10(sp)
   15e1a: 7d 46        	li	a2, 0x1f
   15e1c: 85 46        	li	a3, 0x1
   15e1e: 9b 84 37 00  	addiw	s1, a5, 0x3
   15e22: 11 47        	li	a4, 0x4
   15e24: e3 67 96 e0  	bltu	a2, s1, 0x15c32 <_ldtoa_r+0x658>
   15e28: 23 24 0a 06  	sw	zero, 0x68(s4)
   15e2c: 81 45        	li	a1, 0x0
   15e2e: 21 bd        	j	0x15c46 <_ldtoa_r+0x66c>
   15e30: 81 46        	li	a3, 0x0
   15e32: 49 bc        	j	0x158c4 <_ldtoa_r+0x2ea>
   15e34: 83 46 07 00  	lbu	a3, 0x0(a4)
   15e38: e3 83 06 d0  	beqz	a3, 0x15b3e <_ldtoa_r+0x564>
   15e3c: 83 47 17 00  	lbu	a5, 0x1(a4)
   15e40: 05 07        	addi	a4, a4, 0x1
   15e42: a3 0f f7 fe  	sb	a5, -0x1(a4)
   15e46: e3 8c 07 ce  	beqz	a5, 0x15b3e <_ldtoa_r+0x564>
   15e4a: 83 47 17 00  	lbu	a5, 0x1(a4)
   15e4e: 05 07        	addi	a4, a4, 0x1
   15e50: a3 0f f7 fe  	sb	a5, -0x1(a4)
   15e54: e5 f7        	bnez	a5, 0x15e3c <_ldtoa_r+0x862>
   15e56: e5 b1        	j	0x15b3e <_ldtoa_r+0x564>
   15e58: 13 05 10 03  	li	a0, 0x31
   15e5c: 93 05 e0 02  	li	a1, 0x2e
   15e60: a3 08 a1 16  	sb	a0, 0x171(sp)
   15e64: 23 09 b1 16  	sb	a1, 0x172(sp)
   15e68: 05 24        	addiw	s0, s0, 0x1
   15e6a: 63 5b e0 24  	blez	a4, 0x160c0 <_ldtoa_r+0xae6>
   15e6e: 13 07 00 03  	li	a4, 0x30
   15e72: 7d 36        	addiw	a2, a2, -0x1
   15e74: a3 09 e1 16  	sb	a4, 0x173(sp)
   15e78: cc 1a        	addi	a1, sp, 0x174
   15e7a: 41 bc        	j	0x1590a <_ldtoa_r+0x330>
   15e7c: 42 67        	ld	a4, 0x10(sp)
   15e7e: 93 07 a0 02  	li	a5, 0x2a
   15e82: ba 8b        	mv	s7, a4
   15e84: 63 d3 e7 00  	bge	a5, a4, 0x15e8a <_ldtoa_r+0x8b0>
   15e88: be 8b        	mv	s7, a5
   15e8a: 9b 87 0b 00  	sext.w	a5, s7
   15e8e: 3e e4        	sd	a5, 0x8(sp)
   15e90: 6f f0 cf fe  	j	0x1567c <_ldtoa_r+0xa2>
   15e94: c2 67        	ld	a5, 0x10(sp)
   15e96: 13 07 a0 02  	li	a4, 0x2a
   15e9a: fd 37        	addiw	a5, a5, -0x1
   15e9c: be 8b        	mv	s7, a5
   15e9e: 63 53 f7 00  	bge	a4, a5, 0x15ea4 <_ldtoa_r+0x8ca>
   15ea2: ba 8b        	mv	s7, a4
   15ea4: 5e e4        	sd	s7, 0x8(sp)
   15ea6: 6f f0 6f fd  	j	0x1567c <_ldtoa_r+0xa2>
   15eaa: 93 09 01 0f  	addi	s3, sp, 0xf0
   15eae: 4e 87        	mv	a4, s3
   15eb0: 1c 19        	addi	a5, sp, 0xb0
   15eb2: 83 d6 07 00  	lhu	a3, 0x0(a5)
   15eb6: 89 07        	addi	a5, a5, 0x2
   15eb8: 09 07        	addi	a4, a4, 0x2
   15eba: 23 1f d7 fe  	sh	a3, -0x2(a4)
   15ebe: e3 9a 87 ff  	bne	a5, s8, 0x15eb2 <_ldtoa_r+0x8d8>
   15ec2: 91 67        	lui	a5, 0x4
   15ec4: 93 87 e7 08  	addi	a5, a5, 0x8e
   15ec8: a1 66        	lui	a3, 0x8
   15eca: 71 77        	lui	a4, 0xffffc
   15ecc: 23 11 f1 10  	sh	a5, 0x102(sp)
   15ed0: 93 87 f6 ff  	addi	a5, a3, -0x1
   15ed4: 3e fc        	sd	a5, 0x38(sp)
   15ed6: 9b 07 27 00  	addiw	a5, a4, 0x2
   15eda: 01 44        	li	s0, 0x0
   15edc: 04 0a        	addi	s1, sp, 0x110
   15ede: be c2        	sw	a5, 0x44(sp)
   15ee0: 17 93 00 00  	auipc	t1, 0x9
   15ee4: 13 03 03 60  	addi	t1, t1, 0x600
   15ee8: c1 47        	li	a5, 0x10
   15eea: d2 e4        	sd	s4, 0x48(sp)
   15eec: d6 e8        	sd	s5, 0x50(sp)
   15eee: 5a 8a        	mv	s4, s6
   15ef0: a6 8a        	mv	s5, s1
   15ef2: 93 0b 01 17  	addi	s7, sp, 0x170
   15ef6: a2 84        	mv	s1, s0
   15ef8: 13 09 01 1b  	addi	s2, sp, 0x1b0
   15efc: 93 0d 21 0e  	addi	s11, sp, 0xe2
   15f00: 1a 8b        	mv	s6, t1
   15f02: 3e 84        	mv	s0, a5
   15f04: ca 86        	mv	a3, s2
   15f06: 90 09        	addi	a2, sp, 0xd0
   15f08: ce 85        	mv	a1, s3
   15f0a: 5a 85        	mv	a0, s6
   15f0c: 23 1e 41 1f  	sh	s4, 0x1fc(sp)
   15f10: ef e0 ff e6  	jal	0x14d7e <ediv>
   15f14: 03 5a c1 1f  	lhu	s4, 0x1fc(sp)
   15f18: b8 18        	addi	a4, sp, 0x78
   15f1a: 9c 09        	addi	a5, sp, 0xd0
   15f1c: 13 08 c1 08  	addi	a6, sp, 0x8c
   15f20: 83 d6 07 00  	lhu	a3, 0x0(a5)
   15f24: 89 07        	addi	a5, a5, 0x2
   15f26: 09 07        	addi	a4, a4, 0x2
   15f28: 23 1f d7 fe  	sh	a3, -0x2(a4)
   15f2c: e3 9a a7 ff  	bne	a5, s10, 0x15f20 <_ldtoa_r+0x946>
   15f30: e2 77        	ld	a5, 0x38(sp)
   15f32: 83 55 a1 08  	lhu	a1, 0x8a(sp)
   15f36: 33 f5 f5 00  	and	a0, a1, a5
   15f3a: 96 47        	lw	a5, 0x44(sp)
   15f3c: 3d 9d        	addw	a0, a0, a5
   15f3e: 63 50 a0 32  	blez	a0, 0x1625e <_ldtoa_r+0xc84>
   15f42: 93 07 00 09  	li	a5, 0x90
   15f46: 3b 8e a7 40  	subw	t3, a5, a0
   15f4a: 72 86        	mv	a2, t3
   15f4c: 56 87        	mv	a4, s5
   15f4e: bc 18        	addi	a5, sp, 0x78
   15f50: 83 d6 07 00  	lhu	a3, 0x0(a5)
   15f54: 89 07        	addi	a5, a5, 0x2
   15f56: 09 07        	addi	a4, a4, 0x2
   15f58: 23 1f d7 fe  	sh	a3, -0x2(a4)
   15f5c: e3 9a 07 ff  	bne	a5, a6, 0x15f50 <_ldtoa_r+0x976>
   15f60: 63 54 c0 07  	blez	t3, 0x15fc8 <_ldtoa_r+0x9ee>
   15f64: bd 47        	li	a5, 0xf
   15f66: 63 d0 c7 4b  	bge	a5, t3, 0x16406 <_ldtoa_r+0xe2c>
   15f6a: 93 07 00 08  	li	a5, 0x80
   15f6e: 3b 85 a7 40  	subw	a0, a5, a0
   15f72: 9b 56 45 00  	srliw	a3, a0, 0x4
   15f76: 13 87 16 00  	addi	a4, a3, 0x1
   15f7a: 06 07        	slli	a4, a4, 0x1
   15f7c: 56 97        	add	a4, a4, s5
   15f7e: d6 87        	mv	a5, s5
   15f80: 89 07        	addi	a5, a5, 0x2
   15f82: 23 9f 07 fe  	sh	zero, -0x2(a5)
   15f86: e3 9d e7 fe  	bne	a5, a4, 0x15f80 <_ldtoa_r+0x9a6>
   15f8a: 3b 06 d0 40  	negw	a2, a3
   15f8e: 1b 16 46 00  	slliw	a2, a2, 0x4
   15f92: 86 06        	slli	a3, a3, 0x1
   15f94: 13 07 21 11  	addi	a4, sp, 0x112
   15f98: 29 9e        	addw	a2, a2, a0
   15f9a: 36 97        	add	a4, a4, a3
   15f9c: 97 96 00 00  	auipc	a3, 0x9
   15fa0: 93 86 46 37  	addi	a3, a3, 0x374
   15fa4: 93 17 16 00  	slli	a5, a2, 0x1
   15fa8: b6 97        	add	a5, a5, a3
   15faa: 83 d6 07 00  	lhu	a3, 0x0(a5)
   15fae: 83 57 07 00  	lhu	a5, 0x0(a4)
   15fb2: f5 8f        	and	a5, a5, a3
   15fb4: 23 10 f7 00  	sh	a5, 0x0(a4)
   15fb8: 9b 95 05 01  	slliw	a1, a1, 0x10
   15fbc: 9b d5 05 41  	sraiw	a1, a1, 0x10
   15fc0: 93 97 05 02  	slli	a5, a1, 0x20
   15fc4: 63 c3 07 16  	bltz	a5, 0x1612a <_ldtoa_r+0xb50>
   15fc8: 9c 09        	addi	a5, sp, 0xd0
   15fca: 56 87        	mv	a4, s5
   15fcc: 03 d6 07 00  	lhu	a2, 0x0(a5)
   15fd0: 83 56 07 00  	lhu	a3, 0x0(a4)
   15fd4: 89 07        	addi	a5, a5, 0x2
   15fd6: 09 07        	addi	a4, a4, 0x2
   15fd8: 63 1f d6 00  	bne	a2, a3, 0x15ff6 <_ldtoa_r+0xa1c>
   15fdc: e3 98 fd fe  	bne	s11, a5, 0x15fcc <_ldtoa_r+0x9f2>
   15fe0: 4e 87        	mv	a4, s3
   15fe2: 9c 09        	addi	a5, sp, 0xd0
   15fe4: 83 d6 07 00  	lhu	a3, 0x0(a5)
   15fe8: 89 07        	addi	a5, a5, 0x2
   15fea: 09 07        	addi	a4, a4, 0x2
   15fec: 23 1f d7 fe  	sh	a3, -0x2(a4)
   15ff0: e3 9a a7 ff  	bne	a5, s10, 0x15fe4 <_ldtoa_r+0xa0a>
   15ff4: a1 9c        	addw	s1, s1, s0
   15ff6: 51 0b        	addi	s6, s6, 0x14
   15ff8: 97 97 00 00  	auipc	a5, 0x9
   15ffc: 93 87 c7 54  	addi	a5, a5, 0x54c
   16000: 05 80        	srli	s0, s0, 0x1
   16002: e3 11 fb f0  	bne	s6, a5, 0x15f04 <_ldtoa_r+0x92a>
   16006: 83 56 21 10  	lhu	a3, 0x102(sp)
   1600a: 71 77        	lui	a4, 0xffffc
   1600c: 1b 07 27 f7  	addiw	a4, a4, -0x8e
   16010: 35 9f        	addw	a4, a4, a3
   16012: 52 8b        	mv	s6, s4
   16014: 26 84        	mv	s0, s1
   16016: 26 6a        	ld	s4, 0x48(sp)
   16018: d6 84        	mv	s1, s5
   1601a: c6 6a        	ld	s5, 0x50(sp)
   1601c: 3b 07 97 01  	addw	a4, a4, s9
   16020: 23 11 e1 10  	sh	a4, 0x102(sp)
   16024: ce 86        	mv	a3, s3
   16026: 18 19        	addi	a4, sp, 0xb0
   16028: 83 d7 06 00  	lhu	a5, 0x0(a3)
   1602c: 09 07        	addi	a4, a4, 0x2
   1602e: 89 06        	addi	a3, a3, 0x2
   16030: 23 1f f7 fe  	sh	a5, -0x2(a4)
   16034: e3 1a 87 ff  	bne	a4, s8, 0x16028 <_ldtoa_r+0xa4e>
   16038: 98 09        	addi	a4, sp, 0xd0
   1603a: 97 96 00 00  	auipc	a3, 0x9
   1603e: 93 86 e6 50  	addi	a3, a3, 0x50e
   16042: 83 d7 06 00  	lhu	a5, 0x0(a3)
   16046: 09 07        	addi	a4, a4, 0x2
   16048: 89 06        	addi	a3, a3, 0x2
   1604a: 23 1f f7 fe  	sh	a5, -0x2(a4)
   1604e: e3 1a a7 ff  	bne	a4, s10, 0x16042 <_ldtoa_r+0xa68>
   16052: 85 6c        	lui	s9, 0x1
   16054: 17 9c 00 00  	auipc	s8, 0x9
   16058: 13 0c cc 3e  	addi	s8, s8, 0x3ec
   1605c: 97 9d 00 00  	auipc	s11, 0x9
   16060: 93 8d 4d 4d  	addi	s11, s11, 0x4d4
   16064: 05 4d        	li	s10, 0x1
   16066: 11 a0        	j	0x1606a <_ldtoa_r+0xa90>
   16068: 51 0c        	addi	s8, s8, 0x14
   1606a: ce 85        	mv	a1, s3
   1606c: 17 95 00 00  	auipc	a0, 0x9
   16070: 13 05 45 4c  	addi	a0, a0, 0x4c4
   16074: ef e0 8f e5  	jal	0x146cc <ecmp>
   16078: aa 87        	mv	a5, a0
   1607a: ce 85        	mv	a1, s3
   1607c: 62 85        	mv	a0, s8
   1607e: 63 8d a7 03  	beq	a5, s10, 0x160b8 <_ldtoa_r+0xade>
   16082: ef e0 af e4  	jal	0x146cc <ecmp>
   16086: aa 87        	mv	a5, a0
   16088: ca 86        	mv	a3, s2
   1608a: 4e 86        	mv	a2, s3
   1608c: ce 85        	mv	a1, s3
   1608e: 62 85        	mv	a0, s8
   16090: 63 80 a7 03  	beq	a5, s10, 0x160b0 <_ldtoa_r+0xad6>
   16094: 23 1e 61 1f  	sh	s6, 0x1fc(sp)
   16098: ef e0 7f ce  	jal	0x14d7e <ediv>
   1609c: 90 09        	addi	a2, sp, 0xd0
   1609e: ca 86        	mv	a3, s2
   160a0: b2 85        	mv	a1, a2
   160a2: 62 85        	mv	a0, s8
   160a4: ef f0 6f 94  	jal	0x151ea <emul>
   160a8: 03 5b c1 1f  	lhu	s6, 0x1fc(sp)
   160ac: 3b 84 8c 00  	addw	s0, s9, s0
   160b0: 93 dc 1c 00  	srli	s9, s9, 0x1
   160b4: e3 1a bc fb  	bne	s8, s11, 0x16068 <_ldtoa_r+0xa8e>
   160b8: 93 0d 81 12  	addi	s11, sp, 0x128
   160bc: 6f f0 4f e4  	j	0x15700 <_ldtoa_r+0x126>
   160c0: 93 09 31 17  	addi	s3, sp, 0x173
   160c4: ce 85        	mv	a1, s3
   160c6: 01 46        	li	a2, 0x0
   160c8: e3 1e 07 a0  	bnez	a4, 0x15ae4 <_ldtoa_r+0x50a>
   160cc: 6f f0 ff 83  	j	0x1590a <_ldtoa_r+0x330>
   160d0: 08 19        	addi	a0, sp, 0xb0
   160d2: 8c 09        	addi	a1, sp, 0xd0
   160d4: 32 f4        	sd	a2, 0x28(sp)
   160d6: ef e0 4f a7  	jal	0x1434a <emovo.isra.0>
   160da: 88 09        	addi	a0, sp, 0xd0
   160dc: 97 95 00 00  	auipc	a1, 0x9
   160e0: 93 85 45 48  	addi	a1, a1, 0x484
   160e4: ef e0 8f de  	jal	0x146cc <ecmp>
   160e8: 22 76        	ld	a2, 0x28(sp)
   160ea: 63 10 05 24  	bnez	a0, 0x1632a <_ldtoa_r+0xd50>
   160ee: e3 4b 06 9e  	bltz	a2, 0x15ae4 <_ldtoa_r+0x50a>
   160f2: 83 46 e9 ff  	lbu	a3, -0x2(s2)
   160f6: 13 87 26 fd  	addi	a4, a3, -0x2e
   160fa: 13 37 17 00  	seqz	a4, a4
   160fe: 13 47 f7 ff  	not	a4, a4
   16102: 4e 97        	add	a4, a4, s3
   16104: 03 47 07 00  	lbu	a4, 0x0(a4)
   16108: 05 8b        	andi	a4, a4, 0x1
   1610a: e3 1b 07 98  	bnez	a4, 0x15aa0 <_ldtoa_r+0x4c6>
   1610e: d9 ba        	j	0x15ae4 <_ldtoa_r+0x50a>
   16110: 42 67        	ld	a4, 0x10(sp)
   16112: 93 07 a0 02  	li	a5, 0x2a
   16116: ba 8b        	mv	s7, a4
   16118: 63 d3 e7 00  	bge	a5, a4, 0x1611e <_ldtoa_r+0xb44>
   1611c: be 8b        	mv	s7, a5
   1611e: 9b 87 0b 00  	sext.w	a5, s7
   16122: 3e e4        	sd	a5, 0x8(sp)
   16124: 49 b4        	j	0x15ba6 <_ldtoa_r+0x5cc>
   16126: 81 46        	li	a3, 0x0
   16128: b1 bc        	j	0x15b84 <_ldtoa_r+0x5aa>
   1612a: bc 18        	addi	a5, sp, 0x78
   1612c: 56 87        	mv	a4, s5
   1612e: 29 a0        	j	0x16138 <_ldtoa_r+0xb5e>
   16130: 93 06 a1 08  	addi	a3, sp, 0x8a
   16134: e3 8a f6 e8  	beq	a3, a5, 0x15fc8 <_ldtoa_r+0x9ee>
   16138: 03 d6 07 00  	lhu	a2, 0x0(a5)
   1613c: 83 56 07 00  	lhu	a3, 0x0(a4)
   16140: 89 07        	addi	a5, a5, 0x2
   16142: 09 07        	addi	a4, a4, 0x2
   16144: e3 06 d6 fe  	beq	a2, a3, 0x16130 <_ldtoa_r+0xb56>
   16148: 83 57 21 12  	lhu	a5, 0x122(sp)
   1614c: 93 c7 f7 ff  	not	a5, a5
   16150: 13 97 17 03  	slli	a4, a5, 0x31
   16154: 63 08 07 1a  	beqz	a4, 0x16304 <_ldtoa_r+0xd2a>
   16158: 0c 1a        	addi	a1, sp, 0x130
   1615a: 17 95 00 00  	auipc	a0, 0x9
   1615e: 13 05 e5 3e  	addi	a0, a0, 0x3ee
   16162: ef e0 8f cd  	jal	0x1463a <emovi>
   16166: 8c 0a        	addi	a1, sp, 0x150
   16168: 56 85        	mv	a0, s5
   1616a: ef e0 0f cd  	jal	0x1463a <emovi>
   1616e: 83 57 01 13  	lhu	a5, 0x130(sp)
   16172: 03 56 21 15  	lhu	a2, 0x152(sp)
   16176: 03 5e 21 13  	lhu	t3, 0x132(sp)
   1617a: 93 c7 f7 ff  	not	a5, a5
   1617e: 23 18 f1 12  	sh	a5, 0x130(sp)
   16182: b3 05 ce 40  	sub	a1, t3, a2
   16186: b2 86        	mv	a3, a2
   16188: 63 5e b0 04  	blez	a1, 0x161e4 <_ldtoa_r+0xc0a>
   1618c: 88 0a        	addi	a0, sp, 0x150
   1618e: de 86        	mv	a3, s7
   16190: bc 12        	addi	a5, sp, 0x168
   16192: de 85        	mv	a1, s7
   16194: 2a 87        	mv	a4, a0
   16196: 83 38 07 00  	ld	a7, 0x0(a4)
   1619a: 21 07        	addi	a4, a4, 0x8
   1619c: a1 05        	addi	a1, a1, 0x8
   1619e: 23 bc 15 ff  	sd	a7, -0x8(a1)
   161a2: e3 9a e7 fe  	bne	a5, a4, 0x16196 <_ldtoa_r+0xbbc>
   161a6: 0c 1a        	addi	a1, sp, 0x130
   161a8: 23 14 01 18  	sh	zero, 0x188(sp)
   161ac: b8 02        	addi	a4, sp, 0x148
   161ae: ae 87        	mv	a5, a1
   161b0: 83 b8 07 00  	ld	a7, 0x0(a5)
   161b4: a1 07        	addi	a5, a5, 0x8
   161b6: 21 05        	addi	a0, a0, 0x8
   161b8: 23 3c 15 ff  	sd	a7, -0x8(a0)
   161bc: e3 1a f7 fe  	bne	a4, a5, 0x161b0 <_ldtoa_r+0xbd6>
   161c0: 23 14 01 16  	sh	zero, 0x168(sp)
   161c4: 93 87 8b 01  	addi	a5, s7, 0x18
   161c8: 98 62        	ld	a4, 0x0(a3)
   161ca: a1 06        	addi	a3, a3, 0x8
   161cc: a1 05        	addi	a1, a1, 0x8
   161ce: 23 bc e5 fe  	sd	a4, -0x8(a1)
   161d2: e3 9b f6 fe  	bne	a3, a5, 0x161c8 <_ldtoa_r+0xbee>
   161d6: 83 56 21 15  	lhu	a3, 0x152(sp)
   161da: b3 05 c6 41  	sub	a1, a2, t3
   161de: 23 14 01 14  	sh	zero, 0x148(sp)
   161e2: 36 86        	mv	a2, a3
   161e4: 63 83 05 22  	beqz	a1, 0x1640a <_ldtoa_r+0xe30>
   161e8: b6 ec        	sd	a3, 0x58(sp)
   161ea: 93 07 f0 f6  	li	a5, -0x91
   161ee: 63 cc f5 04  	blt	a1, a5, 0x16246 <_ldtoa_r+0xc6c>
   161f2: 81 25        	sext.w	a1, a1
   161f4: 08 1a        	addi	a0, sp, 0x130
   161f6: ef e0 6f af  	jal	0x144ec <eshift.part.0>
   161fa: e6 66        	ld	a3, 0x58(sp)
   161fc: aa 85        	mv	a1, a0
   161fe: bc 12        	addi	a5, sp, 0x168
   16200: b8 02        	addi	a4, sp, 0x148
   16202: 03 55 01 13  	lhu	a0, 0x130(sp)
   16206: 03 56 01 15  	lhu	a2, 0x150(sp)
   1620a: 63 02 c5 24  	beq	a0, a2, 0x1644e <_ldtoa_r+0xe74>
   1620e: 01 46        	li	a2, 0x0
   16210: 13 0e 21 15  	addi	t3, sp, 0x152
   16214: 03 d5 07 00  	lhu	a0, 0x0(a5)
   16218: 83 58 07 00  	lhu	a7, 0x0(a4)
   1621c: f9 17        	addi	a5, a5, -0x2
   1621e: 79 17        	addi	a4, a4, -0x2
   16220: 33 05 15 41  	sub	a0, a0, a7
   16224: 33 06 c5 40  	sub	a2, a0, a2
   16228: 23 91 c7 00  	sh	a2, 0x2(a5)
   1622c: 41 82        	srli	a2, a2, 0x10
   1622e: 05 8a        	andi	a2, a2, 0x1
   16230: e3 92 c7 ff  	bne	a5, t3, 0x16214 <_ldtoa_r+0xc3a>
   16234: 05 46        	li	a2, 0x1
   16236: ca 87        	mv	a5, s2
   16238: 13 07 00 04  	li	a4, 0x40
   1623c: 88 0a        	addi	a0, sp, 0x150
   1623e: ef e0 6f d7  	jal	0x147b4 <emdnorm>
   16242: 03 5a c1 1f  	lhu	s4, 0x1fc(sp)
   16246: 88 0a        	addi	a0, sp, 0x150
   16248: d6 85        	mv	a1, s5
   1624a: ef e0 0f 90  	jal	0x1434a <emovo.isra.0>
   1624e: ad bb        	j	0x15fc8 <_ldtoa_r+0x9ee>
   16250: e2 67        	ld	a5, 0x18(sp)
   16252: 23 08 01 16  	sb	zero, 0x170(sp)
   16256: 5e 89        	mv	s2, s7
   16258: 23 a0 07 00  	sw	zero, 0x0(a5)
   1625c: 75 be        	j	0x15e18 <_ldtoa_r+0x83e>
   1625e: d6 87        	mv	a5, s5
   16260: 58 12        	addi	a4, sp, 0x124
   16262: 89 07        	addi	a5, a5, 0x2
   16264: 23 9f 07 fe  	sh	zero, -0x2(a5)
   16268: e3 9d e7 fe  	bne	a5, a4, 0x16262 <_ldtoa_r+0xc88>
   1626c: b1 b3        	j	0x15fb8 <_ldtoa_r+0x9de>
   1626e: a2 77        	ld	a5, 0x28(sp)
   16270: 93 0b 01 17  	addi	s7, sp, 0x170
   16274: 5e 85        	mv	a0, s7
   16276: bd cb        	beqz	a5, 0x162ec <_ldtoa_r+0xd12>
   16278: 97 95 00 00  	auipc	a1, 0x9
   1627c: 93 85 05 e0  	addi	a1, a1, -0x200
   16280: ef 20 80 1f  	jal	0x18478 <sprintf>
   16284: 09 64        	lui	s0, 0x2
   16286: 13 04 f4 70  	addi	s0, s0, 0x70f
   1628a: ad b0        	j	0x15af4 <_ldtoa_r+0x51a>
   1628c: 18 09        	addi	a4, sp, 0x90
   1628e: 13 06 21 0a  	addi	a2, sp, 0xa2
   16292: 19 a0        	j	0x16298 <_ldtoa_r+0xcbe>
   16294: e3 05 c7 88  	beq	a4, a2, 0x15b1e <_ldtoa_r+0x544>
   16298: 83 57 07 00  	lhu	a5, 0x0(a4)
   1629c: 09 07        	addi	a4, a4, 0x2
   1629e: fd db        	beqz	a5, 0x16294 <_ldtoa_r+0xcba>
   162a0: e2 67        	ld	a5, 0x18(sp)
   162a2: 09 67        	lui	a4, 0x2
   162a4: 13 07 f7 70  	addi	a4, a4, 0x70f
   162a8: 98 c3        	sw	a4, 0x0(a5)
   162aa: 6d b0        	j	0x15b54 <_ldtoa_r+0x57a>
   162ac: 85 26        	addiw	a3, a3, 0x1
   162ae: 23 00 d7 00  	sb	a3, 0x0(a4)
   162b2: 6f f0 3f 83  	j	0x15ae4 <_ldtoa_r+0x50a>
   162b6: 93 0b 01 17  	addi	s7, sp, 0x170
   162ba: 5e 85        	mv	a0, s7
   162bc: 97 95 00 00  	auipc	a1, 0x9
   162c0: 93 85 c5 dd  	addi	a1, a1, -0x224
   162c4: ef 20 40 1b  	jal	0x18478 <sprintf>
   162c8: 75 bf        	j	0x16284 <_ldtoa_r+0xcaa>
   162ca: 11 47        	li	a4, 0x4
   162cc: 93 09 21 17  	addi	s3, sp, 0x172
   162d0: e3 5a d7 80  	bge	a4, a3, 0x15ae4 <_ldtoa_r+0x50a>
   162d4: 15 47        	li	a4, 0x5
   162d6: 13 09 31 17  	addi	s2, sp, 0x173
   162da: e3 8b e6 de  	beq	a3, a4, 0x160d0 <_ldtoa_r+0xaf6>
   162de: 13 07 10 03  	li	a4, 0x31
   162e2: 05 24        	addiw	s0, s0, 0x1
   162e4: 23 0f e9 fe  	sb	a4, -0x2(s2)
   162e8: 6f f0 cf ff  	j	0x15ae4 <_ldtoa_r+0x50a>
   162ec: 97 95 00 00  	auipc	a1, 0x9
   162f0: 93 85 c5 d9  	addi	a1, a1, -0x264
   162f4: ef 20 40 18  	jal	0x18478 <sprintf>
   162f8: 71 b7        	j	0x16284 <_ldtoa_r+0xcaa>
   162fa: 85 26        	addiw	a3, a3, 0x1
   162fc: a3 0f d7 fe  	sb	a3, -0x1(a4)
   16300: 6f f0 4f fe  	j	0x15ae4 <_ldtoa_r+0x50a>
   16304: d6 87        	mv	a5, s5
   16306: 13 07 21 12  	addi	a4, sp, 0x122
   1630a: 83 d6 07 00  	lhu	a3, 0x0(a5)
   1630e: 89 07        	addi	a5, a5, 0x2
   16310: e3 9c 06 ca  	bnez	a3, 0x15fc8 <_ldtoa_r+0x9ee>
   16314: e3 9b e7 fe  	bne	a5, a4, 0x1630a <_ldtoa_r+0xd30>
   16318: d6 87        	mv	a5, s5
   1631a: 19 a0        	j	0x16320 <_ldtoa_r+0xd46>
   1631c: e3 86 e7 ca  	beq	a5, a4, 0x15fc8 <_ldtoa_r+0x9ee>
   16320: 83 d6 07 00  	lhu	a3, 0x0(a5)
   16324: 89 07        	addi	a5, a5, 0x2
   16326: fd da        	beqz	a3, 0x1631c <_ldtoa_r+0xd42>
   16328: 05 bd        	j	0x16158 <_ldtoa_r+0xb7e>
   1632a: e3 4a 06 fa  	bltz	a2, 0x162de <_ldtoa_r+0xd04>
   1632e: 6f f0 ef f6  	j	0x15a9c <_ldtoa_r+0x4c2>
   16332: 04 0a        	addi	s1, sp, 0x110
   16334: a6 85        	mv	a1, s1
   16336: 08 19        	addi	a0, sp, 0xb0
   16338: ef e0 2f b0  	jal	0x1463a <emovi>
   1633c: 91 67        	lui	a5, 0x4
   1633e: f9 17        	addi	a5, a5, -0x2
   16340: 93 0d 81 12  	addi	s11, sp, 0x128
   16344: 93 09 21 11  	addi	s3, sp, 0x112
   16348: 93 0c 81 10  	addi	s9, sp, 0x108
   1634c: 3e fc        	sd	a5, 0x38(sp)
   1634e: 01 44        	li	s0, 0x0
   16350: 93 0b 50 fd  	li	s7, -0x2b
   16354: 83 57 81 12  	lhu	a5, 0x128(sp)
   16358: 9d 8b        	andi	a5, a5, 0x7
   1635a: d9 ef        	bnez	a5, 0x163f8 <_ldtoa_r+0xe1e>
   1635c: 13 09 01 0f  	addi	s2, sp, 0xf0
   16360: 26 8c        	mv	s8, s1
   16362: 4a 87        	mv	a4, s2
   16364: a6 87        	mv	a5, s1
   16366: 94 63        	ld	a3, 0x0(a5)
   16368: a1 07        	addi	a5, a5, 0x8
   1636a: 21 07        	addi	a4, a4, 0x8
   1636c: 23 3c d7 fe  	sd	a3, -0x8(a4)
   16370: e3 9b fd fe  	bne	s11, a5, 0x16366 <_ldtoa_r+0xd8c>
   16374: 88 19        	addi	a0, sp, 0xf0
   16376: 23 14 01 10  	sh	zero, 0x108(sp)
   1637a: ef d0 9f ec  	jal	0x14242 <eshdn1>
   1637e: 88 19        	addi	a0, sp, 0xf0
   16380: ef d0 3f ec  	jal	0x14242 <eshdn1>
   16384: 34 02        	addi	a3, sp, 0x108
   16386: 6e 87        	mv	a4, s11
   16388: 01 46        	li	a2, 0x0
   1638a: 83 d5 06 00  	lhu	a1, 0x0(a3)
   1638e: 83 57 07 00  	lhu	a5, 0x0(a4)
   16392: 79 17        	addi	a4, a4, -0x2
   16394: f9 16        	addi	a3, a3, -0x2
   16396: ae 97        	add	a5, a5, a1
   16398: b2 97        	add	a5, a5, a2
   1639a: 23 91 f6 00  	sh	a5, 0x2(a3)
   1639e: c1 83        	srli	a5, a5, 0x10
   163a0: 13 f6 17 00  	andi	a2, a5, 0x1
   163a4: e3 13 37 ff  	bne	a4, s3, 0x1638a <_ldtoa_r+0xdb0>
   163a8: 83 57 21 0f  	lhu	a5, 0xf2(sp)
   163ac: 03 57 41 0f  	lhu	a4, 0xf4(sp)
   163b0: 8d 27        	addiw	a5, a5, 0x3
   163b2: 23 19 f1 0e  	sh	a5, 0xf2(sp)
   163b6: 01 cf        	beqz	a4, 0x163ce <_ldtoa_r+0xdf4>
   163b8: 88 19        	addi	a0, sp, 0xf0
   163ba: ef d0 9f e8  	jal	0x14242 <eshdn1>
   163be: 83 57 21 0f  	lhu	a5, 0xf2(sp)
   163c2: 03 57 41 0f  	lhu	a4, 0xf4(sp)
   163c6: 85 27        	addiw	a5, a5, 0x1
   163c8: 23 19 f1 0e  	sh	a5, 0xf2(sp)
   163cc: 75 f7        	bnez	a4, 0x163b8 <_ldtoa_r+0xdde>
   163ce: 83 57 81 10  	lhu	a5, 0x108(sp)
   163d2: 9d e3        	bnez	a5, 0x163f8 <_ldtoa_r+0xe1e>
   163d4: 83 57 21 0f  	lhu	a5, 0xf2(sp)
   163d8: 62 77        	ld	a4, 0x38(sp)
   163da: 63 6f f7 00  	bltu	a4, a5, 0x163f8 <_ldtoa_r+0xe1e>
   163de: 83 37 09 00  	ld	a5, 0x0(s2)
   163e2: 21 09        	addi	s2, s2, 0x8
   163e4: 21 0c        	addi	s8, s8, 0x8
   163e6: 23 3c fc fe  	sd	a5, -0x8(s8)
   163ea: e3 1a 99 ff  	bne	s2, s9, 0x163de <_ldtoa_r+0xe04>
   163ee: 23 14 01 12  	sh	zero, 0x128(sp)
   163f2: 7d 34        	addiw	s0, s0, -0x1
   163f4: e3 10 74 f7  	bne	s0, s7, 0x16354 <_ldtoa_r+0xd7a>
   163f8: 0c 19        	addi	a1, sp, 0xb0
   163fa: 26 85        	mv	a0, s1
   163fc: ef d0 ff f4  	jal	0x1434a <emovo.isra.0>
   16400: 13 09 01 1b  	addi	s2, sp, 0x1b0
   16404: 3d b2        	j	0x15d32 <_ldtoa_r+0x758>
   16406: 56 87        	mv	a4, s5
   16408: 51 be        	j	0x15f9c <_ldtoa_r+0x9c2>
   1640a: d8 0a        	addi	a4, sp, 0x154
   1640c: 5c 1a        	addi	a5, sp, 0x134
   1640e: 13 0e a1 14  	addi	t3, sp, 0x14a
   16412: 03 d5 07 00  	lhu	a0, 0x0(a5)
   16416: 83 55 07 00  	lhu	a1, 0x0(a4)
   1641a: 89 07        	addi	a5, a5, 0x2
   1641c: 09 07        	addi	a4, a4, 0x2
   1641e: 63 12 b5 02  	bne	a0, a1, 0x16442 <_ldtoa_r+0xe68>
   16422: e3 98 c7 ff  	bne	a5, t3, 0x16412 <_ldtoa_r+0xe38>
   16426: 03 57 01 13  	lhu	a4, 0x130(sp)
   1642a: 83 57 01 15  	lhu	a5, 0x150(sp)
   1642e: 63 03 f7 04  	beq	a4, a5, 0x16474 <_ldtoa_r+0xe9a>
   16432: d6 87        	mv	a5, s5
   16434: 58 12        	addi	a4, sp, 0x124
   16436: 89 07        	addi	a5, a5, 0x2
   16438: 23 9f 07 fe  	sh	zero, -0x2(a5)
   1643c: e3 9d e7 fe  	bne	a5, a4, 0x16436 <_ldtoa_r+0xe5c>
   16440: 61 b6        	j	0x15fc8 <_ldtoa_r+0x9ee>
   16442: 63 eb a5 04  	bltu	a1, a0, 0x16498 <_ldtoa_r+0xebe>
   16446: bc 12        	addi	a5, sp, 0x168
   16448: b8 02        	addi	a4, sp, 0x148
   1644a: 81 45        	li	a1, 0x0
   1644c: 5d bb        	j	0x16202 <_ldtoa_r+0xc28>
   1644e: 01 46        	li	a2, 0x0
   16450: 13 03 21 13  	addi	t1, sp, 0x132
   16454: 83 d8 07 00  	lhu	a7, 0x0(a5)
   16458: 03 55 07 00  	lhu	a0, 0x0(a4)
   1645c: 79 17        	addi	a4, a4, -0x2
   1645e: f9 17        	addi	a5, a5, -0x2
   16460: 46 95        	add	a0, a0, a7
   16462: 2a 96        	add	a2, a2, a0
   16464: 23 91 c7 00  	sh	a2, 0x2(a5)
   16468: 41 82        	srli	a2, a2, 0x10
   1646a: 05 8a        	andi	a2, a2, 0x1
   1646c: e3 14 67 fe  	bne	a4, t1, 0x16454 <_ldtoa_r+0xe7a>
   16470: 01 46        	li	a2, 0x0
   16472: d1 b3        	j	0x16236 <_ldtoa_r+0xc5c>
   16474: b6 87        	mv	a5, a3
   16476: 89 e6        	bnez	a3, 0x16480 <_ldtoa_r+0xea6>
   16478: 03 17 61 15  	lh	a4, 0x156(sp)
   1647c: 63 5d 07 06  	bgez	a4, 0x164f6 <_ldtoa_r+0xf1c>
   16480: 13 07 21 15  	addi	a4, sp, 0x152
   16484: bc 12        	addi	a5, sp, 0x168
   16486: 83 55 07 00  	lhu	a1, 0x0(a4)
   1648a: 09 07        	addi	a4, a4, 0x2
   1648c: a5 e1        	bnez	a1, 0x164ec <_ldtoa_r+0xf12>
   1648e: e3 9c e7 fe  	bne	a5, a4, 0x16486 <_ldtoa_r+0xeac>
   16492: 23 19 c1 14  	sh	a2, 0x152(sp)
   16496: 45 bb        	j	0x16246 <_ldtoa_r+0xc6c>
   16498: 13 03 01 15  	addi	t1, sp, 0x150
   1649c: de 85        	mv	a1, s7
   1649e: bc 12        	addi	a5, sp, 0x168
   164a0: 5e 86        	mv	a2, s7
   164a2: 1a 87        	mv	a4, t1
   164a4: 08 63        	ld	a0, 0x0(a4)
   164a6: 21 07        	addi	a4, a4, 0x8
   164a8: 21 06        	addi	a2, a2, 0x8
   164aa: 23 3c a6 fe  	sd	a0, -0x8(a2)
   164ae: e3 9b e7 fe  	bne	a5, a4, 0x164a4 <_ldtoa_r+0xeca>
   164b2: 10 1a        	addi	a2, sp, 0x130
   164b4: 23 14 01 18  	sh	zero, 0x188(sp)
   164b8: 32 85        	mv	a0, a2
   164ba: b8 02        	addi	a4, sp, 0x148
   164bc: 83 38 05 00  	ld	a7, 0x0(a0)
   164c0: 21 05        	addi	a0, a0, 0x8
   164c2: 21 03        	addi	t1, t1, 0x8
   164c4: 23 3c 13 ff  	sd	a7, -0x8(t1)
   164c8: e3 1a a7 fe  	bne	a4, a0, 0x164bc <_ldtoa_r+0xee2>
   164cc: 23 14 01 16  	sh	zero, 0x168(sp)
   164d0: 13 85 8b 01  	addi	a0, s7, 0x18
   164d4: 83 b8 05 00  	ld	a7, 0x0(a1)
   164d8: a1 05        	addi	a1, a1, 0x8
   164da: 21 06        	addi	a2, a2, 0x8
   164dc: 23 3c 16 ff  	sd	a7, -0x8(a2)
   164e0: e3 9a a5 fe  	bne	a1, a0, 0x164d4 <_ldtoa_r+0xefa>
   164e4: 23 14 01 14  	sh	zero, 0x148(sp)
   164e8: 81 45        	li	a1, 0x0
   164ea: 21 bb        	j	0x16202 <_ldtoa_r+0xc28>
   164ec: 13 86 16 00  	addi	a2, a3, 0x1
   164f0: 23 19 c1 14  	sh	a2, 0x152(sp)
   164f4: 89 bb        	j	0x16246 <_ldtoa_r+0xc6c>
   164f6: b4 12        	addi	a3, sp, 0x168
   164f8: 13 0e 21 15  	addi	t3, sp, 0x152
   164fc: 11 a8        	j	0x16510 <_ldtoa_r+0xf36>
   164fe: 23 90 e6 00  	sh	a4, 0x0(a3)
   16502: 9b 97 17 00  	slliw	a5, a5, 0x1
   16506: c2 17        	slli	a5, a5, 0x30
   16508: f9 16        	addi	a3, a3, -0x2
   1650a: c1 93        	srli	a5, a5, 0x30
   1650c: e3 8d c6 d3  	beq	a3, t3, 0x16246 <_ldtoa_r+0xc6c>
   16510: 03 d7 06 00  	lhu	a4, 0x0(a3)
   16514: 1b 16 07 01  	slliw	a2, a4, 0x10
   16518: 1b 56 06 41  	sraiw	a2, a2, 0x10
   1651c: 1b 17 17 00  	slliw	a4, a4, 0x1
   16520: 42 17        	slli	a4, a4, 0x30
   16522: 93 15 06 02  	slli	a1, a2, 0x20
   16526: 41 93        	srli	a4, a4, 0x30
   16528: 63 d4 05 00  	bgez	a1, 0x16530 <_ldtoa_r+0xf56>
   1652c: 93 e7 17 00  	ori	a5, a5, 0x1
   16530: 13 f6 27 00  	andi	a2, a5, 0x2
   16534: 93 65 17 00  	ori	a1, a4, 0x1
   16538: 79 d2        	beqz	a2, 0x164fe <_ldtoa_r+0xf24>
   1653a: 23 90 b6 00  	sh	a1, 0x0(a3)
   1653e: d1 b7        	j	0x16502 <_ldtoa_r+0xf28>

0000000000016540 <_ldcheck>:
   16540: 18 61        	ld	a4, 0x0(a0)
   16542: 1c 65        	ld	a5, 0x8(a0)
   16544: 39 71        	addi	sp, sp, -0x40
   16546: 0a 85        	mv	a0, sp
   16548: 0c 08        	addi	a1, sp, 0x10
   1654a: 3a e0        	sd	a4, 0x0(sp)
   1654c: 3e e4        	sd	a5, 0x8(sp)
   1654e: 06 fc        	sd	ra, 0x38(sp)
   16550: ef e0 0f f3  	jal	0x14c80 <e113toe.isra.0>
   16554: 83 57 21 02  	lhu	a5, 0x22(sp)
   16558: 01 45        	li	a0, 0x0
   1655a: 93 c7 f7 ff  	not	a5, a5
   1655e: 13 97 17 03  	slli	a4, a5, 0x31
   16562: 19 eb        	bnez	a4, 0x16578 <_ldcheck+0x38>
   16564: 1c 08        	addi	a5, sp, 0x10
   16566: 93 06 21 02  	addi	a3, sp, 0x22
   1656a: 03 d7 07 00  	lhu	a4, 0x0(a5)
   1656e: 89 07        	addi	a5, a5, 0x2
   16570: 19 e7        	bnez	a4, 0x1657e <_ldcheck+0x3e>
   16572: e3 9c d7 fe  	bne	a5, a3, 0x1656a <_ldcheck+0x2a>
   16576: 09 45        	li	a0, 0x2
   16578: e2 70        	ld	ra, 0x38(sp)
   1657a: 21 61        	addi	sp, sp, 0x40
   1657c: 82 80        	ret
   1657e: 05 45        	li	a0, 0x1
   16580: e5 bf        	j	0x16578 <_ldcheck+0x38>

0000000000016582 <__localeconv_l>:
   16582: 13 05 05 10  	addi	a0, a0, 0x100
   16586: 82 80        	ret

0000000000016588 <_localeconv_r>:
   16588: 13 85 01 5b  	addi	a0, gp, 0x5b0
   1658c: 82 80        	ret

000000000001658e <localeconv>:
   1658e: 13 85 01 5b  	addi	a0, gp, 0x5b0
   16592: 82 80        	ret

0000000000016594 <__retarget_lock_init>:
   16594: 82 80        	ret

0000000000016596 <__retarget_lock_init_recursive>:
   16596: 82 80        	ret

0000000000016598 <__retarget_lock_close>:
   16598: 82 80        	ret

000000000001659a <__retarget_lock_close_recursive>:
   1659a: 82 80        	ret

000000000001659c <__retarget_lock_acquire>:
   1659c: 82 80        	ret

000000000001659e <__retarget_lock_acquire_recursive>:
   1659e: 82 80        	ret

00000000000165a0 <__retarget_lock_try_acquire>:
   165a0: 05 45        	li	a0, 0x1
   165a2: 82 80        	ret

00000000000165a4 <__retarget_lock_try_acquire_recursive>:
   165a4: 05 45        	li	a0, 0x1
   165a6: 82 80        	ret

00000000000165a8 <__retarget_lock_release>:
   165a8: 82 80        	ret

00000000000165aa <__retarget_lock_release_recursive>:
   165aa: 82 80        	ret

00000000000165ac <__smakebuf_r>:
   165ac: 83 97 05 01  	lh	a5, 0x10(a1)
   165b0: 35 71        	addi	sp, sp, -0xa0
   165b2: 22 e9        	sd	s0, 0x90(sp)
   165b4: 06 ed        	sd	ra, 0x98(sp)
   165b6: 13 f7 27 00  	andi	a4, a5, 0x2
   165ba: 2e 84        	mv	s0, a1
   165bc: 19 cb        	beqz	a4, 0x165d2 <__smakebuf_r+0x26>
   165be: 93 87 75 07  	addi	a5, a1, 0x77
   165c2: 05 47        	li	a4, 0x1
   165c4: 9c e1        	sd	a5, 0x0(a1)
   165c6: 9c ed        	sd	a5, 0x18(a1)
   165c8: 98 d1        	sw	a4, 0x20(a1)
   165ca: ea 60        	ld	ra, 0x98(sp)
   165cc: 4a 64        	ld	s0, 0x90(sp)
   165ce: 0d 61        	addi	sp, sp, 0xa0
   165d0: 82 80        	ret
   165d2: 83 95 25 01  	lh	a1, 0x12(a1)
   165d6: 26 e5        	sd	s1, 0x88(sp)
   165d8: 4a e1        	sd	s2, 0x80(sp)
   165da: ce fc        	sd	s3, 0x78(sp)
   165dc: d2 f8        	sd	s4, 0x70(sp)
   165de: aa 84        	mv	s1, a0
   165e0: 63 c9 05 06  	bltz	a1, 0x16652 <__smakebuf_r+0xa6>
   165e4: 30 00        	addi	a2, sp, 0x8
   165e6: ef 50 30 0e  	jal	0x1bec8 <_fstat_r>
   165ea: 63 42 05 06  	bltz	a0, 0x1664e <__smakebuf_r+0xa2>
   165ee: 32 49        	lw	s2, 0xc(sp)
   165f0: 3d 67        	lui	a4, 0xf
   165f2: 89 67        	lui	a5, 0x2
   165f4: 33 79 e9 00  	and	s2, s2, a4
   165f8: 33 09 f9 40  	sub	s2, s2, a5
   165fc: 05 6a        	lui	s4, 0x1
   165fe: 13 39 19 00  	seqz	s2, s2
   16602: 13 0a 0a 80  	addi	s4, s4, -0x800
   16606: 93 09 00 40  	li	s3, 0x400
   1660a: ce 85        	mv	a1, s3
   1660c: 26 85        	mv	a0, s1
   1660e: ef 00 80 13  	jal	0x16746 <_malloc_r>
   16612: 83 17 04 01  	lh	a5, 0x10(s0)
   16616: 21 cd        	beqz	a0, 0x1666e <__smakebuf_r+0xc2>
   16618: 17 d7 ff ff  	auipc	a4, 0xffffd
   1661c: 13 07 87 10  	addi	a4, a4, 0x108
   16620: b8 ec        	sd	a4, 0x58(s1)
   16622: 93 e7 07 08  	ori	a5, a5, 0x80
   16626: 23 18 f4 00  	sh	a5, 0x10(s0)
   1662a: 08 e0        	sd	a0, 0x0(s0)
   1662c: 08 ec        	sd	a0, 0x18(s0)
   1662e: 23 20 34 03  	sw	s3, 0x20(s0)
   16632: 63 15 09 06  	bnez	s2, 0x1669c <__smakebuf_r+0xf0>
   16636: b3 e7 47 01  	or	a5, a5, s4
   1663a: ea 60        	ld	ra, 0x98(sp)
   1663c: 23 18 f4 00  	sh	a5, 0x10(s0)
   16640: 4a 64        	ld	s0, 0x90(sp)
   16642: aa 64        	ld	s1, 0x88(sp)
   16644: 0a 69        	ld	s2, 0x80(sp)
   16646: e6 79        	ld	s3, 0x78(sp)
   16648: 46 7a        	ld	s4, 0x70(sp)
   1664a: 0d 61        	addi	sp, sp, 0xa0
   1664c: 82 80        	ret
   1664e: 83 17 04 01  	lh	a5, 0x10(s0)
   16652: 93 f7 07 08  	andi	a5, a5, 0x80
   16656: 01 49        	li	s2, 0x0
   16658: 95 cf        	beqz	a5, 0x16694 <__smakebuf_r+0xe8>
   1665a: 93 09 00 04  	li	s3, 0x40
   1665e: ce 85        	mv	a1, s3
   16660: 26 85        	mv	a0, s1
   16662: ef 00 40 0e  	jal	0x16746 <_malloc_r>
   16666: 83 17 04 01  	lh	a5, 0x10(s0)
   1666a: 01 4a        	li	s4, 0x0
   1666c: 55 f5        	bnez	a0, 0x16618 <__smakebuf_r+0x6c>
   1666e: 13 f7 07 20  	andi	a4, a5, 0x200
   16672: 29 e3        	bnez	a4, 0x166b4 <__smakebuf_r+0x108>
   16674: f1 9b        	andi	a5, a5, -0x4
   16676: 13 07 74 07  	addi	a4, s0, 0x77
   1667a: 93 e7 27 00  	ori	a5, a5, 0x2
   1667e: 85 46        	li	a3, 0x1
   16680: aa 64        	ld	s1, 0x88(sp)
   16682: 0a 69        	ld	s2, 0x80(sp)
   16684: e6 79        	ld	s3, 0x78(sp)
   16686: 46 7a        	ld	s4, 0x70(sp)
   16688: 23 18 f4 00  	sh	a5, 0x10(s0)
   1668c: 18 e0        	sd	a4, 0x0(s0)
   1668e: 18 ec        	sd	a4, 0x18(s0)
   16690: 14 d0        	sw	a3, 0x20(s0)
   16692: 25 bf        	j	0x165ca <__smakebuf_r+0x1e>
   16694: 93 09 00 40  	li	s3, 0x400
   16698: 01 4a        	li	s4, 0x0
   1669a: 85 bf        	j	0x1660a <__smakebuf_r+0x5e>
   1669c: 83 15 24 01  	lh	a1, 0x12(s0)
   166a0: 26 85        	mv	a0, s1
   166a2: ef 50 b0 05  	jal	0x1befc <_isatty_r>
   166a6: 83 17 04 01  	lh	a5, 0x10(s0)
   166aa: 51 d5        	beqz	a0, 0x16636 <__smakebuf_r+0x8a>
   166ac: f1 9b        	andi	a5, a5, -0x4
   166ae: 93 e7 17 00  	ori	a5, a5, 0x1
   166b2: 51 b7        	j	0x16636 <__smakebuf_r+0x8a>
   166b4: aa 64        	ld	s1, 0x88(sp)
   166b6: 0a 69        	ld	s2, 0x80(sp)
   166b8: e6 79        	ld	s3, 0x78(sp)
   166ba: 46 7a        	ld	s4, 0x70(sp)
   166bc: 39 b7        	j	0x165ca <__smakebuf_r+0x1e>

00000000000166be <__swhatbuf_r>:
   166be: 75 71        	addi	sp, sp, -0x90
   166c0: 22 e1        	sd	s0, 0x80(sp)
   166c2: 2e 84        	mv	s0, a1
   166c4: 83 95 25 01  	lh	a1, 0x12(a1)
   166c8: a6 fc        	sd	s1, 0x78(sp)
   166ca: ca f8        	sd	s2, 0x70(sp)
   166cc: 06 e5        	sd	ra, 0x88(sp)
   166ce: b2 84        	mv	s1, a2
   166d0: 36 89        	mv	s2, a3
   166d2: 63 cc 05 02  	bltz	a1, 0x1670a <__swhatbuf_r+0x4c>
   166d6: 30 00        	addi	a2, sp, 0x8
   166d8: ef 50 00 7f  	jal	0x1bec8 <_fstat_r>
   166dc: 63 47 05 02  	bltz	a0, 0x1670a <__swhatbuf_r+0x4c>
   166e0: b2 47        	lw	a5, 0xc(sp)
   166e2: bd 66        	lui	a3, 0xf
   166e4: 09 67        	lui	a4, 0x2
   166e6: f5 8f        	and	a5, a5, a3
   166e8: 99 8f        	sub	a5, a5, a4
   166ea: aa 60        	ld	ra, 0x88(sp)
   166ec: 0a 64        	ld	s0, 0x80(sp)
   166ee: 93 b7 17 00  	seqz	a5, a5
   166f2: 23 20 f9 00  	sw	a5, 0x0(s2)
   166f6: 13 07 00 40  	li	a4, 0x400
   166fa: 98 e0        	sd	a4, 0x0(s1)
   166fc: 05 65        	lui	a0, 0x1
   166fe: e6 74        	ld	s1, 0x78(sp)
   16700: 46 79        	ld	s2, 0x70(sp)
   16702: 13 05 05 80  	addi	a0, a0, -0x800
   16706: 49 61        	addi	sp, sp, 0x90
   16708: 82 80        	ret
   1670a: 83 57 04 01  	lhu	a5, 0x10(s0)
   1670e: 93 f7 07 08  	andi	a5, a5, 0x80
   16712: 91 cf        	beqz	a5, 0x1672e <__swhatbuf_r+0x70>
   16714: aa 60        	ld	ra, 0x88(sp)
   16716: 0a 64        	ld	s0, 0x80(sp)
   16718: 81 47        	li	a5, 0x0
   1671a: 23 20 f9 00  	sw	a5, 0x0(s2)
   1671e: 13 07 00 04  	li	a4, 0x40
   16722: 98 e0        	sd	a4, 0x0(s1)
   16724: 46 79        	ld	s2, 0x70(sp)
   16726: e6 74        	ld	s1, 0x78(sp)
   16728: 01 45        	li	a0, 0x0
   1672a: 49 61        	addi	sp, sp, 0x90
   1672c: 82 80        	ret
   1672e: aa 60        	ld	ra, 0x88(sp)
   16730: 0a 64        	ld	s0, 0x80(sp)
   16732: 23 20 f9 00  	sw	a5, 0x0(s2)
   16736: 13 07 00 40  	li	a4, 0x400
   1673a: 98 e0        	sd	a4, 0x0(s1)
   1673c: 46 79        	ld	s2, 0x70(sp)
   1673e: e6 74        	ld	s1, 0x78(sp)
   16740: 01 45        	li	a0, 0x0
   16742: 49 61        	addi	sp, sp, 0x90
   16744: 82 80        	ret

0000000000016746 <_malloc_r>:
   16746: 1d 71        	addi	sp, sp, -0x60
   16748: a6 e4        	sd	s1, 0x48(sp)
   1674a: ca e0        	sd	s2, 0x40(sp)
   1674c: 86 ec        	sd	ra, 0x58(sp)
   1674e: a2 e8        	sd	s0, 0x50(sp)
   16750: 4e fc        	sd	s3, 0x38(sp)
   16752: 93 84 75 01  	addi	s1, a1, 0x17
   16756: 93 07 e0 02  	li	a5, 0x2e
   1675a: 2a 89        	mv	s2, a0
   1675c: 63 ec 97 04  	bltu	a5, s1, 0x167b4 <_malloc_r+0x6e>
   16760: 93 04 00 02  	li	s1, 0x20
   16764: 63 eb b4 18  	bltu	s1, a1, 0x168fa <_malloc_r+0x1b4>
   16768: ef 00 10 07  	jal	0x16fd8 <__malloc_lock>
   1676c: 93 07 00 05  	li	a5, 0x50
   16770: 91 45        	li	a1, 0x4
   16772: 97 a9 00 00  	auipc	s3, 0xa
   16776: 93 89 69 00  	addi	s3, s3, 0x6
   1677a: ce 97        	add	a5, a5, s3
   1677c: 80 67        	ld	s0, 0x8(a5)
   1677e: 13 87 07 ff  	addi	a4, a5, -0x10
   16782: 63 03 e4 34  	beq	s0, a4, 0x16ac8 <_malloc_r+0x382>
   16786: 1c 64        	ld	a5, 0x8(s0)
   16788: 14 6c        	ld	a3, 0x18(s0)
   1678a: 10 68        	ld	a2, 0x10(s0)
   1678c: f1 9b        	andi	a5, a5, -0x4
   1678e: a2 97        	add	a5, a5, s0
   16790: 98 67        	ld	a4, 0x8(a5)
   16792: 14 ee        	sd	a3, 0x18(a2)
   16794: 90 ea        	sd	a2, 0x10(a3)
   16796: 13 67 17 00  	ori	a4, a4, 0x1
   1679a: 4a 85        	mv	a0, s2
   1679c: 98 e7        	sd	a4, 0x8(a5)
   1679e: ef 00 30 04  	jal	0x16fe0 <__malloc_unlock>
   167a2: e6 60        	ld	ra, 0x58(sp)
   167a4: 13 05 04 01  	addi	a0, s0, 0x10
   167a8: 46 64        	ld	s0, 0x50(sp)
   167aa: a6 64        	ld	s1, 0x48(sp)
   167ac: 06 69        	ld	s2, 0x40(sp)
   167ae: e2 79        	ld	s3, 0x38(sp)
   167b0: 25 61        	addi	sp, sp, 0x60
   167b2: 82 80        	ret
   167b4: b7 07 00 80  	lui	a5, 0x80000
   167b8: c1 98        	andi	s1, s1, -0x10
   167ba: 93 c7 f7 ff  	not	a5, a5
   167be: 63 ee 97 12  	bltu	a5, s1, 0x168fa <_malloc_r+0x1b4>
   167c2: 63 ec b4 12  	bltu	s1, a1, 0x168fa <_malloc_r+0x1b4>
   167c6: ef 00 30 01  	jal	0x16fd8 <__malloc_lock>
   167ca: 93 07 70 1f  	li	a5, 0x1f7
   167ce: 63 f8 97 3e  	bgeu	a5, s1, 0x16bbe <_malloc_r+0x478>
   167d2: 93 d7 94 00  	srli	a5, s1, 0x9
   167d6: 63 8d 07 12  	beqz	a5, 0x16910 <_malloc_r+0x1ca>
   167da: 11 47        	li	a4, 0x4
   167dc: 63 6d f7 32  	bltu	a4, a5, 0x16b16 <_malloc_r+0x3d0>
   167e0: 93 d7 64 00  	srli	a5, s1, 0x6
   167e4: 9b 85 97 03  	addiw	a1, a5, 0x39
   167e8: 1b 96 15 00  	slliw	a2, a1, 0x1
   167ec: 1b 88 87 03  	addiw	a6, a5, 0x38
   167f0: 0e 06        	slli	a2, a2, 0x3
   167f2: 97 a9 00 00  	auipc	s3, 0xa
   167f6: 93 89 69 f8  	addi	s3, s3, -0x7a
   167fa: 4e 96        	add	a2, a2, s3
   167fc: 00 66        	ld	s0, 0x8(a2)
   167fe: 41 16        	addi	a2, a2, -0x10
   16800: 63 01 86 02  	beq	a2, s0, 0x16822 <_malloc_r+0xdc>
   16804: 7d 45        	li	a0, 0x1f
   16806: 39 a0        	j	0x16814 <_malloc_r+0xce>
   16808: 14 6c        	ld	a3, 0x18(s0)
   1680a: 63 5b 07 28  	bgez	a4, 0x16aa0 <_malloc_r+0x35a>
   1680e: 63 0a d6 00  	beq	a2, a3, 0x16822 <_malloc_r+0xdc>
   16812: 36 84        	mv	s0, a3
   16814: 1c 64        	ld	a5, 0x8(s0)
   16816: f1 9b        	andi	a5, a5, -0x4
   16818: 33 87 97 40  	sub	a4, a5, s1
   1681c: e3 56 e5 fe  	bge	a0, a4, 0x16808 <_malloc_r+0xc2>
   16820: c2 85        	mv	a1, a6
   16822: 03 b4 09 02  	ld	s0, 0x20(s3)
   16826: 97 a8 00 00  	auipc	a7, 0xa
   1682a: 93 88 28 f6  	addi	a7, a7, -0x9e
   1682e: 63 06 14 27  	beq	s0, a7, 0x16a9a <_malloc_r+0x354>
   16832: 1c 64        	ld	a5, 0x8(s0)
   16834: fd 46        	li	a3, 0x1f
   16836: f1 9b        	andi	a5, a5, -0x4
   16838: 33 87 97 40  	sub	a4, a5, s1
   1683c: 63 ca e6 34  	blt	a3, a4, 0x16b90 <_malloc_r+0x44a>
   16840: 23 b4 19 03  	sd	a7, 0x28(s3)
   16844: 23 b0 19 03  	sd	a7, 0x20(s3)
   16848: 63 59 07 32  	bgez	a4, 0x16b7a <_malloc_r+0x434>
   1684c: 13 07 f0 1f  	li	a4, 0x1ff
   16850: 03 b5 89 00  	ld	a0, 0x8(s3)
   16854: 63 6f f7 26  	bltu	a4, a5, 0x16ad2 <_malloc_r+0x38c>
   16858: 8d 83        	srli	a5, a5, 0x3
   1685a: 81 27        	sext.w	a5, a5
   1685c: 1b 87 17 00  	addiw	a4, a5, 0x1
   16860: 1b 17 17 00  	slliw	a4, a4, 0x1
   16864: 0e 07        	slli	a4, a4, 0x3
   16866: 4e 97        	add	a4, a4, s3
   16868: 10 63        	ld	a2, 0x0(a4)
   1686a: 9b d7 27 40  	sraiw	a5, a5, 0x2
   1686e: 85 46        	li	a3, 0x1
   16870: b3 97 f6 00  	sll	a5, a3, a5
   16874: 5d 8d        	or	a0, a0, a5
   16876: 93 07 07 ff  	addi	a5, a4, -0x10
   1687a: 10 e8        	sd	a2, 0x10(s0)
   1687c: 1c ec        	sd	a5, 0x18(s0)
   1687e: 23 b4 a9 00  	sd	a0, 0x8(s3)
   16882: 00 e3        	sd	s0, 0x0(a4)
   16884: 00 ee        	sd	s0, 0x18(a2)
   16886: 9b d7 25 40  	sraiw	a5, a1, 0x2
   1688a: 05 46        	li	a2, 0x1
   1688c: 33 16 f6 00  	sll	a2, a2, a5
   16890: 63 67 c5 08  	bltu	a0, a2, 0x1691e <_malloc_r+0x1d8>
   16894: b3 77 a6 00  	and	a5, a2, a0
   16898: 81 ef        	bnez	a5, 0x168b0 <_malloc_r+0x16a>
   1689a: 06 06        	slli	a2, a2, 0x1
   1689c: f1 99        	andi	a1, a1, -0x4
   1689e: b3 77 a6 00  	and	a5, a2, a0
   168a2: 91 25        	addiw	a1, a1, 0x4
   168a4: 91 e7        	bnez	a5, 0x168b0 <_malloc_r+0x16a>
   168a6: 06 06        	slli	a2, a2, 0x1
   168a8: b3 77 a6 00  	and	a5, a2, a0
   168ac: 91 25        	addiw	a1, a1, 0x4
   168ae: e5 df        	beqz	a5, 0x168a6 <_malloc_r+0x160>
   168b0: 7d 48        	li	a6, 0x1f
   168b2: 1b 83 15 00  	addiw	t1, a1, 0x1
   168b6: 1b 13 13 00  	slliw	t1, t1, 0x1
   168ba: 0e 03        	slli	t1, t1, 0x3
   168bc: 41 13        	addi	t1, t1, -0x10
   168be: 4e 93        	add	t1, t1, s3
   168c0: 1a 85        	mv	a0, t1
   168c2: 1c 6d        	ld	a5, 0x18(a0)
   168c4: 2e 8e        	mv	t3, a1
   168c6: 63 09 f5 26  	beq	a0, a5, 0x16b38 <_malloc_r+0x3f2>
   168ca: 98 67        	ld	a4, 0x8(a5)
   168cc: 3e 84        	mv	s0, a5
   168ce: 9c 6f        	ld	a5, 0x18(a5)
   168d0: 71 9b        	andi	a4, a4, -0x4
   168d2: b3 06 97 40  	sub	a3, a4, s1
   168d6: 63 48 d8 26  	blt	a6, a3, 0x16b46 <_malloc_r+0x400>
   168da: e3 c6 06 fe  	bltz	a3, 0x168c6 <_malloc_r+0x180>
   168de: 22 97        	add	a4, a4, s0
   168e0: 14 67        	ld	a3, 0x8(a4)
   168e2: 10 68        	ld	a2, 0x10(s0)
   168e4: 4a 85        	mv	a0, s2
   168e6: 93 e6 16 00  	ori	a3, a3, 0x1
   168ea: 14 e7        	sd	a3, 0x8(a4)
   168ec: 1c ee        	sd	a5, 0x18(a2)
   168ee: 90 eb        	sd	a2, 0x10(a5)
   168f0: ef 00 00 6f  	jal	0x16fe0 <__malloc_unlock>
   168f4: 13 05 04 01  	addi	a0, s0, 0x10
   168f8: 29 a0        	j	0x16902 <_malloc_r+0x1bc>
   168fa: b1 47        	li	a5, 0xc
   168fc: 23 20 f9 00  	sw	a5, 0x0(s2)
   16900: 01 45        	li	a0, 0x0
   16902: e6 60        	ld	ra, 0x58(sp)
   16904: 46 64        	ld	s0, 0x50(sp)
   16906: a6 64        	ld	s1, 0x48(sp)
   16908: 06 69        	ld	s2, 0x40(sp)
   1690a: e2 79        	ld	s3, 0x38(sp)
   1690c: 25 61        	addi	sp, sp, 0x60
   1690e: 82 80        	ret
   16910: 13 06 00 40  	li	a2, 0x400
   16914: 93 05 00 04  	li	a1, 0x40
   16918: 13 08 f0 03  	li	a6, 0x3f
   1691c: d9 bd        	j	0x167f2 <_malloc_r+0xac>
   1691e: 03 b4 09 01  	ld	s0, 0x10(s3)
   16922: 56 f4        	sd	s5, 0x28(sp)
   16924: 1c 64        	ld	a5, 0x8(s0)
   16926: 93 fa c7 ff  	andi	s5, a5, -0x4
   1692a: 63 e7 9a 00  	bltu	s5, s1, 0x16938 <_malloc_r+0x1f2>
   1692e: 33 87 9a 40  	sub	a4, s5, s1
   16932: fd 47        	li	a5, 0x1f
   16934: 63 cd e7 12  	blt	a5, a4, 0x16a6e <_malloc_r+0x328>
   16938: 62 e8        	sd	s8, 0x10(sp)
   1693a: 13 8c 81 71  	addi	s8, gp, 0x718
   1693e: 52 f8        	sd	s4, 0x30(sp)
   16940: 03 37 0c 00  	ld	a4, 0x0(s8)
   16944: 03 ba 01 78  	ld	s4, 0x780(gp)
   16948: 5e ec        	sd	s7, 0x18(sp)
   1694a: 5a f0        	sd	s6, 0x20(sp)
   1694c: fd 57        	li	a5, -0x1
   1694e: b3 0b 54 01  	add	s7, s0, s5
   16952: 26 9a        	add	s4, s4, s1
   16954: 63 0b f7 2e  	beq	a4, a5, 0x16c4a <_malloc_r+0x504>
   16958: 85 67        	lui	a5, 0x1
   1695a: fd 07        	addi	a5, a5, 0x1f
   1695c: 3e 9a        	add	s4, s4, a5
   1695e: fd 77        	lui	a5, 0xfffff
   16960: 33 7a fa 00  	and	s4, s4, a5
   16964: d2 85        	mv	a1, s4
   16966: 4a 85        	mv	a0, s2
   16968: ef 10 10 2a  	jal	0x18408 <_sbrk_r>
   1696c: fd 57        	li	a5, -0x1
   1696e: 2a 8b        	mv	s6, a0
   16970: 63 0f f5 36  	beq	a0, a5, 0x16cee <_malloc_r+0x5a8>
   16974: 66 e4        	sd	s9, 0x8(sp)
   16976: 63 6a 75 0d  	bltu	a0, s7, 0x16a4a <_malloc_r+0x304>
   1697a: 17 b7 00 00  	auipc	a4, 0xb
   1697e: 03 27 67 93  	lw	a4, -0x6ca(a4)
   16982: 97 bc 00 00  	auipc	s9, 0xb
   16986: 93 8c ec 92  	addi	s9, s9, -0x6d2
   1698a: 3b 07 47 01  	addw	a4, a4, s4
   1698e: 23 a0 ec 00  	sw	a4, 0x0(s9)
   16992: ba 86        	mv	a3, a4
   16994: 63 81 ab 36  	beq	s7, a0, 0x16cf6 <_malloc_r+0x5b0>
   16998: 03 37 0c 00  	ld	a4, 0x0(s8)
   1699c: fd 57        	li	a5, -0x1
   1699e: 63 09 f7 36  	beq	a4, a5, 0x16d10 <_malloc_r+0x5ca>
   169a2: b3 07 7b 41  	sub	a5, s6, s7
   169a6: b5 9f        	addw	a5, a5, a3
   169a8: 23 a0 fc 00  	sw	a5, 0x0(s9)
   169ac: 13 7c fb 00  	andi	s8, s6, 0xf
   169b0: 63 09 0c 2a  	beqz	s8, 0x16c62 <_malloc_r+0x51c>
   169b4: 33 0b 8b 41  	sub	s6, s6, s8
   169b8: 85 66        	lui	a3, 0x1
   169ba: 41 0b        	addi	s6, s6, 0x10
   169bc: c1 06        	addi	a3, a3, 0x10
   169be: 5a 9a        	add	s4, s4, s6
   169c0: b3 86 86 41  	sub	a3, a3, s8
   169c4: b3 86 46 41  	sub	a3, a3, s4
   169c8: d2 16        	slli	a3, a3, 0x34
   169ca: 93 db 46 03  	srli	s7, a3, 0x34
   169ce: de 85        	mv	a1, s7
   169d0: 4a 85        	mv	a0, s2
   169d2: ef 10 70 23  	jal	0x18408 <_sbrk_r>
   169d6: fd 57        	li	a5, -0x1
   169d8: 63 0b f5 36  	beq	a0, a5, 0x16d4e <_malloc_r+0x608>
   169dc: 33 05 65 41  	sub	a0, a0, s6
   169e0: 33 0a 75 01  	add	s4, a0, s7
   169e4: 9b 86 0b 00  	sext.w	a3, s7
   169e8: 17 b7 00 00  	auipc	a4, 0xb
   169ec: 03 27 87 8c  	lw	a4, -0x738(a4)
   169f0: 23 b8 69 01  	sd	s6, 0x10(s3)
   169f4: 93 67 1a 00  	ori	a5, s4, 0x1
   169f8: 35 9f        	addw	a4, a4, a3
   169fa: 23 34 fb 00  	sd	a5, 0x8(s6)
   169fe: 23 a0 ec 00  	sw	a4, 0x0(s9)
   16a02: 63 05 34 03  	beq	s0, s3, 0x16a2c <_malloc_r+0x2e6>
   16a06: 7d 46        	li	a2, 0x1f
   16a08: 63 7d 56 27  	bgeu	a2, s5, 0x16c82 <_malloc_r+0x53c>
   16a0c: 14 64        	ld	a3, 0x8(s0)
   16a0e: 93 87 8a fe  	addi	a5, s5, -0x18
   16a12: c1 9b        	andi	a5, a5, -0x10
   16a14: 85 8a        	andi	a3, a3, 0x1
   16a16: dd 8e        	or	a3, a3, a5
   16a18: 14 e4        	sd	a3, 0x8(s0)
   16a1a: a5 45        	li	a1, 0x9
   16a1c: b3 06 f4 00  	add	a3, s0, a5
   16a20: 8c e6        	sd	a1, 0x8(a3)
   16a22: 8c ea        	sd	a1, 0x10(a3)
   16a24: 63 67 f6 20  	bltu	a2, a5, 0x16c32 <_malloc_r+0x4ec>
   16a28: 83 37 8b 00  	ld	a5, 0x8(s6)
   16a2c: 93 86 81 77  	addi	a3, gp, 0x778
   16a30: 90 62        	ld	a2, 0x0(a3)
   16a32: 63 73 e6 00  	bgeu	a2, a4, 0x16a38 <_malloc_r+0x2f2>
   16a36: 98 e2        	sd	a4, 0x0(a3)
   16a38: 93 86 01 77  	addi	a3, gp, 0x770
   16a3c: 90 62        	ld	a2, 0x0(a3)
   16a3e: 63 73 e6 00  	bgeu	a2, a4, 0x16a44 <_malloc_r+0x2fe>
   16a42: 98 e2        	sd	a4, 0x0(a3)
   16a44: a2 6c        	ld	s9, 0x8(sp)
   16a46: 5a 84        	mv	s0, s6
   16a48: 39 a0        	j	0x16a56 <_malloc_r+0x310>
   16a4a: 63 05 34 29  	beq	s0, s3, 0x16cd4 <_malloc_r+0x58e>
   16a4e: 03 b4 09 01  	ld	s0, 0x10(s3)
   16a52: a2 6c        	ld	s9, 0x8(sp)
   16a54: 1c 64        	ld	a5, 0x8(s0)
   16a56: f1 9b        	andi	a5, a5, -0x4
   16a58: 33 87 97 40  	sub	a4, a5, s1
   16a5c: 63 e7 97 22  	bltu	a5, s1, 0x16c8a <_malloc_r+0x544>
   16a60: fd 47        	li	a5, 0x1f
   16a62: 63 d4 e7 22  	bge	a5, a4, 0x16c8a <_malloc_r+0x544>
   16a66: 42 7a        	ld	s4, 0x30(sp)
   16a68: 02 7b        	ld	s6, 0x20(sp)
   16a6a: e2 6b        	ld	s7, 0x18(sp)
   16a6c: 42 6c        	ld	s8, 0x10(sp)
   16a6e: 93 e7 14 00  	ori	a5, s1, 0x1
   16a72: 1c e4        	sd	a5, 0x8(s0)
   16a74: a2 94        	add	s1, s1, s0
   16a76: 23 b8 99 00  	sd	s1, 0x10(s3)
   16a7a: 13 67 17 00  	ori	a4, a4, 0x1
   16a7e: 4a 85        	mv	a0, s2
   16a80: 98 e4        	sd	a4, 0x8(s1)
   16a82: ef 00 e0 55  	jal	0x16fe0 <__malloc_unlock>
   16a86: e6 60        	ld	ra, 0x58(sp)
   16a88: 13 05 04 01  	addi	a0, s0, 0x10
   16a8c: 46 64        	ld	s0, 0x50(sp)
   16a8e: a2 7a        	ld	s5, 0x28(sp)
   16a90: a6 64        	ld	s1, 0x48(sp)
   16a92: 06 69        	ld	s2, 0x40(sp)
   16a94: e2 79        	ld	s3, 0x38(sp)
   16a96: 25 61        	addi	sp, sp, 0x60
   16a98: 82 80        	ret
   16a9a: 03 b5 89 00  	ld	a0, 0x8(s3)
   16a9e: e5 b3        	j	0x16886 <_malloc_r+0x140>
   16aa0: 10 68        	ld	a2, 0x10(s0)
   16aa2: a2 97        	add	a5, a5, s0
   16aa4: 98 67        	ld	a4, 0x8(a5)
   16aa6: 14 ee        	sd	a3, 0x18(a2)
   16aa8: 90 ea        	sd	a2, 0x10(a3)
   16aaa: 13 67 17 00  	ori	a4, a4, 0x1
   16aae: 4a 85        	mv	a0, s2
   16ab0: 98 e7        	sd	a4, 0x8(a5)
   16ab2: ef 00 e0 52  	jal	0x16fe0 <__malloc_unlock>
   16ab6: e6 60        	ld	ra, 0x58(sp)
   16ab8: 13 05 04 01  	addi	a0, s0, 0x10
   16abc: 46 64        	ld	s0, 0x50(sp)
   16abe: a6 64        	ld	s1, 0x48(sp)
   16ac0: 06 69        	ld	s2, 0x40(sp)
   16ac2: e2 79        	ld	s3, 0x38(sp)
   16ac4: 25 61        	addi	sp, sp, 0x60
   16ac6: 82 80        	ret
   16ac8: 80 6f        	ld	s0, 0x18(a5)
   16aca: 89 25        	addiw	a1, a1, 0x2
   16acc: e3 8b 87 d4  	beq	a5, s0, 0x16822 <_malloc_r+0xdc>
   16ad0: 5d b9        	j	0x16786 <_malloc_r+0x40>
   16ad2: 13 d7 97 00  	srli	a4, a5, 0x9
   16ad6: 91 46        	li	a3, 0x4
   16ad8: 63 fc e6 0e  	bgeu	a3, a4, 0x16bd0 <_malloc_r+0x48a>
   16adc: d1 46        	li	a3, 0x14
   16ade: 63 ef e6 1a  	bltu	a3, a4, 0x16c9c <_malloc_r+0x556>
   16ae2: 1b 06 c7 05  	addiw	a2, a4, 0x5c
   16ae6: 1b 16 16 00  	slliw	a2, a2, 0x1
   16aea: 0e 06        	slli	a2, a2, 0x3
   16aec: 9b 06 b7 05  	addiw	a3, a4, 0x5b
   16af0: 4e 96        	add	a2, a2, s3
   16af2: 18 62        	ld	a4, 0x0(a2)
   16af4: 41 16        	addi	a2, a2, -0x10
   16af6: 63 16 e6 00  	bne	a2, a4, 0x16b02 <_malloc_r+0x3bc>
   16afa: 99 aa        	j	0x16c50 <_malloc_r+0x50a>
   16afc: 18 6b        	ld	a4, 0x10(a4)
   16afe: 63 06 e6 00  	beq	a2, a4, 0x16b0a <_malloc_r+0x3c4>
   16b02: 14 67        	ld	a3, 0x8(a4)
   16b04: f1 9a        	andi	a3, a3, -0x4
   16b06: e3 eb d7 fe  	bltu	a5, a3, 0x16afc <_malloc_r+0x3b6>
   16b0a: 10 6f        	ld	a2, 0x18(a4)
   16b0c: 10 ec        	sd	a2, 0x18(s0)
   16b0e: 18 e8        	sd	a4, 0x10(s0)
   16b10: 00 ea        	sd	s0, 0x10(a2)
   16b12: 00 ef        	sd	s0, 0x18(a4)
   16b14: 8d bb        	j	0x16886 <_malloc_r+0x140>
   16b16: 51 47        	li	a4, 0x14
   16b18: 63 76 f7 0c  	bgeu	a4, a5, 0x16be4 <_malloc_r+0x49e>
   16b1c: 13 07 40 05  	li	a4, 0x54
   16b20: 63 6c f7 18  	bltu	a4, a5, 0x16cb8 <_malloc_r+0x572>
   16b24: 93 d7 c4 00  	srli	a5, s1, 0xc
   16b28: 9b 85 f7 06  	addiw	a1, a5, 0x6f
   16b2c: 1b 96 15 00  	slliw	a2, a1, 0x1
   16b30: 1b 88 e7 06  	addiw	a6, a5, 0x6e
   16b34: 0e 06        	slli	a2, a2, 0x3
   16b36: 75 b9        	j	0x167f2 <_malloc_r+0xac>
   16b38: 05 2e        	addiw	t3, t3, 0x1
   16b3a: 93 77 3e 00  	andi	a5, t3, 0x3
   16b3e: 41 05        	addi	a0, a0, 0x10
   16b40: dd cf        	beqz	a5, 0x16bfe <_malloc_r+0x4b8>
   16b42: 1c 6d        	ld	a5, 0x18(a0)
   16b44: 49 b3        	j	0x168c6 <_malloc_r+0x180>
   16b46: 10 68        	ld	a2, 0x10(s0)
   16b48: 93 e5 14 00  	ori	a1, s1, 0x1
   16b4c: 0c e4        	sd	a1, 0x8(s0)
   16b4e: 1c ee        	sd	a5, 0x18(a2)
   16b50: 90 eb        	sd	a2, 0x10(a5)
   16b52: a2 94        	add	s1, s1, s0
   16b54: 23 b4 99 02  	sd	s1, 0x28(s3)
   16b58: 23 b0 99 02  	sd	s1, 0x20(s3)
   16b5c: 93 e7 16 00  	ori	a5, a3, 0x1
   16b60: 22 97        	add	a4, a4, s0
   16b62: 23 bc 14 01  	sd	a7, 0x18(s1)
   16b66: 23 b8 14 01  	sd	a7, 0x10(s1)
   16b6a: 9c e4        	sd	a5, 0x8(s1)
   16b6c: 4a 85        	mv	a0, s2
   16b6e: 14 e3        	sd	a3, 0x0(a4)
   16b70: ef 00 00 47  	jal	0x16fe0 <__malloc_unlock>
   16b74: 13 05 04 01  	addi	a0, s0, 0x10
   16b78: 69 b3        	j	0x16902 <_malloc_r+0x1bc>
   16b7a: a2 97        	add	a5, a5, s0
   16b7c: 98 67        	ld	a4, 0x8(a5)
   16b7e: 4a 85        	mv	a0, s2
   16b80: 13 67 17 00  	ori	a4, a4, 0x1
   16b84: 98 e7        	sd	a4, 0x8(a5)
   16b86: ef 00 a0 45  	jal	0x16fe0 <__malloc_unlock>
   16b8a: 13 05 04 01  	addi	a0, s0, 0x10
   16b8e: 95 bb        	j	0x16902 <_malloc_r+0x1bc>
   16b90: 93 e6 14 00  	ori	a3, s1, 0x1
   16b94: 14 e4        	sd	a3, 0x8(s0)
   16b96: a2 94        	add	s1, s1, s0
   16b98: 23 b4 99 02  	sd	s1, 0x28(s3)
   16b9c: 23 b0 99 02  	sd	s1, 0x20(s3)
   16ba0: 93 66 17 00  	ori	a3, a4, 0x1
   16ba4: a2 97        	add	a5, a5, s0
   16ba6: 23 bc 14 01  	sd	a7, 0x18(s1)
   16baa: 23 b8 14 01  	sd	a7, 0x10(s1)
   16bae: 94 e4        	sd	a3, 0x8(s1)
   16bb0: 4a 85        	mv	a0, s2
   16bb2: 98 e3        	sd	a4, 0x0(a5)
   16bb4: ef 00 c0 42  	jal	0x16fe0 <__malloc_unlock>
   16bb8: 13 05 04 01  	addi	a0, s0, 0x10
   16bbc: 99 b3        	j	0x16902 <_malloc_r+0x1bc>
   16bbe: 93 d5 34 00  	srli	a1, s1, 0x3
   16bc2: 9b 87 15 00  	addiw	a5, a1, 0x1
   16bc6: 9b 97 17 00  	slliw	a5, a5, 0x1
   16bca: 8e 07        	slli	a5, a5, 0x3
   16bcc: 81 25        	sext.w	a1, a1
   16bce: 55 b6        	j	0x16772 <_malloc_r+0x2c>
   16bd0: 13 d7 67 00  	srli	a4, a5, 0x6
   16bd4: 1b 06 97 03  	addiw	a2, a4, 0x39
   16bd8: 1b 16 16 00  	slliw	a2, a2, 0x1
   16bdc: 0e 06        	slli	a2, a2, 0x3
   16bde: 9b 06 87 03  	addiw	a3, a4, 0x38
   16be2: 39 b7        	j	0x16af0 <_malloc_r+0x3aa>
   16be4: 9b 85 c7 05  	addiw	a1, a5, 0x5c
   16be8: 1b 96 15 00  	slliw	a2, a1, 0x1
   16bec: 1b 88 b7 05  	addiw	a6, a5, 0x5b
   16bf0: 0e 06        	slli	a2, a2, 0x3
   16bf2: 01 b1        	j	0x167f2 <_malloc_r+0xac>
   16bf4: 83 37 03 01  	ld	a5, 0x10(t1)
   16bf8: fd 35        	addiw	a1, a1, -0x1
   16bfa: 63 9a 67 18  	bne	a5, t1, 0x16d8e <_malloc_r+0x648>
   16bfe: 93 f7 35 00  	andi	a5, a1, 0x3
   16c02: 41 13        	addi	t1, t1, -0x10
   16c04: e5 fb        	bnez	a5, 0x16bf4 <_malloc_r+0x4ae>
   16c06: 03 b7 89 00  	ld	a4, 0x8(s3)
   16c0a: 93 47 f6 ff  	not	a5, a2
   16c0e: f9 8f        	and	a5, a5, a4
   16c10: 23 b4 f9 00  	sd	a5, 0x8(s3)
   16c14: 06 06        	slli	a2, a2, 0x1
   16c16: e3 e4 c7 d0  	bltu	a5, a2, 0x1691e <_malloc_r+0x1d8>
   16c1a: e3 02 06 d0  	beqz	a2, 0x1691e <_malloc_r+0x1d8>
   16c1e: 33 77 f6 00  	and	a4, a2, a5
   16c22: 11 e7        	bnez	a4, 0x16c2e <_malloc_r+0x4e8>
   16c24: 06 06        	slli	a2, a2, 0x1
   16c26: 33 77 f6 00  	and	a4, a2, a5
   16c2a: 11 2e        	addiw	t3, t3, 0x4
   16c2c: 65 df        	beqz	a4, 0x16c24 <_malloc_r+0x4de>
   16c2e: f2 85        	mv	a1, t3
   16c30: 49 b1        	j	0x168b2 <_malloc_r+0x16c>
   16c32: 93 05 04 01  	addi	a1, s0, 0x10
   16c36: 4a 85        	mv	a0, s2
   16c38: ef c0 bf f4  	jal	0x13b82 <_free_r>
   16c3c: 17 a7 00 00  	auipc	a4, 0xa
   16c40: 03 27 47 67  	lw	a4, 0x674(a4)
   16c44: 03 bb 09 01  	ld	s6, 0x10(s3)
   16c48: c5 b3        	j	0x16a28 <_malloc_r+0x2e2>
   16c4a: 13 0a 0a 02  	addi	s4, s4, 0x20
   16c4e: 19 bb        	j	0x16964 <_malloc_r+0x21e>
   16c50: 9b d6 26 40  	sraiw	a3, a3, 0x2
   16c54: 85 47        	li	a5, 0x1
   16c56: b3 97 d7 00  	sll	a5, a5, a3
   16c5a: 5d 8d        	or	a0, a0, a5
   16c5c: 23 b4 a9 00  	sd	a0, 0x8(s3)
   16c60: 75 b5        	j	0x16b0c <_malloc_r+0x3c6>
   16c62: b3 0b 4b 01  	add	s7, s6, s4
   16c66: b3 0b 70 41  	neg	s7, s7
   16c6a: d2 1b        	slli	s7, s7, 0x34
   16c6c: 93 db 4b 03  	srli	s7, s7, 0x34
   16c70: de 85        	mv	a1, s7
   16c72: 4a 85        	mv	a0, s2
   16c74: ef 10 40 79  	jal	0x18408 <_sbrk_r>
   16c78: fd 57        	li	a5, -0x1
   16c7a: 81 46        	li	a3, 0x0
   16c7c: e3 10 f5 d6  	bne	a0, a5, 0x169dc <_malloc_r+0x296>
   16c80: a5 b3        	j	0x169e8 <_malloc_r+0x2a2>
   16c82: a2 6c        	ld	s9, 0x8(sp)
   16c84: 85 47        	li	a5, 0x1
   16c86: 23 34 fb 00  	sd	a5, 0x8(s6)
   16c8a: 4a 85        	mv	a0, s2
   16c8c: ef 00 40 35  	jal	0x16fe0 <__malloc_unlock>
   16c90: 42 7a        	ld	s4, 0x30(sp)
   16c92: a2 7a        	ld	s5, 0x28(sp)
   16c94: 02 7b        	ld	s6, 0x20(sp)
   16c96: e2 6b        	ld	s7, 0x18(sp)
   16c98: 42 6c        	ld	s8, 0x10(sp)
   16c9a: 9d b1        	j	0x16900 <_malloc_r+0x1ba>
   16c9c: 93 06 40 05  	li	a3, 0x54
   16ca0: 63 eb e6 06  	bltu	a3, a4, 0x16d16 <_malloc_r+0x5d0>
   16ca4: 13 d7 c7 00  	srli	a4, a5, 0xc
   16ca8: 1b 06 f7 06  	addiw	a2, a4, 0x6f
   16cac: 1b 16 16 00  	slliw	a2, a2, 0x1
   16cb0: 0e 06        	slli	a2, a2, 0x3
   16cb2: 9b 06 e7 06  	addiw	a3, a4, 0x6e
   16cb6: 2d bd        	j	0x16af0 <_malloc_r+0x3aa>
   16cb8: 13 07 40 15  	li	a4, 0x154
   16cbc: 63 6b f7 06  	bltu	a4, a5, 0x16d32 <_malloc_r+0x5ec>
   16cc0: 93 d7 f4 00  	srli	a5, s1, 0xf
   16cc4: 9b 85 87 07  	addiw	a1, a5, 0x78
   16cc8: 1b 96 15 00  	slliw	a2, a1, 0x1
   16ccc: 1b 88 77 07  	addiw	a6, a5, 0x77
   16cd0: 0e 06        	slli	a2, a2, 0x3
   16cd2: 05 b6        	j	0x167f2 <_malloc_r+0xac>
   16cd4: 97 a6 00 00  	auipc	a3, 0xa
   16cd8: 83 a6 c6 5d  	lw	a3, 0x5dc(a3)
   16cdc: 97 ac 00 00  	auipc	s9, 0xa
   16ce0: 93 8c 4c 5d  	addi	s9, s9, 0x5d4
   16ce4: bb 86 46 01  	addw	a3, a3, s4
   16ce8: 23 a0 dc 00  	sw	a3, 0x0(s9)
   16cec: 75 b1        	j	0x16998 <_malloc_r+0x252>
   16cee: 03 b4 09 01  	ld	s0, 0x10(s3)
   16cf2: 1c 64        	ld	a5, 0x8(s0)
   16cf4: 8d b3        	j	0x16a56 <_malloc_r+0x310>
   16cf6: 93 17 45 03  	slli	a5, a0, 0x34
   16cfa: e3 9f 07 c8  	bnez	a5, 0x16998 <_malloc_r+0x252>
   16cfe: 03 bb 09 01  	ld	s6, 0x10(s3)
   16d02: b3 87 4a 01  	add	a5, s5, s4
   16d06: 93 e7 17 00  	ori	a5, a5, 0x1
   16d0a: 23 34 fb 00  	sd	a5, 0x8(s6)
   16d0e: 39 bb        	j	0x16a2c <_malloc_r+0x2e6>
   16d10: 23 30 6c 01  	sd	s6, 0x0(s8)
   16d14: 61 b9        	j	0x169ac <_malloc_r+0x266>
   16d16: 93 06 40 15  	li	a3, 0x154
   16d1a: 63 e0 e6 04  	bltu	a3, a4, 0x16d5a <_malloc_r+0x614>
   16d1e: 13 d7 f7 00  	srli	a4, a5, 0xf
   16d22: 1b 06 87 07  	addiw	a2, a4, 0x78
   16d26: 1b 16 16 00  	slliw	a2, a2, 0x1
   16d2a: 0e 06        	slli	a2, a2, 0x3
   16d2c: 9b 06 77 07  	addiw	a3, a4, 0x77
   16d30: c1 b3        	j	0x16af0 <_malloc_r+0x3aa>
   16d32: 13 07 40 55  	li	a4, 0x554
   16d36: 63 60 f7 04  	bltu	a4, a5, 0x16d76 <_malloc_r+0x630>
   16d3a: 93 d7 24 01  	srli	a5, s1, 0x12
   16d3e: 9b 85 d7 07  	addiw	a1, a5, 0x7d
   16d42: 1b 96 15 00  	slliw	a2, a1, 0x1
   16d46: 1b 88 c7 07  	addiw	a6, a5, 0x7c
   16d4a: 0e 06        	slli	a2, a2, 0x3
   16d4c: 5d b4        	j	0x167f2 <_malloc_r+0xac>
   16d4e: 41 1c        	addi	s8, s8, -0x10
   16d50: 62 9a        	add	s4, s4, s8
   16d52: 33 0a 6a 41  	sub	s4, s4, s6
   16d56: 81 46        	li	a3, 0x0
   16d58: 41 b9        	j	0x169e8 <_malloc_r+0x2a2>
   16d5a: 93 06 40 55  	li	a3, 0x554
   16d5e: 63 e3 e6 02  	bltu	a3, a4, 0x16d84 <_malloc_r+0x63e>
   16d62: 13 d7 27 01  	srli	a4, a5, 0x12
   16d66: 1b 06 d7 07  	addiw	a2, a4, 0x7d
   16d6a: 1b 16 16 00  	slliw	a2, a2, 0x1
   16d6e: 0e 06        	slli	a2, a2, 0x3
   16d70: 9b 06 c7 07  	addiw	a3, a4, 0x7c
   16d74: b5 bb        	j	0x16af0 <_malloc_r+0x3aa>
   16d76: 13 06 00 7f  	li	a2, 0x7f0
   16d7a: 93 05 f0 07  	li	a1, 0x7f
   16d7e: 13 08 e0 07  	li	a6, 0x7e
   16d82: 85 bc        	j	0x167f2 <_malloc_r+0xac>
   16d84: 13 06 00 7f  	li	a2, 0x7f0
   16d88: 93 06 e0 07  	li	a3, 0x7e
   16d8c: 95 b3        	j	0x16af0 <_malloc_r+0x3aa>
   16d8e: 83 b7 89 00  	ld	a5, 0x8(s3)
   16d92: 49 b5        	j	0x16c14 <_malloc_r+0x4ce>

0000000000016d94 <memchr>:
   16d94: 13 77 75 00  	andi	a4, a0, 0x7
   16d98: aa 87        	mv	a5, a0
   16d9a: 93 f8 f5 0f  	andi	a7, a1, 0xff
   16d9e: 2a 83        	mv	t1, a0
   16da0: 0d c7        	beqz	a4, 0x16dca <memchr+0x36>
   16da2: 33 08 c5 00  	add	a6, a0, a2
   16da6: 39 a0        	j	0x16db4 <memchr+0x20>
   16da8: 83 c6 07 00  	lbu	a3, 0x0(a5)
   16dac: 63 82 16 09  	beq	a3, a7, 0x16e30 <memchr+0x9c>
   16db0: 11 cb        	beqz	a4, 0x16dc4 <memchr+0x30>
   16db2: aa 87        	mv	a5, a0
   16db4: 13 85 17 00  	addi	a0, a5, 0x1
   16db8: 13 77 75 00  	andi	a4, a0, 0x7
   16dbc: e3 16 f8 fe  	bne	a6, a5, 0x16da8 <memchr+0x14>
   16dc0: 01 45        	li	a0, 0x0
   16dc2: 82 80        	ret
   16dc4: 7d 16        	addi	a2, a2, -0x1
   16dc6: 1a 96        	add	a2, a2, t1
   16dc8: 1d 8e        	sub	a2, a2, a5
   16dca: 9d 47        	li	a5, 0x7
   16dcc: 63 f7 c7 04  	bgeu	a5, a2, 0x16e1a <memchr+0x86>
   16dd0: 93 f5 f5 0f  	andi	a1, a1, 0xff
   16dd4: 1b 97 85 00  	slliw	a4, a1, 0x8
   16dd8: ba 95        	add	a1, a1, a4
   16dda: 93 96 05 01  	slli	a3, a1, 0x10
   16dde: 37 07 ff fe  	lui	a4, 0xfeff0
   16de2: ae 96        	add	a3, a3, a1
   16de4: 13 07 f7 ef  	addi	a4, a4, -0x101
   16de8: 17 a3 00 00  	auipc	t1, 0xa
   16dec: 03 33 03 35  	ld	t1, 0x350(t1)
   16df0: 13 9e 06 02  	slli	t3, a3, 0x20
   16df4: 13 18 07 02  	slli	a6, a4, 0x20
   16df8: be 85        	mv	a1, a5
   16dfa: f2 96        	add	a3, a3, t3
   16dfc: 3a 98        	add	a6, a6, a4
   16dfe: 1c 61        	ld	a5, 0x0(a0)
   16e00: b5 8f        	xor	a5, a5, a3
   16e02: 33 87 07 01  	add	a4, a5, a6
   16e06: 93 c7 f7 ff  	not	a5, a5
   16e0a: f9 8f        	and	a5, a5, a4
   16e0c: b3 f7 67 00  	and	a5, a5, t1
   16e10: 91 e7        	bnez	a5, 0x16e1c <memchr+0x88>
   16e12: 61 16        	addi	a2, a2, -0x8
   16e14: 21 05        	addi	a0, a0, 0x8
   16e16: e3 e4 c5 fe  	bltu	a1, a2, 0x16dfe <memchr+0x6a>
   16e1a: 5d d2        	beqz	a2, 0x16dc0 <memchr+0x2c>
   16e1c: 2a 96        	add	a2, a2, a0
   16e1e: 21 a0        	j	0x16e26 <memchr+0x92>
   16e20: 05 05        	addi	a0, a0, 0x1
   16e22: e3 0f c5 f8  	beq	a0, a2, 0x16dc0 <memchr+0x2c>
   16e26: 83 47 05 00  	lbu	a5, 0x0(a0)
   16e2a: e3 9b 17 ff  	bne	a5, a7, 0x16e20 <memchr+0x8c>
   16e2e: 82 80        	ret
   16e30: 3e 85        	mv	a0, a5
   16e32: 82 80        	ret

0000000000016e34 <memcpy>:
   16e34: 93 36 86 00  	sltiu	a3, a2, 0x8
   16e38: aa 82        	mv	t0, a0
   16e3a: 33 03 c5 00  	add	t1, a0, a2
   16e3e: b5 ee        	bnez	a3, 0x16eba <memcpy+0x86>
   16e40: b3 46 b5 00  	xor	a3, a0, a1
   16e44: 9d 8a        	andi	a3, a3, 0x7
   16e46: b5 ea        	bnez	a3, 0x16eba <memcpy+0x86>
   16e48: 93 76 75 00  	andi	a3, a0, 0x7
   16e4c: a1 43        	li	t2, 0x8
   16e4e: c9 e2        	bnez	a3, 0x16ed0 <memcpy+0x9c>
   16e50: 93 73 83 ff  	andi	t2, t1, -0x8
   16e54: 13 83 03 fc  	addi	t1, t2, -0x40
   16e58: 63 62 a3 04  	bltu	t1, a0, 0x16e9c <memcpy+0x68>
   16e5c: 13 76 f6 03  	andi	a2, a2, 0x3f
   16e60: 98 61        	ld	a4, 0x0(a1)
   16e62: 18 e1        	sd	a4, 0x0(a0)
   16e64: 9c 65        	ld	a5, 0x8(a1)
   16e66: 1c e5        	sd	a5, 0x8(a0)
   16e68: 03 b8 05 01  	ld	a6, 0x10(a1)
   16e6c: 23 38 05 01  	sd	a6, 0x10(a0)
   16e70: 83 b8 85 01  	ld	a7, 0x18(a1)
   16e74: 23 3c 15 01  	sd	a7, 0x18(a0)
   16e78: 98 71        	ld	a4, 0x20(a1)
   16e7a: 18 f1        	sd	a4, 0x20(a0)
   16e7c: 9c 75        	ld	a5, 0x28(a1)
   16e7e: 1c f5        	sd	a5, 0x28(a0)
   16e80: 03 b8 05 03  	ld	a6, 0x30(a1)
   16e84: 23 38 05 03  	sd	a6, 0x30(a0)
   16e88: 83 b8 85 03  	ld	a7, 0x38(a1)
   16e8c: 93 85 05 04  	addi	a1, a1, 0x40
   16e90: 23 3c 15 03  	sd	a7, 0x38(a0)
   16e94: 13 05 05 04  	addi	a0, a0, 0x40
   16e98: e3 74 a3 fc  	bgeu	t1, a0, 0x16e60 <memcpy+0x2c>
   16e9c: 93 73 83 ff  	andi	t2, t1, -0x8
   16ea0: 13 83 83 ff  	addi	t1, t2, -0x8
   16ea4: 63 69 a3 00  	bltu	t1, a0, 0x16eb6 <memcpy+0x82>
   16ea8: 0d 8a        	andi	a2, a2, 0x3
   16eaa: 98 41        	lw	a4, 0x0(a1)
   16eac: 91 05        	addi	a1, a1, 0x4
   16eae: 18 c1        	sw	a4, 0x0(a0)
   16eb0: 11 05        	addi	a0, a0, 0x4
   16eb2: e3 7c a3 fe  	bgeu	t1, a0, 0x16eaa <memcpy+0x76>
   16eb6: 33 03 c5 00  	add	t1, a0, a2
   16eba: 09 ca        	beqz	a2, 0x16ecc <memcpy+0x98>
   16ebc: 03 87 05 00  	lb	a4, 0x0(a1)
   16ec0: 85 05        	addi	a1, a1, 0x1
   16ec2: 23 00 e5 00  	sb	a4, 0x0(a0)
   16ec6: 05 05        	addi	a0, a0, 0x1
   16ec8: e3 6a 65 fe  	bltu	a0, t1, 0x16ebc <memcpy+0x88>
   16ecc: 16 85        	mv	a0, t0
   16ece: 82 80        	ret
   16ed0: b3 86 d3 40  	sub	a3, t2, a3
   16ed4: b6 83        	mv	t2, a3
   16ed6: 03 87 05 00  	lb	a4, 0x0(a1)
   16eda: 85 05        	addi	a1, a1, 0x1
   16edc: fd 16        	addi	a3, a3, -0x1
   16ede: 23 00 e5 00  	sb	a4, 0x0(a0)
   16ee2: 05 05        	addi	a0, a0, 0x1
   16ee4: ed fa        	bnez	a3, 0x16ed6 <memcpy+0xa2>
   16ee6: 33 06 76 40  	sub	a2, a2, t2
   16eea: 93 36 26 00  	sltiu	a3, a2, 0x2
   16eee: f1 f6        	bnez	a3, 0x16eba <memcpy+0x86>
   16ef0: 85 b7        	j	0x16e50 <memcpy+0x1c>

0000000000016ef2 <memmove>:
   16ef2: 63 f2 a5 02  	bgeu	a1, a0, 0x16f16 <memmove+0x24>
   16ef6: 33 87 c5 00  	add	a4, a1, a2
   16efa: 63 7e e5 00  	bgeu	a0, a4, 0x16f16 <memmove+0x24>
   16efe: b3 07 c5 00  	add	a5, a0, a2
   16f02: 1d ca        	beqz	a2, 0x16f38 <memmove+0x46>
   16f04: 83 46 f7 ff  	lbu	a3, -0x1(a4)
   16f08: fd 17        	addi	a5, a5, -0x1
   16f0a: 7d 17        	addi	a4, a4, -0x1
   16f0c: 23 80 d7 00  	sb	a3, 0x0(a5)
   16f10: e3 1a f5 fe  	bne	a0, a5, 0x16f04 <memmove+0x12>
   16f14: 82 80        	ret
   16f16: fd 47        	li	a5, 0x1f
   16f18: 63 e1 c7 02  	bltu	a5, a2, 0x16f3a <memmove+0x48>
   16f1c: aa 87        	mv	a5, a0
   16f1e: 93 06 f6 ff  	addi	a3, a2, -0x1
   16f22: 45 ca        	beqz	a2, 0x16fd2 <memmove+0xe0>
   16f24: 85 06        	addi	a3, a3, 0x1
   16f26: be 96        	add	a3, a3, a5
   16f28: 03 c7 05 00  	lbu	a4, 0x0(a1)
   16f2c: 85 07        	addi	a5, a5, 0x1
   16f2e: 85 05        	addi	a1, a1, 0x1
   16f30: a3 8f e7 fe  	sb	a4, -0x1(a5)
   16f34: e3 9a d7 fe  	bne	a5, a3, 0x16f28 <memmove+0x36>
   16f38: 82 80        	ret
   16f3a: b3 67 b5 00  	or	a5, a0, a1
   16f3e: 9d 8b        	andi	a5, a5, 0x7
   16f40: ae 88        	mv	a7, a1
   16f42: c1 e7        	bnez	a5, 0x16fca <memmove+0xd8>
   16f44: 93 07 06 fe  	addi	a5, a2, -0x20
   16f48: 13 f8 07 fe  	andi	a6, a5, -0x20
   16f4c: 13 08 08 02  	addi	a6, a6, 0x20
   16f50: 2a 98        	add	a6, a6, a0
   16f52: 2a 87        	mv	a4, a0
   16f54: 94 61        	ld	a3, 0x0(a1)
   16f56: 93 85 05 02  	addi	a1, a1, 0x20
   16f5a: 13 07 07 02  	addi	a4, a4, 0x20
   16f5e: 23 30 d7 fe  	sd	a3, -0x20(a4)
   16f62: 83 b6 85 fe  	ld	a3, -0x18(a1)
   16f66: 23 34 d7 fe  	sd	a3, -0x18(a4)
   16f6a: 83 b6 05 ff  	ld	a3, -0x10(a1)
   16f6e: 23 38 d7 fe  	sd	a3, -0x10(a4)
   16f72: 83 b6 85 ff  	ld	a3, -0x8(a1)
   16f76: 23 3c d7 fe  	sd	a3, -0x8(a4)
   16f7a: e3 1d 07 fd  	bne	a4, a6, 0x16f54 <memmove+0x62>
   16f7e: 81 9b        	andi	a5, a5, -0x20
   16f80: 33 87 17 01  	add	a4, a5, a7
   16f84: 93 05 07 02  	addi	a1, a4, 0x20
   16f88: aa 97        	add	a5, a5, a0
   16f8a: 13 78 86 01  	andi	a6, a2, 0x18
   16f8e: 93 87 07 02  	addi	a5, a5, 0x20
   16f92: 2e 8e        	mv	t3, a1
   16f94: 93 76 f6 01  	andi	a3, a2, 0x1f
   16f98: 63 0e 08 02  	beqz	a6, 0x16fd4 <memmove+0xe2>
   16f9c: e1 16        	addi	a3, a3, -0x8
   16f9e: e1 9a        	andi	a3, a3, -0x8
   16fa0: 36 97        	add	a4, a4, a3
   16fa2: 13 07 87 02  	addi	a4, a4, 0x28
   16fa6: 33 08 15 41  	sub	a6, a0, a7
   16faa: 03 b3 05 00  	ld	t1, 0x0(a1)
   16fae: b3 88 05 01  	add	a7, a1, a6
   16fb2: a1 05        	addi	a1, a1, 0x8
   16fb4: 23 b0 68 00  	sd	t1, 0x0(a7)
   16fb8: e3 99 e5 fe  	bne	a1, a4, 0x16faa <memmove+0xb8>
   16fbc: 13 87 86 00  	addi	a4, a3, 0x8
   16fc0: b3 05 c7 01  	add	a1, a4, t3
   16fc4: ba 97        	add	a5, a5, a4
   16fc6: 1d 8a        	andi	a2, a2, 0x7
   16fc8: 99 bf        	j	0x16f1e <memmove+0x2c>
   16fca: 93 06 f6 ff  	addi	a3, a2, -0x1
   16fce: aa 87        	mv	a5, a0
   16fd0: 91 bf        	j	0x16f24 <memmove+0x32>
   16fd2: 82 80        	ret
   16fd4: 36 86        	mv	a2, a3
   16fd6: a1 b7        	j	0x16f1e <memmove+0x2c>

0000000000016fd8 <__malloc_lock>:
   16fd8: 13 85 81 74  	addi	a0, gp, 0x748
   16fdc: 6f f0 2f dc  	j	0x1659e <__retarget_lock_acquire_recursive>

0000000000016fe0 <__malloc_unlock>:
   16fe0: 13 85 81 74  	addi	a0, gp, 0x748
   16fe4: 6f f0 6f dc  	j	0x165aa <__retarget_lock_release_recursive>

0000000000016fe8 <_Balloc>:
   16fe8: 3c 7d        	ld	a5, 0x78(a0)
   16fea: 01 11        	addi	sp, sp, -0x20
   16fec: 22 e8        	sd	s0, 0x10(sp)
   16fee: 26 e4        	sd	s1, 0x8(sp)
   16ff0: 06 ec        	sd	ra, 0x18(sp)
   16ff2: 2a 84        	mv	s0, a0
   16ff4: ae 84        	mv	s1, a1
   16ff6: 99 cf        	beqz	a5, 0x17014 <_Balloc+0x2c>
   16ff8: 13 97 34 00  	slli	a4, s1, 0x3
   16ffc: ba 97        	add	a5, a5, a4
   16ffe: 88 63        	ld	a0, 0x0(a5)
   17000: 05 c5        	beqz	a0, 0x17028 <_Balloc+0x40>
   17002: 18 61        	ld	a4, 0x0(a0)
   17004: 98 e3        	sd	a4, 0x0(a5)
   17006: 23 38 05 00  	sd	zero, 0x10(a0)
   1700a: e2 60        	ld	ra, 0x18(sp)
   1700c: 42 64        	ld	s0, 0x10(sp)
   1700e: a2 64        	ld	s1, 0x8(sp)
   17010: 05 61        	addi	sp, sp, 0x20
   17012: 82 80        	ret
   17014: 13 06 10 04  	li	a2, 0x41
   17018: a1 45        	li	a1, 0x8
   1701a: ef 40 10 2c  	jal	0x1bada <_calloc_r>
   1701e: 28 fc        	sd	a0, 0x78(s0)
   17020: aa 87        	mv	a5, a0
   17022: 79 f9        	bnez	a0, 0x16ff8 <_Balloc+0x10>
   17024: 01 45        	li	a0, 0x0
   17026: d5 b7        	j	0x1700a <_Balloc+0x22>
   17028: 4a e0        	sd	s2, 0x0(sp)
   1702a: 05 49        	li	s2, 0x1
   1702c: 3b 19 99 00  	sllw	s2, s2, s1
   17030: 13 06 79 00  	addi	a2, s2, 0x7
   17034: 22 85        	mv	a0, s0
   17036: 0a 06        	slli	a2, a2, 0x2
   17038: 85 45        	li	a1, 0x1
   1703a: ef 40 10 2a  	jal	0x1bada <_calloc_r>
   1703e: 11 c5        	beqz	a0, 0x1704a <_Balloc+0x62>
   17040: 23 26 25 01  	sw	s2, 0xc(a0)
   17044: 04 c5        	sw	s1, 0x8(a0)
   17046: 02 69        	ld	s2, 0x0(sp)
   17048: 7d bf        	j	0x17006 <_Balloc+0x1e>
   1704a: 02 69        	ld	s2, 0x0(sp)
   1704c: 01 45        	li	a0, 0x0
   1704e: 75 bf        	j	0x1700a <_Balloc+0x22>

0000000000017050 <_Bfree>:
   17050: 81 c9        	beqz	a1, 0x17060 <_Bfree+0x10>
   17052: 98 45        	lw	a4, 0x8(a1)
   17054: 3c 7d        	ld	a5, 0x78(a0)
   17056: 0e 07        	slli	a4, a4, 0x3
   17058: ba 97        	add	a5, a5, a4
   1705a: 98 63        	ld	a4, 0x0(a5)
   1705c: 98 e1        	sd	a4, 0x0(a1)
   1705e: 8c e3        	sd	a1, 0x0(a5)
   17060: 82 80        	ret

0000000000017062 <__multadd>:
   17062: 79 71        	addi	sp, sp, -0x30
   17064: 26 ec        	sd	s1, 0x18(sp)
   17066: c4 49        	lw	s1, 0x14(a1)
   17068: 22 f0        	sd	s0, 0x20(sp)
   1706a: 4a e8        	sd	s2, 0x10(sp)
   1706c: 4e e4        	sd	s3, 0x8(sp)
   1706e: 06 f4        	sd	ra, 0x28(sp)
   17070: 2e 89        	mv	s2, a1
   17072: aa 89        	mv	s3, a0
   17074: 36 84        	mv	s0, a3
   17076: 13 88 85 01  	addi	a6, a1, 0x18
   1707a: 81 48        	li	a7, 0x0
   1707c: 83 27 08 00  	lw	a5, 0x0(a6)
   17080: 11 08        	addi	a6, a6, 0x4
   17082: 85 28        	addiw	a7, a7, 0x1
   17084: 93 96 07 03  	slli	a3, a5, 0x30
   17088: c1 92        	srli	a3, a3, 0x30
   1708a: bb 86 c6 02  	mulw	a3, a3, a2
   1708e: 9b d7 07 01  	srliw	a5, a5, 0x10
   17092: bb 87 c7 02  	mulw	a5, a5, a2
   17096: a1 9e        	addw	a3, a3, s0
   17098: 1b d7 06 01  	srliw	a4, a3, 0x10
   1709c: c2 16        	slli	a3, a3, 0x30
   1709e: c1 92        	srli	a3, a3, 0x30
   170a0: b9 9f        	addw	a5, a5, a4
   170a2: 1b 97 07 01  	slliw	a4, a5, 0x10
   170a6: 35 9f        	addw	a4, a4, a3
   170a8: 23 2e e8 fe  	sw	a4, -0x4(a6)
   170ac: 1b d4 07 01  	srliw	s0, a5, 0x10
   170b0: e3 c6 98 fc  	blt	a7, s1, 0x1707c <__multadd+0x1a>
   170b4: 09 cc        	beqz	s0, 0x170ce <__multadd+0x6c>
   170b6: 83 27 c9 00  	lw	a5, 0xc(s2)
   170ba: 63 d2 f4 02  	bge	s1, a5, 0x170de <__multadd+0x7c>
   170be: 13 97 24 00  	slli	a4, s1, 0x2
   170c2: 4a 97        	add	a4, a4, s2
   170c4: 00 cf        	sw	s0, 0x18(a4)
   170c6: 9b 87 14 00  	addiw	a5, s1, 0x1
   170ca: 23 2a f9 00  	sw	a5, 0x14(s2)
   170ce: a2 70        	ld	ra, 0x28(sp)
   170d0: 02 74        	ld	s0, 0x20(sp)
   170d2: e2 64        	ld	s1, 0x18(sp)
   170d4: a2 69        	ld	s3, 0x8(sp)
   170d6: 4a 85        	mv	a0, s2
   170d8: 42 69        	ld	s2, 0x10(sp)
   170da: 45 61        	addi	sp, sp, 0x30
   170dc: 82 80        	ret
   170de: 83 25 89 00  	lw	a1, 0x8(s2)
   170e2: 4e 85        	mv	a0, s3
   170e4: 52 e0        	sd	s4, 0x0(sp)
   170e6: 85 25        	addiw	a1, a1, 0x1
   170e8: ef f0 1f f0  	jal	0x16fe8 <_Balloc>
   170ec: 2a 8a        	mv	s4, a0
   170ee: 21 c1        	beqz	a0, 0x1712e <__multadd+0xcc>
   170f0: 03 26 49 01  	lw	a2, 0x14(s2)
   170f4: 93 05 09 01  	addi	a1, s2, 0x10
   170f8: 41 05        	addi	a0, a0, 0x10
   170fa: 09 06        	addi	a2, a2, 0x2
   170fc: 0a 06        	slli	a2, a2, 0x2
   170fe: ef f0 7f d3  	jal	0x16e34 <memcpy>
   17102: 03 27 89 00  	lw	a4, 0x8(s2)
   17106: 83 b7 89 07  	ld	a5, 0x78(s3)
   1710a: 0e 07        	slli	a4, a4, 0x3
   1710c: ba 97        	add	a5, a5, a4
   1710e: 98 63        	ld	a4, 0x0(a5)
   17110: 23 30 e9 00  	sd	a4, 0x0(s2)
   17114: 23 b0 27 01  	sd	s2, 0x0(a5)
   17118: 13 97 24 00  	slli	a4, s1, 0x2
   1711c: 52 89        	mv	s2, s4
   1711e: 4a 97        	add	a4, a4, s2
   17120: 02 6a        	ld	s4, 0x0(sp)
   17122: 9b 87 14 00  	addiw	a5, s1, 0x1
   17126: 00 cf        	sw	s0, 0x18(a4)
   17128: 23 2a f9 00  	sw	a5, 0x14(s2)
   1712c: 4d b7        	j	0x170ce <__multadd+0x6c>
   1712e: 97 86 00 00  	auipc	a3, 0x8
   17132: 93 86 26 f8  	addi	a3, a3, -0x7e
   17136: 01 46        	li	a2, 0x0
   17138: 93 05 50 0b  	li	a1, 0xb5
   1713c: 17 85 00 00  	auipc	a0, 0x8
   17140: 13 05 c5 f8  	addi	a0, a0, -0x74
   17144: ef 40 10 15  	jal	0x1ba94 <__assert_func>

0000000000017148 <__s2b>:
   17148: 39 71        	addi	sp, sp, -0x40
   1714a: 4e ec        	sd	s3, 0x18(sp)
   1714c: b6 89        	mv	s3, a3
   1714e: b7 96 e3 38  	lui	a3, 0x38e39
   17152: 9b 87 89 00  	addiw	a5, s3, 0x8
   17156: 93 86 96 e3  	addi	a3, a3, -0x1c7
   1715a: b3 86 d7 02  	mul	a3, a5, a3
   1715e: 22 f8        	sd	s0, 0x30(sp)
   17160: 26 f4        	sd	s1, 0x28(sp)
   17162: 4a f0        	sd	s2, 0x20(sp)
   17164: 52 e8        	sd	s4, 0x10(sp)
   17166: 2e 84        	mv	s0, a1
   17168: 9b d7 f7 41  	sraiw	a5, a5, 0x1f
   1716c: 06 fc        	sd	ra, 0x38(sp)
   1716e: a5 45        	li	a1, 0x9
   17170: 2a 89        	mv	s2, a0
   17172: 85 96        	srai	a3, a3, 0x21
   17174: 32 8a        	mv	s4, a2
   17176: ba 84        	mv	s1, a4
   17178: 9d 9e        	subw	a3, a3, a5
   1717a: 63 d2 35 0b  	bge	a1, s3, 0x1721e <__s2b+0xd6>
   1717e: 85 47        	li	a5, 0x1
   17180: 81 45        	li	a1, 0x0
   17182: 9b 97 17 00  	slliw	a5, a5, 0x1
   17186: 85 25        	addiw	a1, a1, 0x1
   17188: e3 cd d7 fe  	blt	a5, a3, 0x17182 <__s2b+0x3a>
   1718c: 4a 85        	mv	a0, s2
   1718e: ef f0 bf e5  	jal	0x16fe8 <_Balloc>
   17192: aa 85        	mv	a1, a0
   17194: 59 c5        	beqz	a0, 0x17222 <__s2b+0xda>
   17196: 85 47        	li	a5, 0x1
   17198: 5c c9        	sw	a5, 0x14(a0)
   1719a: 04 cd        	sw	s1, 0x18(a0)
   1719c: a5 47        	li	a5, 0x9
   1719e: 63 dd 47 07  	bge	a5, s4, 0x17218 <__s2b+0xd0>
   171a2: 56 e4        	sd	s5, 0x8(sp)
   171a4: 93 17 0a 02  	slli	a5, s4, 0x20
   171a8: 9b 0a 6a ff  	addiw	s5, s4, -0xa
   171ac: 5a e0        	sd	s6, 0x0(sp)
   171ae: 81 93        	srli	a5, a5, 0x20
   171b0: 13 0b 94 00  	addi	s6, s0, 0x9
   171b4: 82 1a        	slli	s5, s5, 0x20
   171b6: 93 da 0a 02  	srli	s5, s5, 0x20
   171ba: 3e 94        	add	s0, s0, a5
   171bc: da 84        	mv	s1, s6
   171be: 83 c6 04 00  	lbu	a3, 0x0(s1)
   171c2: 29 46        	li	a2, 0xa
   171c4: 4a 85        	mv	a0, s2
   171c6: 9b 86 06 fd  	addiw	a3, a3, -0x30
   171ca: 85 04        	addi	s1, s1, 0x1
   171cc: ef f0 7f e9  	jal	0x17062 <__multadd>
   171d0: aa 85        	mv	a1, a0
   171d2: e3 96 84 fe  	bne	s1, s0, 0x171be <__s2b+0x76>
   171d6: 56 9b        	add	s6, s6, s5
   171d8: 13 04 2b 00  	addi	s0, s6, 0x2
   171dc: a2 6a        	ld	s5, 0x8(sp)
   171de: 02 6b        	ld	s6, 0x0(sp)
   171e0: 63 53 3a 03  	bge	s4, s3, 0x17206 <__s2b+0xbe>
   171e4: bb 84 49 41  	subw	s1, s3, s4
   171e8: 82 14        	slli	s1, s1, 0x20
   171ea: 81 90        	srli	s1, s1, 0x20
   171ec: a2 94        	add	s1, s1, s0
   171ee: 83 46 04 00  	lbu	a3, 0x0(s0)
   171f2: 29 46        	li	a2, 0xa
   171f4: 4a 85        	mv	a0, s2
   171f6: 9b 86 06 fd  	addiw	a3, a3, -0x30
   171fa: 05 04        	addi	s0, s0, 0x1
   171fc: ef f0 7f e6  	jal	0x17062 <__multadd>
   17200: aa 85        	mv	a1, a0
   17202: e3 16 94 fe  	bne	s0, s1, 0x171ee <__s2b+0xa6>
   17206: e2 70        	ld	ra, 0x38(sp)
   17208: 42 74        	ld	s0, 0x30(sp)
   1720a: a2 74        	ld	s1, 0x28(sp)
   1720c: 02 79        	ld	s2, 0x20(sp)
   1720e: e2 69        	ld	s3, 0x18(sp)
   17210: 42 6a        	ld	s4, 0x10(sp)
   17212: 2e 85        	mv	a0, a1
   17214: 21 61        	addi	sp, sp, 0x40
   17216: 82 80        	ret
   17218: 29 04        	addi	s0, s0, 0xa
   1721a: 3e 8a        	mv	s4, a5
   1721c: d1 b7        	j	0x171e0 <__s2b+0x98>
   1721e: 81 45        	li	a1, 0x0
   17220: b5 b7        	j	0x1718c <__s2b+0x44>
   17222: 97 86 00 00  	auipc	a3, 0x8
   17226: 93 86 e6 e8  	addi	a3, a3, -0x172
   1722a: 01 46        	li	a2, 0x0
   1722c: 93 05 e0 0c  	li	a1, 0xce
   17230: 17 85 00 00  	auipc	a0, 0x8
   17234: 13 05 85 e9  	addi	a0, a0, -0x168
   17238: 56 e4        	sd	s5, 0x8(sp)
   1723a: 5a e0        	sd	s6, 0x0(sp)
   1723c: ef 40 90 05  	jal	0x1ba94 <__assert_func>

0000000000017240 <__hi0bits>:
   17240: aa 87        	mv	a5, a0
   17242: 41 67        	lui	a4, 0x10
   17244: 01 45        	li	a0, 0x0
   17246: 63 f5 e7 00  	bgeu	a5, a4, 0x17250 <__hi0bits+0x10>
   1724a: 9b 97 07 01  	slliw	a5, a5, 0x10
   1724e: 41 45        	li	a0, 0x10
   17250: 37 07 00 01  	lui	a4, 0x1000
   17254: 63 f5 e7 00  	bgeu	a5, a4, 0x1725e <__hi0bits+0x1e>
   17258: 21 25        	addiw	a0, a0, 0x8
   1725a: 9b 97 87 00  	slliw	a5, a5, 0x8
   1725e: 37 07 00 10  	lui	a4, 0x10000
   17262: 63 ec e7 00  	bltu	a5, a4, 0x1727a <__hi0bits+0x3a>
   17266: 37 07 00 40  	lui	a4, 0x40000
   1726a: 63 f8 e7 02  	bgeu	a5, a4, 0x1729a <__hi0bits+0x5a>
   1726e: 13 97 27 02  	slli	a4, a5, 0x22
   17272: 63 49 07 02  	bltz	a4, 0x172a4 <__hi0bits+0x64>
   17276: 0d 25        	addiw	a0, a0, 0x3
   17278: 82 80        	ret
   1727a: 1b 97 47 00  	slliw	a4, a5, 0x4
   1727e: b7 06 00 40  	lui	a3, 0x40000
   17282: 11 25        	addiw	a0, a0, 0x4
   17284: 63 7c d7 00  	bgeu	a4, a3, 0x1729c <__hi0bits+0x5c>
   17288: 9b 97 67 00  	slliw	a5, a5, 0x6
   1728c: 63 cc 07 00  	bltz	a5, 0x172a4 <__hi0bits+0x64>
   17290: f5 8f        	and	a5, a5, a3
   17292: f5 f3        	bnez	a5, 0x17276 <__hi0bits+0x36>
   17294: 13 05 00 02  	li	a0, 0x20
   17298: 82 80        	ret
   1729a: 3e 87        	mv	a4, a5
   1729c: e3 4e 07 fe  	bltz	a4, 0x17298 <__hi0bits+0x58>
   172a0: 05 25        	addiw	a0, a0, 0x1
   172a2: 82 80        	ret
   172a4: 09 25        	addiw	a0, a0, 0x2
   172a6: 82 80        	ret

00000000000172a8 <__lo0bits>:
   172a8: 1c 41        	lw	a5, 0x0(a0)
   172aa: 2a 87        	mv	a4, a0
   172ac: 93 f6 77 00  	andi	a3, a5, 0x7
   172b0: 3e 86        	mv	a2, a5
   172b2: 9d c2        	beqz	a3, 0x172d8 <__lo0bits+0x30>
   172b4: 93 f6 17 00  	andi	a3, a5, 0x1
   172b8: 01 45        	li	a0, 0x0
   172ba: 91 ee        	bnez	a3, 0x172d6 <__lo0bits+0x2e>
   172bc: 93 f6 27 00  	andi	a3, a5, 0x2
   172c0: d1 c2        	beqz	a3, 0x17344 <__lo0bits+0x9c>
   172c2: 9b d7 17 00  	srliw	a5, a5, 0x1
   172c6: 1c c3        	sw	a5, 0x0(a4)
   172c8: 05 45        	li	a0, 0x1
   172ca: 82 80        	ret
   172cc: 9b d7 37 00  	srliw	a5, a5, 0x3
   172d0: d9 e3        	bnez	a5, 0x17356 <__lo0bits+0xae>
   172d2: 13 05 00 02  	li	a0, 0x20
   172d6: 82 80        	ret
   172d8: 93 96 07 03  	slli	a3, a5, 0x30
   172dc: c1 92        	srli	a3, a3, 0x30
   172de: 85 ea        	bnez	a3, 0x1730e <__lo0bits+0x66>
   172e0: 9b d7 07 01  	srliw	a5, a5, 0x10
   172e4: 93 f6 f7 0f  	andi	a3, a5, 0xff
   172e8: 41 45        	li	a0, 0x10
   172ea: 81 e6        	bnez	a3, 0x172f2 <__lo0bits+0x4a>
   172ec: 61 45        	li	a0, 0x18
   172ee: 9b d7 87 00  	srliw	a5, a5, 0x8
   172f2: 93 f6 f7 00  	andi	a3, a5, 0xf
   172f6: 9d ce        	beqz	a3, 0x17334 <__lo0bits+0x8c>
   172f8: 93 f6 37 00  	andi	a3, a5, 0x3
   172fc: 85 c6        	beqz	a3, 0x17324 <__lo0bits+0x7c>
   172fe: 93 f6 17 00  	andi	a3, a5, 0x1
   17302: 81 e6        	bnez	a3, 0x1730a <__lo0bits+0x62>
   17304: 05 25        	addiw	a0, a0, 0x1
   17306: 9b d7 17 00  	srliw	a5, a5, 0x1
   1730a: 1c c3        	sw	a5, 0x0(a4)
   1730c: 82 80        	ret
   1730e: 93 f6 f7 0f  	andi	a3, a5, 0xff
   17312: 8d c6        	beqz	a3, 0x1733c <__lo0bits+0x94>
   17314: 3d 8a        	andi	a2, a2, 0xf
   17316: 05 ee        	bnez	a2, 0x1734e <__lo0bits+0xa6>
   17318: 11 45        	li	a0, 0x4
   1731a: 9b d7 47 00  	srliw	a5, a5, 0x4
   1731e: 93 f6 37 00  	andi	a3, a5, 0x3
   17322: f1 fe        	bnez	a3, 0x172fe <__lo0bits+0x56>
   17324: 9b d6 27 00  	srliw	a3, a5, 0x2
   17328: 13 f6 16 00  	andi	a2, a3, 0x1
   1732c: 45 d2        	beqz	a2, 0x172cc <__lo0bits+0x24>
   1732e: 09 25        	addiw	a0, a0, 0x2
   17330: b6 87        	mv	a5, a3
   17332: e1 bf        	j	0x1730a <__lo0bits+0x62>
   17334: 11 25        	addiw	a0, a0, 0x4
   17336: 9b d7 47 00  	srliw	a5, a5, 0x4
   1733a: d5 b7        	j	0x1731e <__lo0bits+0x76>
   1733c: 21 45        	li	a0, 0x8
   1733e: 9b d7 87 00  	srliw	a5, a5, 0x8
   17342: 45 bf        	j	0x172f2 <__lo0bits+0x4a>
   17344: 9b d7 27 00  	srliw	a5, a5, 0x2
   17348: 1c c3        	sw	a5, 0x0(a4)
   1734a: 09 45        	li	a0, 0x2
   1734c: 82 80        	ret
   1734e: 9b d7 37 00  	srliw	a5, a5, 0x3
   17352: 0d 45        	li	a0, 0x3
   17354: 5d bf        	j	0x1730a <__lo0bits+0x62>
   17356: 0d 25        	addiw	a0, a0, 0x3
   17358: 4d bf        	j	0x1730a <__lo0bits+0x62>

000000000001735a <__i2b>:
   1735a: 3c 7d        	ld	a5, 0x78(a0)
   1735c: 01 11        	addi	sp, sp, -0x20
   1735e: 22 e8        	sd	s0, 0x10(sp)
   17360: 26 e4        	sd	s1, 0x8(sp)
   17362: 06 ec        	sd	ra, 0x18(sp)
   17364: 2a 84        	mv	s0, a0
   17366: ae 84        	mv	s1, a1
   17368: 91 cf        	beqz	a5, 0x17384 <__i2b+0x2a>
   1736a: 88 67        	ld	a0, 0x8(a5)
   1736c: 29 c1        	beqz	a0, 0x173ae <__i2b+0x54>
   1736e: 18 61        	ld	a4, 0x0(a0)
   17370: 98 e7        	sd	a4, 0x8(a5)
   17372: e2 60        	ld	ra, 0x18(sp)
   17374: 42 64        	ld	s0, 0x10(sp)
   17376: 85 47        	li	a5, 0x1
   17378: 82 17        	slli	a5, a5, 0x20
   1737a: 04 cd        	sw	s1, 0x18(a0)
   1737c: 1c e9        	sd	a5, 0x10(a0)
   1737e: a2 64        	ld	s1, 0x8(sp)
   17380: 05 61        	addi	sp, sp, 0x20
   17382: 82 80        	ret
   17384: 13 06 10 04  	li	a2, 0x41
   17388: a1 45        	li	a1, 0x8
   1738a: ef 40 00 75  	jal	0x1bada <_calloc_r>
   1738e: 28 fc        	sd	a0, 0x78(s0)
   17390: aa 87        	mv	a5, a0
   17392: 61 fd        	bnez	a0, 0x1736a <__i2b+0x10>
   17394: 97 86 00 00  	auipc	a3, 0x8
   17398: 93 86 c6 d1  	addi	a3, a3, -0x2e4
   1739c: 01 46        	li	a2, 0x0
   1739e: 93 05 00 14  	li	a1, 0x140
   173a2: 17 85 00 00  	auipc	a0, 0x8
   173a6: 13 05 65 d2  	addi	a0, a0, -0x2da
   173aa: ef 40 a0 6e  	jal	0x1ba94 <__assert_func>
   173ae: 22 85        	mv	a0, s0
   173b0: 13 06 40 02  	li	a2, 0x24
   173b4: 85 45        	li	a1, 0x1
   173b6: ef 40 40 72  	jal	0x1bada <_calloc_r>
   173ba: 69 dd        	beqz	a0, 0x17394 <__i2b+0x3a>
   173bc: 85 47        	li	a5, 0x1
   173be: 86 17        	slli	a5, a5, 0x21
   173c0: 85 07        	addi	a5, a5, 0x1
   173c2: 1c e5        	sd	a5, 0x8(a0)
   173c4: 7d b7        	j	0x17372 <__i2b+0x18>

00000000000173c6 <__multiply>:
   173c6: 39 71        	addi	sp, sp, -0x40
   173c8: 4e ec        	sd	s3, 0x18(sp)
   173ca: 52 e8        	sd	s4, 0x10(sp)
   173cc: 83 a9 45 01  	lw	s3, 0x14(a1)
   173d0: 03 2a 46 01  	lw	s4, 0x14(a2)
   173d4: 4a f0        	sd	s2, 0x20(sp)
   173d6: 56 e4        	sd	s5, 0x8(sp)
   173d8: 06 fc        	sd	ra, 0x38(sp)
   173da: 22 f8        	sd	s0, 0x30(sp)
   173dc: 26 f4        	sd	s1, 0x28(sp)
   173de: ae 8a        	mv	s5, a1
   173e0: 32 89        	mv	s2, a2
   173e2: 63 c7 49 01  	blt	s3, s4, 0x173f0 <__multiply+0x2a>
   173e6: 52 87        	mv	a4, s4
   173e8: 2e 89        	mv	s2, a1
   173ea: 4e 8a        	mv	s4, s3
   173ec: b2 8a        	mv	s5, a2
   173ee: ba 89        	mv	s3, a4
   173f0: 83 27 c9 00  	lw	a5, 0xc(s2)
   173f4: bb 04 3a 01  	addw	s1, s4, s3
   173f8: 83 25 89 00  	lw	a1, 0x8(s2)
   173fc: 26 84        	mv	s0, s1
   173fe: 63 d3 97 00  	bge	a5, s1, 0x17404 <__multiply+0x3e>
   17402: 85 25        	addiw	a1, a1, 0x1
   17404: ef f0 5f be  	jal	0x16fe8 <_Balloc>
   17408: 63 05 05 16  	beqz	a0, 0x17572 <__multiply+0x1ac>
   1740c: 13 03 85 01  	addi	t1, a0, 0x18
   17410: 93 98 24 00  	slli	a7, s1, 0x2
   17414: 9a 98        	add	a7, a7, t1
   17416: 9a 87        	mv	a5, t1
   17418: 63 77 13 01  	bgeu	t1, a7, 0x17426 <__multiply+0x60>
   1741c: 23 a0 07 00  	sw	zero, 0x0(a5)
   17420: 91 07        	addi	a5, a5, 0x4
   17422: e3 ed 17 ff  	bltu	a5, a7, 0x1741c <__multiply+0x56>
   17426: 13 88 8a 01  	addi	a6, s5, 0x18
   1742a: 13 9e 29 00  	slli	t3, s3, 0x2
   1742e: 93 15 2a 00  	slli	a1, s4, 0x2
   17432: 93 0e 89 01  	addi	t4, s2, 0x18
   17436: 42 9e        	add	t3, t3, a6
   17438: f6 95        	add	a1, a1, t4
   1743a: 63 79 c8 11  	bgeu	a6, t3, 0x1754c <__multiply+0x186>
   1743e: 93 07 99 01  	addi	a5, s2, 0x19
   17442: 01 4f        	li	t5, 0x0
   17444: 63 e7 f5 02  	bltu	a1, a5, 0x17472 <__multiply+0xac>
   17448: 83 2f 08 00  	lw	t6, 0x0(a6)
   1744c: 33 89 25 41  	sub	s2, a1, s2
   17450: 1d 19        	addi	s2, s2, -0x19
   17452: 93 93 0f 03  	slli	t2, t6, 0x30
   17456: 93 d3 03 03  	srli	t2, t2, 0x30
   1745a: 13 7f c9 ff  	andi	t5, s2, -0x4
   1745e: 63 92 03 02  	bnez	t2, 0x17482 <__multiply+0xbc>
   17462: 9b df 0f 01  	srliw	t6, t6, 0x10
   17466: 63 91 0f 08  	bnez	t6, 0x174e8 <__multiply+0x122>
   1746a: 11 08        	addi	a6, a6, 0x4
   1746c: 11 03        	addi	t1, t1, 0x4
   1746e: 63 7f c8 0d  	bgeu	a6, t3, 0x1754c <__multiply+0x186>
   17472: 83 2f 08 00  	lw	t6, 0x0(a6)
   17476: 93 93 0f 03  	slli	t2, t6, 0x30
   1747a: 93 d3 03 03  	srli	t2, t2, 0x30
   1747e: e3 82 03 fe  	beqz	t2, 0x17462 <__multiply+0x9c>
   17482: 9a 82        	mv	t0, t1
   17484: f6 8f        	mv	t6, t4
   17486: 01 47        	li	a4, 0x0
   17488: 03 a6 0f 00  	lw	a2, 0x0(t6)
   1748c: 83 a6 02 00  	lw	a3, 0x0(t0)
   17490: 91 02        	addi	t0, t0, 0x4
   17492: 93 17 06 03  	slli	a5, a2, 0x30
   17496: c1 93        	srli	a5, a5, 0x30
   17498: bb 87 77 02  	mulw	a5, a5, t2
   1749c: 1b 56 06 01  	srliw	a2, a2, 0x10
   174a0: 13 99 06 03  	slli	s2, a3, 0x30
   174a4: 13 59 09 03  	srli	s2, s2, 0x30
   174a8: 9b d6 06 01  	srliw	a3, a3, 0x10
   174ac: 91 0f        	addi	t6, t6, 0x4
   174ae: 3b 06 76 02  	mulw	a2, a2, t2
   174b2: bb 87 27 01  	addw	a5, a5, s2
   174b6: b9 9f        	addw	a5, a5, a4
   174b8: 1b d7 07 01  	srliw	a4, a5, 0x10
   174bc: c2 17        	slli	a5, a5, 0x30
   174be: c1 93        	srli	a5, a5, 0x30
   174c0: b1 9e        	addw	a3, a3, a2
   174c2: 35 9f        	addw	a4, a4, a3
   174c4: 9b 16 07 01  	slliw	a3, a4, 0x10
   174c8: d5 8f        	or	a5, a5, a3
   174ca: 23 ae f2 fe  	sw	a5, -0x4(t0)
   174ce: 1b 57 07 01  	srliw	a4, a4, 0x10
   174d2: e3 eb bf fa  	bltu	t6, a1, 0x17488 <__multiply+0xc2>
   174d6: b3 07 e3 01  	add	a5, t1, t5
   174da: d8 c3        	sw	a4, 0x4(a5)
   174dc: 83 2f 08 00  	lw	t6, 0x0(a6)
   174e0: 9b df 0f 01  	srliw	t6, t6, 0x10
   174e4: e3 83 0f f8  	beqz	t6, 0x1746a <__multiply+0xa4>
   174e8: 83 27 03 00  	lw	a5, 0x0(t1)
   174ec: 9a 82        	mv	t0, t1
   174ee: 76 86        	mv	a2, t4
   174f0: be 83        	mv	t2, a5
   174f2: 01 49        	li	s2, 0x0
   174f4: 83 56 06 00  	lhu	a3, 0x0(a2)
   174f8: 1b d7 03 01  	srliw	a4, t2, 0x10
   174fc: c2 17        	slli	a5, a5, 0x30
   174fe: bb 86 f6 03  	mulw	a3, a3, t6
   17502: c1 93        	srli	a5, a5, 0x30
   17504: 11 06        	addi	a2, a2, 0x4
   17506: 83 a3 42 00  	lw	t2, 0x4(t0)
   1750a: 91 02        	addi	t0, t0, 0x4
   1750c: 93 99 03 03  	slli	s3, t2, 0x30
   17510: 93 d9 09 03  	srli	s3, s3, 0x30
   17514: bb 86 26 01  	addw	a3, a3, s2
   17518: 35 9f        	addw	a4, a4, a3
   1751a: 9b 16 07 01  	slliw	a3, a4, 0x10
   1751e: d5 8f        	or	a5, a5, a3
   17520: 23 ae f2 fe  	sw	a5, -0x4(t0)
   17524: 83 57 e6 ff  	lhu	a5, -0x2(a2)
   17528: 1b 57 07 01  	srliw	a4, a4, 0x10
   1752c: bb 87 f7 03  	mulw	a5, a5, t6
   17530: bb 87 37 01  	addw	a5, a5, s3
   17534: b9 9f        	addw	a5, a5, a4
   17536: 1b d9 07 01  	srliw	s2, a5, 0x10
   1753a: e3 6d b6 fa  	bltu	a2, a1, 0x174f4 <__multiply+0x12e>
   1753e: 33 07 e3 01  	add	a4, t1, t5
   17542: 5c c3        	sw	a5, 0x4(a4)
   17544: 11 08        	addi	a6, a6, 0x4
   17546: 11 03        	addi	t1, t1, 0x4
   17548: e3 65 c8 f3  	bltu	a6, t3, 0x17472 <__multiply+0xac>
   1754c: 63 45 90 00  	bgtz	s1, 0x17556 <__multiply+0x190>
   17550: 39 a0        	j	0x1755e <__multiply+0x198>
   17552: 7d 34        	addiw	s0, s0, -0x1
   17554: 09 c4        	beqz	s0, 0x1755e <__multiply+0x198>
   17556: 83 a7 c8 ff  	lw	a5, -0x4(a7)
   1755a: f1 18        	addi	a7, a7, -0x4
   1755c: fd db        	beqz	a5, 0x17552 <__multiply+0x18c>
   1755e: e2 70        	ld	ra, 0x38(sp)
   17560: 40 c9        	sw	s0, 0x14(a0)
   17562: 42 74        	ld	s0, 0x30(sp)
   17564: a2 74        	ld	s1, 0x28(sp)
   17566: 02 79        	ld	s2, 0x20(sp)
   17568: e2 69        	ld	s3, 0x18(sp)
   1756a: 42 6a        	ld	s4, 0x10(sp)
   1756c: a2 6a        	ld	s5, 0x8(sp)
   1756e: 21 61        	addi	sp, sp, 0x40
   17570: 82 80        	ret
   17572: 97 86 00 00  	auipc	a3, 0x8
   17576: 93 86 e6 b3  	addi	a3, a3, -0x4c2
   1757a: 01 46        	li	a2, 0x0
   1757c: 93 05 d0 15  	li	a1, 0x15d
   17580: 17 85 00 00  	auipc	a0, 0x8
   17584: 13 05 85 b4  	addi	a0, a0, -0x4b8
   17588: ef 40 c0 50  	jal	0x1ba94 <__assert_func>

000000000001758c <__pow5mult>:
   1758c: 79 71        	addi	sp, sp, -0x30
   1758e: 22 f0        	sd	s0, 0x20(sp)
   17590: 4a e8        	sd	s2, 0x10(sp)
   17592: 4e e4        	sd	s3, 0x8(sp)
   17594: 06 f4        	sd	ra, 0x28(sp)
   17596: 93 77 36 00  	andi	a5, a2, 0x3
   1759a: 32 84        	mv	s0, a2
   1759c: aa 89        	mv	s3, a0
   1759e: 2e 89        	mv	s2, a1
   175a0: d9 e3        	bnez	a5, 0x17626 <__pow5mult+0x9a>
   175a2: 1b 54 24 40  	sraiw	s0, s0, 0x2
   175a6: 2d c8        	beqz	s0, 0x17618 <__pow5mult+0x8c>
   175a8: 26 ec        	sd	s1, 0x18(sp)
   175aa: 83 b4 09 07  	ld	s1, 0x70(s3)
   175ae: c9 c8        	beqz	s1, 0x17640 <__pow5mult+0xb4>
   175b0: 93 77 14 00  	andi	a5, s0, 0x1
   175b4: 1b 54 14 40  	sraiw	s0, s0, 0x1
   175b8: 89 eb        	bnez	a5, 0x175ca <__pow5mult+0x3e>
   175ba: 88 60        	ld	a0, 0x0(s1)
   175bc: 0d cd        	beqz	a0, 0x175f6 <__pow5mult+0x6a>
   175be: aa 84        	mv	s1, a0
   175c0: 93 77 14 00  	andi	a5, s0, 0x1
   175c4: 1b 54 14 40  	sraiw	s0, s0, 0x1
   175c8: ed db        	beqz	a5, 0x175ba <__pow5mult+0x2e>
   175ca: 26 86        	mv	a2, s1
   175cc: ca 85        	mv	a1, s2
   175ce: 4e 85        	mv	a0, s3
   175d0: ef f0 7f df  	jal	0x173c6 <__multiply>
   175d4: 63 0d 09 00  	beqz	s2, 0x175ee <__pow5mult+0x62>
   175d8: 03 27 89 00  	lw	a4, 0x8(s2)
   175dc: 83 b7 89 07  	ld	a5, 0x78(s3)
   175e0: 0e 07        	slli	a4, a4, 0x3
   175e2: ba 97        	add	a5, a5, a4
   175e4: 98 63        	ld	a4, 0x0(a5)
   175e6: 23 30 e9 00  	sd	a4, 0x0(s2)
   175ea: 23 b0 27 01  	sd	s2, 0x0(a5)
   175ee: 11 cc        	beqz	s0, 0x1760a <__pow5mult+0x7e>
   175f0: 2a 89        	mv	s2, a0
   175f2: 88 60        	ld	a0, 0x0(s1)
   175f4: 69 f5        	bnez	a0, 0x175be <__pow5mult+0x32>
   175f6: 26 86        	mv	a2, s1
   175f8: a6 85        	mv	a1, s1
   175fa: 4e 85        	mv	a0, s3
   175fc: ef f0 bf dc  	jal	0x173c6 <__multiply>
   17600: 88 e0        	sd	a0, 0x0(s1)
   17602: 23 30 05 00  	sd	zero, 0x0(a0)
   17606: aa 84        	mv	s1, a0
   17608: 65 bf        	j	0x175c0 <__pow5mult+0x34>
   1760a: a2 70        	ld	ra, 0x28(sp)
   1760c: 02 74        	ld	s0, 0x20(sp)
   1760e: e2 64        	ld	s1, 0x18(sp)
   17610: 42 69        	ld	s2, 0x10(sp)
   17612: a2 69        	ld	s3, 0x8(sp)
   17614: 45 61        	addi	sp, sp, 0x30
   17616: 82 80        	ret
   17618: a2 70        	ld	ra, 0x28(sp)
   1761a: 02 74        	ld	s0, 0x20(sp)
   1761c: a2 69        	ld	s3, 0x8(sp)
   1761e: 4a 85        	mv	a0, s2
   17620: 42 69        	ld	s2, 0x10(sp)
   17622: 45 61        	addi	sp, sp, 0x30
   17624: 82 80        	ret
   17626: fd 37        	addiw	a5, a5, -0x1
   17628: 17 87 00 00  	auipc	a4, 0x8
   1762c: 13 07 07 f5  	addi	a4, a4, -0xb0
   17630: 8a 07        	slli	a5, a5, 0x2
   17632: ba 97        	add	a5, a5, a4
   17634: 90 43        	lw	a2, 0x0(a5)
   17636: 81 46        	li	a3, 0x0
   17638: ef f0 bf a2  	jal	0x17062 <__multadd>
   1763c: 2a 89        	mv	s2, a0
   1763e: 95 b7        	j	0x175a2 <__pow5mult+0x16>
   17640: 85 45        	li	a1, 0x1
   17642: 4e 85        	mv	a0, s3
   17644: ef f0 5f 9a  	jal	0x16fe8 <_Balloc>
   17648: aa 84        	mv	s1, a0
   1764a: 19 c9        	beqz	a0, 0x17660 <__pow5mult+0xd4>
   1764c: 13 07 10 27  	li	a4, 0x271
   17650: 85 47        	li	a5, 0x1
   17652: 18 cd        	sw	a4, 0x18(a0)
   17654: 5c c9        	sw	a5, 0x14(a0)
   17656: 23 b8 a9 06  	sd	a0, 0x70(s3)
   1765a: 23 30 05 00  	sd	zero, 0x0(a0)
   1765e: 89 bf        	j	0x175b0 <__pow5mult+0x24>
   17660: 97 86 00 00  	auipc	a3, 0x8
   17664: 93 86 06 a5  	addi	a3, a3, -0x5b0
   17668: 01 46        	li	a2, 0x0
   1766a: 93 05 00 14  	li	a1, 0x140
   1766e: 17 85 00 00  	auipc	a0, 0x8
   17672: 13 05 a5 a5  	addi	a0, a0, -0x5a6
   17676: ef 40 e0 41  	jal	0x1ba94 <__assert_func>

000000000001767a <__lshift>:
   1767a: 39 71        	addi	sp, sp, -0x40
   1767c: 4a f0        	sd	s2, 0x20(sp)
   1767e: 03 a9 45 01  	lw	s2, 0x14(a1)
   17682: dc 45        	lw	a5, 0xc(a1)
   17684: 56 e4        	sd	s5, 0x8(sp)
   17686: 9b 5a 56 40  	sraiw	s5, a2, 0x5
   1768a: 3b 09 59 01  	addw	s2, s2, s5
   1768e: 22 f8        	sd	s0, 0x30(sp)
   17690: 26 f4        	sd	s1, 0x28(sp)
   17692: 4e ec        	sd	s3, 0x18(sp)
   17694: 52 e8        	sd	s4, 0x10(sp)
   17696: 1b 07 19 00  	addiw	a4, s2, 0x1
   1769a: 06 fc        	sd	ra, 0x38(sp)
   1769c: 2e 84        	mv	s0, a1
   1769e: 32 8a        	mv	s4, a2
   176a0: 8c 45        	lw	a1, 0x8(a1)
   176a2: aa 84        	mv	s1, a0
   176a4: ba 89        	mv	s3, a4
   176a6: 63 d7 e7 00  	bge	a5, a4, 0x176b4 <__lshift+0x3a>
   176aa: 9b 97 17 00  	slliw	a5, a5, 0x1
   176ae: 85 25        	addiw	a1, a1, 0x1
   176b0: e3 cd e7 fe  	blt	a5, a4, 0x176aa <__lshift+0x30>
   176b4: 26 85        	mv	a0, s1
   176b6: ef f0 3f 93  	jal	0x16fe8 <_Balloc>
   176ba: 61 c1        	beqz	a0, 0x1777a <__lshift+0x100>
   176bc: 13 08 85 01  	addi	a6, a0, 0x18
   176c0: 63 51 50 03  	blez	s5, 0x176e2 <__lshift+0x68>
   176c4: 1b 87 6a 00  	addiw	a4, s5, 0x6
   176c8: 0a 07        	slli	a4, a4, 0x2
   176ca: 2a 97        	add	a4, a4, a0
   176cc: c2 87        	mv	a5, a6
   176ce: 91 07        	addi	a5, a5, 0x4
   176d0: 23 ae 07 fe  	sw	zero, -0x4(a5)
   176d4: e3 1d f7 fe  	bne	a4, a5, 0x176ce <__lshift+0x54>
   176d8: 93 97 0a 02  	slli	a5, s5, 0x20
   176dc: 93 da e7 01  	srli	s5, a5, 0x1e
   176e0: 56 98        	add	a6, a6, s5
   176e2: 83 28 44 01  	lw	a7, 0x14(s0)
   176e6: 93 07 84 01  	addi	a5, s0, 0x18
   176ea: 13 76 fa 01  	andi	a2, s4, 0x1f
   176ee: 8a 08        	slli	a7, a7, 0x2
   176f0: be 98        	add	a7, a7, a5
   176f2: 2d c6        	beqz	a2, 0x1775c <__lshift+0xe2>
   176f4: 93 05 00 02  	li	a1, 0x20
   176f8: 91 9d        	subw	a1, a1, a2
   176fa: 42 83        	mv	t1, a6
   176fc: 81 46        	li	a3, 0x0
   176fe: 98 43        	lw	a4, 0x0(a5)
   17700: 11 03        	addi	t1, t1, 0x4
   17702: 91 07        	addi	a5, a5, 0x4
   17704: 3b 17 c7 00  	sllw	a4, a4, a2
   17708: 55 8f        	or	a4, a4, a3
   1770a: 23 2e e3 fe  	sw	a4, -0x4(t1)
   1770e: 83 a6 c7 ff  	lw	a3, -0x4(a5)
   17712: bb d6 b6 00  	srlw	a3, a3, a1
   17716: e3 e4 17 ff  	bltu	a5, a7, 0x176fe <__lshift+0x84>
   1771a: 93 07 94 01  	addi	a5, s0, 0x19
   1771e: 01 47        	li	a4, 0x0
   17720: 63 e7 f8 00  	bltu	a7, a5, 0x1772e <__lshift+0xb4>
   17724: b3 88 88 40  	sub	a7, a7, s0
   17728: 9d 18        	addi	a7, a7, -0x19
   1772a: 13 f7 c8 ff  	andi	a4, a7, -0x4
   1772e: 3a 98        	add	a6, a6, a4
   17730: 23 22 d8 00  	sw	a3, 0x4(a6)
   17734: 91 e2        	bnez	a3, 0x17738 <__lshift+0xbe>
   17736: ca 89        	mv	s3, s2
   17738: 18 44        	lw	a4, 0x8(s0)
   1773a: bc 7c        	ld	a5, 0x78(s1)
   1773c: 23 2a 35 01  	sw	s3, 0x14(a0)
   17740: 0e 07        	slli	a4, a4, 0x3
   17742: ba 97        	add	a5, a5, a4
   17744: 98 63        	ld	a4, 0x0(a5)
   17746: e2 70        	ld	ra, 0x38(sp)
   17748: a2 74        	ld	s1, 0x28(sp)
   1774a: 18 e0        	sd	a4, 0x0(s0)
   1774c: 80 e3        	sd	s0, 0x0(a5)
   1774e: 42 74        	ld	s0, 0x30(sp)
   17750: 02 79        	ld	s2, 0x20(sp)
   17752: e2 69        	ld	s3, 0x18(sp)
   17754: 42 6a        	ld	s4, 0x10(sp)
   17756: a2 6a        	ld	s5, 0x8(sp)
   17758: 21 61        	addi	sp, sp, 0x40
   1775a: 82 80        	ret
   1775c: 98 43        	lw	a4, 0x0(a5)
   1775e: 91 07        	addi	a5, a5, 0x4
   17760: 11 08        	addi	a6, a6, 0x4
   17762: 23 2e e8 fe  	sw	a4, -0x4(a6)
   17766: e3 f8 17 fd  	bgeu	a5, a7, 0x17736 <__lshift+0xbc>
   1776a: 98 43        	lw	a4, 0x0(a5)
   1776c: 91 07        	addi	a5, a5, 0x4
   1776e: 11 08        	addi	a6, a6, 0x4
   17770: 23 2e e8 fe  	sw	a4, -0x4(a6)
   17774: e3 e4 17 ff  	bltu	a5, a7, 0x1775c <__lshift+0xe2>
   17778: 7d bf        	j	0x17736 <__lshift+0xbc>
   1777a: 97 86 00 00  	auipc	a3, 0x8
   1777e: 93 86 66 93  	addi	a3, a3, -0x6ca
   17782: 01 46        	li	a2, 0x0
   17784: 93 05 90 1d  	li	a1, 0x1d9
   17788: 17 85 00 00  	auipc	a0, 0x8
   1778c: 13 05 05 94  	addi	a0, a0, -0x6c0
   17790: ef 40 40 30  	jal	0x1ba94 <__assert_func>

0000000000017794 <__mcmp>:
   17794: dc 49        	lw	a5, 0x14(a1)
   17796: 2a 88        	mv	a6, a0
   17798: 48 49        	lw	a0, 0x14(a0)
   1779a: 1d 9d        	subw	a0, a0, a5
   1779c: 1d e5        	bnez	a0, 0x177ca <__mcmp+0x36>
   1779e: 8a 07        	slli	a5, a5, 0x2
   177a0: 61 08        	addi	a6, a6, 0x18
   177a2: e1 05        	addi	a1, a1, 0x18
   177a4: 33 87 f5 00  	add	a4, a1, a5
   177a8: c2 97        	add	a5, a5, a6
   177aa: 19 a0        	j	0x177b0 <__mcmp+0x1c>
   177ac: 63 7f f8 00  	bgeu	a6, a5, 0x177ca <__mcmp+0x36>
   177b0: 03 a6 c7 ff  	lw	a2, -0x4(a5)
   177b4: 83 26 c7 ff  	lw	a3, -0x4(a4)
   177b8: f1 17        	addi	a5, a5, -0x4
   177ba: 71 17        	addi	a4, a4, -0x4
   177bc: e3 08 d6 fe  	beq	a2, a3, 0x177ac <__mcmp+0x18>
   177c0: 05 45        	li	a0, 0x1
   177c2: 63 74 d6 00  	bgeu	a2, a3, 0x177ca <__mcmp+0x36>
   177c6: 7d 55        	li	a0, -0x1
   177c8: 82 80        	ret
   177ca: 82 80        	ret

00000000000177cc <__mdiff>:
   177cc: 01 11        	addi	sp, sp, -0x20
   177ce: 5c 4a        	lw	a5, 0x14(a2)
   177d0: 4a e0        	sd	s2, 0x0(sp)
   177d2: 03 a9 45 01  	lw	s2, 0x14(a1)
   177d6: 22 e8        	sd	s0, 0x10(sp)
   177d8: 26 e4        	sd	s1, 0x8(sp)
   177da: 06 ec        	sd	ra, 0x18(sp)
   177dc: 3b 09 f9 40  	subw	s2, s2, a5
   177e0: 2e 84        	mv	s0, a1
   177e2: b2 84        	mv	s1, a2
   177e4: 63 11 09 12  	bnez	s2, 0x17906 <__mdiff+0x13a>
   177e8: 93 96 27 00  	slli	a3, a5, 0x2
   177ec: 13 86 85 01  	addi	a2, a1, 0x18
   177f0: 13 87 84 01  	addi	a4, s1, 0x18
   177f4: b3 07 d6 00  	add	a5, a2, a3
   177f8: 36 97        	add	a4, a4, a3
   177fa: 19 a0        	j	0x17800 <__mdiff+0x34>
   177fc: 63 73 f6 12  	bgeu	a2, a5, 0x17922 <__mdiff+0x156>
   17800: 83 a5 c7 ff  	lw	a1, -0x4(a5)
   17804: 83 26 c7 ff  	lw	a3, -0x4(a4)
   17808: f1 17        	addi	a5, a5, -0x4
   1780a: 71 17        	addi	a4, a4, -0x4
   1780c: e3 88 d5 fe  	beq	a1, a3, 0x177fc <__mdiff+0x30>
   17810: 63 f7 d5 12  	bgeu	a1, a3, 0x1793e <__mdiff+0x172>
   17814: 05 49        	li	s2, 0x1
   17816: 8c 44        	lw	a1, 0x8(s1)
   17818: ef f0 0f fd  	jal	0x16fe8 <_Balloc>
   1781c: 63 07 05 12  	beqz	a0, 0x1794a <__mdiff+0x17e>
   17820: 83 a8 44 01  	lw	a7, 0x14(s1)
   17824: 03 2f 44 01  	lw	t5, 0x14(s0)
   17828: e1 04        	addi	s1, s1, 0x18
   1782a: 13 98 28 00  	slli	a6, a7, 0x2
   1782e: 0a 0f        	slli	t5, t5, 0x2
   17830: 13 03 84 01  	addi	t1, s0, 0x18
   17834: 93 0f 85 01  	addi	t6, a0, 0x18
   17838: 23 28 25 01  	sw	s2, 0x10(a0)
   1783c: 26 98        	add	a6, a6, s1
   1783e: 1a 9f        	add	t5, t5, t1
   17840: a6 8e        	mv	t4, s1
   17842: 7e 8e        	mv	t3, t6
   17844: 81 47        	li	a5, 0x0
   17846: 83 a6 0e 00  	lw	a3, 0x0(t4)
   1784a: 03 26 03 00  	lw	a2, 0x0(t1)
   1784e: 11 0e        	addi	t3, t3, 0x4
   17850: 13 97 06 03  	slli	a4, a3, 0x30
   17854: 93 15 06 03  	slli	a1, a2, 0x30
   17858: 41 93        	srli	a4, a4, 0x30
   1785a: c1 91        	srli	a1, a1, 0x30
   1785c: 0d 9f        	subw	a4, a4, a1
   1785e: 3d 9f        	addw	a4, a4, a5
   17860: 9b d6 06 01  	srliw	a3, a3, 0x10
   17864: 1b 56 06 01  	srliw	a2, a2, 0x10
   17868: 91 9e        	subw	a3, a3, a2
   1786a: 9b 57 07 41  	sraiw	a5, a4, 0x10
   1786e: b5 9f        	addw	a5, a5, a3
   17870: 42 17        	slli	a4, a4, 0x30
   17872: 9b 96 07 01  	slliw	a3, a5, 0x10
   17876: 41 93        	srli	a4, a4, 0x30
   17878: d9 8e        	or	a3, a3, a4
   1787a: 11 03        	addi	t1, t1, 0x4
   1787c: 23 2e de fe  	sw	a3, -0x4(t3)
   17880: 91 0e        	addi	t4, t4, 0x4
   17882: 9b d7 07 41  	sraiw	a5, a5, 0x10
   17886: e3 60 e3 fd  	bltu	t1, t5, 0x17846 <__mdiff+0x7a>
   1788a: 13 06 94 01  	addi	a2, s0, 0x19
   1788e: 01 47        	li	a4, 0x0
   17890: 63 73 cf 08  	bgeu	t5, a2, 0x17916 <__mdiff+0x14a>
   17894: b3 8e e4 00  	add	t4, s1, a4
   17898: 91 0e        	addi	t4, t4, 0x4
   1789a: 7e 97        	add	a4, a4, t6
   1789c: 33 8e 9f 40  	sub	t3, t6, s1
   178a0: 76 86        	mv	a2, t4
   178a2: 13 0f 47 00  	addi	t5, a4, 0x4
   178a6: 63 f0 0e 0b  	bgeu	t4, a6, 0x17946 <__mdiff+0x17a>
   178aa: 18 42        	lw	a4, 0x0(a2)
   178ac: 33 03 c6 01  	add	t1, a2, t3
   178b0: 11 06        	addi	a2, a2, 0x4
   178b2: 93 16 07 03  	slli	a3, a4, 0x30
   178b6: c1 92        	srli	a3, a3, 0x30
   178b8: bb 05 f7 00  	addw	a1, a4, a5
   178bc: b5 9f        	addw	a5, a5, a3
   178be: 9b d7 07 41  	sraiw	a5, a5, 0x10
   178c2: 1b 57 07 01  	srliw	a4, a4, 0x10
   178c6: 3d 9f        	addw	a4, a4, a5
   178c8: c2 15        	slli	a1, a1, 0x30
   178ca: c1 91        	srli	a1, a1, 0x30
   178cc: 9b 16 07 01  	slliw	a3, a4, 0x10
   178d0: cd 8e        	or	a3, a3, a1
   178d2: 23 20 d3 00  	sw	a3, 0x0(t1)
   178d6: 9b 57 07 41  	sraiw	a5, a4, 0x10
   178da: e3 68 06 fd  	bltu	a2, a6, 0x178aa <__mdiff+0xde>
   178de: 93 07 f8 ff  	addi	a5, a6, -0x1
   178e2: b3 87 d7 41  	sub	a5, a5, t4
   178e6: f1 9b        	andi	a5, a5, -0x4
   178e8: fa 97        	add	a5, a5, t5
   178ea: 91 e6        	bnez	a3, 0x178f6 <__mdiff+0x12a>
   178ec: 03 a7 c7 ff  	lw	a4, -0x4(a5)
   178f0: f1 17        	addi	a5, a5, -0x4
   178f2: fd 38        	addiw	a7, a7, -0x1
   178f4: 65 df        	beqz	a4, 0x178ec <__mdiff+0x120>
   178f6: e2 60        	ld	ra, 0x18(sp)
   178f8: 42 64        	ld	s0, 0x10(sp)
   178fa: 23 2a 15 01  	sw	a7, 0x14(a0)
   178fe: a2 64        	ld	s1, 0x8(sp)
   17900: 02 69        	ld	s2, 0x0(sp)
   17902: 05 61        	addi	sp, sp, 0x20
   17904: 82 80        	ret
   17906: 4a 87        	mv	a4, s2
   17908: 05 49        	li	s2, 0x1
   1790a: e3 46 07 f0  	bltz	a4, 0x17816 <__mdiff+0x4a>
   1790e: 01 49        	li	s2, 0x0
   17910: ae 84        	mv	s1, a1
   17912: 32 84        	mv	s0, a2
   17914: 09 b7        	j	0x17816 <__mdiff+0x4a>
   17916: 33 0f 8f 40  	sub	t5, t5, s0
   1791a: 1d 1f        	addi	t5, t5, -0x19
   1791c: 13 77 cf ff  	andi	a4, t5, -0x4
   17920: 95 bf        	j	0x17894 <__mdiff+0xc8>
   17922: 81 45        	li	a1, 0x0
   17924: ef f0 4f ec  	jal	0x16fe8 <_Balloc>
   17928: 15 cd        	beqz	a0, 0x17964 <__mdiff+0x198>
   1792a: e2 60        	ld	ra, 0x18(sp)
   1792c: 42 64        	ld	s0, 0x10(sp)
   1792e: 85 47        	li	a5, 0x1
   17930: 23 2c 05 00  	sw	zero, 0x18(a0)
   17934: 5c c9        	sw	a5, 0x14(a0)
   17936: a2 64        	ld	s1, 0x8(sp)
   17938: 02 69        	ld	s2, 0x0(sp)
   1793a: 05 61        	addi	sp, sp, 0x20
   1793c: 82 80        	ret
   1793e: a6 87        	mv	a5, s1
   17940: a2 84        	mv	s1, s0
   17942: 3e 84        	mv	s0, a5
   17944: c9 bd        	j	0x17816 <__mdiff+0x4a>
   17946: ba 87        	mv	a5, a4
   17948: 4d b7        	j	0x178ea <__mdiff+0x11e>
   1794a: 97 76 00 00  	auipc	a3, 0x7
   1794e: 93 86 66 76  	addi	a3, a3, 0x766
   17952: 01 46        	li	a2, 0x0
   17954: 93 05 00 24  	li	a1, 0x240
   17958: 17 75 00 00  	auipc	a0, 0x7
   1795c: 13 05 05 77  	addi	a0, a0, 0x770
   17960: ef 40 40 13  	jal	0x1ba94 <__assert_func>
   17964: 97 76 00 00  	auipc	a3, 0x7
   17968: 93 86 c6 74  	addi	a3, a3, 0x74c
   1796c: 01 46        	li	a2, 0x0
   1796e: 93 05 20 23  	li	a1, 0x232
   17972: 17 75 00 00  	auipc	a0, 0x7
   17976: 13 05 65 75  	addi	a0, a0, 0x756
   1797a: ef 40 a0 11  	jal	0x1ba94 <__assert_func>

000000000001797e <__ulp>:
   1797e: d3 07 05 e2  	fmv.x.d	a5, fa0
   17982: b7 06 f0 7f  	lui	a3, 0x7ff00
   17986: 37 07 c0 fc  	lui	a4, 0xfcc00
   1798a: 81 93        	srli	a5, a5, 0x20
   1798c: f5 8f        	and	a5, a5, a3
   1798e: b9 9f        	addw	a5, a5, a4
   17990: 01 47        	li	a4, 0x0
   17992: 63 59 f0 00  	blez	a5, 0x179a4 <__ulp+0x26>
   17996: 02 17        	slli	a4, a4, 0x20
   17998: 01 93        	srli	a4, a4, 0x20
   1799a: 82 17        	slli	a5, a5, 0x20
   1799c: d9 8f        	or	a5, a5, a4
   1799e: 53 85 07 f2  	fmv.d.x	fa0, a5
   179a2: 82 80        	ret
   179a4: bb 07 f0 40  	negw	a5, a5
   179a8: 9b d7 47 41  	sraiw	a5, a5, 0x14
   179ac: 4d 47        	li	a4, 0x13
   179ae: 63 4e f7 00  	blt	a4, a5, 0x179ca <__ulp+0x4c>
   179b2: 37 07 08 00  	lui	a4, 0x80
   179b6: bb 57 f7 40  	sraw	a5, a4, a5
   179ba: 01 47        	li	a4, 0x0
   179bc: 02 17        	slli	a4, a4, 0x20
   179be: 01 93        	srli	a4, a4, 0x20
   179c0: 82 17        	slli	a5, a5, 0x20
   179c2: d9 8f        	or	a5, a5, a4
   179c4: 53 85 07 f2  	fmv.d.x	fa0, a5
   179c8: 82 80        	ret
   179ca: b1 37        	addiw	a5, a5, -0x14
   179cc: f9 46        	li	a3, 0x1e
   179ce: 05 47        	li	a4, 0x1
   179d0: 63 c6 f6 00  	blt	a3, a5, 0x179dc <__ulp+0x5e>
   179d4: 37 07 00 80  	lui	a4, 0x80000
   179d8: 3b 57 f7 00  	srlw	a4, a4, a5
   179dc: 81 47        	li	a5, 0x0
   179de: 02 17        	slli	a4, a4, 0x20
   179e0: 01 93        	srli	a4, a4, 0x20
   179e2: 82 17        	slli	a5, a5, 0x20
   179e4: d9 8f        	or	a5, a5, a4
   179e6: 53 85 07 f2  	fmv.d.x	fa0, a5
   179ea: 82 80        	ret

00000000000179ec <__b2d>:
   179ec: 79 71        	addi	sp, sp, -0x30
   179ee: 26 ec        	sd	s1, 0x18(sp)
   179f0: 44 49        	lw	s1, 0x14(a0)
   179f2: 22 f0        	sd	s0, 0x20(sp)
   179f4: 13 04 85 01  	addi	s0, a0, 0x18
   179f8: 8a 04        	slli	s1, s1, 0x2
   179fa: a2 94        	add	s1, s1, s0
   179fc: 4a e8        	sd	s2, 0x10(sp)
   179fe: 03 a9 c4 ff  	lw	s2, -0x4(s1)
   17a02: 4e e4        	sd	s3, 0x8(sp)
   17a04: 52 e0        	sd	s4, 0x0(sp)
   17a06: 4a 85        	mv	a0, s2
   17a08: ae 89        	mv	s3, a1
   17a0a: 06 f4        	sd	ra, 0x28(sp)
   17a0c: ef f0 5f 83  	jal	0x17240 <__hi0bits>
   17a10: 93 07 00 02  	li	a5, 0x20
   17a14: 3b 87 a7 40  	subw	a4, a5, a0
   17a18: 23 a0 e9 00  	sw	a4, 0x0(s3)
   17a1c: 29 47        	li	a4, 0xa
   17a1e: 13 8a c4 ff  	addi	s4, s1, -0x4
   17a22: 63 5c a7 06  	bge	a4, a0, 0x17a9a <__b2d+0xae>
   17a26: 1b 06 55 ff  	addiw	a2, a0, -0xb
   17a2a: 63 7f 44 03  	bgeu	s0, s4, 0x17a68 <__b2d+0x7c>
   17a2e: 03 a7 84 ff  	lw	a4, -0x8(s1)
   17a32: 1d ce        	beqz	a2, 0x17a70 <__b2d+0x84>
   17a34: bb 86 c7 40  	subw	a3, a5, a2
   17a38: bb 57 d7 00  	srlw	a5, a4, a3
   17a3c: 3b 19 c9 00  	sllw	s2, s2, a2
   17a40: 33 69 f9 00  	or	s2, s2, a5
   17a44: b7 07 f0 3f  	lui	a5, 0x3ff00
   17a48: 33 69 f9 00  	or	s2, s2, a5
   17a4c: 93 85 84 ff  	addi	a1, s1, -0x8
   17a50: 3b 17 c7 00  	sllw	a4, a4, a2
   17a54: 93 17 09 02  	slli	a5, s2, 0x20
   17a58: 63 72 b4 02  	bgeu	s0, a1, 0x17a7c <__b2d+0x90>
   17a5c: 03 a6 44 ff  	lw	a2, -0xc(s1)
   17a60: bb 56 d6 00  	srlw	a3, a2, a3
   17a64: 55 8f        	or	a4, a4, a3
   17a66: 19 a8        	j	0x17a7c <__b2d+0x90>
   17a68: ad 47        	li	a5, 0xb
   17a6a: 01 47        	li	a4, 0x0
   17a6c: 63 1c f5 04  	bne	a0, a5, 0x17ac4 <__b2d+0xd8>
   17a70: b7 07 f0 3f  	lui	a5, 0x3ff00
   17a74: 33 69 f9 00  	or	s2, s2, a5
   17a78: 93 17 09 02  	slli	a5, s2, 0x20
   17a7c: a2 70        	ld	ra, 0x28(sp)
   17a7e: 02 74        	ld	s0, 0x20(sp)
   17a80: 02 17        	slli	a4, a4, 0x20
   17a82: 81 93        	srli	a5, a5, 0x20
   17a84: 01 93        	srli	a4, a4, 0x20
   17a86: 82 17        	slli	a5, a5, 0x20
   17a88: d9 8f        	or	a5, a5, a4
   17a8a: e2 64        	ld	s1, 0x18(sp)
   17a8c: 42 69        	ld	s2, 0x10(sp)
   17a8e: a2 69        	ld	s3, 0x8(sp)
   17a90: 02 6a        	ld	s4, 0x0(sp)
   17a92: 53 85 07 f2  	fmv.d.x	fa0, a5
   17a96: 45 61        	addi	sp, sp, 0x30
   17a98: 82 80        	ret
   17a9a: ad 46        	li	a3, 0xb
   17a9c: 89 9e        	subw	a3, a3, a0
   17a9e: 37 07 f0 3f  	lui	a4, 0x3ff00
   17aa2: bb 57 d9 00  	srlw	a5, s2, a3
   17aa6: d9 8f        	or	a5, a5, a4
   17aa8: 82 17        	slli	a5, a5, 0x20
   17aaa: 01 47        	li	a4, 0x0
   17aac: 63 76 44 01  	bgeu	s0, s4, 0x17ab8 <__b2d+0xcc>
   17ab0: 03 a7 84 ff  	lw	a4, -0x8(s1)
   17ab4: 3b 57 d7 00  	srlw	a4, a4, a3
   17ab8: 55 25        	addiw	a0, a0, 0x15
   17aba: 3b 19 a9 00  	sllw	s2, s2, a0
   17abe: 33 67 e9 00  	or	a4, s2, a4
   17ac2: 6d bf        	j	0x17a7c <__b2d+0x90>
   17ac4: b7 07 f0 3f  	lui	a5, 0x3ff00
   17ac8: 3b 19 c9 00  	sllw	s2, s2, a2
   17acc: 33 69 f9 00  	or	s2, s2, a5
   17ad0: 93 17 09 02  	slli	a5, s2, 0x20
   17ad4: 01 47        	li	a4, 0x0
   17ad6: 5d b7        	j	0x17a7c <__b2d+0x90>

0000000000017ad8 <__d2b>:
   17ad8: 39 71        	addi	sp, sp, -0x40
   17ada: 52 e8        	sd	s4, 0x10(sp)
   17adc: 2e 8a        	mv	s4, a1
   17ade: 85 45        	li	a1, 0x1
   17ae0: 22 f8        	sd	s0, 0x30(sp)
   17ae2: 4e ec        	sd	s3, 0x18(sp)
   17ae4: 06 fc        	sd	ra, 0x38(sp)
   17ae6: 26 f4        	sd	s1, 0x28(sp)
   17ae8: 4a f0        	sd	s2, 0x20(sp)
   17aea: 53 04 05 e2  	fmv.x.d	s0, fa0
   17aee: b2 89        	mv	s3, a2
   17af0: ef f0 8f cf  	jal	0x16fe8 <_Balloc>
   17af4: 55 c9        	beqz	a0, 0x17ba8 <__d2b+0xd0>
   17af6: 93 57 04 42  	srai	a5, s0, 0x20
   17afa: 1b d9 47 01  	srliw	s2, a5, 0x14
   17afe: 37 07 10 00  	lui	a4, 0x100
   17b02: 93 06 f7 ff  	addi	a3, a4, -0x1
   17b06: 13 79 f9 7f  	andi	s2, s2, 0x7ff
   17b0a: aa 84        	mv	s1, a0
   17b0c: f5 8f        	and	a5, a5, a3
   17b0e: 63 03 09 00  	beqz	s2, 0x17b14 <__d2b+0x3c>
   17b12: d9 8f        	or	a5, a5, a4
   17b14: 01 24        	sext.w	s0, s0
   17b16: 3e c6        	sw	a5, 0xc(sp)
   17b18: 29 e0        	bnez	s0, 0x17b5a <__d2b+0x82>
   17b1a: 68 00        	addi	a0, sp, 0xc
   17b1c: ef f0 cf f8  	jal	0x172a8 <__lo0bits>
   17b20: b2 47        	lw	a5, 0xc(sp)
   17b22: 05 44        	li	s0, 0x1
   17b24: c0 c8        	sw	s0, 0x14(s1)
   17b26: 9c cc        	sw	a5, 0x18(s1)
   17b28: 1b 05 05 02  	addiw	a0, a0, 0x20
   17b2c: 63 0f 09 04  	beqz	s2, 0x17b8a <__d2b+0xb2>
   17b30: 1b 09 d9 bc  	addiw	s2, s2, -0x433
   17b34: 3b 09 a9 00  	addw	s2, s2, a0
   17b38: 13 04 50 03  	li	s0, 0x35
   17b3c: 23 20 2a 01  	sw	s2, 0x0(s4)
   17b40: 3b 05 a4 40  	subw	a0, s0, a0
   17b44: e2 70        	ld	ra, 0x38(sp)
   17b46: 42 74        	ld	s0, 0x30(sp)
   17b48: 23 a0 a9 00  	sw	a0, 0x0(s3)
   17b4c: 02 79        	ld	s2, 0x20(sp)
   17b4e: e2 69        	ld	s3, 0x18(sp)
   17b50: 42 6a        	ld	s4, 0x10(sp)
   17b52: 26 85        	mv	a0, s1
   17b54: a2 74        	ld	s1, 0x28(sp)
   17b56: 21 61        	addi	sp, sp, 0x40
   17b58: 82 80        	ret
   17b5a: 28 00        	addi	a0, sp, 0x8
   17b5c: 22 c4        	sw	s0, 0x8(sp)
   17b5e: ef f0 af f4  	jal	0x172a8 <__lo0bits>
   17b62: b2 47        	lw	a5, 0xc(sp)
   17b64: 22 47        	lw	a4, 0x8(sp)
   17b66: 11 c9        	beqz	a0, 0x17b7a <__d2b+0xa2>
   17b68: 93 06 00 02  	li	a3, 0x20
   17b6c: 89 9e        	subw	a3, a3, a0
   17b6e: bb 96 d7 00  	sllw	a3, a5, a3
   17b72: bb d7 a7 00  	srlw	a5, a5, a0
   17b76: 55 8f        	or	a4, a4, a3
   17b78: 3e c6        	sw	a5, 0xc(sp)
   17b7a: 33 34 f0 00  	snez	s0, a5
   17b7e: 05 04        	addi	s0, s0, 0x1
   17b80: 98 cc        	sw	a4, 0x18(s1)
   17b82: dc cc        	sw	a5, 0x1c(s1)
   17b84: c0 c8        	sw	s0, 0x14(s1)
   17b86: e3 15 09 fa  	bnez	s2, 0x17b30 <__d2b+0x58>
   17b8a: 1b 05 e5 bc  	addiw	a0, a0, -0x432
   17b8e: 93 17 24 00  	slli	a5, s0, 0x2
   17b92: 23 20 aa 00  	sw	a0, 0x0(s4)
   17b96: a6 97        	add	a5, a5, s1
   17b98: c8 4b        	lw	a0, 0x14(a5)
   17b9a: 1b 14 54 00  	slliw	s0, s0, 0x5
   17b9e: ef f0 2f ea  	jal	0x17240 <__hi0bits>
   17ba2: 3b 05 a4 40  	subw	a0, s0, a0
   17ba6: 79 bf        	j	0x17b44 <__d2b+0x6c>
   17ba8: 97 76 00 00  	auipc	a3, 0x7
   17bac: 93 86 86 50  	addi	a3, a3, 0x508
   17bb0: 01 46        	li	a2, 0x0
   17bb2: 93 05 a0 30  	li	a1, 0x30a
   17bb6: 17 75 00 00  	auipc	a0, 0x7
   17bba: 13 05 25 51  	addi	a0, a0, 0x512
   17bbe: ef 30 70 6d  	jal	0x1ba94 <__assert_func>

0000000000017bc2 <__ratio>:
   17bc2: 39 71        	addi	sp, sp, -0x40
   17bc4: 26 f4        	sd	s1, 0x28(sp)
   17bc6: ae 84        	mv	s1, a1
   17bc8: 2c 00        	addi	a1, sp, 0x8
   17bca: 06 fc        	sd	ra, 0x38(sp)
   17bcc: 22 f8        	sd	s0, 0x30(sp)
   17bce: 4e ec        	sd	s3, 0x18(sp)
   17bd0: aa 89        	mv	s3, a0
   17bd2: ef f0 bf e1  	jal	0x179ec <__b2d>
   17bd6: 6c 00        	addi	a1, sp, 0xc
   17bd8: 26 85        	mv	a0, s1
   17bda: 53 04 05 e2  	fmv.x.d	s0, fa0
   17bde: ef f0 ff e0  	jal	0x179ec <__b2d>
   17be2: d8 48        	lw	a4, 0x14(s1)
   17be4: 83 a6 49 01  	lw	a3, 0x14(s3)
   17be8: a2 47        	lw	a5, 0x8(sp)
   17bea: 32 46        	lw	a2, 0xc(sp)
   17bec: 99 9e        	subw	a3, a3, a4
   17bee: 9b 96 56 00  	slliw	a3, a3, 0x5
   17bf2: 91 9f        	subw	a5, a5, a2
   17bf4: b5 9f        	addw	a5, a5, a3
   17bf6: 53 07 05 e2  	fmv.x.d	a4, fa0
   17bfa: 63 5b f0 02  	blez	a5, 0x17c30 <__ratio+0x6e>
   17bfe: 4a f0        	sd	s2, 0x20(sp)
   17c00: 9b 97 47 01  	slliw	a5, a5, 0x14
   17c04: 22 89        	mv	s2, s0
   17c06: 01 90        	srli	s0, s0, 0x20
   17c08: a1 9f        	addw	a5, a5, s0
   17c0a: 02 19        	slli	s2, s2, 0x20
   17c0c: 13 59 09 02  	srli	s2, s2, 0x20
   17c10: 82 17        	slli	a5, a5, 0x20
   17c12: 33 64 f9 00  	or	s0, s2, a5
   17c16: 02 79        	ld	s2, 0x20(sp)
   17c18: d3 07 04 f2  	fmv.d.x	fa5, s0
   17c1c: e2 70        	ld	ra, 0x38(sp)
   17c1e: 42 74        	ld	s0, 0x30(sp)
   17c20: 53 07 07 f2  	fmv.d.x	fa4, a4
   17c24: a2 74        	ld	s1, 0x28(sp)
   17c26: e2 69        	ld	s3, 0x18(sp)
   17c28: 53 f5 e7 1a  	fdiv.d	fa0, fa5, fa4
   17c2c: 21 61        	addi	sp, sp, 0x40
   17c2e: 82 80        	ret
   17c30: bb 07 f0 40  	negw	a5, a5
   17c34: ba 86        	mv	a3, a4
   17c36: 9b 97 47 01  	slliw	a5, a5, 0x14
   17c3a: 01 93        	srli	a4, a4, 0x20
   17c3c: b9 9f        	addw	a5, a5, a4
   17c3e: 82 16        	slli	a3, a3, 0x20
   17c40: 81 92        	srli	a3, a3, 0x20
   17c42: 82 17        	slli	a5, a5, 0x20
   17c44: 33 e7 f6 00  	or	a4, a3, a5
   17c48: c1 bf        	j	0x17c18 <__ratio+0x56>

0000000000017c4a <_mprec_log10>:
   17c4a: dd 47        	li	a5, 0x17
   17c4c: 63 df a7 00  	bge	a5, a0, 0x17c6a <_mprec_log10+0x20>
   17c50: 97 97 00 00  	auipc	a5, 0x9
   17c54: 07 b5 07 4f  	fld	fa0, 0x4f0(a5)
   17c58: 97 97 00 00  	auipc	a5, 0x9
   17c5c: 87 b7 07 4f  	fld	fa5, 0x4f0(a5)
   17c60: 7d 35        	addiw	a0, a0, -0x1
   17c62: 53 75 f5 12  	fmul.d	fa0, fa0, fa5
   17c66: 6d fd        	bnez	a0, 0x17c60 <_mprec_log10+0x16>
   17c68: 82 80        	ret
   17c6a: 0e 05        	slli	a0, a0, 0x3
   17c6c: 97 87 00 00  	auipc	a5, 0x8
   17c70: 93 87 c7 96  	addi	a5, a5, -0x694
   17c74: aa 97        	add	a5, a5, a0
   17c76: 88 23        	fld	fa0, 0x0(a5)
   17c78: 82 80        	ret

0000000000017c7a <__copybits>:
   17c7a: 54 4a        	lw	a3, 0x14(a2)
   17c7c: fd 35        	addiw	a1, a1, -0x1
   17c7e: 9b d5 55 40  	sraiw	a1, a1, 0x5
   17c82: 85 25        	addiw	a1, a1, 0x1
   17c84: 8a 06        	slli	a3, a3, 0x2
   17c86: 93 07 86 01  	addi	a5, a2, 0x18
   17c8a: 8a 05        	slli	a1, a1, 0x2
   17c8c: be 96        	add	a3, a3, a5
   17c8e: aa 95        	add	a1, a1, a0
   17c90: 63 f0 d7 02  	bgeu	a5, a3, 0x17cb0 <__copybits+0x36>
   17c94: 2a 87        	mv	a4, a0
   17c96: 03 a8 07 00  	lw	a6, 0x0(a5)
   17c9a: 91 07        	addi	a5, a5, 0x4
   17c9c: 11 07        	addi	a4, a4, 0x4
   17c9e: 23 2e 07 ff  	sw	a6, -0x4(a4)
   17ca2: e3 ea d7 fe  	bltu	a5, a3, 0x17c96 <__copybits+0x1c>
   17ca6: 91 8e        	sub	a3, a3, a2
   17ca8: 9d 16        	addi	a3, a3, -0x19
   17caa: f1 9a        	andi	a3, a3, -0x4
   17cac: 11 05        	addi	a0, a0, 0x4
   17cae: 36 95        	add	a0, a0, a3
   17cb0: 63 77 b5 00  	bgeu	a0, a1, 0x17cbe <__copybits+0x44>
   17cb4: 11 05        	addi	a0, a0, 0x4
   17cb6: 23 2e 05 fe  	sw	zero, -0x4(a0)
   17cba: e3 6d b5 fe  	bltu	a0, a1, 0x17cb4 <__copybits+0x3a>
   17cbe: 82 80        	ret

0000000000017cc0 <__any_on>:
   17cc0: 58 49        	lw	a4, 0x14(a0)
   17cc2: 1b d6 55 40  	sraiw	a2, a1, 0x5
   17cc6: 93 06 85 01  	addi	a3, a0, 0x18
   17cca: 63 5d c7 00  	bge	a4, a2, 0x17ce4 <__any_on+0x24>
   17cce: 0a 07        	slli	a4, a4, 0x2
   17cd0: b3 87 e6 00  	add	a5, a3, a4
   17cd4: 63 f8 f6 02  	bgeu	a3, a5, 0x17d04 <__any_on+0x44>
   17cd8: 03 a7 c7 ff  	lw	a4, -0x4(a5)
   17cdc: f1 17        	addi	a5, a5, -0x4
   17cde: 7d db        	beqz	a4, 0x17cd4 <__any_on+0x14>
   17ce0: 05 45        	li	a0, 0x1
   17ce2: 82 80        	ret
   17ce4: 93 17 26 00  	slli	a5, a2, 0x2
   17ce8: b6 97        	add	a5, a5, a3
   17cea: e3 55 e6 fe  	bge	a2, a4, 0x17cd4 <__any_on+0x14>
   17cee: fd 89        	andi	a1, a1, 0x1f
   17cf0: f5 d1        	beqz	a1, 0x17cd4 <__any_on+0x14>
   17cf2: 90 43        	lw	a2, 0x0(a5)
   17cf4: 05 45        	li	a0, 0x1
   17cf6: 3b 57 b6 00  	srlw	a4, a2, a1
   17cfa: 3b 17 b7 00  	sllw	a4, a4, a1
   17cfe: e3 0b c7 fc  	beq	a4, a2, 0x17cd4 <__any_on+0x14>
   17d02: 82 80        	ret
   17d04: 01 45        	li	a0, 0x0
   17d06: 82 80        	ret

0000000000017d08 <_putc_r>:
   17d08: 01 11        	addi	sp, sp, -0x20
   17d0a: 22 e8        	sd	s0, 0x10(sp)
   17d0c: 26 e4        	sd	s1, 0x8(sp)
   17d0e: 4a e0        	sd	s2, 0x0(sp)
   17d10: 06 ec        	sd	ra, 0x18(sp)
   17d12: 2a 89        	mv	s2, a0
   17d14: ae 84        	mv	s1, a1
   17d16: 32 84        	mv	s0, a2
   17d18: 19 c1        	beqz	a0, 0x17d1e <_putc_r+0x16>
   17d1a: 3c 49        	lw	a5, 0x50(a0)
   17d1c: b9 cf        	beqz	a5, 0x17d7a <_putc_r+0x72>
   17d1e: 83 27 04 0b  	lw	a5, 0xb0(s0)
   17d22: 85 8b        	andi	a5, a5, 0x1
   17d24: 91 e7        	bnez	a5, 0x17d30 <_putc_r+0x28>
   17d26: 83 57 04 01  	lhu	a5, 0x10(s0)
   17d2a: 93 f7 07 20  	andi	a5, a5, 0x200
   17d2e: a5 c3        	beqz	a5, 0x17d8e <_putc_r+0x86>
   17d30: 5c 44        	lw	a5, 0xc(s0)
   17d32: fd 37        	addiw	a5, a5, -0x1
   17d34: 5c c4        	sw	a5, 0xc(s0)
   17d36: 63 da 07 00  	bgez	a5, 0x17d4a <_putc_r+0x42>
   17d3a: 18 54        	lw	a4, 0x28(s0)
   17d3c: 63 c2 e7 04  	blt	a5, a4, 0x17d80 <_putc_r+0x78>
   17d40: 93 f7 f4 0f  	andi	a5, s1, 0xff
   17d44: 29 47        	li	a4, 0xa
   17d46: 63 8d e7 02  	beq	a5, a4, 0x17d80 <_putc_r+0x78>
   17d4a: 1c 60        	ld	a5, 0x0(s0)
   17d4c: 13 f9 f4 0f  	andi	s2, s1, 0xff
   17d50: 13 87 17 00  	addi	a4, a5, 0x1
   17d54: 18 e0        	sd	a4, 0x0(s0)
   17d56: 23 80 97 00  	sb	s1, 0x0(a5)
   17d5a: 83 27 04 0b  	lw	a5, 0xb0(s0)
   17d5e: 85 8b        	andi	a5, a5, 0x1
   17d60: 91 e7        	bnez	a5, 0x17d6c <_putc_r+0x64>
   17d62: 83 57 04 01  	lhu	a5, 0x10(s0)
   17d66: 93 f7 07 20  	andi	a5, a5, 0x200
   17d6a: 95 c7        	beqz	a5, 0x17d96 <_putc_r+0x8e>
   17d6c: e2 60        	ld	ra, 0x18(sp)
   17d6e: 42 64        	ld	s0, 0x10(sp)
   17d70: a2 64        	ld	s1, 0x8(sp)
   17d72: 4a 85        	mv	a0, s2
   17d74: 02 69        	ld	s2, 0x0(sp)
   17d76: 05 61        	addi	sp, sp, 0x20
   17d78: 82 80        	ret
   17d7a: ef b0 bf a5  	jal	0x137d4 <__sinit>
   17d7e: 45 b7        	j	0x17d1e <_putc_r+0x16>
   17d80: 4a 85        	mv	a0, s2
   17d82: a6 85        	mv	a1, s1
   17d84: 22 86        	mv	a2, s0
   17d86: ef 30 90 32  	jal	0x1b8ae <__swbuf_r>
   17d8a: 2a 89        	mv	s2, a0
   17d8c: f9 b7        	j	0x17d5a <_putc_r+0x52>
   17d8e: 48 70        	ld	a0, 0xa0(s0)
   17d90: ef e0 ff 80  	jal	0x1659e <__retarget_lock_acquire_recursive>
   17d94: 71 bf        	j	0x17d30 <_putc_r+0x28>
   17d96: 48 70        	ld	a0, 0xa0(s0)
   17d98: ef e0 3f 81  	jal	0x165aa <__retarget_lock_release_recursive>
   17d9c: e2 60        	ld	ra, 0x18(sp)
   17d9e: 42 64        	ld	s0, 0x10(sp)
   17da0: a2 64        	ld	s1, 0x8(sp)
   17da2: 4a 85        	mv	a0, s2
   17da4: 02 69        	ld	s2, 0x0(sp)
   17da6: 05 61        	addi	sp, sp, 0x20
   17da8: 82 80        	ret

0000000000017daa <putc>:
   17daa: 01 11        	addi	sp, sp, -0x20
   17dac: 4a e0        	sd	s2, 0x0(sp)
   17dae: 03 b9 81 70  	ld	s2, 0x708(gp)
   17db2: 22 e8        	sd	s0, 0x10(sp)
   17db4: 26 e4        	sd	s1, 0x8(sp)
   17db6: 06 ec        	sd	ra, 0x18(sp)
   17db8: aa 84        	mv	s1, a0
   17dba: 2e 84        	mv	s0, a1
   17dbc: 63 05 09 00  	beqz	s2, 0x17dc6 <putc+0x1c>
   17dc0: 83 27 09 05  	lw	a5, 0x50(s2)
   17dc4: b9 cf        	beqz	a5, 0x17e22 <putc+0x78>
   17dc6: 83 27 04 0b  	lw	a5, 0xb0(s0)
   17dca: 85 8b        	andi	a5, a5, 0x1
   17dcc: 91 e7        	bnez	a5, 0x17dd8 <putc+0x2e>
   17dce: 83 57 04 01  	lhu	a5, 0x10(s0)
   17dd2: 93 f7 07 20  	andi	a5, a5, 0x200
   17dd6: ad c3        	beqz	a5, 0x17e38 <putc+0x8e>
   17dd8: 5c 44        	lw	a5, 0xc(s0)
   17dda: fd 37        	addiw	a5, a5, -0x1
   17ddc: 5c c4        	sw	a5, 0xc(s0)
   17dde: 63 da 07 00  	bgez	a5, 0x17df2 <putc+0x48>
   17de2: 18 54        	lw	a4, 0x28(s0)
   17de4: 63 c3 e7 04  	blt	a5, a4, 0x17e2a <putc+0x80>
   17de8: 93 f7 f4 0f  	andi	a5, s1, 0xff
   17dec: 29 47        	li	a4, 0xa
   17dee: 63 8e e7 02  	beq	a5, a4, 0x17e2a <putc+0x80>
   17df2: 1c 60        	ld	a5, 0x0(s0)
   17df4: 13 f9 f4 0f  	andi	s2, s1, 0xff
   17df8: 13 87 17 00  	addi	a4, a5, 0x1
   17dfc: 18 e0        	sd	a4, 0x0(s0)
   17dfe: 23 80 97 00  	sb	s1, 0x0(a5)
   17e02: 83 27 04 0b  	lw	a5, 0xb0(s0)
   17e06: 85 8b        	andi	a5, a5, 0x1
   17e08: 91 e7        	bnez	a5, 0x17e14 <putc+0x6a>
   17e0a: 83 57 04 01  	lhu	a5, 0x10(s0)
   17e0e: 93 f7 07 20  	andi	a5, a5, 0x200
   17e12: 9d c7        	beqz	a5, 0x17e40 <putc+0x96>
   17e14: e2 60        	ld	ra, 0x18(sp)
   17e16: 42 64        	ld	s0, 0x10(sp)
   17e18: a2 64        	ld	s1, 0x8(sp)
   17e1a: 4a 85        	mv	a0, s2
   17e1c: 02 69        	ld	s2, 0x0(sp)
   17e1e: 05 61        	addi	sp, sp, 0x20
   17e20: 82 80        	ret
   17e22: 4a 85        	mv	a0, s2
   17e24: ef b0 1f 9b  	jal	0x137d4 <__sinit>
   17e28: 79 bf        	j	0x17dc6 <putc+0x1c>
   17e2a: 4a 85        	mv	a0, s2
   17e2c: a6 85        	mv	a1, s1
   17e2e: 22 86        	mv	a2, s0
   17e30: ef 30 f0 27  	jal	0x1b8ae <__swbuf_r>
   17e34: 2a 89        	mv	s2, a0
   17e36: f1 b7        	j	0x17e02 <putc+0x58>
   17e38: 48 70        	ld	a0, 0xa0(s0)
   17e3a: ef e0 4f f6  	jal	0x1659e <__retarget_lock_acquire_recursive>
   17e3e: 69 bf        	j	0x17dd8 <putc+0x2e>
   17e40: 48 70        	ld	a0, 0xa0(s0)
   17e42: ef e0 8f f6  	jal	0x165aa <__retarget_lock_release_recursive>
   17e46: e2 60        	ld	ra, 0x18(sp)
   17e48: 42 64        	ld	s0, 0x10(sp)
   17e4a: a2 64        	ld	s1, 0x8(sp)
   17e4c: 4a 85        	mv	a0, s2
   17e4e: 02 69        	ld	s2, 0x0(sp)
   17e50: 05 61        	addi	sp, sp, 0x20
   17e52: 82 80        	ret

0000000000017e54 <_realloc_r>:
   17e54: 5d 71        	addi	sp, sp, -0x50
   17e56: 4a f8        	sd	s2, 0x30(sp)
   17e58: 86 e4        	sd	ra, 0x48(sp)
   17e5a: 32 89        	mv	s2, a2
   17e5c: 63 84 05 16  	beqz	a1, 0x17fc4 <_realloc_r+0x170>
   17e60: a2 e0        	sd	s0, 0x40(sp)
   17e62: 26 fc        	sd	s1, 0x38(sp)
   17e64: 2e 84        	mv	s0, a1
   17e66: 4e f4        	sd	s3, 0x28(sp)
   17e68: 52 f0        	sd	s4, 0x20(sp)
   17e6a: 56 ec        	sd	s5, 0x18(sp)
   17e6c: aa 89        	mv	s3, a0
   17e6e: ef f0 af 96  	jal	0x16fd8 <__malloc_lock>
   17e72: 83 37 84 ff  	ld	a5, -0x8(s0)
   17e76: 93 04 79 01  	addi	s1, s2, 0x17
   17e7a: 13 07 e0 02  	li	a4, 0x2e
   17e7e: 13 fa c7 ff  	andi	s4, a5, -0x4
   17e82: 93 0a 04 ff  	addi	s5, s0, -0x10
   17e86: 63 74 97 0c  	bgeu	a4, s1, 0x17f4e <_realloc_r+0xfa>
   17e8a: 37 07 00 80  	lui	a4, 0x80000
   17e8e: c1 98        	andi	s1, s1, -0x10
   17e90: 13 47 f7 ff  	not	a4, a4
   17e94: 63 61 97 0c  	bltu	a4, s1, 0x17f56 <_realloc_r+0x102>
   17e98: 63 ef 24 0b  	bltu	s1, s2, 0x17f56 <_realloc_r+0x102>
   17e9c: 63 51 9a 0e  	bge	s4, s1, 0x17f7e <_realloc_r+0x12a>
   17ea0: 62 e0        	sd	s8, 0x0(sp)
   17ea2: 17 9c 00 00  	auipc	s8, 0x9
   17ea6: 13 0c 6c 8d  	addi	s8, s8, -0x72a
   17eaa: 03 36 0c 01  	ld	a2, 0x10(s8)
   17eae: b3 86 4a 01  	add	a3, s5, s4
   17eb2: 98 66        	ld	a4, 0x8(a3)
   17eb4: 63 0f d6 12  	beq	a2, a3, 0x17ff2 <_realloc_r+0x19e>
   17eb8: 13 76 e7 ff  	andi	a2, a4, -0x2
   17ebc: 36 96        	add	a2, a2, a3
   17ebe: 10 66        	ld	a2, 0x8(a2)
   17ec0: 05 8a        	andi	a2, a2, 0x1
   17ec2: 6d e6        	bnez	a2, 0x17fac <_realloc_r+0x158>
   17ec4: 71 9b        	andi	a4, a4, -0x4
   17ec6: 33 06 ea 00  	add	a2, s4, a4
   17eca: 63 54 96 0a  	bge	a2, s1, 0x17f72 <_realloc_r+0x11e>
   17ece: 85 8b        	andi	a5, a5, 0x1
   17ed0: 8d e7        	bnez	a5, 0x17efa <_realloc_r+0xa6>
   17ed2: 5e e4        	sd	s7, 0x8(sp)
   17ed4: 83 3b 04 ff  	ld	s7, -0x10(s0)
   17ed8: 5a e8        	sd	s6, 0x10(sp)
   17eda: b3 8b 7a 41  	sub	s7, s5, s7
   17ede: 83 b7 8b 00  	ld	a5, 0x8(s7)
   17ee2: f1 9b        	andi	a5, a5, -0x4
   17ee4: 3e 97        	add	a4, a4, a5
   17ee6: 33 0b 47 01  	add	s6, a4, s4
   17eea: 63 5c 9b 22  	bge	s6, s1, 0x18122 <_realloc_r+0x2ce>
   17eee: 33 0b fa 00  	add	s6, s4, a5
   17ef2: 63 57 9b 1c  	bge	s6, s1, 0x180c0 <_realloc_r+0x26c>
   17ef6: 42 6b        	ld	s6, 0x10(sp)
   17ef8: a2 6b        	ld	s7, 0x8(sp)
   17efa: ca 85        	mv	a1, s2
   17efc: 4e 85        	mv	a0, s3
   17efe: ef e0 9f 84  	jal	0x16746 <_malloc_r>
   17f02: 2a 89        	mv	s2, a0
   17f04: 63 0c 05 2c  	beqz	a0, 0x181dc <_realloc_r+0x388>
   17f08: 83 37 84 ff  	ld	a5, -0x8(s0)
   17f0c: 13 07 05 ff  	addi	a4, a0, -0x10
   17f10: f9 9b        	andi	a5, a5, -0x2
   17f12: d6 97        	add	a5, a5, s5
   17f14: 63 80 e7 1a  	beq	a5, a4, 0x180b4 <_realloc_r+0x260>
   17f18: 13 06 8a ff  	addi	a2, s4, -0x8
   17f1c: 93 07 80 04  	li	a5, 0x48
   17f20: 63 ed c7 1e  	bltu	a5, a2, 0x1811a <_realloc_r+0x2c6>
   17f24: 13 07 70 02  	li	a4, 0x27
   17f28: 63 69 c7 16  	bltu	a4, a2, 0x1809a <_realloc_r+0x246>
   17f2c: aa 87        	mv	a5, a0
   17f2e: 22 87        	mv	a4, s0
   17f30: 14 63        	ld	a3, 0x0(a4)
   17f32: 94 e3        	sd	a3, 0x0(a5)
   17f34: 14 67        	ld	a3, 0x8(a4)
   17f36: 94 e7        	sd	a3, 0x8(a5)
   17f38: 18 6b        	ld	a4, 0x10(a4)
   17f3a: 98 eb        	sd	a4, 0x10(a5)
   17f3c: a2 85        	mv	a1, s0
   17f3e: 4e 85        	mv	a0, s3
   17f40: ef b0 3f c4  	jal	0x13b82 <_free_r>
   17f44: 4e 85        	mv	a0, s3
   17f46: ef f0 af 89  	jal	0x16fe0 <__malloc_unlock>
   17f4a: 02 6c        	ld	s8, 0x0(sp)
   17f4c: 09 a8        	j	0x17f5e <_realloc_r+0x10a>
   17f4e: 93 04 00 02  	li	s1, 0x20
   17f52: e3 f5 24 f5  	bgeu	s1, s2, 0x17e9c <_realloc_r+0x48>
   17f56: b1 47        	li	a5, 0xc
   17f58: 23 a0 f9 00  	sw	a5, 0x0(s3)
   17f5c: 01 49        	li	s2, 0x0
   17f5e: 06 64        	ld	s0, 0x40(sp)
   17f60: a6 60        	ld	ra, 0x48(sp)
   17f62: e2 74        	ld	s1, 0x38(sp)
   17f64: a2 79        	ld	s3, 0x28(sp)
   17f66: 02 7a        	ld	s4, 0x20(sp)
   17f68: e2 6a        	ld	s5, 0x18(sp)
   17f6a: 4a 85        	mv	a0, s2
   17f6c: 42 79        	ld	s2, 0x30(sp)
   17f6e: 61 61        	addi	sp, sp, 0x50
   17f70: 82 80        	ret
   17f72: 9c 6e        	ld	a5, 0x18(a3)
   17f74: 98 6a        	ld	a4, 0x10(a3)
   17f76: 02 6c        	ld	s8, 0x0(sp)
   17f78: 32 8a        	mv	s4, a2
   17f7a: 1c ef        	sd	a5, 0x18(a4)
   17f7c: 98 eb        	sd	a4, 0x10(a5)
   17f7e: 83 b7 8a 00  	ld	a5, 0x8(s5)
   17f82: b3 06 9a 40  	sub	a3, s4, s1
   17f86: 7d 46        	li	a2, 0x1f
   17f88: 85 8b        	andi	a5, a5, 0x1
   17f8a: 33 87 4a 01  	add	a4, s5, s4
   17f8e: 63 61 d6 04  	bltu	a2, a3, 0x17fd0 <_realloc_r+0x17c>
   17f92: b3 e7 47 01  	or	a5, a5, s4
   17f96: 23 b4 fa 00  	sd	a5, 0x8(s5)
   17f9a: 1c 67        	ld	a5, 0x8(a4)
   17f9c: 93 e7 17 00  	ori	a5, a5, 0x1
   17fa0: 1c e7        	sd	a5, 0x8(a4)
   17fa2: 4e 85        	mv	a0, s3
   17fa4: ef f0 cf 83  	jal	0x16fe0 <__malloc_unlock>
   17fa8: 22 89        	mv	s2, s0
   17faa: 55 bf        	j	0x17f5e <_realloc_r+0x10a>
   17fac: 85 8b        	andi	a5, a5, 0x1
   17fae: b1 f7        	bnez	a5, 0x17efa <_realloc_r+0xa6>
   17fb0: 5e e4        	sd	s7, 0x8(sp)
   17fb2: 83 3b 04 ff  	ld	s7, -0x10(s0)
   17fb6: 5a e8        	sd	s6, 0x10(sp)
   17fb8: b3 8b 7a 41  	sub	s7, s5, s7
   17fbc: 83 b7 8b 00  	ld	a5, 0x8(s7)
   17fc0: f1 9b        	andi	a5, a5, -0x4
   17fc2: 35 b7        	j	0x17eee <_realloc_r+0x9a>
   17fc4: a6 60        	ld	ra, 0x48(sp)
   17fc6: 42 79        	ld	s2, 0x30(sp)
   17fc8: b2 85        	mv	a1, a2
   17fca: 61 61        	addi	sp, sp, 0x50
   17fcc: 6f e0 af f7  	j	0x16746 <_malloc_r>
   17fd0: c5 8f        	or	a5, a5, s1
   17fd2: 23 b4 fa 00  	sd	a5, 0x8(s5)
   17fd6: b3 85 9a 00  	add	a1, s5, s1
   17fda: 93 e6 16 00  	ori	a3, a3, 0x1
   17fde: 94 e5        	sd	a3, 0x8(a1)
   17fe0: 1c 67        	ld	a5, 0x8(a4)
   17fe2: c1 05        	addi	a1, a1, 0x10
   17fe4: 4e 85        	mv	a0, s3
   17fe6: 93 e7 17 00  	ori	a5, a5, 0x1
   17fea: 1c e7        	sd	a5, 0x8(a4)
   17fec: ef b0 7f b9  	jal	0x13b82 <_free_r>
   17ff0: 4d bf        	j	0x17fa2 <_realloc_r+0x14e>
   17ff2: 71 9b        	andi	a4, a4, -0x4
   17ff4: b3 06 47 01  	add	a3, a4, s4
   17ff8: 13 86 04 02  	addi	a2, s1, 0x20
   17ffc: 63 de c6 18  	bge	a3, a2, 0x18198 <_realloc_r+0x344>
   18000: 85 8b        	andi	a5, a5, 0x1
   18002: e3 9c 07 ee  	bnez	a5, 0x17efa <_realloc_r+0xa6>
   18006: 5e e4        	sd	s7, 0x8(sp)
   18008: 83 3b 04 ff  	ld	s7, -0x10(s0)
   1800c: 5a e8        	sd	s6, 0x10(sp)
   1800e: b3 8b 7a 41  	sub	s7, s5, s7
   18012: 83 b7 8b 00  	ld	a5, 0x8(s7)
   18016: f1 9b        	andi	a5, a5, -0x4
   18018: 3e 97        	add	a4, a4, a5
   1801a: 33 0b 47 01  	add	s6, a4, s4
   1801e: e3 48 cb ec  	blt	s6, a2, 0x17eee <_realloc_r+0x9a>
   18022: 83 b7 8b 01  	ld	a5, 0x18(s7)
   18026: 03 b7 0b 01  	ld	a4, 0x10(s7)
   1802a: 13 06 8a ff  	addi	a2, s4, -0x8
   1802e: 93 06 80 04  	li	a3, 0x48
   18032: 1c ef        	sd	a5, 0x18(a4)
   18034: 98 eb        	sd	a4, 0x10(a5)
   18036: 13 89 0b 01  	addi	s2, s7, 0x10
   1803a: 63 ee c6 1c  	bltu	a3, a2, 0x18216 <_realloc_r+0x3c2>
   1803e: 13 07 70 02  	li	a4, 0x27
   18042: ca 87        	mv	a5, s2
   18044: 63 7f c7 00  	bgeu	a4, a2, 0x18062 <_realloc_r+0x20e>
   18048: 18 60        	ld	a4, 0x0(s0)
   1804a: 93 07 70 03  	li	a5, 0x37
   1804e: 23 b8 eb 00  	sd	a4, 0x10(s7)
   18052: 18 64        	ld	a4, 0x8(s0)
   18054: 23 bc eb 00  	sd	a4, 0x18(s7)
   18058: 63 e0 c7 1e  	bltu	a5, a2, 0x18238 <_realloc_r+0x3e4>
   1805c: 41 04        	addi	s0, s0, 0x10
   1805e: 93 87 0b 02  	addi	a5, s7, 0x20
   18062: 18 60        	ld	a4, 0x0(s0)
   18064: 98 e3        	sd	a4, 0x0(a5)
   18066: 18 64        	ld	a4, 0x8(s0)
   18068: 98 e7        	sd	a4, 0x8(a5)
   1806a: 18 68        	ld	a4, 0x10(s0)
   1806c: 98 eb        	sd	a4, 0x10(a5)
   1806e: 33 87 9b 00  	add	a4, s7, s1
   18072: b3 07 9b 40  	sub	a5, s6, s1
   18076: 23 38 ec 00  	sd	a4, 0x10(s8)
   1807a: 93 e7 17 00  	ori	a5, a5, 0x1
   1807e: 1c e7        	sd	a5, 0x8(a4)
   18080: 83 b7 8b 00  	ld	a5, 0x8(s7)
   18084: 4e 85        	mv	a0, s3
   18086: 85 8b        	andi	a5, a5, 0x1
   18088: c5 8f        	or	a5, a5, s1
   1808a: 23 b4 fb 00  	sd	a5, 0x8(s7)
   1808e: ef e0 3f f5  	jal	0x16fe0 <__malloc_unlock>
   18092: 42 6b        	ld	s6, 0x10(sp)
   18094: a2 6b        	ld	s7, 0x8(sp)
   18096: 02 6c        	ld	s8, 0x0(sp)
   18098: d9 b5        	j	0x17f5e <_realloc_r+0x10a>
   1809a: 14 60        	ld	a3, 0x0(s0)
   1809c: 13 07 70 03  	li	a4, 0x37
   180a0: 14 e1        	sd	a3, 0x0(a0)
   180a2: 14 64        	ld	a3, 0x8(s0)
   180a4: 14 e5        	sd	a3, 0x8(a0)
   180a6: 63 6e c7 0c  	bltu	a4, a2, 0x18182 <_realloc_r+0x32e>
   180aa: 13 07 04 01  	addi	a4, s0, 0x10
   180ae: 93 07 05 01  	addi	a5, a0, 0x10
   180b2: bd bd        	j	0x17f30 <_realloc_r+0xdc>
   180b4: 83 37 85 ff  	ld	a5, -0x8(a0)
   180b8: 02 6c        	ld	s8, 0x0(sp)
   180ba: f1 9b        	andi	a5, a5, -0x4
   180bc: 3e 9a        	add	s4, s4, a5
   180be: c1 b5        	j	0x17f7e <_realloc_r+0x12a>
   180c0: 03 b7 8b 01  	ld	a4, 0x18(s7)
   180c4: 83 b6 0b 01  	ld	a3, 0x10(s7)
   180c8: 13 06 8a ff  	addi	a2, s4, -0x8
   180cc: 93 05 80 04  	li	a1, 0x48
   180d0: 98 ee        	sd	a4, 0x18(a3)
   180d2: 14 eb        	sd	a3, 0x10(a4)
   180d4: 13 89 0b 01  	addi	s2, s7, 0x10
   180d8: 63 e0 c5 0a  	bltu	a1, a2, 0x18178 <_realloc_r+0x324>
   180dc: 93 06 70 02  	li	a3, 0x27
   180e0: 4a 87        	mv	a4, s2
   180e2: 63 ff c6 00  	bgeu	a3, a2, 0x18100 <_realloc_r+0x2ac>
   180e6: 18 60        	ld	a4, 0x0(s0)
   180e8: 93 07 70 03  	li	a5, 0x37
   180ec: 23 b8 eb 00  	sd	a4, 0x10(s7)
   180f0: 18 64        	ld	a4, 0x8(s0)
   180f2: 23 bc eb 00  	sd	a4, 0x18(s7)
   180f6: 63 e6 c7 0c  	bltu	a5, a2, 0x181c2 <_realloc_r+0x36e>
   180fa: 41 04        	addi	s0, s0, 0x10
   180fc: 13 87 0b 02  	addi	a4, s7, 0x20
   18100: 14 60        	ld	a3, 0x0(s0)
   18102: 14 e3        	sd	a3, 0x0(a4)
   18104: 14 64        	ld	a3, 0x8(s0)
   18106: 14 e7        	sd	a3, 0x8(a4)
   18108: 14 68        	ld	a3, 0x10(s0)
   1810a: 14 eb        	sd	a3, 0x10(a4)
   1810c: 5a 8a        	mv	s4, s6
   1810e: de 8a        	mv	s5, s7
   18110: 42 6b        	ld	s6, 0x10(sp)
   18112: a2 6b        	ld	s7, 0x8(sp)
   18114: 02 6c        	ld	s8, 0x0(sp)
   18116: 4a 84        	mv	s0, s2
   18118: 9d b5        	j	0x17f7e <_realloc_r+0x12a>
   1811a: a2 85        	mv	a1, s0
   1811c: ef e0 7f dd  	jal	0x16ef2 <memmove>
   18120: 31 bd        	j	0x17f3c <_realloc_r+0xe8>
   18122: 9c 6e        	ld	a5, 0x18(a3)
   18124: 98 6a        	ld	a4, 0x10(a3)
   18126: 13 06 8a ff  	addi	a2, s4, -0x8
   1812a: 93 06 80 04  	li	a3, 0x48
   1812e: 1c ef        	sd	a5, 0x18(a4)
   18130: 98 eb        	sd	a4, 0x10(a5)
   18132: 03 b7 0b 01  	ld	a4, 0x10(s7)
   18136: 83 b7 8b 01  	ld	a5, 0x18(s7)
   1813a: 13 89 0b 01  	addi	s2, s7, 0x10
   1813e: 1c ef        	sd	a5, 0x18(a4)
   18140: 98 eb        	sd	a4, 0x10(a5)
   18142: 63 eb c6 02  	bltu	a3, a2, 0x18178 <_realloc_r+0x324>
   18146: 13 07 70 02  	li	a4, 0x27
   1814a: ca 87        	mv	a5, s2
   1814c: 63 7f c7 00  	bgeu	a4, a2, 0x1816a <_realloc_r+0x316>
   18150: 18 60        	ld	a4, 0x0(s0)
   18152: 93 07 70 03  	li	a5, 0x37
   18156: 23 b8 eb 00  	sd	a4, 0x10(s7)
   1815a: 18 64        	ld	a4, 0x8(s0)
   1815c: 23 bc eb 00  	sd	a4, 0x18(s7)
   18160: 63 ec c7 08  	bltu	a5, a2, 0x181f8 <_realloc_r+0x3a4>
   18164: 41 04        	addi	s0, s0, 0x10
   18166: 93 87 0b 02  	addi	a5, s7, 0x20
   1816a: 18 60        	ld	a4, 0x0(s0)
   1816c: 98 e3        	sd	a4, 0x0(a5)
   1816e: 18 64        	ld	a4, 0x8(s0)
   18170: 98 e7        	sd	a4, 0x8(a5)
   18172: 18 68        	ld	a4, 0x10(s0)
   18174: 98 eb        	sd	a4, 0x10(a5)
   18176: 59 bf        	j	0x1810c <_realloc_r+0x2b8>
   18178: a2 85        	mv	a1, s0
   1817a: 4a 85        	mv	a0, s2
   1817c: ef e0 7f d7  	jal	0x16ef2 <memmove>
   18180: 71 b7        	j	0x1810c <_realloc_r+0x2b8>
   18182: 18 68        	ld	a4, 0x10(s0)
   18184: 18 e9        	sd	a4, 0x10(a0)
   18186: 18 6c        	ld	a4, 0x18(s0)
   18188: 18 ed        	sd	a4, 0x18(a0)
   1818a: 63 0e f6 04  	beq	a2, a5, 0x181e6 <_realloc_r+0x392>
   1818e: 13 07 04 02  	addi	a4, s0, 0x20
   18192: 93 07 05 02  	addi	a5, a0, 0x20
   18196: 69 bb        	j	0x17f30 <_realloc_r+0xdc>
   18198: a6 9a        	add	s5, s5, s1
   1819a: b3 87 96 40  	sub	a5, a3, s1
   1819e: 23 38 5c 01  	sd	s5, 0x10(s8)
   181a2: 93 e7 17 00  	ori	a5, a5, 0x1
   181a6: 23 b4 fa 00  	sd	a5, 0x8(s5)
   181aa: 83 37 84 ff  	ld	a5, -0x8(s0)
   181ae: 4e 85        	mv	a0, s3
   181b0: 22 89        	mv	s2, s0
   181b2: 85 8b        	andi	a5, a5, 0x1
   181b4: c5 8f        	or	a5, a5, s1
   181b6: 23 3c f4 fe  	sd	a5, -0x8(s0)
   181ba: ef e0 7f e2  	jal	0x16fe0 <__malloc_unlock>
   181be: 02 6c        	ld	s8, 0x0(sp)
   181c0: 79 bb        	j	0x17f5e <_realloc_r+0x10a>
   181c2: 1c 68        	ld	a5, 0x10(s0)
   181c4: 23 b0 fb 02  	sd	a5, 0x20(s7)
   181c8: 1c 6c        	ld	a5, 0x18(s0)
   181ca: 23 b4 fb 02  	sd	a5, 0x28(s7)
   181ce: 63 09 b6 04  	beq	a2, a1, 0x18220 <_realloc_r+0x3cc>
   181d2: 13 04 04 02  	addi	s0, s0, 0x20
   181d6: 13 87 0b 03  	addi	a4, s7, 0x30
   181da: 1d b7        	j	0x18100 <_realloc_r+0x2ac>
   181dc: 4e 85        	mv	a0, s3
   181de: ef e0 3f e0  	jal	0x16fe0 <__malloc_unlock>
   181e2: 02 6c        	ld	s8, 0x0(sp)
   181e4: a5 bb        	j	0x17f5c <_realloc_r+0x108>
   181e6: 14 70        	ld	a3, 0x20(s0)
   181e8: 13 07 04 03  	addi	a4, s0, 0x30
   181ec: 93 07 05 03  	addi	a5, a0, 0x30
   181f0: 14 f1        	sd	a3, 0x20(a0)
   181f2: 14 74        	ld	a3, 0x28(s0)
   181f4: 14 f5        	sd	a3, 0x28(a0)
   181f6: 2d bb        	j	0x17f30 <_realloc_r+0xdc>
   181f8: 18 68        	ld	a4, 0x10(s0)
   181fa: 93 07 80 04  	li	a5, 0x48
   181fe: 23 b0 eb 02  	sd	a4, 0x20(s7)
   18202: 18 6c        	ld	a4, 0x18(s0)
   18204: 23 b4 eb 02  	sd	a4, 0x28(s7)
   18208: 63 05 f6 04  	beq	a2, a5, 0x18252 <_realloc_r+0x3fe>
   1820c: 13 04 04 02  	addi	s0, s0, 0x20
   18210: 93 87 0b 03  	addi	a5, s7, 0x30
   18214: 99 bf        	j	0x1816a <_realloc_r+0x316>
   18216: a2 85        	mv	a1, s0
   18218: 4a 85        	mv	a0, s2
   1821a: ef e0 9f cd  	jal	0x16ef2 <memmove>
   1821e: 81 bd        	j	0x1806e <_realloc_r+0x21a>
   18220: 1c 70        	ld	a5, 0x20(s0)
   18222: 13 87 0b 04  	addi	a4, s7, 0x40
   18226: 13 04 04 03  	addi	s0, s0, 0x30
   1822a: 23 b8 fb 02  	sd	a5, 0x30(s7)
   1822e: 83 37 84 ff  	ld	a5, -0x8(s0)
   18232: 23 bc fb 02  	sd	a5, 0x38(s7)
   18236: e9 b5        	j	0x18100 <_realloc_r+0x2ac>
   18238: 1c 68        	ld	a5, 0x10(s0)
   1823a: 23 b0 fb 02  	sd	a5, 0x20(s7)
   1823e: 1c 6c        	ld	a5, 0x18(s0)
   18240: 23 b4 fb 02  	sd	a5, 0x28(s7)
   18244: 63 03 d6 02  	beq	a2, a3, 0x1826a <_realloc_r+0x416>
   18248: 13 04 04 02  	addi	s0, s0, 0x20
   1824c: 93 87 0b 03  	addi	a5, s7, 0x30
   18250: 09 bd        	j	0x18062 <_realloc_r+0x20e>
   18252: 18 70        	ld	a4, 0x20(s0)
   18254: 93 87 0b 04  	addi	a5, s7, 0x40
   18258: 13 04 04 03  	addi	s0, s0, 0x30
   1825c: 23 b8 eb 02  	sd	a4, 0x30(s7)
   18260: 03 37 84 ff  	ld	a4, -0x8(s0)
   18264: 23 bc eb 02  	sd	a4, 0x38(s7)
   18268: 09 b7        	j	0x1816a <_realloc_r+0x316>
   1826a: 18 70        	ld	a4, 0x20(s0)
   1826c: 93 87 0b 04  	addi	a5, s7, 0x40
   18270: 13 04 04 03  	addi	s0, s0, 0x30
   18274: 23 b8 eb 02  	sd	a4, 0x30(s7)
   18278: 03 37 84 ff  	ld	a4, -0x8(s0)
   1827c: 23 bc eb 02  	sd	a4, 0x38(s7)
   18280: cd b3        	j	0x18062 <_realloc_r+0x20e>

0000000000018282 <cleanup_glue>:
   18282: 79 71        	addi	sp, sp, -0x30
   18284: 4a e8        	sd	s2, 0x10(sp)
   18286: 03 b9 05 00  	ld	s2, 0x0(a1)
   1828a: 22 f0        	sd	s0, 0x20(sp)
   1828c: 26 ec        	sd	s1, 0x18(sp)
   1828e: 06 f4        	sd	ra, 0x28(sp)
   18290: 2e 84        	mv	s0, a1
   18292: aa 84        	mv	s1, a0
   18294: 63 0f 09 02  	beqz	s2, 0x182d2 <cleanup_glue+0x50>
   18298: 4e e4        	sd	s3, 0x8(sp)
   1829a: 83 39 09 00  	ld	s3, 0x0(s2)
   1829e: 63 85 09 02  	beqz	s3, 0x182c8 <cleanup_glue+0x46>
   182a2: 52 e0        	sd	s4, 0x0(sp)
   182a4: 03 ba 09 00  	ld	s4, 0x0(s3)
   182a8: 63 0b 0a 00  	beqz	s4, 0x182be <cleanup_glue+0x3c>
   182ac: 83 35 0a 00  	ld	a1, 0x0(s4)
   182b0: 99 c1        	beqz	a1, 0x182b6 <cleanup_glue+0x34>
   182b2: ef f0 1f fd  	jal	0x18282 <cleanup_glue>
   182b6: d2 85        	mv	a1, s4
   182b8: 26 85        	mv	a0, s1
   182ba: ef b0 9f 8c  	jal	0x13b82 <_free_r>
   182be: ce 85        	mv	a1, s3
   182c0: 26 85        	mv	a0, s1
   182c2: ef b0 1f 8c  	jal	0x13b82 <_free_r>
   182c6: 02 6a        	ld	s4, 0x0(sp)
   182c8: ca 85        	mv	a1, s2
   182ca: 26 85        	mv	a0, s1
   182cc: ef b0 7f 8b  	jal	0x13b82 <_free_r>
   182d0: a2 69        	ld	s3, 0x8(sp)
   182d2: a2 85        	mv	a1, s0
   182d4: 02 74        	ld	s0, 0x20(sp)
   182d6: a2 70        	ld	ra, 0x28(sp)
   182d8: 42 69        	ld	s2, 0x10(sp)
   182da: 26 85        	mv	a0, s1
   182dc: e2 64        	ld	s1, 0x18(sp)
   182de: 45 61        	addi	sp, sp, 0x30
   182e0: 6f b0 3f 8a  	j	0x13b82 <_free_r>

00000000000182e4 <_reclaim_reent>:
   182e4: 83 b7 81 70  	ld	a5, 0x708(gp)
   182e8: 63 84 a7 0a  	beq	a5, a0, 0x18390 <_reclaim_reent+0xac>
   182ec: 2c 7d        	ld	a1, 0x78(a0)
   182ee: 79 71        	addi	sp, sp, -0x30
   182f0: 26 ec        	sd	s1, 0x18(sp)
   182f2: 06 f4        	sd	ra, 0x28(sp)
   182f4: 22 f0        	sd	s0, 0x20(sp)
   182f6: 4a e8        	sd	s2, 0x10(sp)
   182f8: aa 84        	mv	s1, a0
   182fa: 9d c5        	beqz	a1, 0x18328 <_reclaim_reent+0x44>
   182fc: 4e e4        	sd	s3, 0x8(sp)
   182fe: 01 49        	li	s2, 0x0
   18300: 93 09 00 20  	li	s3, 0x200
   18304: b3 87 25 01  	add	a5, a1, s2
   18308: 80 63        	ld	s0, 0x0(a5)
   1830a: 01 c8        	beqz	s0, 0x1831a <_reclaim_reent+0x36>
   1830c: a2 85        	mv	a1, s0
   1830e: 00 60        	ld	s0, 0x0(s0)
   18310: 26 85        	mv	a0, s1
   18312: ef b0 1f 87  	jal	0x13b82 <_free_r>
   18316: 7d f8        	bnez	s0, 0x1830c <_reclaim_reent+0x28>
   18318: ac 7c        	ld	a1, 0x78(s1)
   1831a: 21 09        	addi	s2, s2, 0x8
   1831c: e3 14 39 ff  	bne	s2, s3, 0x18304 <_reclaim_reent+0x20>
   18320: 26 85        	mv	a0, s1
   18322: ef b0 1f 86  	jal	0x13b82 <_free_r>
   18326: a2 69        	ld	s3, 0x8(sp)
   18328: ac 70        	ld	a1, 0x60(s1)
   1832a: 81 c5        	beqz	a1, 0x18332 <_reclaim_reent+0x4e>
   1832c: 26 85        	mv	a0, s1
   1832e: ef b0 5f 85  	jal	0x13b82 <_free_r>
   18332: 03 b4 84 1f  	ld	s0, 0x1f8(s1)
   18336: 01 cc        	beqz	s0, 0x1834e <_reclaim_reent+0x6a>
   18338: 13 89 04 20  	addi	s2, s1, 0x200
   1833c: 63 09 24 01  	beq	s0, s2, 0x1834e <_reclaim_reent+0x6a>
   18340: a2 85        	mv	a1, s0
   18342: 00 60        	ld	s0, 0x0(s0)
   18344: 26 85        	mv	a0, s1
   18346: ef b0 df 83  	jal	0x13b82 <_free_r>
   1834a: e3 1b 89 fe  	bne	s2, s0, 0x18340 <_reclaim_reent+0x5c>
   1834e: cc 64        	ld	a1, 0x88(s1)
   18350: 81 c5        	beqz	a1, 0x18358 <_reclaim_reent+0x74>
   18352: 26 85        	mv	a0, s1
   18354: ef b0 ff 82  	jal	0x13b82 <_free_r>
   18358: bc 48        	lw	a5, 0x50(s1)
   1835a: 8d c7        	beqz	a5, 0x18384 <_reclaim_reent+0xa0>
   1835c: bc 6c        	ld	a5, 0x58(s1)
   1835e: 26 85        	mv	a0, s1
   18360: 82 97        	jalr	a5
   18362: 03 b4 04 52  	ld	s0, 0x520(s1)
   18366: 19 cc        	beqz	s0, 0x18384 <_reclaim_reent+0xa0>
   18368: 0c 60        	ld	a1, 0x0(s0)
   1836a: 81 c5        	beqz	a1, 0x18372 <_reclaim_reent+0x8e>
   1836c: 26 85        	mv	a0, s1
   1836e: ef f0 5f f1  	jal	0x18282 <cleanup_glue>
   18372: a2 85        	mv	a1, s0
   18374: 02 74        	ld	s0, 0x20(sp)
   18376: a2 70        	ld	ra, 0x28(sp)
   18378: 42 69        	ld	s2, 0x10(sp)
   1837a: 26 85        	mv	a0, s1
   1837c: e2 64        	ld	s1, 0x18(sp)
   1837e: 45 61        	addi	sp, sp, 0x30
   18380: 6f b0 3f 80  	j	0x13b82 <_free_r>
   18384: a2 70        	ld	ra, 0x28(sp)
   18386: 02 74        	ld	s0, 0x20(sp)
   18388: e2 64        	ld	s1, 0x18(sp)
   1838a: 42 69        	ld	s2, 0x10(sp)
   1838c: 45 61        	addi	sp, sp, 0x30
   1838e: 82 80        	ret
   18390: 82 80        	ret

0000000000018392 <frexp>:
   18392: d3 07 05 e2  	fmv.x.d	a5, fa0
   18396: 37 06 00 80  	lui	a2, 0x80000
   1839a: 13 46 f6 ff  	not	a2, a2
   1839e: 93 d6 07 42  	srai	a3, a5, 0x20
   183a2: 23 20 05 00  	sw	zero, 0x0(a0)
   183a6: 33 f7 c6 00  	and	a4, a3, a2
   183aa: b7 05 f0 7f  	lui	a1, 0x7ff00
   183ae: 63 7b b7 02  	bgeu	a4, a1, 0x183e4 <frexp+0x52>
   183b2: 33 68 f7 00  	or	a6, a4, a5
   183b6: 01 28        	sext.w	a6, a6
   183b8: 63 06 08 02  	beqz	a6, 0x183e4 <frexp+0x52>
   183bc: f5 8d        	and	a1, a1, a3
   183be: 95 c5        	beqz	a1, 0x183ea <frexp+0x58>
   183c0: 81 45        	li	a1, 0x0
   183c2: 37 06 10 80  	lui	a2, 0x80100
   183c6: 7d 16        	addi	a2, a2, -0x1
   183c8: f1 8e        	and	a3, a3, a2
   183ca: 1b 57 47 41  	sraiw	a4, a4, 0x14
   183ce: 37 06 e0 3f  	lui	a2, 0x3fe00
   183d2: 82 17        	slli	a5, a5, 0x20
   183d4: 1b 07 27 c0  	addiw	a4, a4, -0x3fe
   183d8: d1 8e        	or	a3, a3, a2
   183da: 81 93        	srli	a5, a5, 0x20
   183dc: 2d 9f        	addw	a4, a4, a1
   183de: 82 16        	slli	a3, a3, 0x20
   183e0: 18 c1        	sw	a4, 0x0(a0)
   183e2: d5 8f        	or	a5, a5, a3
   183e4: 53 85 07 f2  	fmv.d.x	fa0, a5
   183e8: 82 80        	ret
   183ea: 17 97 00 00  	auipc	a4, 0x9
   183ee: 87 37 67 d6  	fld	fa5, -0x29a(a4)
   183f2: 93 05 a0 fc  	li	a1, -0x36
   183f6: d3 77 f5 12  	fmul.d	fa5, fa0, fa5
   183fa: d3 87 07 e2  	fmv.x.d	a5, fa5
   183fe: 93 d6 07 42  	srai	a3, a5, 0x20
   18402: 33 f7 c6 00  	and	a4, a3, a2
   18406: 75 bf        	j	0x183c2 <frexp+0x30>

0000000000018408 <_sbrk_r>:
   18408: 41 11        	addi	sp, sp, -0x10
   1840a: 22 e0        	sd	s0, 0x0(sp)
   1840c: 2a 84        	mv	s0, a0
   1840e: 2e 85        	mv	a0, a1
   18410: 23 a4 01 78  	sw	zero, 0x788(gp)
   18414: 06 e4        	sd	ra, 0x8(sp)
   18416: ef 50 80 3a  	jal	0x1d7be <_sbrk>
   1841a: fd 57        	li	a5, -0x1
   1841c: 63 06 f5 00  	beq	a0, a5, 0x18428 <_sbrk_r+0x20>
   18420: a2 60        	ld	ra, 0x8(sp)
   18422: 02 64        	ld	s0, 0x0(sp)
   18424: 41 01        	addi	sp, sp, 0x10
   18426: 82 80        	ret
   18428: 83 a7 81 78  	lw	a5, 0x788(gp)
   1842c: f5 db        	beqz	a5, 0x18420 <_sbrk_r+0x18>
   1842e: a2 60        	ld	ra, 0x8(sp)
   18430: 1c c0        	sw	a5, 0x0(s0)
   18432: 02 64        	ld	s0, 0x0(sp)
   18434: 41 01        	addi	sp, sp, 0x10
   18436: 82 80        	ret

0000000000018438 <_sprintf_r>:
   18438: 11 71        	addi	sp, sp, -0x100
   1843a: 13 0f 81 0d  	addi	t5, sp, 0xd8
   1843e: 37 03 00 80  	lui	t1, 0x80000
   18442: c1 7e        	lui	t4, 0xffff0
   18444: 2e 8e        	mv	t3, a1
   18446: b6 ed        	sd	a3, 0xd8(sp)
   18448: 7d 13        	addi	t1, t1, -0x1
   1844a: 93 8e 8e 20  	addi	t4, t4, 0x208
   1844e: 2c 00        	addi	a1, sp, 0x8
   18450: fa 86        	mv	a3, t5
   18452: 86 e5        	sd	ra, 0xc8(sp)
   18454: be f5        	sd	a5, 0xe8(sp)
   18456: 72 e4        	sd	t3, 0x8(sp)
   18458: 72 f0        	sd	t3, 0x20(sp)
   1845a: ba f1        	sd	a4, 0xe0(sp)
   1845c: c2 f9        	sd	a6, 0xf0(sp)
   1845e: c6 fd        	sd	a7, 0xf8(sp)
   18460: 1a ca        	sw	t1, 0x14(sp)
   18462: 1a d4        	sw	t1, 0x28(sp)
   18464: 76 cc        	sw	t4, 0x18(sp)
   18466: 7a e0        	sd	t5, 0x0(sp)
   18468: ef 00 a0 25  	jal	0x186c2 <_svfprintf_r>
   1846c: a2 67        	ld	a5, 0x8(sp)
   1846e: 23 80 07 00  	sb	zero, 0x0(a5)
   18472: ae 60        	ld	ra, 0xc8(sp)
   18474: 11 61        	addi	sp, sp, 0x100
   18476: 82 80        	ret

0000000000018478 <sprintf>:
   18478: 11 71        	addi	sp, sp, -0x100
   1847a: 2a 8e        	mv	t3, a0
   1847c: 03 b5 81 70  	ld	a0, 0x708(gp)
   18480: 13 0f 01 0d  	addi	t5, sp, 0xd0
   18484: 37 03 00 80  	lui	t1, 0x80000
   18488: c1 7e        	lui	t4, 0xffff0
   1848a: b2 e9        	sd	a2, 0xd0(sp)
   1848c: b6 ed        	sd	a3, 0xd8(sp)
   1848e: 7d 13        	addi	t1, t1, -0x1
   18490: 2e 86        	mv	a2, a1
   18492: 93 8e 8e 20  	addi	t4, t4, 0x208
   18496: 2c 00        	addi	a1, sp, 0x8
   18498: fa 86        	mv	a3, t5
   1849a: 86 e5        	sd	ra, 0xc8(sp)
   1849c: be f5        	sd	a5, 0xe8(sp)
   1849e: 72 e4        	sd	t3, 0x8(sp)
   184a0: 72 f0        	sd	t3, 0x20(sp)
   184a2: ba f1        	sd	a4, 0xe0(sp)
   184a4: c2 f9        	sd	a6, 0xf0(sp)
   184a6: c6 fd        	sd	a7, 0xf8(sp)
   184a8: 1a ca        	sw	t1, 0x14(sp)
   184aa: 1a d4        	sw	t1, 0x28(sp)
   184ac: 76 cc        	sw	t4, 0x18(sp)
   184ae: 7a e0        	sd	t5, 0x0(sp)
   184b0: ef 00 20 21  	jal	0x186c2 <_svfprintf_r>
   184b4: a2 67        	ld	a5, 0x8(sp)
   184b6: 23 80 07 00  	sb	zero, 0x0(a5)
   184ba: ae 60        	ld	ra, 0xc8(sp)
   184bc: 11 61        	addi	sp, sp, 0x100
   184be: 82 80        	ret

00000000000184c0 <__sread>:
   184c0: 41 11        	addi	sp, sp, -0x10
   184c2: 22 e0        	sd	s0, 0x0(sp)
   184c4: 2e 84        	mv	s0, a1
   184c6: 83 95 25 01  	lh	a1, 0x12(a1)
   184ca: 06 e4        	sd	ra, 0x8(sp)
   184cc: ef 30 30 39  	jal	0x1c05e <_read_r>
   184d0: 63 49 05 00  	bltz	a0, 0x184e2 <__sread+0x22>
   184d4: 5c 68        	ld	a5, 0x90(s0)
   184d6: a2 60        	ld	ra, 0x8(sp)
   184d8: aa 97        	add	a5, a5, a0
   184da: 5c e8        	sd	a5, 0x90(s0)
   184dc: 02 64        	ld	s0, 0x0(sp)
   184de: 41 01        	addi	sp, sp, 0x10
   184e0: 82 80        	ret
   184e2: 83 57 04 01  	lhu	a5, 0x10(s0)
   184e6: 7d 77        	lui	a4, 0xfffff
   184e8: 7d 17        	addi	a4, a4, -0x1
   184ea: f9 8f        	and	a5, a5, a4
   184ec: a2 60        	ld	ra, 0x8(sp)
   184ee: 23 18 f4 00  	sh	a5, 0x10(s0)
   184f2: 02 64        	ld	s0, 0x0(sp)
   184f4: 41 01        	addi	sp, sp, 0x10
   184f6: 82 80        	ret

00000000000184f8 <__seofread>:
   184f8: 01 45        	li	a0, 0x0
   184fa: 82 80        	ret

00000000000184fc <__swrite>:
   184fc: 83 97 05 01  	lh	a5, 0x10(a1)
   18500: 79 71        	addi	sp, sp, -0x30
   18502: 22 f0        	sd	s0, 0x20(sp)
   18504: 26 ec        	sd	s1, 0x18(sp)
   18506: 4a e8        	sd	s2, 0x10(sp)
   18508: 4e e4        	sd	s3, 0x8(sp)
   1850a: 06 f4        	sd	ra, 0x28(sp)
   1850c: 13 f7 07 10  	andi	a4, a5, 0x100
   18510: 2e 84        	mv	s0, a1
   18512: 32 89        	mv	s2, a2
   18514: b6 89        	mv	s3, a3
   18516: aa 84        	mv	s1, a0
   18518: 1d e3        	bnez	a4, 0x1853e <__swrite+0x42>
   1851a: 7d 77        	lui	a4, 0xfffff
   1851c: 7d 17        	addi	a4, a4, -0x1
   1851e: f9 8f        	and	a5, a5, a4
   18520: 83 15 24 01  	lh	a1, 0x12(s0)
   18524: 23 18 f4 00  	sh	a5, 0x10(s0)
   18528: 02 74        	ld	s0, 0x20(sp)
   1852a: a2 70        	ld	ra, 0x28(sp)
   1852c: ce 86        	mv	a3, s3
   1852e: 4a 86        	mv	a2, s2
   18530: a2 69        	ld	s3, 0x8(sp)
   18532: 42 69        	ld	s2, 0x10(sp)
   18534: 26 85        	mv	a0, s1
   18536: e2 64        	ld	s1, 0x18(sp)
   18538: 45 61        	addi	sp, sp, 0x30
   1853a: 6f 30 60 48  	j	0x1b9c0 <_write_r>
   1853e: 83 95 25 01  	lh	a1, 0x12(a1)
   18542: 89 46        	li	a3, 0x2
   18544: 01 46        	li	a2, 0x0
   18546: ef 30 d0 29  	jal	0x1bfe2 <_lseek_r>
   1854a: 83 17 04 01  	lh	a5, 0x10(s0)
   1854e: f1 b7        	j	0x1851a <__swrite+0x1e>

0000000000018550 <__sseek>:
   18550: 41 11        	addi	sp, sp, -0x10
   18552: 22 e0        	sd	s0, 0x0(sp)
   18554: 2e 84        	mv	s0, a1
   18556: 83 95 25 01  	lh	a1, 0x12(a1)
   1855a: 06 e4        	sd	ra, 0x8(sp)
   1855c: ef 30 70 28  	jal	0x1bfe2 <_lseek_r>
   18560: 7d 57        	li	a4, -0x1
   18562: 83 17 04 01  	lh	a5, 0x10(s0)
   18566: 63 0b e5 00  	beq	a0, a4, 0x1857c <__sseek+0x2c>
   1856a: 05 67        	lui	a4, 0x1
   1856c: d9 8f        	or	a5, a5, a4
   1856e: a2 60        	ld	ra, 0x8(sp)
   18570: 48 e8        	sd	a0, 0x90(s0)
   18572: 23 18 f4 00  	sh	a5, 0x10(s0)
   18576: 02 64        	ld	s0, 0x0(sp)
   18578: 41 01        	addi	sp, sp, 0x10
   1857a: 82 80        	ret
   1857c: 7d 77        	lui	a4, 0xfffff
   1857e: 7d 17        	addi	a4, a4, -0x1
   18580: f9 8f        	and	a5, a5, a4
   18582: a2 60        	ld	ra, 0x8(sp)
   18584: 23 18 f4 00  	sh	a5, 0x10(s0)
   18588: 02 64        	ld	s0, 0x0(sp)
   1858a: 41 01        	addi	sp, sp, 0x10
   1858c: 82 80        	ret

000000000001858e <__sclose>:
   1858e: 83 95 25 01  	lh	a1, 0x12(a1)
   18592: 6f 30 a0 5d  	j	0x1bb6c <_close_r>
   18596: 00 00        	unimp

0000000000018598 <strcpy>:
   18598: b3 67 b5 00  	or	a5, a0, a1
   1859c: 9d 8b        	andi	a5, a5, 0x7
   1859e: d9 e3        	bnez	a5, 0x18624 <strcpy+0x8c>
   185a0: b7 87 7f 7f  	lui	a5, 0x7f7f8
   185a4: 93 87 f7 f7  	addi	a5, a5, -0x81
   185a8: 98 61        	ld	a4, 0x0(a1)
   185aa: 93 96 07 02  	slli	a3, a5, 0x20
   185ae: be 96        	add	a3, a3, a5
   185b0: 33 78 d7 00  	and	a6, a4, a3
   185b4: 36 98        	add	a6, a6, a3
   185b6: 33 68 e8 00  	or	a6, a6, a4
   185ba: 33 68 d8 00  	or	a6, a6, a3
   185be: fd 57        	li	a5, -0x1
   185c0: 2a 86        	mv	a2, a0
   185c2: 63 1d f8 00  	bne	a6, a5, 0x185dc <strcpy+0x44>
   185c6: a1 05        	addi	a1, a1, 0x8
   185c8: 18 e2        	sd	a4, 0x0(a2)
   185ca: 98 61        	ld	a4, 0x0(a1)
   185cc: 21 06        	addi	a2, a2, 0x8
   185ce: b3 77 d7 00  	and	a5, a4, a3
   185d2: b6 97        	add	a5, a5, a3
   185d4: d9 8f        	or	a5, a5, a4
   185d6: d5 8f        	or	a5, a5, a3
   185d8: e3 87 07 ff  	beq	a5, a6, 0x185c6 <strcpy+0x2e>
   185dc: 83 c7 05 00  	lbu	a5, 0x0(a1)
   185e0: 03 c7 15 00  	lbu	a4, 0x1(a1)
   185e4: 83 c6 25 00  	lbu	a3, 0x2(a1)
   185e8: 23 00 f6 00  	sb	a5, 0x0(a2)
   185ec: 9d cb        	beqz	a5, 0x18622 <strcpy+0x8a>
   185ee: a3 00 e6 00  	sb	a4, 0x1(a2)
   185f2: 05 cb        	beqz	a4, 0x18622 <strcpy+0x8a>
   185f4: 83 c7 35 00  	lbu	a5, 0x3(a1)
   185f8: 23 01 d6 00  	sb	a3, 0x2(a2)
   185fc: 9d c2        	beqz	a3, 0x18622 <strcpy+0x8a>
   185fe: 03 c7 45 00  	lbu	a4, 0x4(a1)
   18602: a3 01 f6 00  	sb	a5, 0x3(a2)
   18606: 91 cf        	beqz	a5, 0x18622 <strcpy+0x8a>
   18608: 83 c7 55 00  	lbu	a5, 0x5(a1)
   1860c: 23 02 e6 00  	sb	a4, 0x4(a2)
   18610: 09 cb        	beqz	a4, 0x18622 <strcpy+0x8a>
   18612: 03 c7 65 00  	lbu	a4, 0x6(a1)
   18616: a3 02 f6 00  	sb	a5, 0x5(a2)
   1861a: 81 c7        	beqz	a5, 0x18622 <strcpy+0x8a>
   1861c: 23 03 e6 00  	sb	a4, 0x6(a2)
   18620: 19 eb        	bnez	a4, 0x18636 <strcpy+0x9e>
   18622: 82 80        	ret
   18624: aa 87        	mv	a5, a0
   18626: 03 c7 05 00  	lbu	a4, 0x0(a1)
   1862a: 85 07        	addi	a5, a5, 0x1
   1862c: 85 05        	addi	a1, a1, 0x1
   1862e: a3 8f e7 fe  	sb	a4, -0x1(a5)
   18632: 75 fb        	bnez	a4, 0x18626 <strcpy+0x8e>
   18634: 82 80        	ret
   18636: a3 03 06 00  	sb	zero, 0x7(a2)
   1863a: 82 80        	ret
   1863c: 00 00        	unimp

000000000001863e <strncpy>:
   1863e: b3 e7 a5 00  	or	a5, a1, a0
   18642: 9d 8b        	andi	a5, a5, 0x7
   18644: 81 e7        	bnez	a5, 0x1864c <strncpy+0xe>
   18646: 9d 48        	li	a7, 0x7
   18648: 63 ef c8 02  	bltu	a7, a2, 0x18686 <strncpy+0x48>
   1864c: aa 87        	mv	a5, a0
   1864e: b3 88 c5 00  	add	a7, a1, a2
   18652: 2e 87        	mv	a4, a1
   18654: 09 a8        	j	0x18666 <strncpy+0x28>
   18656: 83 46 07 00  	lbu	a3, 0x0(a4)
   1865a: 13 08 17 00  	addi	a6, a4, 0x1
   1865e: a3 8f d7 fe  	sb	a3, -0x1(a5)
   18662: 91 c6        	beqz	a3, 0x1866e <strncpy+0x30>
   18664: 42 87        	mv	a4, a6
   18666: 85 07        	addi	a5, a5, 0x1
   18668: e3 17 17 ff  	bne	a4, a7, 0x18656 <strncpy+0x18>
   1866c: 82 80        	ret
   1866e: 7d 16        	addi	a2, a2, -0x1
   18670: b2 95        	add	a1, a1, a2
   18672: 99 8d        	sub	a1, a1, a4
   18674: 33 87 b7 00  	add	a4, a5, a1
   18678: a1 c5        	beqz	a1, 0x186c0 <strncpy+0x82>
   1867a: 85 07        	addi	a5, a5, 0x1
   1867c: a3 8f 07 fe  	sb	zero, -0x1(a5)
   18680: e3 9d e7 fe  	bne	a5, a4, 0x1867a <strncpy+0x3c>
   18684: 82 80        	ret
   18686: b7 07 ff fe  	lui	a5, 0xfeff0
   1868a: 93 87 f7 ef  	addi	a5, a5, -0x101
   1868e: 17 9e 00 00  	auipc	t3, 0x9
   18692: 03 3e ae aa  	ld	t3, -0x556(t3)
   18696: 13 93 07 02  	slli	t1, a5, 0x20
   1869a: 3e 93        	add	t1, t1, a5
   1869c: aa 87        	mv	a5, a0
   1869e: 94 61        	ld	a3, 0x0(a1)
   186a0: 33 87 66 00  	add	a4, a3, t1
   186a4: 13 c8 f6 ff  	not	a6, a3
   186a8: 33 77 07 01  	and	a4, a4, a6
   186ac: 33 77 c7 01  	and	a4, a4, t3
   186b0: 59 ff        	bnez	a4, 0x1864e <strncpy+0x10>
   186b2: 61 16        	addi	a2, a2, -0x8
   186b4: 94 e3        	sd	a3, 0x0(a5)
   186b6: a1 07        	addi	a5, a5, 0x8
   186b8: a1 05        	addi	a1, a1, 0x8
   186ba: e3 e2 c8 fe  	bltu	a7, a2, 0x1869e <strncpy+0x60>
   186be: 41 bf        	j	0x1864e <strncpy+0x10>
   186c0: 82 80        	ret

00000000000186c2 <_svfprintf_r>:
   186c2: 13 01 01 db  	addi	sp, sp, -0x250
   186c6: 23 34 11 24  	sd	ra, 0x248(sp)
   186ca: 23 30 81 24  	sd	s0, 0x240(sp)
   186ce: 23 30 81 21  	sd	s8, 0x200(sp)
   186d2: 2e 84        	mv	s0, a1
   186d4: 2e e8        	sd	a1, 0x10(sp)
   186d6: 32 8c        	mv	s8, a2
   186d8: 36 f4        	sd	a3, 0x28(sp)
   186da: 2a e4        	sd	a0, 0x8(sp)
   186dc: ef d0 df ea  	jal	0x16588 <_localeconv_r>
   186e0: 1c 61        	ld	a5, 0x0(a0)
   186e2: 3e 85        	mv	a0, a5
   186e4: be ec        	sd	a5, 0x58(sp)
   186e6: ef 80 af ff  	jal	0x10ee0 <strlen>
   186ea: 03 57 04 01  	lhu	a4, 0x10(s0)
   186ee: 82 e9        	sd	zero, 0xd0(sp)
   186f0: 82 ed        	sd	zero, 0xd8(sp)
   186f2: 13 77 07 08  	andi	a4, a4, 0x80
   186f6: aa e8        	sd	a0, 0x50(sp)
   186f8: 09 c7        	beqz	a4, 0x18702 <_svfprintf_r+0x40>
   186fa: 18 6c        	ld	a4, 0x18(s0)
   186fc: 19 e3        	bnez	a4, 0x18702 <_svfprintf_r+0x40>
   186fe: 6f 00 b0 7a  	j	0x196a8 <_svfprintf_r+0xfe6>
   18702: 23 3c 91 22  	sd	s1, 0x238(sp)
   18706: 23 38 21 23  	sd	s2, 0x230(sp)
   1870a: 23 34 31 23  	sd	s3, 0x228(sp)
   1870e: 23 30 41 23  	sd	s4, 0x220(sp)
   18712: 23 3c 51 21  	sd	s5, 0x218(sp)
   18716: 23 38 61 21  	sd	s6, 0x210(sp)
   1871a: 23 34 71 21  	sd	s7, 0x208(sp)
   1871e: e6 ff        	sd	s9, 0x1f8(sp)
   18720: ea fb        	sd	s10, 0x1f0(sp)
   18722: ee f7        	sd	s11, 0x1e8(sp)
   18724: e2 8b        	mv	s7, s8
   18726: 03 c7 0b 00  	lbu	a4, 0x0(s7)
   1872a: 93 09 01 16  	addi	s3, sp, 0x160
   1872e: 82 f9        	sd	zero, 0xf0(sp)
   18730: 82 d5        	sw	zero, 0xe8(sp)
   18732: ce f1        	sd	s3, 0xe0(sp)
   18734: 02 fc        	sd	zero, 0x38(sp)
   18736: 82 f0        	sd	zero, 0x60(sp)
   18738: 82 f8        	sd	zero, 0x70(sp)
   1873a: 82 fc        	sd	zero, 0x78(sp)
   1873c: 82 f4        	sd	zero, 0x68(sp)
   1873e: 02 ec        	sd	zero, 0x18(sp)
   18740: 13 04 50 02  	li	s0, 0x25
   18744: c1 44        	li	s1, 0x10
   18746: 4e 89        	mv	s2, s3
   18748: 63 08 07 18  	beqz	a4, 0x188d8 <_svfprintf_r+0x216>
   1874c: de 8a        	mv	s5, s7
   1874e: 63 02 87 1e  	beq	a4, s0, 0x18932 <_svfprintf_r+0x270>
   18752: 03 c7 1a 00  	lbu	a4, 0x1(s5)
   18756: 85 0a        	addi	s5, s5, 0x1
   18758: 7d fb        	bnez	a4, 0x1874e <_svfprintf_r+0x8c>
   1875a: 3b 8a 7a 41  	subw	s4, s5, s7
   1875e: 63 0d 0a 16  	beqz	s4, 0x188d8 <_svfprintf_r+0x216>
   18762: ce 76        	ld	a3, 0xf0(sp)
   18764: 2e 57        	lw	a4, 0xe8(sp)
   18766: 23 30 79 01  	sd	s7, 0x0(s2)
   1876a: d2 96        	add	a3, a3, s4
   1876c: 05 27        	addiw	a4, a4, 0x1
   1876e: 23 34 49 01  	sd	s4, 0x8(s2)
   18772: b6 f9        	sd	a3, 0xf0(sp)
   18774: ba d5        	sw	a4, 0xe8(sp)
   18776: 9d 46        	li	a3, 0x7
   18778: 41 09        	addi	s2, s2, 0x10
   1877a: 63 c3 e6 1c  	blt	a3, a4, 0x18940 <_svfprintf_r+0x27e>
   1877e: e2 67        	ld	a5, 0x18(sp)
   18780: 03 c7 0a 00  	lbu	a4, 0x0(s5)
   18784: bb 87 47 01  	addw	a5, a5, s4
   18788: 3e ec        	sd	a5, 0x18(sp)
   1878a: 63 07 07 14  	beqz	a4, 0x188d8 <_svfprintf_r+0x216>
   1878e: 7d 53        	li	t1, -0x1
   18790: 03 ce 1a 00  	lbu	t3, 0x1(s5)
   18794: a3 07 01 0a  	sb	zero, 0xaf(sp)
   18798: 85 0a        	addi	s5, s5, 0x1
   1879a: 81 4c        	li	s9, 0x0
   1879c: 01 4b        	li	s6, 0x0
   1879e: 13 0a a0 05  	li	s4, 0x5a
   187a2: 1a 8c        	mv	s8, t1
   187a4: 85 0a        	addi	s5, s5, 0x1
   187a6: 9b 07 0e fe  	addiw	a5, t3, -0x20
   187aa: 63 67 fa 04  	bltu	s4, a5, 0x187f8 <_svfprintf_r+0x136>
   187ae: 13 97 07 02  	slli	a4, a5, 0x20
   187b2: 93 57 e7 01  	srli	a5, a4, 0x1e
   187b6: 17 77 00 00  	auipc	a4, 0x7
   187ba: 13 07 a7 ee  	addi	a4, a4, -0x116
   187be: ba 97        	add	a5, a5, a4
   187c0: 9c 43        	lw	a5, 0x0(a5)
   187c2: ba 97        	add	a5, a5, a4
   187c4: 82 87        	jr	a5
   187c6: 81 4c        	li	s9, 0x0
   187c8: a5 46        	li	a3, 0x9
   187ca: 03 c7 0a 00  	lbu	a4, 0x0(s5)
   187ce: 9b 97 2c 00  	slliw	a5, s9, 0x2
   187d2: bb 8c 97 01  	addw	s9, a5, s9
   187d6: 1b 0e 0e fd  	addiw	t3, t3, -0x30
   187da: 9b 9c 1c 00  	slliw	s9, s9, 0x1
   187de: 9b 07 07 fd  	addiw	a5, a4, -0x30
   187e2: 85 0a        	addi	s5, s5, 0x1
   187e4: bb 0c 9e 01  	addw	s9, t3, s9
   187e8: 1b 0e 07 00  	sext.w	t3, a4
   187ec: e3 ff f6 fc  	bgeu	a3, a5, 0x187ca <_svfprintf_r+0x108>
   187f0: 9b 07 0e fe  	addiw	a5, t3, -0x20
   187f4: e3 7d fa fa  	bgeu	s4, a5, 0x187ae <_svfprintf_r+0xec>
   187f8: 63 00 0e 0e  	beqz	t3, 0x188d8 <_svfprintf_r+0x216>
   187fc: 05 4c        	li	s8, 0x1
   187fe: 23 0c c1 0f  	sb	t3, 0xf8(sp)
   18802: a3 07 01 0a  	sb	zero, 0xaf(sp)
   18806: e2 8d        	mv	s11, s8
   18808: 02 f0        	sd	zero, 0x20(sp)
   1880a: 01 43        	li	t1, 0x0
   1880c: 82 e4        	sd	zero, 0x48(sp)
   1880e: 82 e0        	sd	zero, 0x40(sp)
   18810: 02 f8        	sd	zero, 0x30(sp)
   18812: 93 0b 81 0f  	addi	s7, sp, 0xf8
   18816: 4e 7a        	ld	s4, 0xf0(sp)
   18818: 13 7d 4b 08  	andi	s10, s6, 0x84
   1881c: 52 86        	mv	a2, s4
   1881e: 63 03 0d 32  	beqz	s10, 0x18b44 <_svfprintf_r+0x482>
   18822: 03 47 f1 0a  	lbu	a4, 0xaf(sp)
   18826: 31 c3        	beqz	a4, 0x1886a <_svfprintf_r+0x1a8>
   18828: ae 55        	lw	a1, 0xe8(sp)
   1882a: 01 47        	li	a4, 0x0
   1882c: 85 46        	li	a3, 0x1
   1882e: 05 0a        	addi	s4, s4, 0x1
   18830: 85 25        	addiw	a1, a1, 0x1
   18832: 13 06 f1 0a  	addi	a2, sp, 0xaf
   18836: 23 34 d9 00  	sd	a3, 0x8(s2)
   1883a: 23 30 c9 00  	sd	a2, 0x0(s2)
   1883e: d2 f9        	sd	s4, 0xf0(sp)
   18840: ae d5        	sw	a1, 0xe8(sp)
   18842: 9d 46        	li	a3, 0x7
   18844: 41 09        	addi	s2, s2, 0x10
   18846: 63 cb b6 1a  	blt	a3, a1, 0x189fc <_svfprintf_r+0x33a>
   1884a: 05 c3        	beqz	a4, 0x1886a <_svfprintf_r+0x1a8>
   1884c: ae 55        	lw	a1, 0xe8(sp)
   1884e: 09 47        	li	a4, 0x2
   18850: 09 0a        	addi	s4, s4, 0x2
   18852: 85 25        	addiw	a1, a1, 0x1
   18854: 14 19        	addi	a3, sp, 0xb0
   18856: 23 34 e9 00  	sd	a4, 0x8(s2)
   1885a: 23 30 d9 00  	sd	a3, 0x0(s2)
   1885e: d2 f9        	sd	s4, 0xf0(sp)
   18860: ae d5        	sw	a1, 0xe8(sp)
   18862: 1d 47        	li	a4, 0x7
   18864: 41 09        	addi	s2, s2, 0x10
   18866: e3 4d b7 14  	blt	a4, a1, 0x191c0 <_svfprintf_r+0xafe>
   1886a: 13 07 00 08  	li	a4, 0x80
   1886e: e3 05 ed 08  	beq	s10, a4, 0x190f8 <_svfprintf_r+0xa36>
   18872: 3b 03 83 41  	subw	t1, t1, s8
   18876: 63 43 60 2e  	bgtz	t1, 0x18b5c <_svfprintf_r+0x49a>
   1887a: 13 77 0b 10  	andi	a4, s6, 0x100
   1887e: 63 1c 07 36  	bnez	a4, 0x18bf6 <_svfprintf_r+0x534>
   18882: 2e 57        	lw	a4, 0xe8(sp)
   18884: 62 9a        	add	s4, s4, s8
   18886: d2 f9        	sd	s4, 0xf0(sp)
   18888: 05 27        	addiw	a4, a4, 0x1
   1888a: 23 30 79 01  	sd	s7, 0x0(s2)
   1888e: 23 34 89 01  	sd	s8, 0x8(s2)
   18892: ba d5        	sw	a4, 0xe8(sp)
   18894: 9d 47        	li	a5, 0x7
   18896: 63 cf e7 20  	blt	a5, a4, 0x18ab4 <_svfprintf_r+0x3f2>
   1889a: 41 09        	addi	s2, s2, 0x10
   1889c: 13 7f 4b 00  	andi	t5, s6, 0x4
   188a0: 63 06 0f 00  	beqz	t5, 0x188ac <_svfprintf_r+0x1ea>
   188a4: 3b 8c bc 41  	subw	s8, s9, s11
   188a8: e3 4a 80 13  	bgtz	s8, 0x191dc <_svfprintf_r+0xb1a>
   188ac: e6 87        	mv	a5, s9
   188ae: 63 d3 bc 01  	bge	s9, s11, 0x188b4 <_svfprintf_r+0x1f2>
   188b2: ee 87        	mv	a5, s11
   188b4: 62 67        	ld	a4, 0x18(sp)
   188b6: b9 9f        	addw	a5, a5, a4
   188b8: 3e ec        	sd	a5, 0x18(sp)
   188ba: e3 13 0a 0e  	bnez	s4, 0x191a0 <_svfprintf_r+0xade>
   188be: 82 77        	ld	a5, 0x20(sp)
   188c0: 82 d5        	sw	zero, 0xe8(sp)
   188c2: 89 c7        	beqz	a5, 0x188cc <_svfprintf_r+0x20a>
   188c4: 82 75        	ld	a1, 0x20(sp)
   188c6: 22 65        	ld	a0, 0x8(sp)
   188c8: ef b0 af ab  	jal	0x13b82 <_free_r>
   188cc: 4e 89        	mv	s2, s3
   188ce: d6 8b        	mv	s7, s5
   188d0: 03 c7 0b 00  	lbu	a4, 0x0(s7)
   188d4: e3 1c 07 e6  	bnez	a4, 0x1874c <_svfprintf_r+0x8a>
   188d8: ce 77        	ld	a5, 0xf0(sp)
   188da: 99 c3        	beqz	a5, 0x188e0 <_svfprintf_r+0x21e>
   188dc: 6f 10 c0 7c  	j	0x1a0a8 <_svfprintf_r+0x19e6>
   188e0: c2 67        	ld	a5, 0x10(sp)
   188e2: 83 34 81 23  	ld	s1, 0x238(sp)
   188e6: 03 39 01 23  	ld	s2, 0x230(sp)
   188ea: 83 d7 07 01  	lhu	a5, 0x10(a5)
   188ee: 83 39 81 22  	ld	s3, 0x228(sp)
   188f2: 03 3a 01 22  	ld	s4, 0x220(sp)
   188f6: 93 f7 07 04  	andi	a5, a5, 0x40
   188fa: 83 3a 81 21  	ld	s5, 0x218(sp)
   188fe: 03 3b 01 21  	ld	s6, 0x210(sp)
   18902: 83 3b 81 20  	ld	s7, 0x208(sp)
   18906: fe 7c        	ld	s9, 0x1f8(sp)
   18908: 5e 7d        	ld	s10, 0x1f0(sp)
   1890a: be 7d        	ld	s11, 0x1e8(sp)
   1890c: 99 c3        	beqz	a5, 0x18912 <_svfprintf_r+0x250>
   1890e: 6f 10 b0 5f  	j	0x1a708 <_svfprintf_r+0x2046>
   18912: 83 30 81 24  	ld	ra, 0x248(sp)
   18916: 03 34 01 24  	ld	s0, 0x240(sp)
   1891a: 62 65        	ld	a0, 0x18(sp)
   1891c: 03 3c 01 20  	ld	s8, 0x200(sp)
   18920: 13 01 01 25  	addi	sp, sp, 0x250
   18924: 82 80        	ret
   18926: 13 6b 0b 01  	ori	s6, s6, 0x10
   1892a: 03 ce 0a 00  	lbu	t3, 0x0(s5)
   1892e: 01 2b        	sext.w	s6, s6
   18930: 95 bd        	j	0x187a4 <_svfprintf_r+0xe2>
   18932: 3b 8a 7a 41  	subw	s4, s5, s7
   18936: e3 16 0a e2  	bnez	s4, 0x18762 <_svfprintf_r+0xa0>
   1893a: 03 c7 0a 00  	lbu	a4, 0x0(s5)
   1893e: b1 b5        	j	0x1878a <_svfprintf_r+0xc8>
   18940: c2 65        	ld	a1, 0x10(sp)
   18942: 22 65        	ld	a0, 0x8(sp)
   18944: 90 11        	addi	a2, sp, 0xe0
   18946: ef 30 90 03  	jal	0x1c17e <__ssprint_r>
   1894a: 59 f9        	bnez	a0, 0x188e0 <_svfprintf_r+0x21e>
   1894c: 4e 89        	mv	s2, s3
   1894e: 05 bd        	j	0x1877e <_svfprintf_r+0xbc>
   18950: 13 77 8b 00  	andi	a4, s6, 0x8
   18954: 62 83        	mv	t1, s8
   18956: e3 16 07 3c  	bnez	a4, 0x19522 <_svfprintf_r+0xe60>
   1895a: a2 77        	ld	a5, 0x28(sp)
   1895c: 72 f0        	sd	t3, 0x20(sp)
   1895e: 62 f8        	sd	s8, 0x30(sp)
   18960: 88 23        	fld	fa0, 0x0(a5)
   18962: 13 8d 87 00  	addi	s10, a5, 0x8
   18966: ef 60 a0 03  	jal	0x1e9a0 <__extenddftf2>
   1896a: 42 73        	ld	t1, 0x30(sp)
   1896c: 02 7e        	ld	t3, 0x20(sp)
   1896e: 6a f4        	sd	s10, 0x28(sp)
   18970: 2a 87        	mv	a4, a0
   18972: 88 09        	addi	a0, sp, 0xd0
   18974: 1a f8        	sd	t1, 0x30(sp)
   18976: 72 f0        	sd	t3, 0x20(sp)
   18978: ba e9        	sd	a4, 0xd0(sp)
   1897a: ae ed        	sd	a1, 0xd8(sp)
   1897c: ef d0 5f bc  	jal	0x16540 <_ldcheck>
   18980: 2a dd        	sw	a0, 0xb8(sp)
   18982: 09 47        	li	a4, 0x2
   18984: 02 7e        	ld	t3, 0x20(sp)
   18986: 42 73        	ld	t1, 0x30(sp)
   18988: 63 14 e5 00  	bne	a0, a4, 0x18990 <_svfprintf_r+0x2ce>
   1898c: 6f 10 80 12  	j	0x19ab4 <_svfprintf_r+0x13f2>
   18990: 85 46        	li	a3, 0x1
   18992: 63 14 d5 00  	bne	a0, a3, 0x1899a <_svfprintf_r+0x2d8>
   18996: 6f 10 a0 53  	j	0x19ed0 <_svfprintf_r+0x180e>
   1899a: 13 07 10 06  	li	a4, 0x61
   1899e: 63 14 ee 00  	bne	t3, a4, 0x189a6 <_svfprintf_r+0x2e4>
   189a2: 6f 10 c0 28  	j	0x19c2e <_svfprintf_r+0x156c>
   189a6: 13 07 10 04  	li	a4, 0x41
   189aa: 93 07 80 05  	li	a5, 0x58
   189ae: 63 14 ee 00  	bne	t3, a4, 0x189b6 <_svfprintf_r+0x2f4>
   189b2: 6f 10 00 28  	j	0x19c32 <_svfprintf_r+0x1570>
   189b6: 7d 57        	li	a4, -0x1
   189b8: 63 14 e3 00  	bne	t1, a4, 0x189c0 <_svfprintf_r+0x2fe>
   189bc: 6f 10 a0 74  	j	0x1a106 <_svfprintf_r+0x1a44>
   189c0: ce 67        	ld	a5, 0xd0(sp)
   189c2: 13 6c 0b 10  	ori	s8, s6, 0x100
   189c6: 13 06 70 06  	li	a2, 0x67
   189ca: 6e 6a        	ld	s4, 0xd8(sp)
   189cc: 01 2c        	sext.w	s8, s8
   189ce: be 8d        	mv	s11, a5
   189d0: 63 14 ce 00  	bne	t3, a2, 0x189d8 <_svfprintf_r+0x316>
   189d4: 6f 10 90 41  	j	0x1a5ec <_svfprintf_r+0x1f2a>
   189d8: 13 06 70 04  	li	a2, 0x47
   189dc: 63 14 ce 00  	bne	t3, a2, 0x189e4 <_svfprintf_r+0x322>
   189e0: 6f 10 90 2e  	j	0x1a4c8 <_svfprintf_r+0x1e06>
   189e4: da e0        	sd	s6, 0x40(sp)
   189e6: 63 54 0a 00  	bgez	s4, 0x189ee <_svfprintf_r+0x32c>
   189ea: 6f 10 50 48  	j	0x1a66e <_svfprintf_r+0x1fac>
   189ee: 9b 06 fe fb  	addiw	a3, t3, -0x41
   189f2: 62 8b        	mv	s6, s8
   189f4: 02 f0        	sd	zero, 0x20(sp)
   189f6: 02 e1        	sd	zero, 0x80(sp)
   189f8: 6f 10 40 27  	j	0x19c6c <_svfprintf_r+0x15aa>
   189fc: c2 65        	ld	a1, 0x10(sp)
   189fe: 22 65        	ld	a0, 0x8(sp)
   18a00: 90 11        	addi	a2, sp, 0xe0
   18a02: 1a e9        	sd	t1, 0x90(sp)
   18a04: 72 e5        	sd	t3, 0x88(sp)
   18a06: 3a e1        	sd	a4, 0x80(sp)
   18a08: ef 30 60 77  	jal	0x1c17e <__ssprint_r>
   18a0c: 63 11 05 7a  	bnez	a0, 0x191ae <_svfprintf_r+0xaec>
   18a10: 4e 7a        	ld	s4, 0xf0(sp)
   18a12: 4a 63        	ld	t1, 0x90(sp)
   18a14: 2a 6e        	ld	t3, 0x88(sp)
   18a16: 0a 67        	ld	a4, 0x80(sp)
   18a18: 4e 89        	mv	s2, s3
   18a1a: 05 bd        	j	0x1884a <_svfprintf_r+0x188>
   18a1c: 2e 5c        	lw	s8, 0xe8(sp)
   18a1e: e2 77        	ld	a5, 0x38(sp)
   18a20: 85 46        	li	a3, 0x1
   18a22: 05 2c        	addiw	s8, s8, 0x1
   18a24: 36 9a        	add	s4, s4, a3
   18a26: 62 87        	mv	a4, s8
   18a28: 93 08 09 01  	addi	a7, s2, 0x10
   18a2c: e3 de f6 1e  	bge	a3, a5, 0x19428 <_svfprintf_r+0xd66>
   18a30: 85 46        	li	a3, 0x1
   18a32: 23 34 d9 00  	sd	a3, 0x8(s2)
   18a36: 23 30 79 01  	sd	s7, 0x0(s2)
   18a3a: d2 f9        	sd	s4, 0xf0(sp)
   18a3c: ba d5        	sw	a4, 0xe8(sp)
   18a3e: 9d 46        	li	a3, 0x7
   18a40: e3 ca e6 26  	blt	a3, a4, 0x194b4 <_svfprintf_r+0xdf2>
   18a44: c6 67        	ld	a5, 0x50(sp)
   18a46: 66 67        	ld	a4, 0x58(sp)
   18a48: 05 2c        	addiw	s8, s8, 0x1
   18a4a: 3e 9a        	add	s4, s4, a5
   18a4c: 23 b0 e8 00  	sd	a4, 0x0(a7)
   18a50: 23 b4 f8 00  	sd	a5, 0x8(a7)
   18a54: d2 f9        	sd	s4, 0xf0(sp)
   18a56: e2 d5        	sw	s8, 0xe8(sp)
   18a58: 1d 47        	li	a4, 0x7
   18a5a: c1 08        	addi	a7, a7, 0x10
   18a5c: e3 48 87 27  	blt	a4, s8, 0x194cc <_svfprintf_r+0xe0a>
   18a60: e2 77        	ld	a5, 0x38(sp)
   18a62: 4e 65        	ld	a0, 0xd0(sp)
   18a64: ee 65        	ld	a1, 0xd8(sp)
   18a66: 01 46        	li	a2, 0x0
   18a68: 81 46        	li	a3, 0x0
   18a6a: 46 f8        	sd	a7, 0x30(sp)
   18a6c: 1b 89 f7 ff  	addiw	s2, a5, -0x1
   18a70: ef 40 b0 64  	jal	0x1d8ba <__netf2>
   18a74: c2 78        	ld	a7, 0x30(sp)
   18a76: e3 02 05 1e  	beqz	a0, 0x1945a <_svfprintf_r+0xd98>
   18a7a: 93 87 1b 00  	addi	a5, s7, 0x1
   18a7e: 05 2c        	addiw	s8, s8, 0x1
   18a80: 4a 9a        	add	s4, s4, s2
   18a82: 23 b0 f8 00  	sd	a5, 0x0(a7)
   18a86: e2 d5        	sw	s8, 0xe8(sp)
   18a88: d2 f9        	sd	s4, 0xf0(sp)
   18a8a: 23 b4 28 01  	sd	s2, 0x8(a7)
   18a8e: 9d 47        	li	a5, 0x7
   18a90: e3 c9 87 1b  	blt	a5, s8, 0x19442 <_svfprintf_r+0xd80>
   18a94: c1 08        	addi	a7, a7, 0x10
   18a96: 06 77        	ld	a4, 0x60(sp)
   18a98: 9c 01        	addi	a5, sp, 0xc0
   18a9a: 05 2c        	addiw	s8, s8, 0x1
   18a9c: 3a 9a        	add	s4, s4, a4
   18a9e: 23 b0 f8 00  	sd	a5, 0x0(a7)
   18aa2: d2 f9        	sd	s4, 0xf0(sp)
   18aa4: e2 d5        	sw	s8, 0xe8(sp)
   18aa6: 23 b4 e8 00  	sd	a4, 0x8(a7)
   18aaa: 9d 47        	li	a5, 0x7
   18aac: 13 89 08 01  	addi	s2, a7, 0x10
   18ab0: e3 d6 87 df  	bge	a5, s8, 0x1889c <_svfprintf_r+0x1da>
   18ab4: c2 65        	ld	a1, 0x10(sp)
   18ab6: 22 65        	ld	a0, 0x8(sp)
   18ab8: 90 11        	addi	a2, sp, 0xe0
   18aba: ef 30 40 6c  	jal	0x1c17e <__ssprint_r>
   18abe: 63 18 05 6e  	bnez	a0, 0x191ae <_svfprintf_r+0xaec>
   18ac2: 4e 7a        	ld	s4, 0xf0(sp)
   18ac4: 4e 89        	mv	s2, s3
   18ac6: d9 bb        	j	0x1889c <_svfprintf_r+0x1da>
   18ac8: 22 77        	ld	a4, 0x28(sp)
   18aca: 05 4c        	li	s8, 0x1
   18acc: a3 07 01 0a  	sb	zero, 0xaf(sp)
   18ad0: 1c 43        	lw	a5, 0x0(a4)
   18ad2: 23 0c f1 0e  	sb	a5, 0xf8(sp)
   18ad6: 93 07 87 00  	addi	a5, a4, 0x8
   18ada: 3e f4        	sd	a5, 0x28(sp)
   18adc: 2d b3        	j	0x18806 <_svfprintf_r+0x144>
   18ade: a2 77        	ld	a5, 0x28(sp)
   18ae0: a3 07 01 0a  	sb	zero, 0xaf(sp)
   18ae4: 83 bb 07 00  	ld	s7, 0x0(a5)
   18ae8: 13 8d 87 00  	addi	s10, a5, 0x8
   18aec: 63 94 0b 00  	bnez	s7, 0x18af4 <_svfprintf_r+0x432>
   18af0: 6f 10 20 02  	j	0x19b12 <_svfprintf_r+0x1450>
   18af4: e3 4a 0c 44  	bltz	s8, 0x19748 <_svfprintf_r+0x1086>
   18af8: 62 86        	mv	a2, s8
   18afa: 81 45        	li	a1, 0x0
   18afc: 5e 85        	mv	a0, s7
   18afe: 72 f8        	sd	t3, 0x30(sp)
   18b00: 62 f4        	sd	s8, 0x28(sp)
   18b02: ef e0 2f a9  	jal	0x16d94 <memchr>
   18b06: 2a f0        	sd	a0, 0x20(sp)
   18b08: 03 47 f1 0a  	lbu	a4, 0xaf(sp)
   18b0c: 22 73        	ld	t1, 0x28(sp)
   18b0e: 42 7e        	ld	t3, 0x30(sp)
   18b10: 19 e1        	bnez	a0, 0x18b16 <_svfprintf_r+0x454>
   18b12: 6f 10 b0 10  	j	0x1a41c <_svfprintf_r+0x1d5a>
   18b16: 3b 0c 75 41  	subw	s8, a0, s7
   18b1a: e2 86        	mv	a3, s8
   18b1c: 63 54 0c 00  	bgez	s8, 0x18b24 <_svfprintf_r+0x462>
   18b20: 6f 10 20 55  	j	0x1a072 <_svfprintf_r+0x19b0>
   18b24: b6 8d        	mv	s11, a3
   18b26: 19 c3        	beqz	a4, 0x18b2c <_svfprintf_r+0x46a>
   18b28: 6f 10 60 4b  	j	0x19fde <_svfprintf_r+0x191c>
   18b2c: 6a f4        	sd	s10, 0x28(sp)
   18b2e: 4e 7a        	ld	s4, 0xf0(sp)
   18b30: 02 f0        	sd	zero, 0x20(sp)
   18b32: 82 e4        	sd	zero, 0x48(sp)
   18b34: 82 e0        	sd	zero, 0x40(sp)
   18b36: 02 f8        	sd	zero, 0x30(sp)
   18b38: 13 7d 4b 08  	andi	s10, s6, 0x84
   18b3c: 01 43        	li	t1, 0x0
   18b3e: 52 86        	mv	a2, s4
   18b40: e3 11 0d ce  	bnez	s10, 0x18822 <_svfprintf_r+0x160>
   18b44: 3b 87 bc 41  	subw	a4, s9, s11
   18b48: e3 46 e0 04  	bgtz	a4, 0x19394 <_svfprintf_r+0xcd2>
   18b4c: 03 47 f1 0a  	lbu	a4, 0xaf(sp)
   18b50: e3 1c 07 cc  	bnez	a4, 0x18828 <_svfprintf_r+0x166>
   18b54: 3b 03 83 41  	subw	t1, t1, s8
   18b58: e3 51 60 d2  	blez	t1, 0x1887a <_svfprintf_r+0x1b8>
   18b5c: 2e 56        	lw	a2, 0xe8(sp)
   18b5e: 17 7d 00 00  	auipc	s10, 0x7
   18b62: 13 0d 2d cb  	addi	s10, s10, -0x34e
   18b66: 63 dd 64 04  	bge	s1, t1, 0x18bc0 <_svfprintf_r+0x4fe>
   18b6a: ca 87        	mv	a5, s2
   18b6c: 52 87        	mv	a4, s4
   18b6e: 9d 46        	li	a3, 0x7
   18b70: 6a 8a        	mv	s4, s10
   18b72: 1a 89        	mv	s2, t1
   18b74: 5e 8d        	mv	s10, s7
   18b76: da 8b        	mv	s7, s6
   18b78: 72 8b        	mv	s6, t3
   18b7a: 21 a0        	j	0x18b82 <_svfprintf_r+0x4c0>
   18b7c: 41 39        	addiw	s2, s2, -0x10
   18b7e: 63 da 24 03  	bge	s1, s2, 0x18bb2 <_svfprintf_r+0x4f0>
   18b82: 41 07        	addi	a4, a4, 0x10
   18b84: 05 26        	addiw	a2, a2, 0x1
   18b86: 23 b0 47 01  	sd	s4, 0x0(a5)
   18b8a: 84 e7        	sd	s1, 0x8(a5)
   18b8c: ba f9        	sd	a4, 0xf0(sp)
   18b8e: b2 d5        	sw	a2, 0xe8(sp)
   18b90: c1 07        	addi	a5, a5, 0x10
   18b92: e3 d5 c6 fe  	bge	a3, a2, 0x18b7c <_svfprintf_r+0x4ba>
   18b96: c2 65        	ld	a1, 0x10(sp)
   18b98: 22 65        	ld	a0, 0x8(sp)
   18b9a: 90 11        	addi	a2, sp, 0xe0
   18b9c: ef 30 20 5e  	jal	0x1c17e <__ssprint_r>
   18ba0: 63 17 05 60  	bnez	a0, 0x191ae <_svfprintf_r+0xaec>
   18ba4: 41 39        	addiw	s2, s2, -0x10
   18ba6: 4e 77        	ld	a4, 0xf0(sp)
   18ba8: 2e 56        	lw	a2, 0xe8(sp)
   18baa: ce 87        	mv	a5, s3
   18bac: 9d 46        	li	a3, 0x7
   18bae: e3 ca 24 fd  	blt	s1, s2, 0x18b82 <_svfprintf_r+0x4c0>
   18bb2: 4a 83        	mv	t1, s2
   18bb4: 5a 8e        	mv	t3, s6
   18bb6: 3e 89        	mv	s2, a5
   18bb8: 5e 8b        	mv	s6, s7
   18bba: ea 8b        	mv	s7, s10
   18bbc: 52 8d        	mv	s10, s4
   18bbe: 3a 8a        	mv	s4, a4
   18bc0: 1a 9a        	add	s4, s4, t1
   18bc2: 05 26        	addiw	a2, a2, 0x1
   18bc4: 23 30 a9 01  	sd	s10, 0x0(s2)
   18bc8: 23 34 69 00  	sd	t1, 0x8(s2)
   18bcc: d2 f9        	sd	s4, 0xf0(sp)
   18bce: b2 d5        	sw	a2, 0xe8(sp)
   18bd0: 1d 47        	li	a4, 0x7
   18bd2: 41 09        	addi	s2, s2, 0x10
   18bd4: e3 53 c7 ca  	bge	a4, a2, 0x1887a <_svfprintf_r+0x1b8>
   18bd8: c2 65        	ld	a1, 0x10(sp)
   18bda: 22 65        	ld	a0, 0x8(sp)
   18bdc: 90 11        	addi	a2, sp, 0xe0
   18bde: 72 e1        	sd	t3, 0x80(sp)
   18be0: ef 30 e0 59  	jal	0x1c17e <__ssprint_r>
   18be4: 63 15 05 5c  	bnez	a0, 0x191ae <_svfprintf_r+0xaec>
   18be8: 13 77 0b 10  	andi	a4, s6, 0x100
   18bec: 4e 7a        	ld	s4, 0xf0(sp)
   18bee: 0a 6e        	ld	t3, 0x80(sp)
   18bf0: 4e 89        	mv	s2, s3
   18bf2: e3 08 07 c8  	beqz	a4, 0x18882 <_svfprintf_r+0x1c0>
   18bf6: 13 07 50 06  	li	a4, 0x65
   18bfa: e3 51 c7 e3  	bge	a4, t3, 0x18a1c <_svfprintf_r+0x35a>
   18bfe: 4e 65        	ld	a0, 0xd0(sp)
   18c00: ee 65        	ld	a1, 0xd8(sp)
   18c02: 01 46        	li	a2, 0x0
   18c04: 81 46        	li	a3, 0x0
   18c06: ef 40 50 4b  	jal	0x1d8ba <__netf2>
   18c0a: 63 11 05 66  	bnez	a0, 0x1926c <_svfprintf_r+0xbaa>
   18c0e: ae 57        	lw	a5, 0xe8(sp)
   18c10: 05 47        	li	a4, 0x1
   18c12: 05 0a        	addi	s4, s4, 0x1
   18c14: 97 66 00 00  	auipc	a3, 0x6
   18c18: 93 86 c6 45  	addi	a3, a3, 0x45c
   18c1c: 85 27        	addiw	a5, a5, 0x1
   18c1e: 23 34 e9 00  	sd	a4, 0x8(s2)
   18c22: 23 30 d9 00  	sd	a3, 0x0(s2)
   18c26: d2 f9        	sd	s4, 0xf0(sp)
   18c28: be d5        	sw	a5, 0xe8(sp)
   18c2a: 1d 47        	li	a4, 0x7
   18c2c: 41 09        	addi	s2, s2, 0x10
   18c2e: e3 45 f7 62  	blt	a4, a5, 0x19a58 <_svfprintf_r+0x1396>
   18c32: ea 57        	lw	a5, 0xb8(sp)
   18c34: 62 77        	ld	a4, 0x38(sp)
   18c36: e3 d7 e7 0a  	bge	a5, a4, 0x194e4 <_svfprintf_r+0xe22>
   18c3a: 46 67        	ld	a4, 0x50(sp)
   18c3c: ae 57        	lw	a5, 0xe8(sp)
   18c3e: e6 66        	ld	a3, 0x58(sp)
   18c40: 3a 9a        	add	s4, s4, a4
   18c42: 85 27        	addiw	a5, a5, 0x1
   18c44: 23 34 e9 00  	sd	a4, 0x8(s2)
   18c48: 23 30 d9 00  	sd	a3, 0x0(s2)
   18c4c: d2 f9        	sd	s4, 0xf0(sp)
   18c4e: be d5        	sw	a5, 0xe8(sp)
   18c50: 1d 47        	li	a4, 0x7
   18c52: 41 09        	addi	s2, s2, 0x10
   18c54: e3 47 f7 20  	blt	a4, a5, 0x19662 <_svfprintf_r+0xfa0>
   18c58: e2 77        	ld	a5, 0x38(sp)
   18c5a: 1b 8c f7 ff  	addiw	s8, a5, -0x1
   18c5e: e3 5f 80 c3  	blez	s8, 0x1889c <_svfprintf_r+0x1da>
   18c62: c1 46        	li	a3, 0x10
   18c64: ae 57        	lw	a5, 0xe8(sp)
   18c66: 17 7d 00 00  	auipc	s10, 0x7
   18c6a: 13 0d ad ba  	addi	s10, s10, -0x456
   18c6e: e3 d5 86 61  	bge	a3, s8, 0x19a78 <_svfprintf_r+0x13b6>
   18c72: 52 87        	mv	a4, s4
   18c74: 36 83        	mv	t1, a3
   18c76: 6a 8a        	mv	s4, s10
   18c78: 9d 4b        	li	s7, 0x7
   18c7a: 62 8d        	mv	s10, s8
   18c7c: 5a 8c        	mv	s8, s6
   18c7e: 56 8b        	mv	s6, s5
   18c80: c2 6a        	ld	s5, 0x10(sp)
   18c82: 21 a0        	j	0x18c8a <_svfprintf_r+0x5c8>
   18c84: 41 3d        	addiw	s10, s10, -0x10
   18c86: e3 54 a3 5f  	bge	t1, s10, 0x19a6e <_svfprintf_r+0x13ac>
   18c8a: 41 07        	addi	a4, a4, 0x10
   18c8c: 85 27        	addiw	a5, a5, 0x1
   18c8e: 23 30 49 01  	sd	s4, 0x0(s2)
   18c92: 23 34 d9 00  	sd	a3, 0x8(s2)
   18c96: ba f9        	sd	a4, 0xf0(sp)
   18c98: be d5        	sw	a5, 0xe8(sp)
   18c9a: 41 09        	addi	s2, s2, 0x10
   18c9c: e3 d4 fb fe  	bge	s7, a5, 0x18c84 <_svfprintf_r+0x5c2>
   18ca0: 22 65        	ld	a0, 0x8(sp)
   18ca2: 90 11        	addi	a2, sp, 0xe0
   18ca4: d6 85        	mv	a1, s5
   18ca6: ef 30 80 4d  	jal	0x1c17e <__ssprint_r>
   18caa: 63 12 05 50  	bnez	a0, 0x191ae <_svfprintf_r+0xaec>
   18cae: 41 43        	li	t1, 0x10
   18cb0: 4e 77        	ld	a4, 0xf0(sp)
   18cb2: ae 57        	lw	a5, 0xe8(sp)
   18cb4: 4e 89        	mv	s2, s3
   18cb6: 9a 86        	mv	a3, t1
   18cb8: f1 b7        	j	0x18c84 <_svfprintf_r+0x5c2>
   18cba: a2 77        	ld	a5, 0x28(sp)
   18cbc: 13 77 0b 02  	andi	a4, s6, 0x20
   18cc0: 62 83        	mv	t1, s8
   18cc2: a1 07        	addi	a5, a5, 0x8
   18cc4: 41 e7        	bnez	a4, 0x18d4c <_svfprintf_r+0x68a>
   18cc6: 13 77 0b 01  	andi	a4, s6, 0x10
   18cca: 19 c3        	beqz	a4, 0x18cd0 <_svfprintf_r+0x60e>
   18ccc: 6f 10 c0 7b  	j	0x1a488 <_svfprintf_r+0x1dc6>
   18cd0: a2 76        	ld	a3, 0x28(sp)
   18cd2: 13 77 0b 04  	andi	a4, s6, 0x40
   18cd6: 03 aa 06 00  	lw	s4, 0x0(a3)
   18cda: e3 02 07 72  	beqz	a4, 0x19bfe <_svfprintf_r+0x153c>
   18cde: 1b 1a 0a 01  	slliw	s4, s4, 0x10
   18ce2: 1b 5a 0a 41  	sraiw	s4, s4, 0x10
   18ce6: 3e f4        	sd	a5, 0x28(sp)
   18ce8: 52 87        	mv	a4, s4
   18cea: 63 47 07 06  	bltz	a4, 0x18d58 <_svfprintf_r+0x696>
   18cee: 63 48 03 00  	bltz	t1, 0x18cfe <_svfprintf_r+0x63c>
   18cf2: 13 7f fb f7  	andi	t5, s6, -0x81
   18cf6: 1b 0b 0f 00  	sext.w	s6, t5
   18cfa: e3 09 0a 0e  	beqz	s4, 0x195ec <_svfprintf_r+0xf2a>
   18cfe: a5 4d        	li	s11, 0x9
   18d00: 63 eb 4d 07  	bltu	s11, s4, 0x18d76 <_svfprintf_r+0x6b4>
   18d04: 9b 07 0a 03  	addiw	a5, s4, 0x30
   18d08: 93 f7 f7 0f  	andi	a5, a5, 0xff
   18d0c: a3 0d f1 14  	sb	a5, 0x15b(sp)
   18d10: 1a 88        	mv	a6, t1
   18d12: 63 43 60 00  	bgtz	t1, 0x18d18 <_svfprintf_r+0x656>
   18d16: 05 48        	li	a6, 0x1
   18d18: 03 47 f1 0a  	lbu	a4, 0xaf(sp)
   18d1c: 9b 0d 08 00  	sext.w	s11, a6
   18d20: 05 4c        	li	s8, 0x1
   18d22: 93 0b b1 15  	addi	s7, sp, 0x15b
   18d26: 63 0d 07 16  	beqz	a4, 0x18ea0 <_svfprintf_r+0x7de>
   18d2a: 85 2d        	addiw	s11, s11, 0x1
   18d2c: 02 f0        	sd	zero, 0x20(sp)
   18d2e: 82 e4        	sd	zero, 0x48(sp)
   18d30: 82 e0        	sd	zero, 0x40(sp)
   18d32: 02 f8        	sd	zero, 0x30(sp)
   18d34: cd b4        	j	0x18816 <_svfprintf_r+0x154>
   18d36: 93 66 0b 01  	ori	a3, s6, 0x10
   18d3a: 13 7f 0b 02  	andi	t5, s6, 0x20
   18d3e: 62 83        	mv	t1, s8
   18d40: 81 26        	sext.w	a3, a3
   18d42: 63 0b 0f 7e  	beqz	t5, 0x19538 <_svfprintf_r+0xe76>
   18d46: a2 77        	ld	a5, 0x28(sp)
   18d48: 36 8b        	mv	s6, a3
   18d4a: a1 07        	addi	a5, a5, 0x8
   18d4c: 22 77        	ld	a4, 0x28(sp)
   18d4e: 3e f4        	sd	a5, 0x28(sp)
   18d50: 18 63        	ld	a4, 0x0(a4)
   18d52: 3a 8a        	mv	s4, a4
   18d54: e3 5d 07 f8  	bgez	a4, 0x18cee <_svfprintf_r+0x62c>
   18d58: 93 07 d0 02  	li	a5, 0x2d
   18d5c: a3 07 f1 0a  	sb	a5, 0xaf(sp)
   18d60: 33 0a 40 41  	neg	s4, s4
   18d64: e3 4d 03 f8  	bltz	t1, 0x18cfe <_svfprintf_r+0x63c>
   18d68: 13 7f fb f7  	andi	t5, s6, -0x81
   18d6c: a5 4d        	li	s11, 0x9
   18d6e: 1b 0b 0f 00  	sext.w	s6, t5
   18d72: e3 f9 4d f9  	bgeu	s11, s4, 0x18d04 <_svfprintf_r+0x642>
   18d76: b7 d7 cc cc  	lui	a5, 0xccccd
   18d7a: 93 87 d7 cc  	addi	a5, a5, -0x333
   18d7e: 13 9c 07 02  	slli	s8, a5, 0x20
   18d82: 13 0d c1 15  	addi	s10, sp, 0x15c
   18d86: c6 76        	ld	a3, 0x70(sp)
   18d88: 3e 9c        	add	s8, s8, a5
   18d8a: 6a 86        	mv	a2, s10
   18d8c: 93 7f 0b 40  	andi	t6, s6, 0x400
   18d90: 81 45        	li	a1, 0x0
   18d92: 13 08 f0 0f  	li	a6, 0xff
   18d96: 09 a8        	j	0x18da8 <_svfprintf_r+0x6e6>
   18d98: d2 87        	mv	a5, s4
   18d9a: 33 3a 8a 03  	mulhu	s4, s4, s8
   18d9e: 5e 86        	mv	a2, s7
   18da0: 13 5a 3a 00  	srli	s4, s4, 0x3
   18da4: 63 fe fd 02  	bgeu	s11, a5, 0x18de0 <_svfprintf_r+0x71e>
   18da8: 33 37 8a 03  	mulhu	a4, s4, s8
   18dac: 85 25        	addiw	a1, a1, 0x1
   18dae: 93 0b f6 ff  	addi	s7, a2, -0x1
   18db2: 0d 83        	srli	a4, a4, 0x3
   18db4: 93 17 27 00  	slli	a5, a4, 0x2
   18db8: ba 97        	add	a5, a5, a4
   18dba: 86 07        	slli	a5, a5, 0x1
   18dbc: b3 07 fa 40  	sub	a5, s4, a5
   18dc0: 9b 87 07 03  	addiw	a5, a5, 0x30
   18dc4: a3 0f f6 fe  	sb	a5, -0x1(a2)
   18dc8: e3 88 0f fc  	beqz	t6, 0x18d98 <_svfprintf_r+0x6d6>
   18dcc: 83 c7 06 00  	lbu	a5, 0x0(a3)
   18dd0: e3 94 b7 fc  	bne	a5, a1, 0x18d98 <_svfprintf_r+0x6d6>
   18dd4: e3 82 07 fd  	beq	a5, a6, 0x18d98 <_svfprintf_r+0x6d6>
   18dd8: 63 f4 4d 01  	bgeu	s11, s4, 0x18de0 <_svfprintf_r+0x71e>
   18ddc: 6f 10 80 18  	j	0x19f64 <_svfprintf_r+0x18a2>
   18de0: b6 f8        	sd	a3, 0x70(sp)
   18de2: 2e fc        	sd	a1, 0x38(sp)
   18de4: 3b 0c 7d 41  	subw	s8, s10, s7
   18de8: 1a 88        	mv	a6, t1
   18dea: 63 53 83 01  	bge	t1, s8, 0x18df0 <_svfprintf_r+0x72e>
   18dee: 62 88        	mv	a6, s8
   18df0: 03 47 f1 0a  	lbu	a4, 0xaf(sp)
   18df4: 9b 0d 08 00  	sext.w	s11, a6
   18df8: 3d b7        	j	0x18d26 <_svfprintf_r+0x664>
   18dfa: a2 77        	ld	a5, 0x28(sp)
   18dfc: 83 ac 07 00  	lw	s9, 0x0(a5)
   18e00: a1 07        	addi	a5, a5, 0x8
   18e02: 63 d7 0c 6e  	bgez	s9, 0x194f0 <_svfprintf_r+0xe2e>
   18e06: bb 0c 90 41  	negw	s9, s9
   18e0a: 3e f4        	sd	a5, 0x28(sp)
   18e0c: 13 6b 4b 00  	ori	s6, s6, 0x4
   18e10: 03 ce 0a 00  	lbu	t3, 0x0(s5)
   18e14: 01 2b        	sext.w	s6, s6
   18e16: 79 b2        	j	0x187a4 <_svfprintf_r+0xe2>
   18e18: a2 77        	ld	a5, 0x28(sp)
   18e1a: 13 68 0b 01  	ori	a6, s6, 0x10
   18e1e: 62 83        	mv	t1, s8
   18e20: 01 28        	sext.w	a6, a6
   18e22: a1 07        	addi	a5, a5, 0x8
   18e24: 22 77        	ld	a4, 0x28(sp)
   18e26: 18 63        	ld	a4, 0x0(a4)
   18e28: 3e f4        	sd	a5, 0x28(sp)
   18e2a: a3 07 01 0a  	sb	zero, 0xaf(sp)
   18e2e: 63 45 03 02  	bltz	t1, 0x18e58 <_svfprintf_r+0x796>
   18e32: 13 7f f8 b7  	andi	t5, a6, -0x481
   18e36: 1b 0b 0f 00  	sext.w	s6, t5
   18e3a: 1d e3        	bnez	a4, 0x18e60 <_svfprintf_r+0x79e>
   18e3c: 63 12 03 02  	bnez	t1, 0x18e60 <_svfprintf_r+0x79e>
   18e40: 93 7d 18 00  	andi	s11, a6, 0x1
   18e44: e3 8d 0d 34  	beqz	s11, 0x1999e <_svfprintf_r+0x12dc>
   18e48: 93 07 00 03  	li	a5, 0x30
   18e4c: a3 0d f1 14  	sb	a5, 0x15b(sp)
   18e50: 6e 8c        	mv	s8, s11
   18e52: 93 0b b1 15  	addi	s7, sp, 0x15b
   18e56: a9 a0        	j	0x18ea0 <_svfprintf_r+0x7de>
   18e58: 13 78 f8 bf  	andi	a6, a6, -0x401
   18e5c: 1b 0b 08 00  	sext.w	s6, a6
   18e60: 13 0d c1 15  	addi	s10, sp, 0x15c
   18e64: ea 8b        	mv	s7, s10
   18e66: 93 76 77 00  	andi	a3, a4, 0x7
   18e6a: 5e 86        	mv	a2, s7
   18e6c: 93 86 06 03  	addi	a3, a3, 0x30
   18e70: 0d 83        	srli	a4, a4, 0x3
   18e72: a3 8f db fe  	sb	a3, -0x1(s7)
   18e76: fd 1b        	addi	s7, s7, -0x1
   18e78: 7d f7        	bnez	a4, 0x18e66 <_svfprintf_r+0x7a4>
   18e7a: 13 77 1b 00  	andi	a4, s6, 0x1
   18e7e: 63 0e 07 3c  	beqz	a4, 0x1925a <_svfprintf_r+0xb98>
   18e82: 13 07 00 03  	li	a4, 0x30
   18e86: 63 8a e6 3c  	beq	a3, a4, 0x1925a <_svfprintf_r+0xb98>
   18e8a: 79 16        	addi	a2, a2, -0x2
   18e8c: 3b 0c cd 40  	subw	s8, s10, a2
   18e90: a3 8f eb fe  	sb	a4, -0x1(s7)
   18e94: 1a 88        	mv	a6, t1
   18e96: 63 44 83 75  	blt	t1, s8, 0x195de <_svfprintf_r+0xf1c>
   18e9a: 9b 0d 08 00  	sext.w	s11, a6
   18e9e: b2 8b        	mv	s7, a2
   18ea0: 02 f0        	sd	zero, 0x20(sp)
   18ea2: 82 e4        	sd	zero, 0x48(sp)
   18ea4: 82 e0        	sd	zero, 0x40(sp)
   18ea6: 02 f8        	sd	zero, 0x30(sp)
   18ea8: bd b2        	j	0x18816 <_svfprintf_r+0x154>
   18eaa: 03 ce 0a 00  	lbu	t3, 0x0(s5)
   18eae: 93 07 80 06  	li	a5, 0x68
   18eb2: 63 03 fe 7c  	beq	t3, a5, 0x19678 <_svfprintf_r+0xfb6>
   18eb6: 13 6b 0b 04  	ori	s6, s6, 0x40
   18eba: 01 2b        	sext.w	s6, s6
   18ebc: e5 b0        	j	0x187a4 <_svfprintf_r+0xe2>
   18ebe: a2 76        	ld	a3, 0x28(sp)
   18ec0: 93 77 0b 02  	andi	a5, s6, 0x20
   18ec4: 98 62        	ld	a4, 0x0(a3)
   18ec6: a1 06        	addi	a3, a3, 0x8
   18ec8: 36 f4        	sd	a3, 0x28(sp)
   18eca: 85 e7        	bnez	a5, 0x18ef2 <_svfprintf_r+0x830>
   18ecc: 93 77 0b 01  	andi	a5, s6, 0x10
   18ed0: 8d e3        	bnez	a5, 0x18ef2 <_svfprintf_r+0x830>
   18ed2: 93 77 0b 04  	andi	a5, s6, 0x40
   18ed6: 99 c3        	beqz	a5, 0x18edc <_svfprintf_r+0x81a>
   18ed8: 6f 10 80 18  	j	0x1a060 <_svfprintf_r+0x199e>
   18edc: 13 7f 0b 20  	andi	t5, s6, 0x200
   18ee0: e2 67        	ld	a5, 0x18(sp)
   18ee2: 63 14 0f 00  	bnez	t5, 0x18eea <_svfprintf_r+0x828>
   18ee6: 6f 10 60 63  	j	0x1a51c <_svfprintf_r+0x1e5a>
   18eea: 23 00 f7 00  	sb	a5, 0x0(a4)
   18eee: d6 8b        	mv	s7, s5
   18ef0: c5 b2        	j	0x188d0 <_svfprintf_r+0x20e>
   18ef2: e2 67        	ld	a5, 0x18(sp)
   18ef4: d6 8b        	mv	s7, s5
   18ef6: 1c e3        	sd	a5, 0x0(a4)
   18ef8: e1 ba        	j	0x188d0 <_svfprintf_r+0x20e>
   18efa: 03 ce 0a 00  	lbu	t3, 0x0(s5)
   18efe: 93 07 c0 06  	li	a5, 0x6c
   18f02: 63 05 fe 78  	beq	t3, a5, 0x1968c <_svfprintf_r+0xfca>
   18f06: 13 6b 0b 01  	ori	s6, s6, 0x10
   18f0a: 01 2b        	sext.w	s6, s6
   18f0c: 61 b8        	j	0x187a4 <_svfprintf_r+0xe2>
   18f0e: 93 77 0b 02  	andi	a5, s6, 0x20
   18f12: 62 83        	mv	t1, s8
   18f14: 63 99 07 5e  	bnez	a5, 0x19506 <_svfprintf_r+0xe44>
   18f18: 93 77 0b 01  	andi	a5, s6, 0x10
   18f1c: 63 95 07 5e  	bnez	a5, 0x19506 <_svfprintf_r+0xe44>
   18f20: a2 76        	ld	a3, 0x28(sp)
   18f22: 93 77 0b 04  	andi	a5, s6, 0x40
   18f26: 03 aa 06 00  	lw	s4, 0x0(a3)
   18f2a: 13 87 86 00  	addi	a4, a3, 0x8
   18f2e: e3 84 07 4e  	beqz	a5, 0x19c16 <_svfprintf_r+0x1554>
   18f32: 42 1a        	slli	s4, s4, 0x30
   18f34: a3 07 01 0a  	sb	zero, 0xaf(sp)
   18f38: 13 5a 0a 03  	srli	s4, s4, 0x30
   18f3c: 63 4c 0c 0c  	bltz	s8, 0x19014 <_svfprintf_r+0x952>
   18f40: 13 7f fb f7  	andi	t5, s6, -0x81
   18f44: 1b 0b 0f 00  	sext.w	s6, t5
   18f48: 63 16 0a 0c  	bnez	s4, 0x19014 <_svfprintf_r+0x952>
   18f4c: 3a f4        	sd	a4, 0x28(sp)
   18f4e: e3 0c 03 20  	beqz	t1, 0x19966 <_svfprintf_r+0x12a4>
   18f52: 01 4a        	li	s4, 0x0
   18f54: 45 bb        	j	0x18d04 <_svfprintf_r+0x642>
   18f56: 13 6b 0b 02  	ori	s6, s6, 0x20
   18f5a: 03 ce 0a 00  	lbu	t3, 0x0(s5)
   18f5e: 01 2b        	sext.w	s6, s6
   18f60: 91 b0        	j	0x187a4 <_svfprintf_r+0xe2>
   18f62: a2 76        	ld	a3, 0x28(sp)
   18f64: a1 67        	lui	a5, 0x8
   18f66: 93 87 07 83  	addi	a5, a5, -0x7d0
   18f6a: 98 62        	ld	a4, 0x0(a3)
   18f6c: 23 18 f1 0a  	sh	a5, 0xb0(sp)
   18f70: a3 07 01 0a  	sb	zero, 0xaf(sp)
   18f74: 3a f0        	sd	a4, 0x20(sp)
   18f76: 62 83        	mv	t1, s8
   18f78: 93 87 86 00  	addi	a5, a3, 0x8
   18f7c: 63 47 0c 5c  	bltz	s8, 0x1954a <_svfprintf_r+0xe88>
   18f80: 93 76 fb f7  	andi	a3, s6, -0x81
   18f84: 81 26        	sext.w	a3, a3
   18f86: 13 e5 26 00  	ori	a0, a3, 0x2
   18f8a: e3 16 07 36  	bnez	a4, 0x19af6 <_svfprintf_r+0x1434>
   18f8e: 63 04 0c 00  	beqz	s8, 0x18f96 <_svfprintf_r+0x8d4>
   18f92: 6f 10 80 05  	j	0x19fea <_svfprintf_r+0x1928>
   18f96: 4e 7a        	ld	s4, 0xf0(sp)
   18f98: ae 55        	lw	a1, 0xe8(sp)
   18f9a: 13 77 4b 00  	andi	a4, s6, 0x4
   18f9e: 3a f8        	sd	a4, 0x30(sp)
   18fa0: 52 86        	mv	a2, s4
   18fa2: ae 86        	mv	a3, a1
   18fa4: e3 04 07 10  	beqz	a4, 0x198ac <_svfprintf_r+0x11ea>
   18fa8: 3e f4        	sd	a5, 0x28(sp)
   18faa: 2a 8b        	mv	s6, a0
   18fac: 01 4c        	li	s8, 0x0
   18fae: 82 e4        	sd	zero, 0x48(sp)
   18fb0: 82 e0        	sd	zero, 0x40(sp)
   18fb2: 02 f8        	sd	zero, 0x30(sp)
   18fb4: 89 4d        	li	s11, 0x2
   18fb6: 93 0b c1 15  	addi	s7, sp, 0x15c
   18fba: 13 0e 80 07  	li	t3, 0x78
   18fbe: 11 4d        	li	s10, 0x4
   18fc0: 79 b0        	j	0x1884e <_svfprintf_r+0x18c>
   18fc2: a2 77        	ld	a5, 0x28(sp)
   18fc4: 13 77 0b 02  	andi	a4, s6, 0x20
   18fc8: 62 83        	mv	t1, s8
   18fca: a1 07        	addi	a5, a5, 0x8
   18fcc: 63 1b 07 52  	bnez	a4, 0x19502 <_svfprintf_r+0xe40>
   18fd0: 13 77 0b 01  	andi	a4, s6, 0x10
   18fd4: 63 17 07 52  	bnez	a4, 0x19502 <_svfprintf_r+0xe40>
   18fd8: 22 77        	ld	a4, 0x28(sp)
   18fda: 93 76 0b 04  	andi	a3, s6, 0x40
   18fde: 18 43        	lw	a4, 0x0(a4)
   18fe0: e3 85 06 40  	beqz	a3, 0x19bea <_svfprintf_r+0x1528>
   18fe4: 42 17        	slli	a4, a4, 0x30
   18fe6: 41 93        	srli	a4, a4, 0x30
   18fe8: 3e f4        	sd	a5, 0x28(sp)
   18fea: 5a 88        	mv	a6, s6
   18fec: 3d bd        	j	0x18e2a <_svfprintf_r+0x768>
   18fee: a2 76        	ld	a3, 0x28(sp)
   18ff0: 93 67 0b 01  	ori	a5, s6, 0x10
   18ff4: a3 07 01 0a  	sb	zero, 0xaf(sp)
   18ff8: 62 83        	mv	t1, s8
   18ffa: 03 ba 06 00  	ld	s4, 0x0(a3)
   18ffe: 81 27        	sext.w	a5, a5
   19000: 13 87 86 00  	addi	a4, a3, 0x8
   19004: 63 4b 03 50  	bltz	t1, 0x1951a <_svfprintf_r+0xe58>
   19008: 93 f7 f7 f7  	andi	a5, a5, -0x81
   1900c: 1b 8b 07 00  	sext.w	s6, a5
   19010: e3 0e 0a f2  	beqz	s4, 0x18f4c <_svfprintf_r+0x88a>
   19014: 3a f4        	sd	a4, 0x28(sp)
   19016: e5 b1        	j	0x18cfe <_svfprintf_r+0x63c>
   19018: 13 6b 8b 00  	ori	s6, s6, 0x8
   1901c: 03 ce 0a 00  	lbu	t3, 0x0(s5)
   19020: 01 2b        	sext.w	s6, s6
   19022: 6f f0 2f f8  	j	0x187a4 <_svfprintf_r+0xe2>
   19026: 22 6d        	ld	s10, 0x8(sp)
   19028: 6a 85        	mv	a0, s10
   1902a: ef d0 ef d5  	jal	0x16588 <_localeconv_r>
   1902e: 1c 65        	ld	a5, 0x8(a0)
   19030: 3e 85        	mv	a0, a5
   19032: be f4        	sd	a5, 0x68(sp)
   19034: ef 70 df ea  	jal	0x10ee0 <strlen>
   19038: aa 87        	mv	a5, a0
   1903a: 6a 85        	mv	a0, s10
   1903c: be fc        	sd	a5, 0x78(sp)
   1903e: 3e 8d        	mv	s10, a5
   19040: ef d0 8f d4  	jal	0x16588 <_localeconv_r>
   19044: 1c 69        	ld	a5, 0x10(a0)
   19046: 03 ce 0a 00  	lbu	t3, 0x0(s5)
   1904a: be f8        	sd	a5, 0x70(sp)
   1904c: 63 0c 0d f4  	beqz	s10, 0x187a4 <_svfprintf_r+0xe2>
   19050: 63 8a 07 f4  	beqz	a5, 0x187a4 <_svfprintf_r+0xe2>
   19054: 83 c7 07 00  	lbu	a5, 0x0(a5)
   19058: 63 86 07 f4  	beqz	a5, 0x187a4 <_svfprintf_r+0xe2>
   1905c: 13 6b 0b 40  	ori	s6, s6, 0x400
   19060: 01 2b        	sext.w	s6, s6
   19062: 6f f0 2f f4  	j	0x187a4 <_svfprintf_r+0xe2>
   19066: 13 6b 1b 00  	ori	s6, s6, 0x1
   1906a: 03 ce 0a 00  	lbu	t3, 0x0(s5)
   1906e: 01 2b        	sext.w	s6, s6
   19070: 6f f0 4f f3  	j	0x187a4 <_svfprintf_r+0xe2>
   19074: 83 47 f1 0a  	lbu	a5, 0xaf(sp)
   19078: 03 ce 0a 00  	lbu	t3, 0x0(s5)
   1907c: 63 94 07 f2  	bnez	a5, 0x187a4 <_svfprintf_r+0xe2>
   19080: 93 07 00 02  	li	a5, 0x20
   19084: a3 07 f1 0a  	sb	a5, 0xaf(sp)
   19088: 6f f0 cf f1  	j	0x187a4 <_svfprintf_r+0xe2>
   1908c: 13 6b 0b 08  	ori	s6, s6, 0x80
   19090: 03 ce 0a 00  	lbu	t3, 0x0(s5)
   19094: 01 2b        	sext.w	s6, s6
   19096: 6f f0 ef f0  	j	0x187a4 <_svfprintf_r+0xe2>
   1909a: 93 07 b0 02  	li	a5, 0x2b
   1909e: 03 ce 0a 00  	lbu	t3, 0x0(s5)
   190a2: a3 07 f1 0a  	sb	a5, 0xaf(sp)
   190a6: 6f f0 ef ef  	j	0x187a4 <_svfprintf_r+0xe2>
   190aa: 03 ce 0a 00  	lbu	t3, 0x0(s5)
   190ae: 93 07 a0 02  	li	a5, 0x2a
   190b2: 13 86 1a 00  	addi	a2, s5, 0x1
   190b6: 63 14 fe 00  	bne	t3, a5, 0x190be <_svfprintf_r+0x9fc>
   190ba: 6f 10 e0 5c  	j	0x1a688 <_svfprintf_r+0x1fc6>
   190be: 1b 07 0e fd  	addiw	a4, t3, -0x30
   190c2: a5 45        	li	a1, 0x9
   190c4: 81 46        	li	a3, 0x0
   190c6: b2 8a        	mv	s5, a2
   190c8: 01 4c        	li	s8, 0x0
   190ca: 63 ee e5 ec  	bltu	a1, a4, 0x187a6 <_svfprintf_r+0xe4>
   190ce: 9b 97 26 00  	slliw	a5, a3, 0x2
   190d2: 03 4e 06 00  	lbu	t3, 0x0(a2)
   190d6: b5 9f        	addw	a5, a5, a3
   190d8: 9b 97 17 00  	slliw	a5, a5, 0x1
   190dc: bb 86 e7 00  	addw	a3, a5, a4
   190e0: 1b 07 0e fd  	addiw	a4, t3, -0x30
   190e4: 05 06        	addi	a2, a2, 0x1
   190e6: e3 f4 e5 fe  	bgeu	a1, a4, 0x190ce <_svfprintf_r+0xa0c>
   190ea: 36 83        	mv	t1, a3
   190ec: 63 cb 06 4e  	bltz	a3, 0x195e2 <_svfprintf_r+0xf20>
   190f0: 1a 8c        	mv	s8, t1
   190f2: b2 8a        	mv	s5, a2
   190f4: 6f f0 2f eb  	j	0x187a6 <_svfprintf_r+0xe4>
   190f8: bb 86 bc 41  	subw	a3, s9, s11
   190fc: 63 5b d0 f6  	blez	a3, 0x18872 <_svfprintf_r+0x1b0>
   19100: c1 4f        	li	t6, 0x10
   19102: 2e 56        	lw	a2, 0xe8(sp)
   19104: 17 6d 00 00  	auipc	s10, 0x6
   19108: 13 0d cd 70  	addi	s10, s10, 0x70c
   1910c: 63 d0 df 06  	bge	t6, a3, 0x1916c <_svfprintf_r+0xaaa>
   19110: ca 87        	mv	a5, s2
   19112: 52 87        	mv	a4, s4
   19114: fe 83        	mv	t2, t6
   19116: 6a 8a        	mv	s4, s10
   19118: 9d 42        	li	t0, 0x7
   1911a: 5e 8d        	mv	s10, s7
   1911c: 36 89        	mv	s2, a3
   1911e: 72 e1        	sd	t3, 0x80(sp)
   19120: 9a 8b        	mv	s7, t1
   19122: 21 a0        	j	0x1912a <_svfprintf_r+0xa68>
   19124: 41 39        	addiw	s2, s2, -0x10
   19126: 63 dc 23 03  	bge	t2, s2, 0x1915e <_svfprintf_r+0xa9c>
   1912a: 41 07        	addi	a4, a4, 0x10
   1912c: 05 26        	addiw	a2, a2, 0x1
   1912e: 23 b0 47 01  	sd	s4, 0x0(a5)
   19132: 23 b4 f7 01  	sd	t6, 0x8(a5)
   19136: ba f9        	sd	a4, 0xf0(sp)
   19138: b2 d5        	sw	a2, 0xe8(sp)
   1913a: c1 07        	addi	a5, a5, 0x10
   1913c: e3 d4 c2 fe  	bge	t0, a2, 0x19124 <_svfprintf_r+0xa62>
   19140: c2 65        	ld	a1, 0x10(sp)
   19142: 22 65        	ld	a0, 0x8(sp)
   19144: 90 11        	addi	a2, sp, 0xe0
   19146: ef 30 80 03  	jal	0x1c17e <__ssprint_r>
   1914a: 35 e1        	bnez	a0, 0x191ae <_svfprintf_r+0xaec>
   1914c: c1 43        	li	t2, 0x10
   1914e: 41 39        	addiw	s2, s2, -0x10
   19150: 4e 77        	ld	a4, 0xf0(sp)
   19152: 2e 56        	lw	a2, 0xe8(sp)
   19154: ce 87        	mv	a5, s3
   19156: 9d 42        	li	t0, 0x7
   19158: 9e 8f        	mv	t6, t2
   1915a: e3 c8 23 fd  	blt	t2, s2, 0x1912a <_svfprintf_r+0xa68>
   1915e: 0a 6e        	ld	t3, 0x80(sp)
   19160: ca 86        	mv	a3, s2
   19162: 5e 83        	mv	t1, s7
   19164: 3e 89        	mv	s2, a5
   19166: ea 8b        	mv	s7, s10
   19168: 52 8d        	mv	s10, s4
   1916a: 3a 8a        	mv	s4, a4
   1916c: 36 9a        	add	s4, s4, a3
   1916e: 05 26        	addiw	a2, a2, 0x1
   19170: 23 30 a9 01  	sd	s10, 0x0(s2)
   19174: 23 34 d9 00  	sd	a3, 0x8(s2)
   19178: d2 f9        	sd	s4, 0xf0(sp)
   1917a: b2 d5        	sw	a2, 0xe8(sp)
   1917c: 1d 47        	li	a4, 0x7
   1917e: 41 09        	addi	s2, s2, 0x10
   19180: 63 59 c7 ee  	bge	a4, a2, 0x18872 <_svfprintf_r+0x1b0>
   19184: c2 65        	ld	a1, 0x10(sp)
   19186: 22 65        	ld	a0, 0x8(sp)
   19188: 90 11        	addi	a2, sp, 0xe0
   1918a: 1a e5        	sd	t1, 0x88(sp)
   1918c: 72 e1        	sd	t3, 0x80(sp)
   1918e: ef 20 10 7f  	jal	0x1c17e <__ssprint_r>
   19192: 11 ed        	bnez	a0, 0x191ae <_svfprintf_r+0xaec>
   19194: 4e 7a        	ld	s4, 0xf0(sp)
   19196: 0a 6e        	ld	t3, 0x80(sp)
   19198: 2a 63        	ld	t1, 0x88(sp)
   1919a: 4e 89        	mv	s2, s3
   1919c: 6f f0 6f ed  	j	0x18872 <_svfprintf_r+0x1b0>
   191a0: c2 65        	ld	a1, 0x10(sp)
   191a2: 22 65        	ld	a0, 0x8(sp)
   191a4: 90 11        	addi	a2, sp, 0xe0
   191a6: ef 20 90 7d  	jal	0x1c17e <__ssprint_r>
   191aa: 63 0a 05 f0  	beqz	a0, 0x188be <_svfprintf_r+0x1fc>
   191ae: 82 72        	ld	t0, 0x20(sp)
   191b0: 63 88 02 f2  	beqz	t0, 0x188e0 <_svfprintf_r+0x21e>
   191b4: 22 65        	ld	a0, 0x8(sp)
   191b6: 96 85        	mv	a1, t0
   191b8: ef a0 bf 9c  	jal	0x13b82 <_free_r>
   191bc: 6f f0 4f f2  	j	0x188e0 <_svfprintf_r+0x21e>
   191c0: c2 65        	ld	a1, 0x10(sp)
   191c2: 22 65        	ld	a0, 0x8(sp)
   191c4: 90 11        	addi	a2, sp, 0xe0
   191c6: 1a e5        	sd	t1, 0x88(sp)
   191c8: 72 e1        	sd	t3, 0x80(sp)
   191ca: ef 20 50 7b  	jal	0x1c17e <__ssprint_r>
   191ce: 65 f1        	bnez	a0, 0x191ae <_svfprintf_r+0xaec>
   191d0: 4e 7a        	ld	s4, 0xf0(sp)
   191d2: 2a 63        	ld	t1, 0x88(sp)
   191d4: 0a 6e        	ld	t3, 0x80(sp)
   191d6: 4e 89        	mv	s2, s3
   191d8: 6f f0 2f e9  	j	0x1886a <_svfprintf_r+0x1a8>
   191dc: 41 47        	li	a4, 0x10
   191de: ae 57        	lw	a5, 0xe8(sp)
   191e0: 97 66 00 00  	auipc	a3, 0x6
   191e4: 93 86 06 64  	addi	a3, a3, 0x640
   191e8: 63 55 87 05  	bge	a4, s8, 0x19232 <_svfprintf_r+0xb70>
   191ec: 52 86        	mv	a2, s4
   191ee: 22 6d        	ld	s10, 0x8(sp)
   191f0: ba 8b        	mv	s7, a4
   191f2: 1d 4b        	li	s6, 0x7
   191f4: 36 8a        	mv	s4, a3
   191f6: 21 a0        	j	0x191fe <_svfprintf_r+0xb3c>
   191f8: 41 3c        	addiw	s8, s8, -0x10
   191fa: 63 da 8b 03  	bge	s7, s8, 0x1922e <_svfprintf_r+0xb6c>
   191fe: 41 06        	addi	a2, a2, 0x10
   19200: 85 27        	addiw	a5, a5, 0x1
   19202: 23 30 49 01  	sd	s4, 0x0(s2)
   19206: 23 34 e9 00  	sd	a4, 0x8(s2)
   1920a: b2 f9        	sd	a2, 0xf0(sp)
   1920c: be d5        	sw	a5, 0xe8(sp)
   1920e: 41 09        	addi	s2, s2, 0x10
   19210: e3 54 fb fe  	bge	s6, a5, 0x191f8 <_svfprintf_r+0xb36>
   19214: c2 65        	ld	a1, 0x10(sp)
   19216: 90 11        	addi	a2, sp, 0xe0
   19218: 6a 85        	mv	a0, s10
   1921a: ef 20 50 76  	jal	0x1c17e <__ssprint_r>
   1921e: 41 f9        	bnez	a0, 0x191ae <_svfprintf_r+0xaec>
   19220: 41 3c        	addiw	s8, s8, -0x10
   19222: 4e 76        	ld	a2, 0xf0(sp)
   19224: ae 57        	lw	a5, 0xe8(sp)
   19226: 4e 89        	mv	s2, s3
   19228: 41 47        	li	a4, 0x10
   1922a: e3 ca 8b fd  	blt	s7, s8, 0x191fe <_svfprintf_r+0xb3c>
   1922e: d2 86        	mv	a3, s4
   19230: 32 8a        	mv	s4, a2
   19232: 62 9a        	add	s4, s4, s8
   19234: 85 27        	addiw	a5, a5, 0x1
   19236: d2 f9        	sd	s4, 0xf0(sp)
   19238: be d5        	sw	a5, 0xe8(sp)
   1923a: 23 30 d9 00  	sd	a3, 0x0(s2)
   1923e: 23 34 89 01  	sd	s8, 0x8(s2)
   19242: 1d 47        	li	a4, 0x7
   19244: 63 54 f7 e6  	bge	a4, a5, 0x188ac <_svfprintf_r+0x1ea>
   19248: c2 65        	ld	a1, 0x10(sp)
   1924a: 22 65        	ld	a0, 0x8(sp)
   1924c: 90 11        	addi	a2, sp, 0xe0
   1924e: ef 20 10 73  	jal	0x1c17e <__ssprint_r>
   19252: 31 fd        	bnez	a0, 0x191ae <_svfprintf_r+0xaec>
   19254: 4e 7a        	ld	s4, 0xf0(sp)
   19256: 6f f0 6f e5  	j	0x188ac <_svfprintf_r+0x1ea>
   1925a: 3b 0c 7d 41  	subw	s8, s10, s7
   1925e: 1a 88        	mv	a6, t1
   19260: 63 53 83 01  	bge	t1, s8, 0x19266 <_svfprintf_r+0xba4>
   19264: 62 88        	mv	a6, s8
   19266: 9b 0d 08 00  	sext.w	s11, a6
   1926a: 1d b9        	j	0x18ea0 <_svfprintf_r+0x7de>
   1926c: 6a 56        	lw	a2, 0xb8(sp)
   1926e: 63 5d c0 72  	blez	a2, 0x199a8 <_svfprintf_r+0x12e6>
   19272: c2 77        	ld	a5, 0x30(sp)
   19274: e2 76        	ld	a3, 0x38(sp)
   19276: 3e 87        	mv	a4, a5
   19278: 63 cd f6 34  	blt	a3, a5, 0x195d2 <_svfprintf_r+0xf10>
   1927c: 1b 0c 07 00  	sext.w	s8, a4
   19280: 63 5f 80 01  	blez	s8, 0x1929e <_svfprintf_r+0xbdc>
   19284: ae 56        	lw	a3, 0xe8(sp)
   19286: 62 9a        	add	s4, s4, s8
   19288: 23 30 79 01  	sd	s7, 0x0(s2)
   1928c: 85 26        	addiw	a3, a3, 0x1
   1928e: 23 34 89 01  	sd	s8, 0x8(s2)
   19292: d2 f9        	sd	s4, 0xf0(sp)
   19294: b6 d5        	sw	a3, 0xe8(sp)
   19296: 1d 46        	li	a2, 0x7
   19298: 41 09        	addi	s2, s2, 0x10
   1929a: e3 47 d6 52  	blt	a2, a3, 0x19fc8 <_svfprintf_r+0x1906>
   1929e: e2 86        	mv	a3, s8
   192a0: 63 44 0c 3e  	bltz	s8, 0x19688 <_svfprintf_r+0xfc6>
   192a4: c2 77        	ld	a5, 0x30(sp)
   192a6: 3b 8c d7 40  	subw	s8, a5, a3
   192aa: 63 41 80 45  	bgtz	s8, 0x196ec <_svfprintf_r+0x102a>
   192ae: c2 77        	ld	a5, 0x30(sp)
   192b0: 13 77 0b 40  	andi	a4, s6, 0x400
   192b4: 33 8d fb 00  	add	s10, s7, a5
   192b8: 63 1b 07 4a  	bnez	a4, 0x1976e <_svfprintf_r+0x10ac>
   192bc: 6a 5c        	lw	s8, 0xb8(sp)
   192be: e2 77        	ld	a5, 0x38(sp)
   192c0: 63 46 fc 00  	blt	s8, a5, 0x192cc <_svfprintf_r+0xc0a>
   192c4: 13 77 1b 00  	andi	a4, s6, 0x1
   192c8: e3 06 07 54  	beqz	a4, 0x1a014 <_svfprintf_r+0x1952>
   192cc: 2e 57        	lw	a4, 0xe8(sp)
   192ce: c6 67        	ld	a5, 0x50(sp)
   192d0: e6 66        	ld	a3, 0x58(sp)
   192d2: 05 27        	addiw	a4, a4, 0x1
   192d4: 3e 9a        	add	s4, s4, a5
   192d6: 23 30 d9 00  	sd	a3, 0x0(s2)
   192da: 23 34 f9 00  	sd	a5, 0x8(s2)
   192de: d2 f9        	sd	s4, 0xf0(sp)
   192e0: ba d5        	sw	a4, 0xe8(sp)
   192e2: 9d 46        	li	a3, 0x7
   192e4: 41 09        	addi	s2, s2, 0x10
   192e6: 63 d4 e6 00  	bge	a3, a4, 0x192ee <_svfprintf_r+0xc2c>
   192ea: 6f 10 40 0f  	j	0x1a3de <_svfprintf_r+0x1d1c>
   192ee: 62 77        	ld	a4, 0x38(sp)
   192f0: b3 87 eb 00  	add	a5, s7, a4
   192f4: b3 87 a7 41  	sub	a5, a5, s10
   192f8: bb 06 87 41  	subw	a3, a4, s8
   192fc: 1b 87 07 00  	sext.w	a4, a5
   19300: 63 d3 e6 00  	bge	a3, a4, 0x19306 <_svfprintf_r+0xc44>
   19304: b6 87        	mv	a5, a3
   19306: 1b 8c 07 00  	sext.w	s8, a5
   1930a: 63 51 80 03  	blez	s8, 0x1932c <_svfprintf_r+0xc6a>
   1930e: 2e 57        	lw	a4, 0xe8(sp)
   19310: 62 9a        	add	s4, s4, s8
   19312: 23 30 a9 01  	sd	s10, 0x0(s2)
   19316: 05 27        	addiw	a4, a4, 0x1
   19318: 23 34 89 01  	sd	s8, 0x8(s2)
   1931c: d2 f9        	sd	s4, 0xf0(sp)
   1931e: ba d5        	sw	a4, 0xe8(sp)
   19320: 9d 47        	li	a5, 0x7
   19322: 41 09        	addi	s2, s2, 0x10
   19324: 63 d4 e7 00  	bge	a5, a4, 0x1932c <_svfprintf_r+0xc6a>
   19328: 6f 10 c0 10  	j	0x1a434 <_svfprintf_r+0x1d72>
   1932c: 62 87        	mv	a4, s8
   1932e: 63 53 0c 00  	bgez	s8, 0x19334 <_svfprintf_r+0xc72>
   19332: 01 47        	li	a4, 0x0
   19334: 3b 8c e6 40  	subw	s8, a3, a4
   19338: 63 52 80 d7  	blez	s8, 0x1889c <_svfprintf_r+0x1da>
   1933c: c1 46        	li	a3, 0x10
   1933e: ae 57        	lw	a5, 0xe8(sp)
   19340: 17 6d 00 00  	auipc	s10, 0x6
   19344: 13 0d 0d 4d  	addi	s10, s10, 0x4d0
   19348: 63 d8 86 73  	bge	a3, s8, 0x19a78 <_svfprintf_r+0x13b6>
   1934c: 52 87        	mv	a4, s4
   1934e: 36 83        	mv	t1, a3
   19350: 6a 8a        	mv	s4, s10
   19352: 9d 4b        	li	s7, 0x7
   19354: 62 8d        	mv	s10, s8
   19356: 5a 8c        	mv	s8, s6
   19358: 56 8b        	mv	s6, s5
   1935a: c2 6a        	ld	s5, 0x10(sp)
   1935c: 21 a0        	j	0x19364 <_svfprintf_r+0xca2>
   1935e: 41 3d        	addiw	s10, s10, -0x10
   19360: 63 57 a3 71  	bge	t1, s10, 0x19a6e <_svfprintf_r+0x13ac>
   19364: 41 07        	addi	a4, a4, 0x10
   19366: 85 27        	addiw	a5, a5, 0x1
   19368: 23 30 49 01  	sd	s4, 0x0(s2)
   1936c: 23 34 d9 00  	sd	a3, 0x8(s2)
   19370: ba f9        	sd	a4, 0xf0(sp)
   19372: be d5        	sw	a5, 0xe8(sp)
   19374: 41 09        	addi	s2, s2, 0x10
   19376: e3 d4 fb fe  	bge	s7, a5, 0x1935e <_svfprintf_r+0xc9c>
   1937a: 22 65        	ld	a0, 0x8(sp)
   1937c: 90 11        	addi	a2, sp, 0xe0
   1937e: d6 85        	mv	a1, s5
   19380: ef 20 f0 5f  	jal	0x1c17e <__ssprint_r>
   19384: e3 15 05 e2  	bnez	a0, 0x191ae <_svfprintf_r+0xaec>
   19388: 41 43        	li	t1, 0x10
   1938a: 4e 77        	ld	a4, 0xf0(sp)
   1938c: ae 57        	lw	a5, 0xe8(sp)
   1938e: 4e 89        	mv	s2, s3
   19390: 9a 86        	mv	a3, t1
   19392: f1 b7        	j	0x1935e <_svfprintf_r+0xc9c>
   19394: ae 56        	lw	a3, 0xe8(sp)
   19396: 41 4a        	li	s4, 0x10
   19398: b6 85        	mv	a1, a3
   1939a: 97 66 00 00  	auipc	a3, 0x6
   1939e: 93 86 66 48  	addi	a3, a3, 0x486
   193a2: 63 5e ea 04  	bge	s4, a4, 0x193fe <_svfprintf_r+0xd3c>
   193a6: 56 e1        	sd	s5, 0x80(sp)
   193a8: ca 87        	mv	a5, s2
   193aa: d2 83        	mv	t2, s4
   193ac: 9d 42        	li	t0, 0x7
   193ae: 3a 89        	mv	s2, a4
   193b0: 72 e5        	sd	t3, 0x88(sp)
   193b2: 1a e9        	sd	t1, 0x90(sp)
   193b4: b6 8a        	mv	s5, a3
   193b6: 21 a0        	j	0x193be <_svfprintf_r+0xcfc>
   193b8: 41 39        	addiw	s2, s2, -0x10
   193ba: 63 dc 23 03  	bge	t2, s2, 0x193f2 <_svfprintf_r+0xd30>
   193be: 41 06        	addi	a2, a2, 0x10
   193c0: 85 25        	addiw	a1, a1, 0x1
   193c2: 23 b0 57 01  	sd	s5, 0x0(a5)
   193c6: 23 b4 47 01  	sd	s4, 0x8(a5)
   193ca: b2 f9        	sd	a2, 0xf0(sp)
   193cc: ae d5        	sw	a1, 0xe8(sp)
   193ce: c1 07        	addi	a5, a5, 0x10
   193d0: e3 d4 b2 fe  	bge	t0, a1, 0x193b8 <_svfprintf_r+0xcf6>
   193d4: c2 65        	ld	a1, 0x10(sp)
   193d6: 22 65        	ld	a0, 0x8(sp)
   193d8: 90 11        	addi	a2, sp, 0xe0
   193da: ef 20 50 5a  	jal	0x1c17e <__ssprint_r>
   193de: e3 18 05 dc  	bnez	a0, 0x191ae <_svfprintf_r+0xaec>
   193e2: c1 43        	li	t2, 0x10
   193e4: 41 39        	addiw	s2, s2, -0x10
   193e6: 4e 76        	ld	a2, 0xf0(sp)
   193e8: ae 55        	lw	a1, 0xe8(sp)
   193ea: ce 87        	mv	a5, s3
   193ec: 9d 42        	li	t0, 0x7
   193ee: e3 c8 23 fd  	blt	t2, s2, 0x193be <_svfprintf_r+0xcfc>
   193f2: d6 86        	mv	a3, s5
   193f4: 2a 6e        	ld	t3, 0x88(sp)
   193f6: 4a 63        	ld	t1, 0x90(sp)
   193f8: 8a 6a        	ld	s5, 0x80(sp)
   193fa: 4a 87        	mv	a4, s2
   193fc: 3e 89        	mv	s2, a5
   193fe: 33 0a c7 00  	add	s4, a4, a2
   19402: 85 25        	addiw	a1, a1, 0x1
   19404: 23 34 e9 00  	sd	a4, 0x8(s2)
   19408: d2 f9        	sd	s4, 0xf0(sp)
   1940a: ae d5        	sw	a1, 0xe8(sp)
   1940c: 23 30 d9 00  	sd	a3, 0x0(s2)
   19410: 1d 47        	li	a4, 0x7
   19412: 63 40 b7 56  	blt	a4, a1, 0x19972 <_svfprintf_r+0x12b0>
   19416: 03 47 f1 0a  	lbu	a4, 0xaf(sp)
   1941a: 41 09        	addi	s2, s2, 0x10
   1941c: 79 ef        	bnez	a4, 0x194fa <_svfprintf_r+0xe38>
   1941e: 63 0a 0d c4  	beqz	s10, 0x18872 <_svfprintf_r+0x1b0>
   19422: 01 4d        	li	s10, 0x0
   19424: 6f f0 af c2  	j	0x1884e <_svfprintf_r+0x18c>
   19428: 33 76 db 00  	and	a2, s6, a3
   1942c: 63 12 06 e0  	bnez	a2, 0x18a30 <_svfprintf_r+0x36e>
   19430: 23 30 79 01  	sd	s7, 0x0(s2)
   19434: 23 34 d9 00  	sd	a3, 0x8(s2)
   19438: d2 f9        	sd	s4, 0xf0(sp)
   1943a: e2 d5        	sw	s8, 0xe8(sp)
   1943c: 9d 47        	li	a5, 0x7
   1943e: 63 dc 87 e5  	bge	a5, s8, 0x18a96 <_svfprintf_r+0x3d4>
   19442: c2 65        	ld	a1, 0x10(sp)
   19444: 22 65        	ld	a0, 0x8(sp)
   19446: 90 11        	addi	a2, sp, 0xe0
   19448: ef 20 70 53  	jal	0x1c17e <__ssprint_r>
   1944c: e3 11 05 d6  	bnez	a0, 0x191ae <_svfprintf_r+0xaec>
   19450: 4e 7a        	ld	s4, 0xf0(sp)
   19452: 2e 5c        	lw	s8, 0xe8(sp)
   19454: ce 88        	mv	a7, s3
   19456: 6f f0 0f e4  	j	0x18a96 <_svfprintf_r+0x3d4>
   1945a: 62 77        	ld	a4, 0x38(sp)
   1945c: 85 47        	li	a5, 0x1
   1945e: 63 dc e7 e2  	bge	a5, a4, 0x18a96 <_svfprintf_r+0x3d4>
   19462: c5 47        	li	a5, 0x11
   19464: 17 6d 00 00  	auipc	s10, 0x6
   19468: 13 0d cd 3a  	addi	s10, s10, 0x3ac
   1946c: 63 da e7 6c  	bge	a5, a4, 0x19b40 <_svfprintf_r+0x147e>
   19470: ea 86        	mv	a3, s10
   19472: 52 87        	mv	a4, s4
   19474: 4a 8d        	mv	s10, s2
   19476: 42 6a        	ld	s4, 0x10(sp)
   19478: c1 47        	li	a5, 0x10
   1947a: 9d 4b        	li	s7, 0x7
   1947c: 36 89        	mv	s2, a3
   1947e: 21 a0        	j	0x19486 <_svfprintf_r+0xdc4>
   19480: 41 3d        	addiw	s10, s10, -0x10
   19482: 63 db a7 6b  	bge	a5, s10, 0x19b38 <_svfprintf_r+0x1476>
   19486: 41 07        	addi	a4, a4, 0x10
   19488: 05 2c        	addiw	s8, s8, 0x1
   1948a: 23 b0 28 01  	sd	s2, 0x0(a7)
   1948e: 23 b4 f8 00  	sd	a5, 0x8(a7)
   19492: ba f9        	sd	a4, 0xf0(sp)
   19494: e2 d5        	sw	s8, 0xe8(sp)
   19496: c1 08        	addi	a7, a7, 0x10
   19498: e3 d4 8b ff  	bge	s7, s8, 0x19480 <_svfprintf_r+0xdbe>
   1949c: 22 65        	ld	a0, 0x8(sp)
   1949e: 90 11        	addi	a2, sp, 0xe0
   194a0: d2 85        	mv	a1, s4
   194a2: ef 20 d0 4d  	jal	0x1c17e <__ssprint_r>
   194a6: e3 14 05 d0  	bnez	a0, 0x191ae <_svfprintf_r+0xaec>
   194aa: 4e 77        	ld	a4, 0xf0(sp)
   194ac: 2e 5c        	lw	s8, 0xe8(sp)
   194ae: ce 88        	mv	a7, s3
   194b0: c1 47        	li	a5, 0x10
   194b2: f9 b7        	j	0x19480 <_svfprintf_r+0xdbe>
   194b4: c2 65        	ld	a1, 0x10(sp)
   194b6: 22 65        	ld	a0, 0x8(sp)
   194b8: 90 11        	addi	a2, sp, 0xe0
   194ba: ef 20 50 4c  	jal	0x1c17e <__ssprint_r>
   194be: e3 18 05 ce  	bnez	a0, 0x191ae <_svfprintf_r+0xaec>
   194c2: 4e 7a        	ld	s4, 0xf0(sp)
   194c4: 2e 5c        	lw	s8, 0xe8(sp)
   194c6: ce 88        	mv	a7, s3
   194c8: 6f f0 cf d7  	j	0x18a44 <_svfprintf_r+0x382>
   194cc: c2 65        	ld	a1, 0x10(sp)
   194ce: 22 65        	ld	a0, 0x8(sp)
   194d0: 90 11        	addi	a2, sp, 0xe0
   194d2: ef 20 d0 4a  	jal	0x1c17e <__ssprint_r>
   194d6: e3 1c 05 cc  	bnez	a0, 0x191ae <_svfprintf_r+0xaec>
   194da: 4e 7a        	ld	s4, 0xf0(sp)
   194dc: 2e 5c        	lw	s8, 0xe8(sp)
   194de: ce 88        	mv	a7, s3
   194e0: 6f f0 0f d8  	j	0x18a60 <_svfprintf_r+0x39e>
   194e4: 93 77 1b 00  	andi	a5, s6, 0x1
   194e8: 63 8a 07 ba  	beqz	a5, 0x1889c <_svfprintf_r+0x1da>
   194ec: 6f f0 ef f4  	j	0x18c3a <_svfprintf_r+0x578>
   194f0: 03 ce 0a 00  	lbu	t3, 0x0(s5)
   194f4: 3e f4        	sd	a5, 0x28(sp)
   194f6: 6f f0 ef aa  	j	0x187a4 <_svfprintf_r+0xe2>
   194fa: 6a 87        	mv	a4, s10
   194fc: 01 4d        	li	s10, 0x0
   194fe: 6f f0 ef b2  	j	0x1882c <_svfprintf_r+0x16a>
   19502: 5a 88        	mv	a6, s6
   19504: 05 b2        	j	0x18e24 <_svfprintf_r+0x762>
   19506: a2 76        	ld	a3, 0x28(sp)
   19508: a3 07 01 0a  	sb	zero, 0xaf(sp)
   1950c: da 87        	mv	a5, s6
   1950e: 03 ba 06 00  	ld	s4, 0x0(a3)
   19512: 13 87 86 00  	addi	a4, a3, 0x8
   19516: e3 59 03 ae  	bgez	t1, 0x19008 <_svfprintf_r+0x946>
   1951a: 3a f4        	sd	a4, 0x28(sp)
   1951c: 3e 8b        	mv	s6, a5
   1951e: 6f f0 0f fe  	j	0x18cfe <_svfprintf_r+0x63c>
   19522: a2 77        	ld	a5, 0x28(sp)
   19524: 93 86 f7 00  	addi	a3, a5, 0xf
   19528: c1 9a        	andi	a3, a3, -0x10
   1952a: 93 87 06 01  	addi	a5, a3, 0x10
   1952e: 98 62        	ld	a4, 0x0(a3)
   19530: 8c 66        	ld	a1, 0x8(a3)
   19532: 3e f4        	sd	a5, 0x28(sp)
   19534: 6f f0 ef c3  	j	0x18972 <_svfprintf_r+0x2b0>
   19538: a2 77        	ld	a5, 0x28(sp)
   1953a: a1 07        	addi	a5, a5, 0x8
   1953c: 22 77        	ld	a4, 0x28(sp)
   1953e: 36 8b        	mv	s6, a3
   19540: 3e f4        	sd	a5, 0x28(sp)
   19542: 18 63        	ld	a4, 0x0(a4)
   19544: 3a 8a        	mv	s4, a4
   19546: 6f f0 4f fa  	j	0x18cea <_svfprintf_r+0x628>
   1954a: 02 76        	ld	a2, 0x20(sp)
   1954c: 97 65 00 00  	auipc	a1, 0x6
   19550: 93 85 c5 ae  	addi	a1, a1, -0x514
   19554: 13 6f 2b 00  	ori	t5, s6, 0x2
   19558: 13 77 f6 00  	andi	a4, a2, 0xf
   1955c: 2e 97        	add	a4, a4, a1
   1955e: 83 46 07 00  	lbu	a3, 0x0(a4)
   19562: 3e f4        	sd	a5, 0x28(sp)
   19564: 13 57 46 00  	srli	a4, a2, 0x4
   19568: a3 0d d1 14  	sb	a3, 0x15b(sp)
   1956c: 1b 0b 0f 00  	sext.w	s6, t5
   19570: 09 46        	li	a2, 0x2
   19572: 13 0e 80 07  	li	t3, 0x78
   19576: 19 e3        	bnez	a4, 0x1957c <_svfprintf_r+0xeba>
   19578: 6f 10 00 1b  	j	0x1a728 <_svfprintf_r+0x2066>
   1957c: 93 0b b1 15  	addi	s7, sp, 0x15b
   19580: 93 77 f7 00  	andi	a5, a4, 0xf
   19584: ae 97        	add	a5, a5, a1
   19586: 83 c7 07 00  	lbu	a5, 0x0(a5)
   1958a: 11 83        	srli	a4, a4, 0x4
   1958c: fd 1b        	addi	s7, s7, -0x1
   1958e: 23 80 fb 00  	sb	a5, 0x0(s7)
   19592: 7d f7        	bnez	a4, 0x19580 <_svfprintf_r+0xebe>
   19594: 93 08 c1 15  	addi	a7, sp, 0x15c
   19598: 3b 8c 78 41  	subw	s8, a7, s7
   1959c: 1a 88        	mv	a6, t1
   1959e: 63 53 83 01  	bge	t1, s8, 0x195a4 <_svfprintf_r+0xee2>
   195a2: 62 88        	mv	a6, s8
   195a4: 9b 0d 08 00  	sext.w	s11, a6
   195a8: 02 f0        	sd	zero, 0x20(sp)
   195aa: 82 e4        	sd	zero, 0x48(sp)
   195ac: 82 e0        	sd	zero, 0x40(sp)
   195ae: 02 f8        	sd	zero, 0x30(sp)
   195b0: 01 45        	li	a0, 0x0
   195b2: 63 02 06 a6  	beqz	a2, 0x18816 <_svfprintf_r+0x154>
   195b6: 4e 7a        	ld	s4, 0xf0(sp)
   195b8: ae 55        	lw	a1, 0xe8(sp)
   195ba: 13 7d 4b 08  	andi	s10, s6, 0x84
   195be: 89 2d        	addiw	s11, s11, 0x2
   195c0: 52 86        	mv	a2, s4
   195c2: ae 86        	mv	a3, a1
   195c4: 63 0f 0d 2e  	beqz	s10, 0x198c2 <_svfprintf_r+0x1200>
   195c8: 09 47        	li	a4, 0x2
   195ca: 63 11 05 a6  	bnez	a0, 0x1882c <_svfprintf_r+0x16a>
   195ce: 6f f0 0f a8  	j	0x1884e <_svfprintf_r+0x18c>
   195d2: 36 87        	mv	a4, a3
   195d4: 1b 0c 07 00  	sext.w	s8, a4
   195d8: e3 46 80 cb  	bgtz	s8, 0x19284 <_svfprintf_r+0xbc2>
   195dc: c9 b1        	j	0x1929e <_svfprintf_r+0xbdc>
   195de: 62 88        	mv	a6, s8
   195e0: 6d b8        	j	0x18e9a <_svfprintf_r+0x7d8>
   195e2: 7d 53        	li	t1, -0x1
   195e4: 1a 8c        	mv	s8, t1
   195e6: b2 8a        	mv	s5, a2
   195e8: 6f f0 ef 9b  	j	0x187a6 <_svfprintf_r+0xe4>
   195ec: e3 1a 03 1c  	bnez	t1, 0x19fc0 <_svfprintf_r+0x18fe>
   195f0: 03 47 f1 0a  	lbu	a4, 0xaf(sp)
   195f4: 81 4d        	li	s11, 0x0
   195f6: 01 4c        	li	s8, 0x0
   195f8: 93 0b c1 15  	addi	s7, sp, 0x15c
   195fc: 6f f0 af f2  	j	0x18d26 <_svfprintf_r+0x664>
   19600: 62 83        	mv	t1, s8
   19602: 97 65 00 00  	auipc	a1, 0x6
   19606: 93 85 e5 a4  	addi	a1, a1, -0x5b2
   1960a: a2 76        	ld	a3, 0x28(sp)
   1960c: 13 77 0b 02  	andi	a4, s6, 0x20
   19610: 93 87 86 00  	addi	a5, a3, 0x8
   19614: 63 04 07 30  	beqz	a4, 0x1991c <_svfprintf_r+0x125a>
   19618: 98 62        	ld	a4, 0x0(a3)
   1961a: 93 76 1b 00  	andi	a3, s6, 0x1
   1961e: 63 8f 06 2a  	beqz	a3, 0x198dc <_svfprintf_r+0x121a>
   19622: 63 09 07 40  	beqz	a4, 0x19a34 <_svfprintf_r+0x1372>
   19626: 93 06 00 03  	li	a3, 0x30
   1962a: a3 08 c1 0b  	sb	t3, 0xb1(sp)
   1962e: a3 07 01 0a  	sb	zero, 0xaf(sp)
   19632: 23 08 d1 0a  	sb	a3, 0xb0(sp)
   19636: 63 46 03 30  	bltz	t1, 0x19942 <_svfprintf_r+0x1280>
   1963a: 13 7f fb b7  	andi	t5, s6, -0x481
   1963e: 01 2f        	sext.w	t5, t5
   19640: 13 6b 2f 00  	ori	s6, t5, 0x2
   19644: 93 76 f7 00  	andi	a3, a4, 0xf
   19648: ae 96        	add	a3, a3, a1
   1964a: 83 c6 06 00  	lbu	a3, 0x0(a3)
   1964e: 13 76 2b 00  	andi	a2, s6, 0x2
   19652: 3e f4        	sd	a5, 0x28(sp)
   19654: a3 0d d1 14  	sb	a3, 0x15b(sp)
   19658: 11 83        	srli	a4, a4, 0x4
   1965a: 0d f3        	bnez	a4, 0x1957c <_svfprintf_r+0xeba>
   1965c: 93 0b b1 15  	addi	s7, sp, 0x15b
   19660: 15 bf        	j	0x19594 <_svfprintf_r+0xed2>
   19662: c2 65        	ld	a1, 0x10(sp)
   19664: 22 65        	ld	a0, 0x8(sp)
   19666: 90 11        	addi	a2, sp, 0xe0
   19668: ef 20 70 31  	jal	0x1c17e <__ssprint_r>
   1966c: e3 11 05 b4  	bnez	a0, 0x191ae <_svfprintf_r+0xaec>
   19670: 4e 7a        	ld	s4, 0xf0(sp)
   19672: 4e 89        	mv	s2, s3
   19674: 6f f0 4f de  	j	0x18c58 <_svfprintf_r+0x596>
   19678: 13 6b 0b 20  	ori	s6, s6, 0x200
   1967c: 03 ce 1a 00  	lbu	t3, 0x1(s5)
   19680: 01 2b        	sext.w	s6, s6
   19682: 85 0a        	addi	s5, s5, 0x1
   19684: 6f f0 0f 92  	j	0x187a4 <_svfprintf_r+0xe2>
   19688: 81 46        	li	a3, 0x0
   1968a: 29 b9        	j	0x192a4 <_svfprintf_r+0xbe2>
   1968c: 13 6b 0b 02  	ori	s6, s6, 0x20
   19690: 03 ce 1a 00  	lbu	t3, 0x1(s5)
   19694: 01 2b        	sext.w	s6, s6
   19696: 85 0a        	addi	s5, s5, 0x1
   19698: 6f f0 cf 90  	j	0x187a4 <_svfprintf_r+0xe2>
   1969c: 62 83        	mv	t1, s8
   1969e: 97 65 00 00  	auipc	a1, 0x6
   196a2: 93 85 a5 99  	addi	a1, a1, -0x666
   196a6: 95 b7        	j	0x1960a <_svfprintf_r+0xf48>
   196a8: 22 65        	ld	a0, 0x8(sp)
   196aa: 93 05 00 04  	li	a1, 0x40
   196ae: ef d0 8f 89  	jal	0x16746 <_malloc_r>
   196b2: c2 67        	ld	a5, 0x10(sp)
   196b4: 88 e3        	sd	a0, 0x0(a5)
   196b6: 88 ef        	sd	a0, 0x18(a5)
   196b8: 19 e1        	bnez	a0, 0x196be <_svfprintf_r+0xffc>
   196ba: 6f 10 80 04  	j	0x1a702 <_svfprintf_r+0x2040>
   196be: c2 67        	ld	a5, 0x10(sp)
   196c0: 23 3c 91 22  	sd	s1, 0x238(sp)
   196c4: 23 38 21 23  	sd	s2, 0x230(sp)
   196c8: 23 34 31 23  	sd	s3, 0x228(sp)
   196cc: 23 30 41 23  	sd	s4, 0x220(sp)
   196d0: 23 3c 51 21  	sd	s5, 0x218(sp)
   196d4: 23 38 61 21  	sd	s6, 0x210(sp)
   196d8: 23 34 71 21  	sd	s7, 0x208(sp)
   196dc: e6 ff        	sd	s9, 0x1f8(sp)
   196de: ea fb        	sd	s10, 0x1f0(sp)
   196e0: ee f7        	sd	s11, 0x1e8(sp)
   196e2: 13 07 00 04  	li	a4, 0x40
   196e6: 98 d3        	sw	a4, 0x20(a5)
   196e8: 6f f0 cf 83  	j	0x18724 <_svfprintf_r+0x62>
   196ec: c1 48        	li	a7, 0x10
   196ee: 2e 56        	lw	a2, 0xe8(sp)
   196f0: 17 6d 00 00  	auipc	s10, 0x6
   196f4: 13 0d 0d 12  	addi	s10, s10, 0x120
   196f8: e3 d1 88 03  	bge	a7, s8, 0x19f1a <_svfprintf_r+0x1858>
   196fc: d2 87        	mv	a5, s4
   196fe: 46 8e        	mv	t3, a7
   19700: 6a 8a        	mv	s4, s10
   19702: 1d 43        	li	t1, 0x7
   19704: 62 8d        	mv	s10, s8
   19706: 5e 8c        	mv	s8, s7
   19708: da 8b        	mv	s7, s6
   1970a: 56 8b        	mv	s6, s5
   1970c: c2 6a        	ld	s5, 0x10(sp)
   1970e: 21 a0        	j	0x19716 <_svfprintf_r+0x1054>
   19710: 41 3d        	addiw	s10, s10, -0x10
   19712: 63 5e ae 7f  	bge	t3, s10, 0x19f0e <_svfprintf_r+0x184c>
   19716: c1 07        	addi	a5, a5, 0x10
   19718: 05 26        	addiw	a2, a2, 0x1
   1971a: 23 30 49 01  	sd	s4, 0x0(s2)
   1971e: 23 34 19 01  	sd	a7, 0x8(s2)
   19722: be f9        	sd	a5, 0xf0(sp)
   19724: b2 d5        	sw	a2, 0xe8(sp)
   19726: 41 09        	addi	s2, s2, 0x10
   19728: e3 54 c3 fe  	bge	t1, a2, 0x19710 <_svfprintf_r+0x104e>
   1972c: 22 65        	ld	a0, 0x8(sp)
   1972e: 90 11        	addi	a2, sp, 0xe0
   19730: d6 85        	mv	a1, s5
   19732: ef 20 d0 24  	jal	0x1c17e <__ssprint_r>
   19736: e3 1c 05 a6  	bnez	a0, 0x191ae <_svfprintf_r+0xaec>
   1973a: 41 4e        	li	t3, 0x10
   1973c: ce 77        	ld	a5, 0xf0(sp)
   1973e: 2e 56        	lw	a2, 0xe8(sp)
   19740: 4e 89        	mv	s2, s3
   19742: 1d 43        	li	t1, 0x7
   19744: f2 88        	mv	a7, t3
   19746: e9 b7        	j	0x19710 <_svfprintf_r+0x104e>
   19748: 5e 85        	mv	a0, s7
   1974a: 72 f0        	sd	t3, 0x20(sp)
   1974c: ef 70 4f f9  	jal	0x10ee0 <strlen>
   19750: 1b 0c 05 00  	sext.w	s8, a0
   19754: 02 7e        	ld	t3, 0x20(sp)
   19756: 62 87        	mv	a4, s8
   19758: e3 4a 0c 10  	bltz	s8, 0x1a06c <_svfprintf_r+0x19aa>
   1975c: 83 46 f1 0a  	lbu	a3, 0xaf(sp)
   19760: ba 8d        	mv	s11, a4
   19762: 63 85 06 bc  	beqz	a3, 0x18b2c <_svfprintf_r+0x46a>
   19766: 9b 0d 17 00  	addiw	s11, a4, 0x1
   1976a: 6f f0 2f bc  	j	0x18b2c <_svfprintf_r+0x46a>
   1976e: e2 77        	ld	a5, 0x38(sp)
   19770: 56 e1        	sd	s5, 0x80(sp)
   19772: 66 e5        	sd	s9, 0x88(sp)
   19774: de 97        	add	a5, a5, s7
   19776: 3e f8        	sd	a5, 0x30(sp)
   19778: ca 87        	mv	a5, s2
   1977a: 06 69        	ld	s2, 0x40(sp)
   1977c: 6e ed        	sd	s11, 0x98(sp)
   1977e: 52 86        	mv	a2, s4
   19780: 5a e9        	sd	s6, 0x90(sp)
   19782: 26 6a        	ld	s4, 0x48(sp)
   19784: de e4        	sd	s7, 0x48(sp)
   19786: c6 7d        	ld	s11, 0x70(sp)
   19788: ea 8b        	mv	s7, s10
   1978a: a2 6a        	ld	s5, 0x8(sp)
   1978c: c2 6c        	ld	s9, 0x10(sp)
   1978e: 66 7d        	ld	s10, 0x78(sp)
   19790: 9d 46        	li	a3, 0x7
   19792: 41 47        	li	a4, 0x10
   19794: 17 6c 00 00  	auipc	s8, 0x6
   19798: 13 0c cc 07  	addi	s8, s8, 0x7c
   1979c: 63 5a 20 07  	blez	s2, 0x19810 <_svfprintf_r+0x114e>
   197a0: 63 53 40 11  	blez	s4, 0x198a6 <_svfprintf_r+0x11e4>
   197a4: 7d 3a        	addiw	s4, s4, -0x1
   197a6: ae 55        	lw	a1, 0xe8(sp)
   197a8: 26 75        	ld	a0, 0x68(sp)
   197aa: 6a 96        	add	a2, a2, s10
   197ac: 85 25        	addiw	a1, a1, 0x1
   197ae: 88 e3        	sd	a0, 0x0(a5)
   197b0: 23 b4 a7 01  	sd	s10, 0x8(a5)
   197b4: b2 f9        	sd	a2, 0xf0(sp)
   197b6: ae d5        	sw	a1, 0xe8(sp)
   197b8: c1 07        	addi	a5, a5, 0x10
   197ba: 63 c8 b6 16  	blt	a3, a1, 0x1992a <_svfprintf_r+0x1268>
   197be: 42 75        	ld	a0, 0x30(sp)
   197c0: 83 c5 0d 00  	lbu	a1, 0x0(s11)
   197c4: b3 08 75 41  	sub	a7, a0, s7
   197c8: 1b 85 08 00  	sext.w	a0, a7
   197cc: 2e 88        	mv	a6, a1
   197ce: 63 d3 a5 00  	bge	a1, a0, 0x197d4 <_svfprintf_r+0x1112>
   197d2: ae 88        	mv	a7, a1
   197d4: 1b 8b 08 00  	sext.w	s6, a7
   197d8: 63 51 60 03  	blez	s6, 0x197fa <_svfprintf_r+0x1138>
   197dc: ae 55        	lw	a1, 0xe8(sp)
   197de: 5a 96        	add	a2, a2, s6
   197e0: b2 f9        	sd	a2, 0xf0(sp)
   197e2: 85 25        	addiw	a1, a1, 0x1
   197e4: 23 b0 77 01  	sd	s7, 0x0(a5)
   197e8: 23 b4 67 01  	sd	s6, 0x8(a5)
   197ec: ae d5        	sw	a1, 0xe8(sp)
   197ee: 63 c4 b6 2a  	blt	a3, a1, 0x19a96 <_svfprintf_r+0x13d4>
   197f2: 83 c5 0d 00  	lbu	a1, 0x0(s11)
   197f6: c1 07        	addi	a5, a5, 0x10
   197f8: 2e 88        	mv	a6, a1
   197fa: 5a 85        	mv	a0, s6
   197fc: 63 53 0b 00  	bgez	s6, 0x19802 <_svfprintf_r+0x1140>
   19800: 01 45        	li	a0, 0x0
   19802: 3b 0b a8 40  	subw	s6, a6, a0
   19806: 63 47 60 03  	bgtz	s6, 0x19834 <_svfprintf_r+0x1172>
   1980a: ae 9b        	add	s7, s7, a1
   1980c: e3 4a 20 f9  	bgtz	s2, 0x197a0 <_svfprintf_r+0x10de>
   19810: e3 4a 40 f9  	bgtz	s4, 0x197a4 <_svfprintf_r+0x10e2>
   19814: 5e 8d        	mv	s10, s7
   19816: 3e 89        	mv	s2, a5
   19818: a6 6b        	ld	s7, 0x48(sp)
   1981a: e2 77        	ld	a5, 0x38(sp)
   1981c: ee f8        	sd	s11, 0x70(sp)
   1981e: 8a 6a        	ld	s5, 0x80(sp)
   19820: 33 87 fb 00  	add	a4, s7, a5
   19824: aa 6c        	ld	s9, 0x88(sp)
   19826: 4a 6b        	ld	s6, 0x90(sp)
   19828: ea 6d        	ld	s11, 0x98(sp)
   1982a: 32 8a        	mv	s4, a2
   1982c: e3 78 a7 a9  	bgeu	a4, s10, 0x192bc <_svfprintf_r+0xbfa>
   19830: 3a 8d        	mv	s10, a4
   19832: 69 b4        	j	0x192bc <_svfprintf_r+0xbfa>
   19834: ae 55        	lw	a1, 0xe8(sp)
   19836: 97 68 00 00  	auipc	a7, 0x6
   1983a: 93 88 a8 fd  	addi	a7, a7, -0x26
   1983e: 63 55 67 05  	bge	a4, s6, 0x19888 <_svfprintf_r+0x11c6>
   19842: ca e0        	sd	s2, 0x40(sp)
   19844: 5a 89        	mv	s2, s6
   19846: 46 8b        	mv	s6, a7
   19848: 21 a0        	j	0x19850 <_svfprintf_r+0x118e>
   1984a: 41 39        	addiw	s2, s2, -0x10
   1984c: 63 5b 27 03  	bge	a4, s2, 0x19882 <_svfprintf_r+0x11c0>
   19850: 41 06        	addi	a2, a2, 0x10
   19852: 85 25        	addiw	a1, a1, 0x1
   19854: 23 b0 87 01  	sd	s8, 0x0(a5)
   19858: 98 e7        	sd	a4, 0x8(a5)
   1985a: b2 f9        	sd	a2, 0xf0(sp)
   1985c: ae d5        	sw	a1, 0xe8(sp)
   1985e: c1 07        	addi	a5, a5, 0x10
   19860: e3 d5 b6 fe  	bge	a3, a1, 0x1984a <_svfprintf_r+0x1188>
   19864: 90 11        	addi	a2, sp, 0xe0
   19866: e6 85        	mv	a1, s9
   19868: 56 85        	mv	a0, s5
   1986a: ef 20 50 11  	jal	0x1c17e <__ssprint_r>
   1986e: e3 10 05 94  	bnez	a0, 0x191ae <_svfprintf_r+0xaec>
   19872: 41 47        	li	a4, 0x10
   19874: 41 39        	addiw	s2, s2, -0x10
   19876: 4e 76        	ld	a2, 0xf0(sp)
   19878: ae 55        	lw	a1, 0xe8(sp)
   1987a: ce 87        	mv	a5, s3
   1987c: 9d 46        	li	a3, 0x7
   1987e: e3 49 27 fd  	blt	a4, s2, 0x19850 <_svfprintf_r+0x118e>
   19882: da 88        	mv	a7, s6
   19884: 4a 8b        	mv	s6, s2
   19886: 06 69        	ld	s2, 0x40(sp)
   19888: 5a 96        	add	a2, a2, s6
   1988a: 85 25        	addiw	a1, a1, 0x1
   1988c: b2 f9        	sd	a2, 0xf0(sp)
   1988e: ae d5        	sw	a1, 0xe8(sp)
   19890: 23 b0 17 01  	sd	a7, 0x0(a5)
   19894: 23 b4 67 01  	sd	s6, 0x8(a5)
   19898: e3 c8 b6 20  	blt	a3, a1, 0x1a2a8 <_svfprintf_r+0x1be6>
   1989c: 83 c5 0d 00  	lbu	a1, 0x0(s11)
   198a0: c1 07        	addi	a5, a5, 0x10
   198a2: ae 9b        	add	s7, s7, a1
   198a4: a5 b7        	j	0x1980c <_svfprintf_r+0x114a>
   198a6: fd 1d        	addi	s11, s11, -0x1
   198a8: 7d 39        	addiw	s2, s2, -0x1
   198aa: f5 bd        	j	0x197a6 <_svfprintf_r+0x10e4>
   198ac: 2a 8b        	mv	s6, a0
   198ae: 3e f4        	sd	a5, 0x28(sp)
   198b0: 01 4c        	li	s8, 0x0
   198b2: 82 e4        	sd	zero, 0x48(sp)
   198b4: 82 e0        	sd	zero, 0x40(sp)
   198b6: 13 0e 80 07  	li	t3, 0x78
   198ba: 93 0b c1 15  	addi	s7, sp, 0x15c
   198be: 01 45        	li	a0, 0x0
   198c0: 89 4d        	li	s11, 0x2
   198c2: 3b 87 bc 41  	subw	a4, s9, s11
   198c6: 63 49 e0 00  	bgtz	a4, 0x198d8 <_svfprintf_r+0x1216>
   198ca: 01 4d        	li	s10, 0x0
   198cc: 19 e1        	bnez	a0, 0x198d2 <_svfprintf_r+0x1210>
   198ce: 6f e0 1f f8  	j	0x1884e <_svfprintf_r+0x18c>
   198d2: 09 47        	li	a4, 0x2
   198d4: 6f e0 9f f5  	j	0x1882c <_svfprintf_r+0x16a>
   198d8: 09 4d        	li	s10, 0x2
   198da: 75 bc        	j	0x19396 <_svfprintf_r+0xcd4>
   198dc: a3 07 01 0a  	sb	zero, 0xaf(sp)
   198e0: 63 45 03 06  	bltz	t1, 0x1994a <_svfprintf_r+0x1288>
   198e4: 13 7f fb b7  	andi	t5, s6, -0x481
   198e8: 1b 0b 0f 00  	sext.w	s6, t5
   198ec: e3 1c 07 d4  	bnez	a4, 0x19644 <_svfprintf_r+0xf82>
   198f0: 63 0a 03 06  	beqz	t1, 0x19964 <_svfprintf_r+0x12a2>
   198f4: 03 c7 05 00  	lbu	a4, 0x0(a1)
   198f8: 1a 88        	mv	a6, t1
   198fa: a3 0d e1 14  	sb	a4, 0x15b(sp)
   198fe: 63 43 60 00  	bgtz	t1, 0x19904 <_svfprintf_r+0x1242>
   19902: 05 48        	li	a6, 0x1
   19904: 9b 0d 08 00  	sext.w	s11, a6
   19908: 3e f4        	sd	a5, 0x28(sp)
   1990a: 02 f0        	sd	zero, 0x20(sp)
   1990c: 05 4c        	li	s8, 0x1
   1990e: 82 e4        	sd	zero, 0x48(sp)
   19910: 82 e0        	sd	zero, 0x40(sp)
   19912: 02 f8        	sd	zero, 0x30(sp)
   19914: 93 0b b1 15  	addi	s7, sp, 0x15b
   19918: 6f e0 ff ef  	j	0x18816 <_svfprintf_r+0x154>
   1991c: 13 77 0b 01  	andi	a4, s6, 0x10
   19920: 63 03 07 12  	beqz	a4, 0x19a46 <_svfprintf_r+0x1384>
   19924: 22 77        	ld	a4, 0x28(sp)
   19926: 18 63        	ld	a4, 0x0(a4)
   19928: cd b9        	j	0x1961a <_svfprintf_r+0xf58>
   1992a: 90 11        	addi	a2, sp, 0xe0
   1992c: e6 85        	mv	a1, s9
   1992e: 56 85        	mv	a0, s5
   19930: ef 20 f0 04  	jal	0x1c17e <__ssprint_r>
   19934: e3 1d 05 86  	bnez	a0, 0x191ae <_svfprintf_r+0xaec>
   19938: 4e 76        	ld	a2, 0xf0(sp)
   1993a: ce 87        	mv	a5, s3
   1993c: 41 47        	li	a4, 0x10
   1993e: 9d 46        	li	a3, 0x7
   19940: bd bd        	j	0x197be <_svfprintf_r+0x10fc>
   19942: 13 6f 2b 00  	ori	t5, s6, 0x2
   19946: 1b 0b 0f 00  	sext.w	s6, t5
   1994a: 93 76 f7 00  	andi	a3, a4, 0xf
   1994e: ae 96        	add	a3, a3, a1
   19950: 13 75 fb bf  	andi	a0, s6, -0x401
   19954: 13 76 2b 00  	andi	a2, s6, 0x2
   19958: 83 c6 06 00  	lbu	a3, 0x0(a3)
   1995c: 3e f4        	sd	a5, 0x28(sp)
   1995e: 1b 0b 05 00  	sext.w	s6, a0
   19962: cd b9        	j	0x19654 <_svfprintf_r+0xf92>
   19964: 3e f4        	sd	a5, 0x28(sp)
   19966: 01 4c        	li	s8, 0x0
   19968: 81 4d        	li	s11, 0x0
   1996a: 93 0b c1 15  	addi	s7, sp, 0x15c
   1996e: 6f f0 2f d3  	j	0x18ea0 <_svfprintf_r+0x7de>
   19972: c2 65        	ld	a1, 0x10(sp)
   19974: 22 65        	ld	a0, 0x8(sp)
   19976: 90 11        	addi	a2, sp, 0xe0
   19978: 1a e5        	sd	t1, 0x88(sp)
   1997a: 72 e1        	sd	t3, 0x80(sp)
   1997c: ef 20 30 00  	jal	0x1c17e <__ssprint_r>
   19980: e3 17 05 82  	bnez	a0, 0x191ae <_svfprintf_r+0xaec>
   19984: 03 47 f1 0a  	lbu	a4, 0xaf(sp)
   19988: 4e 7a        	ld	s4, 0xf0(sp)
   1998a: 0a 6e        	ld	t3, 0x80(sp)
   1998c: 2a 63        	ld	t1, 0x88(sp)
   1998e: 63 07 07 1c  	beqz	a4, 0x19b5c <_svfprintf_r+0x149a>
   19992: 6a 87        	mv	a4, s10
   19994: ae 55        	lw	a1, 0xe8(sp)
   19996: 01 4d        	li	s10, 0x0
   19998: 4e 89        	mv	s2, s3
   1999a: 6f e0 3f e9  	j	0x1882c <_svfprintf_r+0x16a>
   1999e: 01 4c        	li	s8, 0x0
   199a0: 93 0b c1 15  	addi	s7, sp, 0x15c
   199a4: 6f f0 cf cf  	j	0x18ea0 <_svfprintf_r+0x7de>
   199a8: 2e 57        	lw	a4, 0xe8(sp)
   199aa: 85 46        	li	a3, 0x1
   199ac: 05 0a        	addi	s4, s4, 0x1
   199ae: 97 55 00 00  	auipc	a1, 0x5
   199b2: 93 85 25 6c  	addi	a1, a1, 0x6c2
   199b6: 05 27        	addiw	a4, a4, 0x1
   199b8: 23 34 d9 00  	sd	a3, 0x8(s2)
   199bc: 23 30 b9 00  	sd	a1, 0x0(s2)
   199c0: d2 f9        	sd	s4, 0xf0(sp)
   199c2: ba d5        	sw	a4, 0xe8(sp)
   199c4: 9d 46        	li	a3, 0x7
   199c6: 41 09        	addi	s2, s2, 0x10
   199c8: 63 cb e6 04  	blt	a3, a4, 0x19a1e <_svfprintf_r+0x135c>
   199cc: 63 1f 06 18  	bnez	a2, 0x19b6a <_svfprintf_r+0x14a8>
   199d0: e2 77        	ld	a5, 0x38(sp)
   199d2: 13 77 1b 00  	andi	a4, s6, 0x1
   199d6: 5d 8f        	or	a4, a4, a5
   199d8: 01 27        	sext.w	a4, a4
   199da: 19 e3        	bnez	a4, 0x199e0 <_svfprintf_r+0x131e>
   199dc: 6f e0 1f ec  	j	0x1889c <_svfprintf_r+0x1da>
   199e0: ae 56        	lw	a3, 0xe8(sp)
   199e2: c6 67        	ld	a5, 0x50(sp)
   199e4: 66 67        	ld	a4, 0x58(sp)
   199e6: 85 26        	addiw	a3, a3, 0x1
   199e8: 3e 9a        	add	s4, s4, a5
   199ea: 23 30 e9 00  	sd	a4, 0x0(s2)
   199ee: d2 f9        	sd	s4, 0xf0(sp)
   199f0: 23 34 f9 00  	sd	a5, 0x8(s2)
   199f4: b6 d5        	sw	a3, 0xe8(sp)
   199f6: 1d 47        	li	a4, 0x7
   199f8: 63 4f d7 6a  	blt	a4, a3, 0x1a0b6 <_svfprintf_r+0x19f4>
   199fc: 41 09        	addi	s2, s2, 0x10
   199fe: e2 77        	ld	a5, 0x38(sp)
   19a00: 85 26        	addiw	a3, a3, 0x1
   19a02: b6 d5        	sw	a3, 0xe8(sp)
   19a04: 3e 9a        	add	s4, s4, a5
   19a06: 23 34 f9 00  	sd	a5, 0x8(s2)
   19a0a: d2 f9        	sd	s4, 0xf0(sp)
   19a0c: 23 30 79 01  	sd	s7, 0x0(s2)
   19a10: 9d 47        	li	a5, 0x7
   19a12: 63 c4 d7 00  	blt	a5, a3, 0x19a1a <_svfprintf_r+0x1358>
   19a16: 6f e0 5f e8  	j	0x1889a <_svfprintf_r+0x1d8>
   19a1a: 6f f0 af 89  	j	0x18ab4 <_svfprintf_r+0x3f2>
   19a1e: c2 65        	ld	a1, 0x10(sp)
   19a20: 22 65        	ld	a0, 0x8(sp)
   19a22: 90 11        	addi	a2, sp, 0xe0
   19a24: ef 20 a0 75  	jal	0x1c17e <__ssprint_r>
   19a28: 63 13 05 f8  	bnez	a0, 0x191ae <_svfprintf_r+0xaec>
   19a2c: 6a 56        	lw	a2, 0xb8(sp)
   19a2e: 4e 7a        	ld	s4, 0xf0(sp)
   19a30: 4e 89        	mv	s2, s3
   19a32: 69 bf        	j	0x199cc <_svfprintf_r+0x130a>
   19a34: a3 07 01 0a  	sb	zero, 0xaf(sp)
   19a38: 63 48 03 50  	bltz	t1, 0x19f48 <_svfprintf_r+0x1886>
   19a3c: 13 7f fb b7  	andi	t5, s6, -0x481
   19a40: 1b 0b 0f 00  	sext.w	s6, t5
   19a44: 75 b5        	j	0x198f0 <_svfprintf_r+0x122e>
   19a46: 22 77        	ld	a4, 0x28(sp)
   19a48: 93 76 0b 04  	andi	a3, s6, 0x40
   19a4c: 18 43        	lw	a4, 0x0(a4)
   19a4e: 63 87 06 18  	beqz	a3, 0x19bdc <_svfprintf_r+0x151a>
   19a52: 42 17        	slli	a4, a4, 0x30
   19a54: 41 93        	srli	a4, a4, 0x30
   19a56: d1 b6        	j	0x1961a <_svfprintf_r+0xf58>
   19a58: c2 65        	ld	a1, 0x10(sp)
   19a5a: 22 65        	ld	a0, 0x8(sp)
   19a5c: 90 11        	addi	a2, sp, 0xe0
   19a5e: ef 20 00 72  	jal	0x1c17e <__ssprint_r>
   19a62: 63 16 05 f4  	bnez	a0, 0x191ae <_svfprintf_r+0xaec>
   19a66: 4e 7a        	ld	s4, 0xf0(sp)
   19a68: 4e 89        	mv	s2, s3
   19a6a: 6f f0 8f 9c  	j	0x18c32 <_svfprintf_r+0x570>
   19a6e: da 8a        	mv	s5, s6
   19a70: 62 8b        	mv	s6, s8
   19a72: 6a 8c        	mv	s8, s10
   19a74: 52 8d        	mv	s10, s4
   19a76: 3a 8a        	mv	s4, a4
   19a78: 62 9a        	add	s4, s4, s8
   19a7a: 85 27        	addiw	a5, a5, 0x1
   19a7c: d2 f9        	sd	s4, 0xf0(sp)
   19a7e: be d5        	sw	a5, 0xe8(sp)
   19a80: 23 30 a9 01  	sd	s10, 0x0(s2)
   19a84: 23 34 89 01  	sd	s8, 0x8(s2)
   19a88: 1d 47        	li	a4, 0x7
   19a8a: 63 44 f7 00  	blt	a4, a5, 0x19a92 <_svfprintf_r+0x13d0>
   19a8e: 6f e0 df e0  	j	0x1889a <_svfprintf_r+0x1d8>
   19a92: 6f f0 2f 82  	j	0x18ab4 <_svfprintf_r+0x3f2>
   19a96: 90 11        	addi	a2, sp, 0xe0
   19a98: e6 85        	mv	a1, s9
   19a9a: 56 85        	mv	a0, s5
   19a9c: ef 20 20 6e  	jal	0x1c17e <__ssprint_r>
   19aa0: 63 17 05 f0  	bnez	a0, 0x191ae <_svfprintf_r+0xaec>
   19aa4: 83 c5 0d 00  	lbu	a1, 0x0(s11)
   19aa8: 4e 76        	ld	a2, 0xf0(sp)
   19aaa: ce 87        	mv	a5, s3
   19aac: 2e 88        	mv	a6, a1
   19aae: 41 47        	li	a4, 0x10
   19ab0: 9d 46        	li	a3, 0x7
   19ab2: a1 b3        	j	0x197fa <_svfprintf_r+0x1138>
   19ab4: 4e 65        	ld	a0, 0xd0(sp)
   19ab6: ee 65        	ld	a1, 0xd8(sp)
   19ab8: 13 7f fb f7  	andi	t5, s6, -0x81
   19abc: 01 46        	li	a2, 0x0
   19abe: 81 46        	li	a3, 0x0
   19ac0: 1b 0b 0f 00  	sext.w	s6, t5
   19ac4: ef 30 90 73  	jal	0x1d9fc <__lttf2>
   19ac8: 02 7e        	ld	t3, 0x20(sp)
   19aca: e3 4a 05 06  	bltz	a0, 0x1a33e <_svfprintf_r+0x1c7c>
   19ace: 93 06 70 04  	li	a3, 0x47
   19ad2: 03 47 f1 0a  	lbu	a4, 0xaf(sp)
   19ad6: 97 5b 00 00  	auipc	s7, 0x5
   19ada: 93 8b 2b 54  	addi	s7, s7, 0x542
   19ade: 63 d6 c6 01  	bge	a3, t3, 0x19aea <_svfprintf_r+0x1428>
   19ae2: 97 5b 00 00  	auipc	s7, 0x5
   19ae6: 93 8b eb 53  	addi	s7, s7, 0x53e
   19aea: 63 19 07 6e  	bnez	a4, 0x1a1dc <_svfprintf_r+0x1b1a>
   19aee: 0d 4c        	li	s8, 0x3
   19af0: e2 8d        	mv	s11, s8
   19af2: 6f f0 cf 83  	j	0x18b2e <_svfprintf_r+0x46c>
   19af6: 13 76 f7 00  	andi	a2, a4, 0xf
   19afa: 97 55 00 00  	auipc	a1, 0x5
   19afe: 93 85 e5 53  	addi	a1, a1, 0x53e
   19b02: 2e 96        	add	a2, a2, a1
   19b04: 83 46 06 00  	lbu	a3, 0x0(a2)
   19b08: 2a 8b        	mv	s6, a0
   19b0a: 09 46        	li	a2, 0x2
   19b0c: 13 0e 80 07  	li	t3, 0x78
   19b10: 89 b6        	j	0x19652 <_svfprintf_r+0xf90>
   19b12: 99 47        	li	a5, 0x6
   19b14: 62 88        	mv	a6, s8
   19b16: 63 e8 87 4d  	bltu	a5, s8, 0x19fe6 <_svfprintf_r+0x1924>
   19b1a: 9b 0d 08 00  	sext.w	s11, a6
   19b1e: 6a f4        	sd	s10, 0x28(sp)
   19b20: 6e 8c        	mv	s8, s11
   19b22: 02 f0        	sd	zero, 0x20(sp)
   19b24: 01 43        	li	t1, 0x0
   19b26: 82 e4        	sd	zero, 0x48(sp)
   19b28: 82 e0        	sd	zero, 0x40(sp)
   19b2a: 02 f8        	sd	zero, 0x30(sp)
   19b2c: 97 5b 00 00  	auipc	s7, 0x5
   19b30: 93 8b cb 53  	addi	s7, s7, 0x53c
   19b34: 6f e0 3f ce  	j	0x18816 <_svfprintf_r+0x154>
   19b38: ca 87        	mv	a5, s2
   19b3a: 3a 8a        	mv	s4, a4
   19b3c: 6a 89        	mv	s2, s10
   19b3e: 3e 8d        	mv	s10, a5
   19b40: 4a 9a        	add	s4, s4, s2
   19b42: 05 2c        	addiw	s8, s8, 0x1
   19b44: d2 f9        	sd	s4, 0xf0(sp)
   19b46: e2 d5        	sw	s8, 0xe8(sp)
   19b48: 23 b0 a8 01  	sd	s10, 0x0(a7)
   19b4c: 23 b4 28 01  	sd	s2, 0x8(a7)
   19b50: 9d 47        	li	a5, 0x7
   19b52: 63 c4 87 01  	blt	a5, s8, 0x19b5a <_svfprintf_r+0x1498>
   19b56: 6f e0 ff f3  	j	0x18a94 <_svfprintf_r+0x3d2>
   19b5a: e5 b0        	j	0x19442 <_svfprintf_r+0xd80>
   19b5c: 63 09 0d 4a  	beqz	s10, 0x1a00e <_svfprintf_r+0x194c>
   19b60: ae 55        	lw	a1, 0xe8(sp)
   19b62: 01 4d        	li	s10, 0x0
   19b64: 4e 89        	mv	s2, s3
   19b66: 6f e0 9f ce  	j	0x1884e <_svfprintf_r+0x18c>
   19b6a: ae 56        	lw	a3, 0xe8(sp)
   19b6c: c6 67        	ld	a5, 0x50(sp)
   19b6e: 66 67        	ld	a4, 0x58(sp)
   19b70: 85 26        	addiw	a3, a3, 0x1
   19b72: 3e 9a        	add	s4, s4, a5
   19b74: 23 30 e9 00  	sd	a4, 0x0(s2)
   19b78: 23 34 f9 00  	sd	a5, 0x8(s2)
   19b7c: d2 f9        	sd	s4, 0xf0(sp)
   19b7e: b6 d5        	sw	a3, 0xe8(sp)
   19b80: 1d 47        	li	a4, 0x7
   19b82: 41 09        	addi	s2, s2, 0x10
   19b84: 63 49 d7 52  	blt	a4, a3, 0x1a0b6 <_svfprintf_r+0x19f4>
   19b88: e3 5b 06 e6  	bgez	a2, 0x199fe <_svfprintf_r+0x133c>
   19b8c: 41 57        	li	a4, -0x10
   19b8e: 3b 0c c0 40  	negw	s8, a2
   19b92: 17 6d 00 00  	auipc	s10, 0x6
   19b96: 13 0d ed c7  	addi	s10, s10, -0x382
   19b9a: c1 48        	li	a7, 0x10
   19b9c: 1d 43        	li	t1, 0x7
   19b9e: 63 47 e6 00  	blt	a2, a4, 0x19bac <_svfprintf_r+0x14ea>
   19ba2: 6f 00 d0 0e  	j	0x1a48e <_svfprintf_r+0x1dcc>
   19ba6: 41 3c        	addiw	s8, s8, -0x10
   19ba8: e3 d3 88 0f  	bge	a7, s8, 0x1a48e <_svfprintf_r+0x1dcc>
   19bac: 41 0a        	addi	s4, s4, 0x10
   19bae: 85 26        	addiw	a3, a3, 0x1
   19bb0: 23 30 a9 01  	sd	s10, 0x0(s2)
   19bb4: 23 34 19 01  	sd	a7, 0x8(s2)
   19bb8: d2 f9        	sd	s4, 0xf0(sp)
   19bba: b6 d5        	sw	a3, 0xe8(sp)
   19bbc: 41 09        	addi	s2, s2, 0x10
   19bbe: e3 54 d3 fe  	bge	t1, a3, 0x19ba6 <_svfprintf_r+0x14e4>
   19bc2: c2 65        	ld	a1, 0x10(sp)
   19bc4: 22 65        	ld	a0, 0x8(sp)
   19bc6: 90 11        	addi	a2, sp, 0xe0
   19bc8: ef 20 60 5b  	jal	0x1c17e <__ssprint_r>
   19bcc: 63 11 05 de  	bnez	a0, 0x191ae <_svfprintf_r+0xaec>
   19bd0: 4e 7a        	ld	s4, 0xf0(sp)
   19bd2: ae 56        	lw	a3, 0xe8(sp)
   19bd4: 4e 89        	mv	s2, s3
   19bd6: 1d 43        	li	t1, 0x7
   19bd8: c1 48        	li	a7, 0x10
   19bda: f1 b7        	j	0x19ba6 <_svfprintf_r+0x14e4>
   19bdc: 93 76 0b 20  	andi	a3, s6, 0x200
   19be0: 63 8c 06 46  	beqz	a3, 0x1a058 <_svfprintf_r+0x1996>
   19be4: 13 77 f7 0f  	andi	a4, a4, 0xff
   19be8: 0d bc        	j	0x1961a <_svfprintf_r+0xf58>
   19bea: 93 76 0b 20  	andi	a3, s6, 0x200
   19bee: 63 8b 06 44  	beqz	a3, 0x1a044 <_svfprintf_r+0x1982>
   19bf2: 13 77 f7 0f  	andi	a4, a4, 0xff
   19bf6: 3e f4        	sd	a5, 0x28(sp)
   19bf8: 5a 88        	mv	a6, s6
   19bfa: 6f f0 0f a3  	j	0x18e2a <_svfprintf_r+0x768>
   19bfe: 13 77 0b 20  	andi	a4, s6, 0x200
   19c02: 63 07 07 44  	beqz	a4, 0x1a050 <_svfprintf_r+0x198e>
   19c06: 1b 1a 8a 01  	slliw	s4, s4, 0x18
   19c0a: 1b 5a 8a 41  	sraiw	s4, s4, 0x18
   19c0e: 3e f4        	sd	a5, 0x28(sp)
   19c10: 52 87        	mv	a4, s4
   19c12: 6f f0 8f 8d  	j	0x18cea <_svfprintf_r+0x628>
   19c16: 93 77 0b 20  	andi	a5, s6, 0x200
   19c1a: a3 07 01 0a  	sb	zero, 0xaf(sp)
   19c1e: 63 8a 07 40  	beqz	a5, 0x1a032 <_svfprintf_r+0x1970>
   19c22: 13 7a fa 0f  	andi	s4, s4, 0xff
   19c26: 63 5d 0c b0  	bgez	s8, 0x18f40 <_svfprintf_r+0x87e>
   19c2a: 6f f0 af be  	j	0x19014 <_svfprintf_r+0x952>
   19c2e: 93 07 80 07  	li	a5, 0x78
   19c32: a3 08 f1 0a  	sb	a5, 0xb1(sp)
   19c36: 93 67 2b 00  	ori	a5, s6, 0x2
   19c3a: 13 07 00 03  	li	a4, 0x30
   19c3e: 81 27        	sext.w	a5, a5
   19c40: 23 08 e1 0a  	sb	a4, 0xb0(sp)
   19c44: be e0        	sd	a5, 0x40(sp)
   19c46: 13 07 30 06  	li	a4, 0x63
   19c4a: 63 44 67 48  	blt	a4, t1, 0x1a0d2 <_svfprintf_r+0x1a10>
   19c4e: ce 67        	ld	a5, 0xd0(sp)
   19c50: 6e 6a        	ld	s4, 0xd8(sp)
   19c52: 13 6f 2b 10  	ori	t5, s6, 0x102
   19c56: 1b 0b 0f 00  	sext.w	s6, t5
   19c5a: be 8d        	mv	s11, a5
   19c5c: 63 47 0a 66  	bltz	s4, 0x1a2ca <_svfprintf_r+0x1c08>
   19c60: 9b 06 fe fb  	addiw	a3, t3, -0x41
   19c64: 02 f0        	sd	zero, 0x20(sp)
   19c66: 93 0b 81 0f  	addi	s7, sp, 0xf8
   19c6a: 02 e1        	sd	zero, 0x80(sp)
   19c6c: 13 06 00 02  	li	a2, 0x20
   19c70: 13 17 06 02  	slli	a4, a2, 0x20
   19c74: 05 4c        	li	s8, 0x1
   19c76: 32 97        	add	a4, a4, a2
   19c78: b3 16 dc 00  	sll	a3, s8, a3
   19c7c: 75 8f        	and	a4, a4, a3
   19c7e: 63 1e 07 56  	bnez	a4, 0x1a1fa <_svfprintf_r+0x1b38>
   19c82: 41 46        	li	a2, 0x10
   19c84: 13 17 06 02  	slli	a4, a2, 0x20
   19c88: 32 97        	add	a4, a4, a2
   19c8a: 75 8f        	and	a4, a4, a3
   19c8c: e3 19 07 02  	bnez	a4, 0x1a4be <_svfprintf_r+0x1dfc>
   19c90: 13 17 0c 02  	slli	a4, s8, 0x20
   19c94: 62 97        	add	a4, a4, s8
   19c96: 75 8f        	and	a4, a4, a3
   19c98: e3 06 07 04  	beqz	a4, 0x1a4e4 <_svfprintf_r+0x1e22>
   19c9c: d2 85        	mv	a1, s4
   19c9e: 6e 85        	mv	a0, s11
   19ca0: 1a fc        	sd	t1, 0x38(sp)
   19ca2: 72 f8        	sd	t3, 0x30(sp)
   19ca4: ef 40 10 5c  	jal	0x1ea64 <__trunctfdf2>
   19ca8: 28 19        	addi	a0, sp, 0xb8
   19caa: ef e0 8f ee  	jal	0x18392 <frexp>
   19cae: ef 40 30 4f  	jal	0x1e9a0 <__extenddftf2>
   19cb2: 17 57 00 00  	auipc	a4, 0x5
   19cb6: 13 07 e7 62  	addi	a4, a4, 0x62e
   19cba: 10 63        	ld	a2, 0x0(a4)
   19cbc: 14 67        	ld	a3, 0x8(a4)
   19cbe: ef 30 d0 5d  	jal	0x1da9a <__multf3>
   19cc2: 01 46        	li	a2, 0x0
   19cc4: 81 46        	li	a3, 0x0
   19cc6: 2a 8d        	mv	s10, a0
   19cc8: 2e 8a        	mv	s4, a1
   19cca: ef 30 10 3f  	jal	0x1d8ba <__netf2>
   19cce: 42 7e        	ld	t3, 0x30(sp)
   19cd0: 62 73        	ld	t1, 0x38(sp)
   19cd2: 11 e1        	bnez	a0, 0x19cd6 <_svfprintf_r+0x1614>
   19cd4: 62 dd        	sw	s8, 0xb8(sp)
   19cd6: 13 07 10 06  	li	a4, 0x61
   19cda: 17 5c 00 00  	auipc	s8, 0x5
   19cde: 13 0c 6c 37  	addi	s8, s8, 0x376
   19ce2: 63 16 ee 00  	bne	t3, a4, 0x19cee <_svfprintf_r+0x162c>
   19ce6: 17 5c 00 00  	auipc	s8, 0x5
   19cea: 13 0c 2c 35  	addi	s8, s8, 0x352
   19cee: 97 56 00 00  	auipc	a3, 0x5
   19cf2: 93 86 26 60  	addi	a3, a3, 0x602
   19cf6: 9c 62        	ld	a5, 0x0(a3)
   19cf8: 13 17 03 02  	slli	a4, t1, 0x20
   19cfc: 01 93        	srli	a4, a4, 0x20
   19cfe: 3e f8        	sd	a5, 0x30(sp)
   19d00: 9c 66        	ld	a5, 0x8(a3)
   19d02: 05 07        	addi	a4, a4, 0x1
   19d04: d6 e4        	sd	s5, 0x48(sp)
   19d06: 3e fc        	sd	a5, 0x38(sp)
   19d08: b3 87 eb 00  	add	a5, s7, a4
   19d0c: ca f0        	sd	s2, 0x60(sp)
   19d0e: de 8a        	mv	s5, s7
   19d10: de 8d        	mv	s11, s7
   19d12: 3e 89        	mv	s2, a5
   19d14: 72 e5        	sd	t3, 0x88(sp)
   19d16: 9a 8b        	mv	s7, t1
   19d18: 39 a0        	j	0x19d26 <_svfprintf_r+0x1664>
   19d1a: 01 46        	li	a2, 0x0
   19d1c: 81 46        	li	a3, 0x0
   19d1e: ef 30 d0 39  	jal	0x1d8ba <__netf2>
   19d22: e3 00 05 10  	beqz	a0, 0x1a622 <_svfprintf_r+0x1f60>
   19d26: 42 76        	ld	a2, 0x30(sp)
   19d28: e2 76        	ld	a3, 0x38(sp)
   19d2a: 6a 85        	mv	a0, s10
   19d2c: d2 85        	mv	a1, s4
   19d2e: ef 30 d0 56  	jal	0x1da9a <__multf3>
   19d32: 2e 8a        	mv	s4, a1
   19d34: 2a 8d        	mv	s10, a0
   19d36: ef 40 d0 38  	jal	0x1e8c2 <__fixtfsi>
   19d3a: 1b 0b 05 00  	sext.w	s6, a0
   19d3e: 5a 85        	mv	a0, s6
   19d40: ef 40 f0 40  	jal	0x1e94e <__floatsitf>
   19d44: ae 86        	mv	a3, a1
   19d46: 2a 86        	mv	a2, a0
   19d48: d2 85        	mv	a1, s4
   19d4a: 6a 85        	mv	a0, s10
   19d4c: ef 40 a0 34  	jal	0x1e096 <__subtf3>
   19d50: b3 07 6c 01  	add	a5, s8, s6
   19d54: 83 c6 07 00  	lbu	a3, 0x0(a5)
   19d58: d6 87        	mv	a5, s5
   19d5a: 85 0a        	addi	s5, s5, 0x1
   19d5c: a3 8f da fe  	sb	a3, -0x1(s5)
   19d60: 2a 8d        	mv	s10, a0
   19d62: 2e 8a        	mv	s4, a1
   19d64: e3 1b 59 fb  	bne	s2, s5, 0x19d1a <_svfprintf_r+0x1658>
   19d68: 97 56 00 00  	auipc	a3, 0x5
   19d6c: 93 86 86 59  	addi	a3, a3, 0x598
   19d70: 2a 6e        	ld	t3, 0x88(sp)
   19d72: 90 62        	ld	a2, 0x0(a3)
   19d74: 94 66        	ld	a3, 0x8(a3)
   19d76: 72 fc        	sd	t3, 0x38(sp)
   19d78: 3e f8        	sd	a5, 0x30(sp)
   19d7a: 06 79        	ld	s2, 0x60(sp)
   19d7c: ee 8b        	mv	s7, s11
   19d7e: b2 f0        	sd	a2, 0x60(sp)
   19d80: da 8d        	mv	s11, s6
   19d82: 56 8b        	mv	s6, s5
   19d84: a6 6a        	ld	s5, 0x48(sp)
   19d86: b6 e4        	sd	a3, 0x48(sp)
   19d88: ef 30 70 3d  	jal	0x1d95e <__gttf2>
   19d8c: c2 77        	ld	a5, 0x30(sp)
   19d8e: 62 7e        	ld	t3, 0x38(sp)
   19d90: 63 40 a0 02  	bgtz	a0, 0x19db0 <_svfprintf_r+0x16ee>
   19d94: 06 76        	ld	a2, 0x60(sp)
   19d96: a6 66        	ld	a3, 0x48(sp)
   19d98: 6a 85        	mv	a0, s10
   19d9a: d2 85        	mv	a1, s4
   19d9c: 72 f8        	sd	t3, 0x30(sp)
   19d9e: 3e fc        	sd	a5, 0x38(sp)
   19da0: ef 30 b0 31  	jal	0x1d8ba <__netf2>
   19da4: 42 7e        	ld	t3, 0x30(sp)
   19da6: 31 e1        	bnez	a0, 0x19dea <_svfprintf_r+0x1728>
   19da8: 13 f7 1d 00  	andi	a4, s11, 0x1
   19dac: e2 77        	ld	a5, 0x38(sp)
   19dae: 15 cf        	beqz	a4, 0x19dea <_svfprintf_r+0x1728>
   19db0: be e5        	sd	a5, 0xc8(sp)
   19db2: 83 46 fb ff  	lbu	a3, -0x1(s6)
   19db6: 03 46 fc 00  	lbu	a2, 0xf(s8)
   19dba: 5a 87        	mv	a4, s6
   19dbc: 63 9e c6 00  	bne	a3, a2, 0x19dd8 <_svfprintf_r+0x1716>
   19dc0: 93 05 00 03  	li	a1, 0x30
   19dc4: a3 0f b7 fe  	sb	a1, -0x1(a4)
   19dc8: 2e 67        	ld	a4, 0xc8(sp)
   19dca: 93 07 f7 ff  	addi	a5, a4, -0x1
   19dce: be e5        	sd	a5, 0xc8(sp)
   19dd0: 83 46 f7 ff  	lbu	a3, -0x1(a4)
   19dd4: e3 88 c6 fe  	beq	a3, a2, 0x19dc4 <_svfprintf_r+0x1702>
   19dd8: 13 06 90 03  	li	a2, 0x39
   19ddc: e3 8e c6 08  	beq	a3, a2, 0x1a678 <_svfprintf_r+0x1fb6>
   19de0: 85 26        	addiw	a3, a3, 0x1
   19de2: 93 f6 f6 0f  	andi	a3, a3, 0xff
   19de6: a3 0f d7 fe  	sb	a3, -0x1(a4)
   19dea: ea 57        	lw	a5, 0xb8(sp)
   19dec: 3b 07 7b 41  	subw	a4, s6, s7
   19df0: 3a fc        	sd	a4, 0x38(sp)
   19df2: 9b 86 f7 ff  	addiw	a3, a5, -0x1
   19df6: 3e f8        	sd	a5, 0x30(sp)
   19df8: 13 06 10 06  	li	a2, 0x61
   19dfc: 36 dd        	sw	a3, 0xb8(sp)
   19dfe: 36 87        	mv	a4, a3
   19e00: e3 0e ce 04  	beq	t3, a2, 0x1a65c <_svfprintf_r+0x1f9a>
   19e04: 93 05 10 04  	li	a1, 0x41
   19e08: 13 06 00 05  	li	a2, 0x50
   19e0c: 63 1c be 46  	bne	t3, a1, 0x1a284 <_svfprintf_r+0x1bc2>
   19e10: 23 00 c1 0c  	sb	a2, 0xc0(sp)
   19e14: 63 cd 06 38  	bltz	a3, 0x1a1ae <_svfprintf_r+0x1aec>
   19e18: 13 06 b0 02  	li	a2, 0x2b
   19e1c: a3 00 c1 0c  	sb	a2, 0xc1(sp)
   19e20: 25 46        	li	a2, 0x9
   19e22: 63 50 d6 3a  	bge	a2, a3, 0x1a1c2 <_svfprintf_r+0x1b00>
   19e26: 37 d5 0c 00  	lui	a0, 0xcd
   19e2a: 13 05 d5 cc  	addi	a0, a0, -0x333
   19e2e: 32 05        	slli	a0, a0, 0xc
   19e30: 93 08 f1 0c  	addi	a7, sp, 0xcf
   19e34: 13 05 d5 cc  	addi	a0, a0, -0x333
   19e38: c6 85        	mv	a1, a7
   19e3a: 13 03 30 06  	li	t1, 0x63
   19e3e: 93 17 07 02  	slli	a5, a4, 0x20
   19e42: 81 93        	srli	a5, a5, 0x20
   19e44: b3 87 a7 02  	mul	a5, a5, a0
   19e48: 3a 88        	mv	a6, a4
   19e4a: 2e 86        	mv	a2, a1
   19e4c: fd 15        	addi	a1, a1, -0x1
   19e4e: 8d 93        	srli	a5, a5, 0x23
   19e50: 9b 96 27 00  	slliw	a3, a5, 0x2
   19e54: bd 9e        	addw	a3, a3, a5
   19e56: 9b 96 16 00  	slliw	a3, a3, 0x1
   19e5a: 15 9f        	subw	a4, a4, a3
   19e5c: 1b 07 07 03  	addiw	a4, a4, 0x30
   19e60: a3 0f e6 fe  	sb	a4, -0x1(a2)
   19e64: 3e 87        	mv	a4, a5
   19e66: e3 4c 03 fd  	blt	t1, a6, 0x19e3e <_svfprintf_r+0x177c>
   19e6a: 1b 87 07 03  	addiw	a4, a5, 0x30
   19e6e: a3 8f e5 fe  	sb	a4, -0x1(a1)
   19e72: 13 07 e6 ff  	addi	a4, a2, -0x2
   19e76: e3 75 17 01  	bgeu	a4, a7, 0x1a680 <_svfprintf_r+0x1fbe>
   19e7a: 93 05 21 0c  	addi	a1, sp, 0xc2
   19e7e: ae 86        	mv	a3, a1
   19e80: 83 47 07 00  	lbu	a5, 0x0(a4)
   19e84: 05 07        	addi	a4, a4, 0x1
   19e86: 85 06        	addi	a3, a3, 0x1
   19e88: a3 8f f6 fe  	sb	a5, -0x1(a3)
   19e8c: e3 1a 17 ff  	bne	a4, a7, 0x19e80 <_svfprintf_r+0x17be>
   19e90: 2e 97        	add	a4, a4, a1
   19e92: 09 07        	addi	a4, a4, 0x2
   19e94: 11 8f        	sub	a4, a4, a2
   19e96: 94 01        	addi	a3, sp, 0xc0
   19e98: bb 07 d7 40  	subw	a5, a4, a3
   19e9c: be f0        	sd	a5, 0x60(sp)
   19e9e: e2 77        	ld	a5, 0x38(sp)
   19ea0: 06 77        	ld	a4, 0x60(sp)
   19ea2: 85 46        	li	a3, 0x1
   19ea4: 3d 9f        	addw	a4, a4, a5
   19ea6: 3a 8c        	mv	s8, a4
   19ea8: 63 d5 f6 66  	bge	a3, a5, 0x1a512 <_svfprintf_r+0x1e50>
   19eac: c6 67        	ld	a5, 0x50(sp)
   19eae: 3b 8c e7 00  	addw	s8, a5, a4
   19eb2: 86 67        	ld	a5, 0x40(sp)
   19eb4: 62 88        	mv	a6, s8
   19eb6: 13 ff f7 bf  	andi	t5, a5, -0x401
   19eba: 01 2f        	sext.w	t5, t5
   19ebc: 13 6b 0f 10  	ori	s6, t5, 0x100
   19ec0: 63 53 0c 00  	bgez	s8, 0x19ec6 <_svfprintf_r+0x1804>
   19ec4: 01 48        	li	a6, 0x0
   19ec6: c2 8d        	mv	s11, a6
   19ec8: 82 e4        	sd	zero, 0x48(sp)
   19eca: 82 e0        	sd	zero, 0x40(sp)
   19ecc: 02 f8        	sd	zero, 0x30(sp)
   19ece: e1 a4        	j	0x1a196 <_svfprintf_r+0x1ad4>
   19ed0: ee 67        	ld	a5, 0xd8(sp)
   19ed2: 13 7f fb f7  	andi	t5, s6, -0x81
   19ed6: 1b 0b 0f 00  	sext.w	s6, t5
   19eda: 13 d7 f7 03  	srli	a4, a5, 0x3f
   19ede: 3a f8        	sd	a4, 0x30(sp)
   19ee0: 63 dc 07 18  	bgez	a5, 0x1a078 <_svfprintf_r+0x19b6>
   19ee4: 93 07 d0 02  	li	a5, 0x2d
   19ee8: a3 07 f1 0a  	sb	a5, 0xaf(sp)
   19eec: 02 f0        	sd	zero, 0x20(sp)
   19eee: 93 07 70 04  	li	a5, 0x47
   19ef2: 82 e4        	sd	zero, 0x48(sp)
   19ef4: 82 e0        	sd	zero, 0x40(sp)
   19ef6: 02 f8        	sd	zero, 0x30(sp)
   19ef8: 0d 4c        	li	s8, 0x3
   19efa: 01 43        	li	t1, 0x0
   19efc: 63 d2 c7 6d  	bge	a5, t3, 0x1a5c0 <_svfprintf_r+0x1efe>
   19f00: 97 5b 00 00  	auipc	s7, 0x5
   19f04: 93 8b 0b 13  	addi	s7, s7, 0x130
   19f08: 91 4d        	li	s11, 0x4
   19f0a: 6f e0 df 90  	j	0x18816 <_svfprintf_r+0x154>
   19f0e: da 8a        	mv	s5, s6
   19f10: 5e 8b        	mv	s6, s7
   19f12: e2 8b        	mv	s7, s8
   19f14: 6a 8c        	mv	s8, s10
   19f16: 52 8d        	mv	s10, s4
   19f18: 3e 8a        	mv	s4, a5
   19f1a: 62 9a        	add	s4, s4, s8
   19f1c: 05 26        	addiw	a2, a2, 0x1
   19f1e: 23 30 a9 01  	sd	s10, 0x0(s2)
   19f22: 23 34 89 01  	sd	s8, 0x8(s2)
   19f26: d2 f9        	sd	s4, 0xf0(sp)
   19f28: b2 d5        	sw	a2, 0xe8(sp)
   19f2a: 1d 47        	li	a4, 0x7
   19f2c: 41 09        	addi	s2, s2, 0x10
   19f2e: 63 50 c7 b8  	bge	a4, a2, 0x192ae <_svfprintf_r+0xbec>
   19f32: c2 65        	ld	a1, 0x10(sp)
   19f34: 22 65        	ld	a0, 0x8(sp)
   19f36: 90 11        	addi	a2, sp, 0xe0
   19f38: ef 20 60 24  	jal	0x1c17e <__ssprint_r>
   19f3c: 63 19 05 a6  	bnez	a0, 0x191ae <_svfprintf_r+0xaec>
   19f40: 4e 7a        	ld	s4, 0xf0(sp)
   19f42: 4e 89        	mv	s2, s3
   19f44: 6f f0 af b6  	j	0x192ae <_svfprintf_r+0xbec>
   19f48: 03 c7 05 00  	lbu	a4, 0x0(a1)
   19f4c: 13 7f fb bf  	andi	t5, s6, -0x401
   19f50: 1b 0b 0f 00  	sext.w	s6, t5
   19f54: a3 0d e1 14  	sb	a4, 0x15b(sp)
   19f58: 3e f4        	sd	a5, 0x28(sp)
   19f5a: 01 46        	li	a2, 0x0
   19f5c: 93 0b b1 15  	addi	s7, sp, 0x15b
   19f60: 6f f0 4f e3  	j	0x19594 <_svfprintf_r+0xed2>
   19f64: 33 3a 8a 03  	mulhu	s4, s4, s8
   19f68: 66 76        	ld	a2, 0x78(sp)
   19f6a: a6 75        	ld	a1, 0x68(sp)
   19f6c: fe e4        	sd	t6, 0x48(sp)
   19f6e: b3 88 cb 40  	sub	a7, s7, a2
   19f72: 46 85        	mv	a0, a7
   19f74: 9a e0        	sd	t1, 0x40(sp)
   19f76: 72 fc        	sd	t3, 0x38(sp)
   19f78: 36 f8        	sd	a3, 0x30(sp)
   19f7a: 46 f0        	sd	a7, 0x20(sp)
   19f7c: 13 5a 3a 00  	srli	s4, s4, 0x3
   19f80: ef e0 ef eb  	jal	0x1863e <strncpy>
   19f84: 33 37 8a 03  	mulhu	a4, s4, s8
   19f88: c2 76        	ld	a3, 0x30(sp)
   19f8a: 82 78        	ld	a7, 0x20(sp)
   19f8c: 62 7e        	ld	t3, 0x38(sp)
   19f8e: 83 c7 16 00  	lbu	a5, 0x1(a3)
   19f92: 06 63        	ld	t1, 0x40(sp)
   19f94: a6 6f        	ld	t6, 0x48(sp)
   19f96: b3 37 f0 00  	snez	a5, a5
   19f9a: be 96        	add	a3, a3, a5
   19f9c: 93 8b f8 ff  	addi	s7, a7, -0x1
   19fa0: 0d 83        	srli	a4, a4, 0x3
   19fa2: 93 17 27 00  	slli	a5, a4, 0x2
   19fa6: ba 97        	add	a5, a5, a4
   19fa8: 86 07        	slli	a5, a5, 0x1
   19faa: b3 07 fa 40  	sub	a5, s4, a5
   19fae: 9b 87 07 03  	addiw	a5, a5, 0x30
   19fb2: 85 45        	li	a1, 0x1
   19fb4: a3 8f f8 fe  	sb	a5, -0x1(a7)
   19fb8: 13 08 f0 0f  	li	a6, 0xff
   19fbc: 6f e0 1f e1  	j	0x18dcc <_svfprintf_r+0x70a>
   19fc0: 93 07 00 03  	li	a5, 0x30
   19fc4: 6f e0 9f d4  	j	0x18d0c <_svfprintf_r+0x64a>
   19fc8: c2 65        	ld	a1, 0x10(sp)
   19fca: 22 65        	ld	a0, 0x8(sp)
   19fcc: 90 11        	addi	a2, sp, 0xe0
   19fce: ef 20 00 1b  	jal	0x1c17e <__ssprint_r>
   19fd2: 63 1e 05 9c  	bnez	a0, 0x191ae <_svfprintf_r+0xaec>
   19fd6: 4e 7a        	ld	s4, 0xf0(sp)
   19fd8: 4e 89        	mv	s2, s3
   19fda: 6f f0 4f ac  	j	0x1929e <_svfprintf_r+0xbdc>
   19fde: 9b 8d 16 00  	addiw	s11, a3, 0x1
   19fe2: 6f e0 bf b4  	j	0x18b2c <_svfprintf_r+0x46a>
   19fe6: 3e 88        	mv	a6, a5
   19fe8: 0d be        	j	0x19b1a <_svfprintf_r+0x1458>
   19fea: 13 07 00 03  	li	a4, 0x30
   19fee: 2a 8b        	mv	s6, a0
   19ff0: e2 8d        	mv	s11, s8
   19ff2: 3e f4        	sd	a5, 0x28(sp)
   19ff4: a3 0d e1 14  	sb	a4, 0x15b(sp)
   19ff8: 82 e0        	sd	zero, 0x40(sp)
   19ffa: 82 e4        	sd	zero, 0x48(sp)
   19ffc: 05 4c        	li	s8, 0x1
   19ffe: 02 f8        	sd	zero, 0x30(sp)
   1a000: 93 0b b1 15  	addi	s7, sp, 0x15b
   1a004: 13 0e 80 07  	li	t3, 0x78
   1a008: 01 45        	li	a0, 0x0
   1a00a: 6f f0 cf da  	j	0x195b6 <_svfprintf_r+0xef4>
   1a00e: 4e 89        	mv	s2, s3
   1a010: 6f e0 3f 86  	j	0x18872 <_svfprintf_r+0x1b0>
   1a014: 3e 87        	mv	a4, a5
   1a016: de 97        	add	a5, a5, s7
   1a018: b3 87 a7 41  	sub	a5, a5, s10
   1a01c: bb 06 87 41  	subw	a3, a4, s8
   1a020: 1b 87 07 00  	sext.w	a4, a5
   1a024: 63 d3 e6 00  	bge	a3, a4, 0x1a02a <_svfprintf_r+0x1968>
   1a028: b6 87        	mv	a5, a3
   1a02a: 1b 8c 07 00  	sext.w	s8, a5
   1a02e: 6f f0 ef af  	j	0x1932c <_svfprintf_r+0xc6a>
   1a032: 02 1a        	slli	s4, s4, 0x20
   1a034: 13 5a 0a 02  	srli	s4, s4, 0x20
   1a038: 63 44 0c 00  	bltz	s8, 0x1a040 <_svfprintf_r+0x197e>
   1a03c: 6f e0 5f f0  	j	0x18f40 <_svfprintf_r+0x87e>
   1a040: 6f e0 5f fd  	j	0x19014 <_svfprintf_r+0x952>
   1a044: 02 17        	slli	a4, a4, 0x20
   1a046: 01 93        	srli	a4, a4, 0x20
   1a048: 3e f4        	sd	a5, 0x28(sp)
   1a04a: 5a 88        	mv	a6, s6
   1a04c: 6f e0 ff dd  	j	0x18e2a <_svfprintf_r+0x768>
   1a050: 3e f4        	sd	a5, 0x28(sp)
   1a052: 52 87        	mv	a4, s4
   1a054: 6f e0 7f c9  	j	0x18cea <_svfprintf_r+0x628>
   1a058: 02 17        	slli	a4, a4, 0x20
   1a05a: 01 93        	srli	a4, a4, 0x20
   1a05c: 6f f0 ef db  	j	0x1961a <_svfprintf_r+0xf58>
   1a060: e2 67        	ld	a5, 0x18(sp)
   1a062: d6 8b        	mv	s7, s5
   1a064: 23 10 f7 00  	sh	a5, 0x0(a4)
   1a068: 6f e0 9f 86  	j	0x188d0 <_svfprintf_r+0x20e>
   1a06c: 01 47        	li	a4, 0x0
   1a06e: 6f f0 ef ee  	j	0x1975c <_svfprintf_r+0x109a>
   1a072: 81 46        	li	a3, 0x0
   1a074: 6f e0 1f ab  	j	0x18b24 <_svfprintf_r+0x462>
   1a078: 93 06 70 04  	li	a3, 0x47
   1a07c: 03 47 f1 0a  	lbu	a4, 0xaf(sp)
   1a080: 97 5b 00 00  	auipc	s7, 0x5
   1a084: 93 8b 8b fa  	addi	s7, s7, -0x58
   1a088: 63 d6 c6 01  	bge	a3, t3, 0x1a094 <_svfprintf_r+0x19d2>
   1a08c: 97 5b 00 00  	auipc	s7, 0x5
   1a090: 93 8b 4b fa  	addi	s7, s7, -0x5c
   1a094: 63 1f 07 64  	bnez	a4, 0x1a6f2 <_svfprintf_r+0x2030>
   1a098: 0d 4c        	li	s8, 0x3
   1a09a: e2 8d        	mv	s11, s8
   1a09c: 01 43        	li	t1, 0x0
   1a09e: 82 e4        	sd	zero, 0x48(sp)
   1a0a0: 82 e0        	sd	zero, 0x40(sp)
   1a0a2: 02 f0        	sd	zero, 0x20(sp)
   1a0a4: 6f e0 2f f7  	j	0x18816 <_svfprintf_r+0x154>
   1a0a8: 22 65        	ld	a0, 0x8(sp)
   1a0aa: c2 65        	ld	a1, 0x10(sp)
   1a0ac: 90 11        	addi	a2, sp, 0xe0
   1a0ae: ef 20 00 0d  	jal	0x1c17e <__ssprint_r>
   1a0b2: 6f e0 ff 82  	j	0x188e0 <_svfprintf_r+0x21e>
   1a0b6: c2 65        	ld	a1, 0x10(sp)
   1a0b8: 22 65        	ld	a0, 0x8(sp)
   1a0ba: 90 11        	addi	a2, sp, 0xe0
   1a0bc: ef 20 20 0c  	jal	0x1c17e <__ssprint_r>
   1a0c0: 63 17 05 8e  	bnez	a0, 0x191ae <_svfprintf_r+0xaec>
   1a0c4: 6a 56        	lw	a2, 0xb8(sp)
   1a0c6: 4e 7a        	ld	s4, 0xf0(sp)
   1a0c8: ae 56        	lw	a3, 0xe8(sp)
   1a0ca: 4e 89        	mv	s2, s3
   1a0cc: e3 59 06 92  	bgez	a2, 0x199fe <_svfprintf_r+0x133c>
   1a0d0: 75 bc        	j	0x19b8c <_svfprintf_r+0x14ca>
   1a0d2: 22 65        	ld	a0, 0x8(sp)
   1a0d4: 9b 05 13 00  	addiw	a1, t1, 0x1
   1a0d8: 72 fc        	sd	t3, 0x38(sp)
   1a0da: 1a f8        	sd	t1, 0x30(sp)
   1a0dc: ef c0 af e6  	jal	0x16746 <_malloc_r>
   1a0e0: 2a f0        	sd	a0, 0x20(sp)
   1a0e2: 42 73        	ld	t1, 0x30(sp)
   1a0e4: 62 7e        	ld	t3, 0x38(sp)
   1a0e6: 63 05 05 62  	beqz	a0, 0x1a710 <_svfprintf_r+0x204e>
   1a0ea: ce 67        	ld	a5, 0xd0(sp)
   1a0ec: 6e 6a        	ld	s4, 0xd8(sp)
   1a0ee: 13 6f 2b 10  	ori	t5, s6, 0x102
   1a0f2: 1b 0b 0f 00  	sext.w	s6, t5
   1a0f6: be 8d        	mv	s11, a5
   1a0f8: 63 4e 0a 56  	bltz	s4, 0x1a674 <_svfprintf_r+0x1fb2>
   1a0fc: 82 7b        	ld	s7, 0x20(sp)
   1a0fe: 9b 06 fe fb  	addiw	a3, t3, -0x41
   1a102: 02 e1        	sd	zero, 0x80(sp)
   1a104: a5 b6        	j	0x19c6c <_svfprintf_r+0x15aa>
   1a106: ce 67        	ld	a5, 0xd0(sp)
   1a108: 6e 6a        	ld	s4, 0xd8(sp)
   1a10a: 13 67 0b 10  	ori	a4, s6, 0x100
   1a10e: 01 27        	sext.w	a4, a4
   1a110: da e0        	sd	s6, 0x40(sp)
   1a112: 02 f0        	sd	zero, 0x20(sp)
   1a114: be 8d        	mv	s11, a5
   1a116: 3a 8b        	mv	s6, a4
   1a118: 19 43        	li	t1, 0x6
   1a11a: 63 4b 0a 1a  	bltz	s4, 0x1a2d0 <_svfprintf_r+0x1c0e>
   1a11e: 02 e1        	sd	zero, 0x80(sp)
   1a120: 9b 06 fe fb  	addiw	a3, t3, -0x41
   1a124: 13 07 60 02  	li	a4, 0x26
   1a128: e3 92 e6 b4  	bne	a3, a4, 0x19c6c <_svfprintf_r+0x15aa>
   1a12c: 22 65        	ld	a0, 0x8(sp)
   1a12e: 1a 87        	mv	a4, t1
   1a130: 93 08 81 0c  	addi	a7, sp, 0xc8
   1a134: 13 08 c1 0b  	addi	a6, sp, 0xbc
   1a138: 3c 19        	addi	a5, sp, 0xb8
   1a13a: 89 46        	li	a3, 0x2
   1a13c: ee 85        	mv	a1, s11
   1a13e: 52 86        	mv	a2, s4
   1a140: 72 fc        	sd	t3, 0x38(sp)
   1a142: 1a f8        	sd	t1, 0x30(sp)
   1a144: ef b0 6f c9  	jal	0x155da <_ldtoa_r>
   1a148: 42 73        	ld	t1, 0x30(sp)
   1a14a: 62 7e        	ld	t3, 0x38(sp)
   1a14c: aa 8b        	mv	s7, a0
   1a14e: 86 67        	ld	a5, 0x40(sp)
   1a150: 13 f7 17 00  	andi	a4, a5, 0x1
   1a154: 63 10 07 30  	bnez	a4, 0x1a454 <_svfprintf_r+0x1d92>
   1a158: ae 67        	ld	a5, 0xc8(sp)
   1a15a: ea 56        	lw	a3, 0xb8(sp)
   1a15c: 75 57        	li	a4, -0x3
   1a15e: bb 87 77 41  	subw	a5, a5, s7
   1a162: 36 f8        	sd	a3, 0x30(sp)
   1a164: 3e fc        	sd	a5, 0x38(sp)
   1a166: 63 c9 e6 28  	blt	a3, a4, 0x1a3f8 <_svfprintf_r+0x1d36>
   1a16a: 63 4b d3 18  	blt	t1, a3, 0x1a300 <_svfprintf_r+0x1c3e>
   1a16e: 63 c8 f6 2e  	blt	a3, a5, 0x1a45e <_svfprintf_r+0x1d9c>
   1a172: 42 7c        	ld	s8, 0x30(sp)
   1a174: 86 67        	ld	a5, 0x40(sp)
   1a176: 13 f7 07 40  	andi	a4, a5, 0x400
   1a17a: 01 c7        	beqz	a4, 0x1a182 <_svfprintf_r+0x1ac0>
   1a17c: c2 77        	ld	a5, 0x30(sp)
   1a17e: 63 42 f0 3e  	bgtz	a5, 0x1a562 <_svfprintf_r+0x1ea0>
   1a182: 62 88        	mv	a6, s8
   1a184: 63 53 0c 00  	bgez	s8, 0x1a18a <_svfprintf_r+0x1ac8>
   1a188: 01 48        	li	a6, 0x0
   1a18a: 9b 0d 08 00  	sext.w	s11, a6
   1a18e: 13 0e 70 06  	li	t3, 0x67
   1a192: 82 e4        	sd	zero, 0x48(sp)
   1a194: 82 e0        	sd	zero, 0x40(sp)
   1a196: 8a 67        	ld	a5, 0x80(sp)
   1a198: 13 76 2b 00  	andi	a2, s6, 0x2
   1a19c: a9 cb        	beqz	a5, 0x1a1ee <_svfprintf_r+0x1b2c>
   1a19e: 13 05 d0 02  	li	a0, 0x2d
   1a1a2: a3 07 a1 0a  	sb	a0, 0xaf(sp)
   1a1a6: 85 2d        	addiw	s11, s11, 0x1
   1a1a8: 01 43        	li	t1, 0x0
   1a1aa: 6f f0 8f c0  	j	0x195b2 <_svfprintf_r+0xef0>
   1a1ae: c2 77        	ld	a5, 0x30(sp)
   1a1b0: 93 06 d0 02  	li	a3, 0x2d
   1a1b4: 05 47        	li	a4, 0x1
   1a1b6: a3 00 d1 0c  	sb	a3, 0xc1(sp)
   1a1ba: 1d 9f        	subw	a4, a4, a5
   1a1bc: a5 46        	li	a3, 0x9
   1a1be: e3 c4 e6 c6  	blt	a3, a4, 0x19e26 <_svfprintf_r+0x1764>
   1a1c2: 93 06 21 0c  	addi	a3, sp, 0xc2
   1a1c6: 9c 13        	addi	a5, sp, 0x1e0
   1a1c8: 33 86 f6 40  	sub	a2, a3, a5
   1a1cc: 1b 07 07 03  	addiw	a4, a4, 0x30
   1a1d0: 9b 07 16 12  	addiw	a5, a2, 0x121
   1a1d4: 23 80 e6 00  	sb	a4, 0x0(a3)
   1a1d8: be f0        	sd	a5, 0x60(sp)
   1a1da: d1 b1        	j	0x19e9e <_svfprintf_r+0x17dc>
   1a1dc: 02 f0        	sd	zero, 0x20(sp)
   1a1de: 0d 4c        	li	s8, 0x3
   1a1e0: 01 43        	li	t1, 0x0
   1a1e2: 82 e4        	sd	zero, 0x48(sp)
   1a1e4: 82 e0        	sd	zero, 0x40(sp)
   1a1e6: 02 f8        	sd	zero, 0x30(sp)
   1a1e8: 91 4d        	li	s11, 0x4
   1a1ea: 6f e0 cf e2  	j	0x18816 <_svfprintf_r+0x154>
   1a1ee: 03 45 f1 0a  	lbu	a0, 0xaf(sp)
   1a1f2: 55 f9        	bnez	a0, 0x1a1a6 <_svfprintf_r+0x1ae4>
   1a1f4: 01 43        	li	t1, 0x0
   1a1f6: 6f f0 cf bb  	j	0x195b2 <_svfprintf_r+0xef0>
   1a1fa: 1a fc        	sd	t1, 0x38(sp)
   1a1fc: 8d 46        	li	a3, 0x3
   1a1fe: 62 77        	ld	a4, 0x38(sp)
   1a200: 22 65        	ld	a0, 0x8(sp)
   1a202: 93 08 81 0c  	addi	a7, sp, 0xc8
   1a206: 13 08 c1 0b  	addi	a6, sp, 0xbc
   1a20a: 3c 19        	addi	a5, sp, 0xb8
   1a20c: ee 85        	mv	a1, s11
   1a20e: 52 86        	mv	a2, s4
   1a210: 9a e4        	sd	t1, 0x48(sp)
   1a212: 72 f8        	sd	t3, 0x30(sp)
   1a214: ef b0 6f bc  	jal	0x155da <_ldtoa_r>
   1a218: 42 7e        	ld	t3, 0x30(sp)
   1a21a: 26 63        	ld	t1, 0x48(sp)
   1a21c: aa 8b        	mv	s7, a0
   1a21e: e2 77        	ld	a5, 0x38(sp)
   1a220: 13 7c fe fd  	andi	s8, t3, -0x21
   1a224: 93 06 60 04  	li	a3, 0x46
   1a228: 33 8d fb 00  	add	s10, s7, a5
   1a22c: 63 0e dc 12  	beq	s8, a3, 0x1a368 <_svfprintf_r+0x1ca6>
   1a230: 6e 85        	mv	a0, s11
   1a232: d2 85        	mv	a1, s4
   1a234: 01 46        	li	a2, 0x0
   1a236: 81 46        	li	a3, 0x0
   1a238: 9a e4        	sd	t1, 0x48(sp)
   1a23a: 72 f8        	sd	t3, 0x30(sp)
   1a23c: ef 30 e0 67  	jal	0x1d8ba <__netf2>
   1a240: 42 7e        	ld	t3, 0x30(sp)
   1a242: 26 63        	ld	t1, 0x48(sp)
   1a244: 63 05 05 38  	beqz	a0, 0x1a5ce <_svfprintf_r+0x1f0c>
   1a248: ae 67        	ld	a5, 0xc8(sp)
   1a24a: 63 fa a7 49  	bgeu	a5, s10, 0x1a6de <_svfprintf_r+0x201c>
   1a24e: 13 06 00 03  	li	a2, 0x30
   1a252: 13 87 17 00  	addi	a4, a5, 0x1
   1a256: ba e5        	sd	a4, 0xc8(sp)
   1a258: 23 80 c7 00  	sb	a2, 0x0(a5)
   1a25c: ae 67        	ld	a5, 0xc8(sp)
   1a25e: e3 ea a7 ff  	bltu	a5, s10, 0x1a252 <_svfprintf_r+0x1b90>
   1a262: bb 87 77 41  	subw	a5, a5, s7
   1a266: 3e fc        	sd	a5, 0x38(sp)
   1a268: ea 57        	lw	a5, 0xb8(sp)
   1a26a: 13 07 70 04  	li	a4, 0x47
   1a26e: 3e f8        	sd	a5, 0x30(sp)
   1a270: 63 01 ec 08  	beq	s8, a4, 0x1a2f2 <_svfprintf_r+0x1c30>
   1a274: 13 07 60 04  	li	a4, 0x46
   1a278: 63 07 ec 12  	beq	s8, a4, 0x1a3a6 <_svfprintf_r+0x1ce4>
   1a27c: c2 77        	ld	a5, 0x30(sp)
   1a27e: 1b 87 f7 ff  	addiw	a4, a5, -0x1
   1a282: 3a dd        	sw	a4, 0xb8(sp)
   1a284: 23 00 c1 0d  	sb	t3, 0xc0(sp)
   1a288: 63 4f 07 16  	bltz	a4, 0x1a406 <_svfprintf_r+0x1d44>
   1a28c: 93 06 b0 02  	li	a3, 0x2b
   1a290: a3 00 d1 0c  	sb	a3, 0xc1(sp)
   1a294: a5 46        	li	a3, 0x9
   1a296: e3 c8 e6 b8  	blt	a3, a4, 0x19e26 <_svfprintf_r+0x1764>
   1a29a: 93 06 00 03  	li	a3, 0x30
   1a29e: 23 01 d1 0c  	sb	a3, 0xc2(sp)
   1a2a2: 93 06 31 0c  	addi	a3, sp, 0xc3
   1a2a6: 05 b7        	j	0x1a1c6 <_svfprintf_r+0x1b04>
   1a2a8: 90 11        	addi	a2, sp, 0xe0
   1a2aa: e6 85        	mv	a1, s9
   1a2ac: 56 85        	mv	a0, s5
   1a2ae: ef 10 10 6d  	jal	0x1c17e <__ssprint_r>
   1a2b2: 19 c1        	beqz	a0, 0x1a2b8 <_svfprintf_r+0x1bf6>
   1a2b4: 6f e0 bf ef  	j	0x191ae <_svfprintf_r+0xaec>
   1a2b8: 83 c5 0d 00  	lbu	a1, 0x0(s11)
   1a2bc: 4e 76        	ld	a2, 0xf0(sp)
   1a2be: ce 87        	mv	a5, s3
   1a2c0: 41 47        	li	a4, 0x10
   1a2c2: 9d 46        	li	a3, 0x7
   1a2c4: ae 9b        	add	s7, s7, a1
   1a2c6: 6f f0 6f d4  	j	0x1980c <_svfprintf_r+0x114a>
   1a2ca: 02 f0        	sd	zero, 0x20(sp)
   1a2cc: 93 0b 81 0f  	addi	s7, sp, 0xf8
   1a2d0: 7d 57        	li	a4, -0x1
   1a2d2: 7e 17        	slli	a4, a4, 0x3f
   1a2d4: 93 07 d0 02  	li	a5, 0x2d
   1a2d8: 33 4a ea 00  	xor	s4, s4, a4
   1a2dc: 3e e1        	sd	a5, 0x80(sp)
   1a2de: 89 b5        	j	0x1a120 <_svfprintf_r+0x1a5e>
   1a2e0: ea 57        	lw	a5, 0xb8(sp)
   1a2e2: 3e f8        	sd	a5, 0x30(sp)
   1a2e4: bb 07 7d 41  	subw	a5, s10, s7
   1a2e8: 93 06 70 04  	li	a3, 0x47
   1a2ec: 3e fc        	sd	a5, 0x38(sp)
   1a2ee: 63 1c dc 0a  	bne	s8, a3, 0x1a3a6 <_svfprintf_r+0x1ce4>
   1a2f2: c2 77        	ld	a5, 0x30(sp)
   1a2f4: 75 57        	li	a4, -0x3
   1a2f6: 63 c1 e7 10  	blt	a5, a4, 0x1a3f8 <_svfprintf_r+0x1d36>
   1a2fa: c2 77        	ld	a5, 0x30(sp)
   1a2fc: 63 52 f3 02  	bge	t1, a5, 0x1a320 <_svfprintf_r+0x1c5e>
   1a300: c2 77        	ld	a5, 0x30(sp)
   1a302: 79 3e        	addiw	t3, t3, -0x2
   1a304: 23 00 c1 0d  	sb	t3, 0xc0(sp)
   1a308: 1b 87 f7 ff  	addiw	a4, a5, -0x1
   1a30c: 3a dd        	sw	a4, 0xb8(sp)
   1a30e: e3 5f 07 f6  	bgez	a4, 0x1a28c <_svfprintf_r+0x1bca>
   1a312: 05 47        	li	a4, 0x1
   1a314: 93 06 d0 02  	li	a3, 0x2d
   1a318: 1d 9f        	subw	a4, a4, a5
   1a31a: a3 00 d1 0c  	sb	a3, 0xc1(sp)
   1a31e: b5 bf        	j	0x1a29a <_svfprintf_r+0x1bd8>
   1a320: e2 77        	ld	a5, 0x38(sp)
   1a322: 42 77        	ld	a4, 0x30(sp)
   1a324: 63 4d f7 12  	blt	a4, a5, 0x1a45e <_svfprintf_r+0x1d9c>
   1a328: 86 67        	ld	a5, 0x40(sp)
   1a32a: 13 f7 17 00  	andi	a4, a5, 0x1
   1a32e: c2 77        	ld	a5, 0x30(sp)
   1a330: 3e 8c        	mv	s8, a5
   1a332: e3 01 07 e4  	beqz	a4, 0x1a174 <_svfprintf_r+0x1ab2>
   1a336: 46 67        	ld	a4, 0x50(sp)
   1a338: 3b 0c f7 00  	addw	s8, a4, a5
   1a33c: 25 bd        	j	0x1a174 <_svfprintf_r+0x1ab2>
   1a33e: 93 07 d0 02  	li	a5, 0x2d
   1a342: a3 07 f1 0a  	sb	a5, 0xaf(sp)
   1a346: 02 f0        	sd	zero, 0x20(sp)
   1a348: 93 07 70 04  	li	a5, 0x47
   1a34c: 82 e4        	sd	zero, 0x48(sp)
   1a34e: 82 e0        	sd	zero, 0x40(sp)
   1a350: 02 f8        	sd	zero, 0x30(sp)
   1a352: 0d 4c        	li	s8, 0x3
   1a354: 01 43        	li	t1, 0x0
   1a356: 63 d7 c7 1d  	bge	a5, t3, 0x1a524 <_svfprintf_r+0x1e62>
   1a35a: 97 5b 00 00  	auipc	s7, 0x5
   1a35e: 93 8b 6b cc  	addi	s7, s7, -0x33a
   1a362: 91 4d        	li	s11, 0x4
   1a364: 6f e0 2f cb  	j	0x18816 <_svfprintf_r+0x154>
   1a368: 03 c6 0b 00  	lbu	a2, 0x0(s7)
   1a36c: 93 06 00 03  	li	a3, 0x30
   1a370: 63 09 d6 1c  	beq	a2, a3, 0x1a542 <_svfprintf_r+0x1e80>
   1a374: ea 56        	lw	a3, 0xb8(sp)
   1a376: 36 9d        	add	s10, s10, a3
   1a378: 6e 85        	mv	a0, s11
   1a37a: d2 85        	mv	a1, s4
   1a37c: 01 46        	li	a2, 0x0
   1a37e: 81 46        	li	a3, 0x0
   1a380: 1a fc        	sd	t1, 0x38(sp)
   1a382: 72 f8        	sd	t3, 0x30(sp)
   1a384: ef 30 60 53  	jal	0x1d8ba <__netf2>
   1a388: 42 7e        	ld	t3, 0x30(sp)
   1a38a: 62 73        	ld	t1, 0x38(sp)
   1a38c: 31 d9        	beqz	a0, 0x1a2e0 <_svfprintf_r+0x1c1e>
   1a38e: ae 67        	ld	a5, 0xc8(sp)
   1a390: e3 ef a7 eb  	bltu	a5, s10, 0x1a24e <_svfprintf_r+0x1b8c>
   1a394: bb 87 77 41  	subw	a5, a5, s7
   1a398: 3e fc        	sd	a5, 0x38(sp)
   1a39a: ea 57        	lw	a5, 0xb8(sp)
   1a39c: 13 07 70 04  	li	a4, 0x47
   1a3a0: 3e f8        	sd	a5, 0x30(sp)
   1a3a2: e3 08 ec f4  	beq	s8, a4, 0x1a2f2 <_svfprintf_r+0x1c30>
   1a3a6: 86 67        	ld	a5, 0x40(sp)
   1a3a8: 13 f7 17 00  	andi	a4, a5, 0x1
   1a3ac: c2 77        	ld	a5, 0x30(sp)
   1a3ae: 33 67 e3 00  	or	a4, t1, a4
   1a3b2: 63 59 f0 2e  	blez	a5, 0x1a6a4 <_svfprintf_r+0x1fe2>
   1a3b6: 63 13 07 22  	bnez	a4, 0x1a5dc <_svfprintf_r+0x1f1a>
   1a3ba: 42 7c        	ld	s8, 0x30(sp)
   1a3bc: 13 0e 60 06  	li	t3, 0x66
   1a3c0: 86 67        	ld	a5, 0x40(sp)
   1a3c2: 13 f7 07 40  	andi	a4, a5, 0x400
   1a3c6: 63 10 07 1a  	bnez	a4, 0x1a566 <_svfprintf_r+0x1ea4>
   1a3ca: 62 88        	mv	a6, s8
   1a3cc: 63 45 0c 00  	bltz	s8, 0x1a3d6 <_svfprintf_r+0x1d14>
   1a3d0: 9b 0d 08 00  	sext.w	s11, a6
   1a3d4: 7d bb        	j	0x1a192 <_svfprintf_r+0x1ad0>
   1a3d6: 01 48        	li	a6, 0x0
   1a3d8: 9b 0d 08 00  	sext.w	s11, a6
   1a3dc: 5d bb        	j	0x1a192 <_svfprintf_r+0x1ad0>
   1a3de: c2 65        	ld	a1, 0x10(sp)
   1a3e0: 22 65        	ld	a0, 0x8(sp)
   1a3e2: 90 11        	addi	a2, sp, 0xe0
   1a3e4: ef 10 b0 59  	jal	0x1c17e <__ssprint_r>
   1a3e8: 19 c1        	beqz	a0, 0x1a3ee <_svfprintf_r+0x1d2c>
   1a3ea: 6f e0 5f dc  	j	0x191ae <_svfprintf_r+0xaec>
   1a3ee: 6a 5c        	lw	s8, 0xb8(sp)
   1a3f0: 4e 7a        	ld	s4, 0xf0(sp)
   1a3f2: 4e 89        	mv	s2, s3
   1a3f4: 6f e0 bf ef  	j	0x192ee <_svfprintf_r+0xc2c>
   1a3f8: c2 77        	ld	a5, 0x30(sp)
   1a3fa: 79 3e        	addiw	t3, t3, -0x2
   1a3fc: 23 00 c1 0d  	sb	t3, 0xc0(sp)
   1a400: 1b 87 f7 ff  	addiw	a4, a5, -0x1
   1a404: 3a dd        	sw	a4, 0xb8(sp)
   1a406: c2 77        	ld	a5, 0x30(sp)
   1a408: 93 06 d0 02  	li	a3, 0x2d
   1a40c: 05 47        	li	a4, 0x1
   1a40e: a3 00 d1 0c  	sb	a3, 0xc1(sp)
   1a412: 1d 9f        	subw	a4, a4, a5
   1a414: a5 46        	li	a3, 0x9
   1a416: e3 c8 e6 a0  	blt	a3, a4, 0x19e26 <_svfprintf_r+0x1764>
   1a41a: 41 b5        	j	0x1a29a <_svfprintf_r+0x1bd8>
   1a41c: 6a f4        	sd	s10, 0x28(sp)
   1a41e: 63 0a 07 10  	beqz	a4, 0x1a532 <_svfprintf_r+0x1e70>
   1a422: 9b 0d 13 00  	addiw	s11, t1, 0x1
   1a426: 1a 8c        	mv	s8, t1
   1a428: 82 e4        	sd	zero, 0x48(sp)
   1a42a: 01 43        	li	t1, 0x0
   1a42c: 82 e0        	sd	zero, 0x40(sp)
   1a42e: 02 f8        	sd	zero, 0x30(sp)
   1a430: 6f e0 6f be  	j	0x18816 <_svfprintf_r+0x154>
   1a434: c2 65        	ld	a1, 0x10(sp)
   1a436: 22 65        	ld	a0, 0x8(sp)
   1a438: 90 11        	addi	a2, sp, 0xe0
   1a43a: ef 10 50 54  	jal	0x1c17e <__ssprint_r>
   1a43e: 19 c1        	beqz	a0, 0x1a444 <_svfprintf_r+0x1d82>
   1a440: 6f e0 ff d6  	j	0x191ae <_svfprintf_r+0xaec>
   1a444: ea 56        	lw	a3, 0xb8(sp)
   1a446: e2 77        	ld	a5, 0x38(sp)
   1a448: 4e 7a        	ld	s4, 0xf0(sp)
   1a44a: 4e 89        	mv	s2, s3
   1a44c: bb 86 d7 40  	subw	a3, a5, a3
   1a450: 6f e0 df ed  	j	0x1932c <_svfprintf_r+0xc6a>
   1a454: 33 8d 6b 00  	add	s10, s7, t1
   1a458: 13 0c 70 04  	li	s8, 0x47
   1a45c: 31 bf        	j	0x1a378 <_svfprintf_r+0x1cb6>
   1a45e: c6 67        	ld	a5, 0x50(sp)
   1a460: 62 77        	ld	a4, 0x38(sp)
   1a462: 13 0e 70 06  	li	t3, 0x67
   1a466: 3b 8c e7 00  	addw	s8, a5, a4
   1a46a: c2 77        	ld	a5, 0x30(sp)
   1a46c: e3 4a f0 f4  	bgtz	a5, 0x1a3c0 <_svfprintf_r+0x1cfe>
   1a470: bb 08 fc 40  	subw	a7, s8, a5
   1a474: 1b 8c 18 00  	addiw	s8, a7, 0x1
   1a478: 62 88        	mv	a6, s8
   1a47a: 63 53 0c 00  	bgez	s8, 0x1a480 <_svfprintf_r+0x1dbe>
   1a47e: 01 48        	li	a6, 0x0
   1a480: c2 8d        	mv	s11, a6
   1a482: 13 0e 70 06  	li	t3, 0x67
   1a486: 31 b3        	j	0x1a192 <_svfprintf_r+0x1ad0>
   1a488: da 86        	mv	a3, s6
   1a48a: 6f f0 2f 8b  	j	0x1953c <_svfprintf_r+0xe7a>
   1a48e: 62 9a        	add	s4, s4, s8
   1a490: 85 26        	addiw	a3, a3, 0x1
   1a492: d2 f9        	sd	s4, 0xf0(sp)
   1a494: b6 d5        	sw	a3, 0xe8(sp)
   1a496: 23 30 a9 01  	sd	s10, 0x0(s2)
   1a49a: 23 34 89 01  	sd	s8, 0x8(s2)
   1a49e: 1d 47        	li	a4, 0x7
   1a4a0: 63 5e d7 d4  	bge	a4, a3, 0x199fc <_svfprintf_r+0x133a>
   1a4a4: c2 65        	ld	a1, 0x10(sp)
   1a4a6: 22 65        	ld	a0, 0x8(sp)
   1a4a8: 90 11        	addi	a2, sp, 0xe0
   1a4aa: ef 10 50 4d  	jal	0x1c17e <__ssprint_r>
   1a4ae: 19 c1        	beqz	a0, 0x1a4b4 <_svfprintf_r+0x1df2>
   1a4b0: 6f e0 ff cf  	j	0x191ae <_svfprintf_r+0xaec>
   1a4b4: 4e 7a        	ld	s4, 0xf0(sp)
   1a4b6: ae 56        	lw	a3, 0xe8(sp)
   1a4b8: 4e 89        	mv	s2, s3
   1a4ba: 6f f0 4f d4  	j	0x199fe <_svfprintf_r+0x133c>
   1a4be: 9b 07 13 00  	addiw	a5, t1, 0x1
   1a4c2: 3e fc        	sd	a5, 0x38(sp)
   1a4c4: 89 46        	li	a3, 0x2
   1a4c6: 25 bb        	j	0x1a1fe <_svfprintf_r+0x1b3c>
   1a4c8: 63 13 03 00  	bnez	t1, 0x1a4ce <_svfprintf_r+0x1e0c>
   1a4cc: 36 83        	mv	t1, a3
   1a4ce: 63 54 0a 12  	bgez	s4, 0x1a5f6 <_svfprintf_r+0x1f34>
   1a4d2: 7e 17        	slli	a4, a4, 0x3f
   1a4d4: 93 07 d0 02  	li	a5, 0x2d
   1a4d8: da e0        	sd	s6, 0x40(sp)
   1a4da: 33 4a ea 00  	xor	s4, s4, a4
   1a4de: 02 f0        	sd	zero, 0x20(sp)
   1a4e0: 62 8b        	mv	s6, s8
   1a4e2: 3e e1        	sd	a5, 0x80(sp)
   1a4e4: 22 65        	ld	a0, 0x8(sp)
   1a4e6: 1a 87        	mv	a4, t1
   1a4e8: 93 08 81 0c  	addi	a7, sp, 0xc8
   1a4ec: 13 08 c1 0b  	addi	a6, sp, 0xbc
   1a4f0: 3c 19        	addi	a5, sp, 0xb8
   1a4f2: 89 46        	li	a3, 0x2
   1a4f4: ee 85        	mv	a1, s11
   1a4f6: 52 86        	mv	a2, s4
   1a4f8: 72 fc        	sd	t3, 0x38(sp)
   1a4fa: 1a f8        	sd	t1, 0x30(sp)
   1a4fc: ef b0 ef 8d  	jal	0x155da <_ldtoa_r>
   1a500: 62 7e        	ld	t3, 0x38(sp)
   1a502: 13 07 70 04  	li	a4, 0x47
   1a506: 42 73        	ld	t1, 0x30(sp)
   1a508: aa 8b        	mv	s7, a0
   1a50a: e3 02 ee c4  	beq	t3, a4, 0x1a14e <_svfprintf_r+0x1a8c>
   1a50e: 1a fc        	sd	t1, 0x38(sp)
   1a510: 39 b3        	j	0x1a21e <_svfprintf_r+0x1b5c>
   1a512: 86 67        	ld	a5, 0x40(sp)
   1a514: fd 8e        	and	a3, a3, a5
   1a516: e3 8e 06 98  	beqz	a3, 0x19eb2 <_svfprintf_r+0x17f0>
   1a51a: 49 ba        	j	0x19eac <_svfprintf_r+0x17ea>
   1a51c: 1c c3        	sw	a5, 0x0(a4)
   1a51e: d6 8b        	mv	s7, s5
   1a520: 6f e0 0f bb  	j	0x188d0 <_svfprintf_r+0x20e>
   1a524: 97 5b 00 00  	auipc	s7, 0x5
   1a528: 93 8b 4b af  	addi	s7, s7, -0x50c
   1a52c: 91 4d        	li	s11, 0x4
   1a52e: 6f e0 8f ae  	j	0x18816 <_svfprintf_r+0x154>
   1a532: 1a 8c        	mv	s8, t1
   1a534: 9a 8d        	mv	s11, t1
   1a536: 82 e4        	sd	zero, 0x48(sp)
   1a538: 01 43        	li	t1, 0x0
   1a53a: 82 e0        	sd	zero, 0x40(sp)
   1a53c: 02 f8        	sd	zero, 0x30(sp)
   1a53e: 6f e0 8f ad  	j	0x18816 <_svfprintf_r+0x154>
   1a542: 01 46        	li	a2, 0x0
   1a544: 81 46        	li	a3, 0x0
   1a546: 6e 85        	mv	a0, s11
   1a548: d2 85        	mv	a1, s4
   1a54a: 9a e4        	sd	t1, 0x48(sp)
   1a54c: 72 f8        	sd	t3, 0x30(sp)
   1a54e: ef 30 c0 36  	jal	0x1d8ba <__netf2>
   1a552: 42 7e        	ld	t3, 0x30(sp)
   1a554: 26 63        	ld	t1, 0x48(sp)
   1a556: 63 17 05 10  	bnez	a0, 0x1a664 <_svfprintf_r+0x1fa2>
   1a55a: ea 57        	lw	a5, 0xb8(sp)
   1a55c: 3e f8        	sd	a5, 0x30(sp)
   1a55e: 3e 9d        	add	s10, s10, a5
   1a560: 51 b3        	j	0x1a2e4 <_svfprintf_r+0x1c22>
   1a562: 13 0e 70 06  	li	t3, 0x67
   1a566: 46 76        	ld	a2, 0x70(sp)
   1a568: 93 06 f0 0f  	li	a3, 0xff
   1a56c: 03 47 06 00  	lbu	a4, 0x0(a2)
   1a570: 63 09 d7 1a  	beq	a4, a3, 0x1a722 <_svfprintf_r+0x2060>
   1a574: c2 77        	ld	a5, 0x30(sp)
   1a576: 01 48        	li	a6, 0x0
   1a578: 01 45        	li	a0, 0x0
   1a57a: ba 85        	mv	a1, a4
   1a57c: 63 5a f7 00  	bge	a4, a5, 0x1a590 <_svfprintf_r+0x1ece>
   1a580: 03 47 16 00  	lbu	a4, 0x1(a2)
   1a584: 8d 9f        	subw	a5, a5, a1
   1a586: 0d cb        	beqz	a4, 0x1a5b8 <_svfprintf_r+0x1ef6>
   1a588: 05 25        	addiw	a0, a0, 0x1
   1a58a: 05 06        	addi	a2, a2, 0x1
   1a58c: e3 17 d7 fe  	bne	a4, a3, 0x1a57a <_svfprintf_r+0x1eb8>
   1a590: b2 f8        	sd	a2, 0x70(sp)
   1a592: 3e f8        	sd	a5, 0x30(sp)
   1a594: aa e0        	sd	a0, 0x40(sp)
   1a596: c2 e4        	sd	a6, 0x48(sp)
   1a598: a6 67        	ld	a5, 0x48(sp)
   1a59a: 06 67        	ld	a4, 0x40(sp)
   1a59c: 3d 9f        	addw	a4, a4, a5
   1a59e: e6 77        	ld	a5, 0x78(sp)
   1a5a0: 3b 07 f7 02  	mulw	a4, a4, a5
   1a5a4: 3b 0c 87 01  	addw	s8, a4, s8
   1a5a8: 62 88        	mv	a6, s8
   1a5aa: 63 44 0c 00  	bltz	s8, 0x1a5b2 <_svfprintf_r+0x1ef0>
   1a5ae: c2 8d        	mv	s11, a6
   1a5b0: dd b6        	j	0x1a196 <_svfprintf_r+0x1ad4>
   1a5b2: 01 48        	li	a6, 0x0
   1a5b4: c2 8d        	mv	s11, a6
   1a5b6: c5 b6        	j	0x1a196 <_svfprintf_r+0x1ad4>
   1a5b8: 03 47 06 00  	lbu	a4, 0x0(a2)
   1a5bc: 05 28        	addiw	a6, a6, 0x1
   1a5be: f9 b7        	j	0x1a58c <_svfprintf_r+0x1eca>
   1a5c0: 97 5b 00 00  	auipc	s7, 0x5
   1a5c4: 93 8b 8b a6  	addi	s7, s7, -0x598
   1a5c8: 91 4d        	li	s11, 0x4
   1a5ca: 6f e0 cf a4  	j	0x18816 <_svfprintf_r+0x154>
   1a5ce: ea 57        	lw	a5, 0xb8(sp)
   1a5d0: 13 07 70 04  	li	a4, 0x47
   1a5d4: 3e f8        	sd	a5, 0x30(sp)
   1a5d6: e3 13 ec ca  	bne	s8, a4, 0x1a27c <_svfprintf_r+0x1bba>
   1a5da: 21 bb        	j	0x1a2f2 <_svfprintf_r+0x1c30>
   1a5dc: bb 08 f3 00  	addw	a7, t1, a5
   1a5e0: c6 67        	ld	a5, 0x50(sp)
   1a5e2: 13 0e 60 06  	li	t3, 0x66
   1a5e6: 3b 8c f8 00  	addw	s8, a7, a5
   1a5ea: d9 bb        	j	0x1a3c0 <_svfprintf_r+0x1cfe>
   1a5ec: 63 13 03 00  	bnez	t1, 0x1a5f2 <_svfprintf_r+0x1f30>
   1a5f0: 36 83        	mv	t1, a3
   1a5f2: 63 4c 0a 0c  	bltz	s4, 0x1a6ca <_svfprintf_r+0x2008>
   1a5f6: 22 65        	ld	a0, 0x8(sp)
   1a5f8: 1a 87        	mv	a4, t1
   1a5fa: 93 08 81 0c  	addi	a7, sp, 0xc8
   1a5fe: 13 08 c1 0b  	addi	a6, sp, 0xbc
   1a602: 3c 19        	addi	a5, sp, 0xb8
   1a604: 89 46        	li	a3, 0x2
   1a606: ee 85        	mv	a1, s11
   1a608: 52 86        	mv	a2, s4
   1a60a: 72 fc        	sd	t3, 0x38(sp)
   1a60c: 1a f8        	sd	t1, 0x30(sp)
   1a60e: ef a0 df fc  	jal	0x155da <_ldtoa_r>
   1a612: 42 73        	ld	t1, 0x30(sp)
   1a614: da e0        	sd	s6, 0x40(sp)
   1a616: 62 7e        	ld	t3, 0x38(sp)
   1a618: aa 8b        	mv	s7, a0
   1a61a: 62 8b        	mv	s6, s8
   1a61c: 02 e1        	sd	zero, 0x80(sp)
   1a61e: 02 f0        	sd	zero, 0x20(sp)
   1a620: 3d b6        	j	0x1a14e <_svfprintf_r+0x1a8c>
   1a622: 5e 83        	mv	t1, s7
   1a624: 56 8b        	mv	s6, s5
   1a626: bb 86 6d 00  	addw	a3, s11, t1
   1a62a: bb 86 66 41  	subw	a3, a3, s6
   1a62e: 06 79        	ld	s2, 0x60(sp)
   1a630: a6 6a        	ld	s5, 0x48(sp)
   1a632: 2a 6e        	ld	t3, 0x88(sp)
   1a634: ee 8b        	mv	s7, s11
   1a636: 63 ca 06 fa  	bltz	a3, 0x19dea <_svfprintf_r+0x1728>
   1a63a: 13 86 16 00  	addi	a2, a3, 0x1
   1a63e: 5a 96        	add	a2, a2, s6
   1a640: 5a 87        	mv	a4, s6
   1a642: 93 05 00 03  	li	a1, 0x30
   1a646: 05 07        	addi	a4, a4, 0x1
   1a648: a3 0f b7 fe  	sb	a1, -0x1(a4)
   1a64c: e3 1d c7 fe  	bne	a4, a2, 0x1a646 <_svfprintf_r+0x1f84>
   1a650: 93 07 1b 00  	addi	a5, s6, 0x1
   1a654: 33 8b d7 00  	add	s6, a5, a3
   1a658: 6f f0 2f f9  	j	0x19dea <_svfprintf_r+0x1728>
   1a65c: 13 06 00 07  	li	a2, 0x70
   1a660: 6f f0 0f fb  	j	0x19e10 <_svfprintf_r+0x174e>
   1a664: e2 77        	ld	a5, 0x38(sp)
   1a666: 85 46        	li	a3, 0x1
   1a668: 9d 9e        	subw	a3, a3, a5
   1a66a: 36 dd        	sw	a3, 0xb8(sp)
   1a66c: 29 b3        	j	0x1a376 <_svfprintf_r+0x1cb4>
   1a66e: 02 f0        	sd	zero, 0x20(sp)
   1a670: 62 8b        	mv	s6, s8
   1a672: b9 b9        	j	0x1a2d0 <_svfprintf_r+0x1c0e>
   1a674: 82 7b        	ld	s7, 0x20(sp)
   1a676: a9 b9        	j	0x1a2d0 <_svfprintf_r+0x1c0e>
   1a678: 83 46 ac 00  	lbu	a3, 0xa(s8)
   1a67c: 6f f0 af f6  	j	0x19de6 <_svfprintf_r+0x1724>
   1a680: 89 47        	li	a5, 0x2
   1a682: be f0        	sd	a5, 0x60(sp)
   1a684: 6f f0 bf 81  	j	0x19e9e <_svfprintf_r+0x17dc>
   1a688: 22 77        	ld	a4, 0x28(sp)
   1a68a: 1c 43        	lw	a5, 0x0(a4)
   1a68c: 21 07        	addi	a4, a4, 0x8
   1a68e: 3e 83        	mv	t1, a5
   1a690: 63 d3 07 00  	bgez	a5, 0x1a696 <_svfprintf_r+0x1fd4>
   1a694: 7d 53        	li	t1, -0x1
   1a696: 03 ce 1a 00  	lbu	t3, 0x1(s5)
   1a69a: 1a 8c        	mv	s8, t1
   1a69c: 3a f4        	sd	a4, 0x28(sp)
   1a69e: b2 8a        	mv	s5, a2
   1a6a0: 6f e0 4f 90  	j	0x187a4 <_svfprintf_r+0xe2>
   1a6a4: 11 e7        	bnez	a4, 0x1a6b0 <_svfprintf_r+0x1fee>
   1a6a6: 85 4d        	li	s11, 0x1
   1a6a8: 6e 8c        	mv	s8, s11
   1a6aa: 13 0e 60 06  	li	t3, 0x66
   1a6ae: d5 b4        	j	0x1a192 <_svfprintf_r+0x1ad0>
   1a6b0: c6 67        	ld	a5, 0x50(sp)
   1a6b2: 9b 88 17 00  	addiw	a7, a5, 0x1
   1a6b6: 3b 8c 68 00  	addw	s8, a7, t1
   1a6ba: 62 88        	mv	a6, s8
   1a6bc: 63 53 0c 00  	bgez	s8, 0x1a6c2 <_svfprintf_r+0x2000>
   1a6c0: 01 48        	li	a6, 0x0
   1a6c2: c2 8d        	mv	s11, a6
   1a6c4: 13 0e 60 06  	li	t3, 0x66
   1a6c8: e9 b4        	j	0x1a192 <_svfprintf_r+0x1ad0>
   1a6ca: 7e 17        	slli	a4, a4, 0x3f
   1a6cc: 93 07 d0 02  	li	a5, 0x2d
   1a6d0: da e0        	sd	s6, 0x40(sp)
   1a6d2: 33 4a ea 00  	xor	s4, s4, a4
   1a6d6: 02 f0        	sd	zero, 0x20(sp)
   1a6d8: 62 8b        	mv	s6, s8
   1a6da: 3e e1        	sd	a5, 0x80(sp)
   1a6dc: 81 bc        	j	0x1a12c <_svfprintf_r+0x1a6a>
   1a6de: bb 87 77 41  	subw	a5, a5, s7
   1a6e2: 3e fc        	sd	a5, 0x38(sp)
   1a6e4: ea 57        	lw	a5, 0xb8(sp)
   1a6e6: 13 07 70 04  	li	a4, 0x47
   1a6ea: 3e f8        	sd	a5, 0x30(sp)
   1a6ec: e3 18 ec b8  	bne	s8, a4, 0x1a27c <_svfprintf_r+0x1bba>
   1a6f0: 09 b1        	j	0x1a2f2 <_svfprintf_r+0x1c30>
   1a6f2: 01 43        	li	t1, 0x0
   1a6f4: 82 e4        	sd	zero, 0x48(sp)
   1a6f6: 82 e0        	sd	zero, 0x40(sp)
   1a6f8: 02 f0        	sd	zero, 0x20(sp)
   1a6fa: 0d 4c        	li	s8, 0x3
   1a6fc: 91 4d        	li	s11, 0x4
   1a6fe: 6f e0 8f 91  	j	0x18816 <_svfprintf_r+0x154>
   1a702: 22 67        	ld	a4, 0x8(sp)
   1a704: b1 47        	li	a5, 0xc
   1a706: 1c c3        	sw	a5, 0x0(a4)
   1a708: fd 57        	li	a5, -0x1
   1a70a: 3e ec        	sd	a5, 0x18(sp)
   1a70c: 6f e0 6f a0  	j	0x18912 <_svfprintf_r+0x250>
   1a710: 42 67        	ld	a4, 0x10(sp)
   1a712: 83 57 07 01  	lhu	a5, 0x10(a4)
   1a716: 93 e7 07 04  	ori	a5, a5, 0x40
   1a71a: 23 18 f7 00  	sh	a5, 0x10(a4)
   1a71e: 6f e0 2f 9c  	j	0x188e0 <_svfprintf_r+0x21e>
   1a722: 82 e4        	sd	zero, 0x48(sp)
   1a724: 82 e0        	sd	zero, 0x40(sp)
   1a726: 8d bd        	j	0x1a598 <_svfprintf_r+0x1ed6>
   1a728: 85 4d        	li	s11, 0x1
   1a72a: 82 e0        	sd	zero, 0x40(sp)
   1a72c: 82 e4        	sd	zero, 0x48(sp)
   1a72e: 6e 8c        	mv	s8, s11
   1a730: 02 f0        	sd	zero, 0x20(sp)
   1a732: 02 f8        	sd	zero, 0x30(sp)
   1a734: 93 0b b1 15  	addi	s7, sp, 0x15b
   1a738: 13 0e 80 07  	li	t3, 0x78
   1a73c: 01 45        	li	a0, 0x0
   1a73e: 6f e0 9f e7  	j	0x195b6 <_svfprintf_r+0xef4>

000000000001a742 <__sprint_r.part.0>:
   1a742: 83 a7 05 0b  	lw	a5, 0xb0(a1)
   1a746: 5d 71        	addi	sp, sp, -0x50
   1a748: 56 ec        	sd	s5, 0x18(sp)
   1a74a: 86 e4        	sd	ra, 0x48(sp)
   1a74c: 13 97 27 03  	slli	a4, a5, 0x32
   1a750: b2 8a        	mv	s5, a2
   1a752: 63 5e 07 08  	bgez	a4, 0x1a7ee <__sprint_r.part.0+0xac>
   1a756: 1c 6a        	ld	a5, 0x10(a2)
   1a758: 4a f8        	sd	s2, 0x30(sp)
   1a75a: 4e f4        	sd	s3, 0x28(sp)
   1a75c: 52 f0        	sd	s4, 0x20(sp)
   1a75e: 5a e8        	sd	s6, 0x10(sp)
   1a760: 2e 89        	mv	s2, a1
   1a762: 03 3b 06 00  	ld	s6, 0x0(a2)
   1a766: 2a 8a        	mv	s4, a0
   1a768: fd 59        	li	s3, -0x1
   1a76a: a5 cf        	beqz	a5, 0x1a7e2 <__sprint_r.part.0+0xa0>
   1a76c: a2 e0        	sd	s0, 0x40(sp)
   1a76e: 26 fc        	sd	s1, 0x38(sp)
   1a770: 5e e4        	sd	s7, 0x8(sp)
   1a772: 83 34 8b 00  	ld	s1, 0x8(s6)
   1a776: 03 34 0b 00  	ld	s0, 0x0(s6)
   1a77a: 89 80        	srli	s1, s1, 0x2
   1a77c: 9b 8b 04 00  	sext.w	s7, s1
   1a780: 63 57 70 05  	blez	s7, 0x1a7ce <__sprint_r.part.0+0x8c>
   1a784: fd 34        	addiw	s1, s1, -0x1
   1a786: 93 97 04 02  	slli	a5, s1, 0x20
   1a78a: 93 d4 e7 01  	srli	s1, a5, 0x1e
   1a78e: 93 07 44 00  	addi	a5, s0, 0x4
   1a792: be 94        	add	s1, s1, a5
   1a794: 19 a0        	j	0x1a79a <__sprint_r.part.0+0x58>
   1a796: 63 8a 84 02  	beq	s1, s0, 0x1a7ca <__sprint_r.part.0+0x88>
   1a79a: 0c 40        	lw	a1, 0x0(s0)
   1a79c: 4a 86        	mv	a2, s2
   1a79e: 52 85        	mv	a0, s4
   1a7a0: ef 10 80 60  	jal	0x1bda8 <_fputwc_r>
   1a7a4: 11 04        	addi	s0, s0, 0x4
   1a7a6: e3 18 35 ff  	bne	a0, s3, 0x1a796 <__sprint_r.part.0+0x54>
   1a7aa: 4e 85        	mv	a0, s3
   1a7ac: 06 64        	ld	s0, 0x40(sp)
   1a7ae: e2 74        	ld	s1, 0x38(sp)
   1a7b0: 42 79        	ld	s2, 0x30(sp)
   1a7b2: a2 79        	ld	s3, 0x28(sp)
   1a7b4: 02 7a        	ld	s4, 0x20(sp)
   1a7b6: 42 6b        	ld	s6, 0x10(sp)
   1a7b8: a2 6b        	ld	s7, 0x8(sp)
   1a7ba: a6 60        	ld	ra, 0x48(sp)
   1a7bc: 23 b8 0a 00  	sd	zero, 0x10(s5)
   1a7c0: 23 a4 0a 00  	sw	zero, 0x8(s5)
   1a7c4: e2 6a        	ld	s5, 0x18(sp)
   1a7c6: 61 61        	addi	sp, sp, 0x50
   1a7c8: 82 80        	ret
   1a7ca: 83 b7 0a 01  	ld	a5, 0x10(s5)
   1a7ce: 8a 0b        	slli	s7, s7, 0x2
   1a7d0: b3 87 77 41  	sub	a5, a5, s7
   1a7d4: 23 b8 fa 00  	sd	a5, 0x10(s5)
   1a7d8: 41 0b        	addi	s6, s6, 0x10
   1a7da: c1 ff        	bnez	a5, 0x1a772 <__sprint_r.part.0+0x30>
   1a7dc: 06 64        	ld	s0, 0x40(sp)
   1a7de: e2 74        	ld	s1, 0x38(sp)
   1a7e0: a2 6b        	ld	s7, 0x8(sp)
   1a7e2: 42 79        	ld	s2, 0x30(sp)
   1a7e4: a2 79        	ld	s3, 0x28(sp)
   1a7e6: 02 7a        	ld	s4, 0x20(sp)
   1a7e8: 42 6b        	ld	s6, 0x10(sp)
   1a7ea: 01 45        	li	a0, 0x0
   1a7ec: f9 b7        	j	0x1a7ba <__sprint_r.part.0+0x78>
   1a7ee: ef 90 6f dd  	jal	0x13dc4 <__sfvwrite_r>
   1a7f2: a6 60        	ld	ra, 0x48(sp)
   1a7f4: 23 b8 0a 00  	sd	zero, 0x10(s5)
   1a7f8: 23 a4 0a 00  	sw	zero, 0x8(s5)
   1a7fc: e2 6a        	ld	s5, 0x18(sp)
   1a7fe: 61 61        	addi	sp, sp, 0x50
   1a800: 82 80        	ret

000000000001a802 <__sprint_r>:
   1a802: 18 6a        	ld	a4, 0x10(a2)
   1a804: 19 c3        	beqz	a4, 0x1a80a <__sprint_r+0x8>
   1a806: 6f f0 df f3  	j	0x1a742 <__sprint_r.part.0>
   1a80a: 23 24 06 00  	sw	zero, 0x8(a2)
   1a80e: 01 45        	li	a0, 0x0
   1a810: 82 80        	ret

000000000001a812 <_vfiprintf_r>:
   1a812: 05 71        	addi	sp, sp, -0x1e0
   1a814: 52 fb        	sd	s4, 0x1b0(sp)
   1a816: 5e ef        	sd	s7, 0x198(sp)
   1a818: ee fe        	sd	s11, 0x178(sp)
   1a81a: 86 ef        	sd	ra, 0x1d8(sp)
   1a81c: 36 e8        	sd	a3, 0x10(sp)
   1a81e: aa 8b        	mv	s7, a0
   1a820: 2e 8a        	mv	s4, a1
   1a822: b2 8d        	mv	s11, a2
   1a824: 01 c5        	beqz	a0, 0x1a82c <_vfiprintf_r+0x1a>
   1a826: 3c 49        	lw	a5, 0x50(a0)
   1a828: 63 80 07 30  	beqz	a5, 0x1ab28 <_vfiprintf_r+0x316>
   1a82c: 03 27 0a 0b  	lw	a4, 0xb0(s4)
   1a830: 83 17 0a 01  	lh	a5, 0x10(s4)
   1a834: 05 8b        	andi	a4, a4, 0x1
   1a836: 09 e7        	bnez	a4, 0x1a840 <_vfiprintf_r+0x2e>
   1a838: 13 f7 07 20  	andi	a4, a5, 0x200
   1a83c: e3 01 07 36  	beqz	a4, 0x1b39e <_vfiprintf_r+0xb8c>
   1a840: 13 97 27 03  	slli	a4, a5, 0x32
   1a844: 09 66        	lui	a2, 0x2
   1a846: 63 4c 07 00  	bltz	a4, 0x1a85e <_vfiprintf_r+0x4c>
   1a84a: 03 27 0a 0b  	lw	a4, 0xb0(s4)
   1a84e: f9 76        	lui	a3, 0xffffe
   1a850: fd 16        	addi	a3, a3, -0x1
   1a852: d1 8f        	or	a5, a5, a2
   1a854: 75 8f        	and	a4, a4, a3
   1a856: 23 18 fa 00  	sh	a5, 0x10(s4)
   1a85a: 23 28 ea 0a  	sw	a4, 0xb0(s4)
   1a85e: 13 f7 87 00  	andi	a4, a5, 0x8
   1a862: 63 05 07 24  	beqz	a4, 0x1aaac <_vfiprintf_r+0x29a>
   1a866: 03 37 8a 01  	ld	a4, 0x18(s4)
   1a86a: 63 01 07 24  	beqz	a4, 0x1aaac <_vfiprintf_r+0x29a>
   1a86e: 13 f7 a7 01  	andi	a4, a5, 0x1a
   1a872: a9 46        	li	a3, 0xa
   1a874: 63 09 d7 24  	beq	a4, a3, 0x1aac6 <_vfiprintf_r+0x2b4>
   1a878: 56 f7        	sd	s5, 0x1a8(sp)
   1a87a: 93 0a 01 0f  	addi	s5, sp, 0xf0
   1a87e: a2 eb        	sd	s0, 0x1d0(sp)
   1a880: 4e ff        	sd	s3, 0x1b8(sp)
   1a882: 5a f3        	sd	s6, 0x1a0(sp)
   1a884: 62 eb        	sd	s8, 0x190(sp)
   1a886: 66 e7        	sd	s9, 0x188(sp)
   1a888: 6a e3        	sd	s10, 0x180(sp)
   1a88a: a6 e7        	sd	s1, 0x1c8(sp)
   1a88c: ca e3        	sd	s2, 0x1c0(sp)
   1a88e: 02 e1        	sd	zero, 0x80(sp)
   1a890: 82 dc        	sw	zero, 0x78(sp)
   1a892: d6 f8        	sd	s5, 0x70(sp)
   1a894: 56 84        	mv	s0, s5
   1a896: 02 fc        	sd	zero, 0x38(sp)
   1a898: 02 f8        	sd	zero, 0x30(sp)
   1a89a: 82 e0        	sd	zero, 0x40(sp)
   1a89c: 02 e4        	sd	zero, 0x8(sp)
   1a89e: 13 0d 50 02  	li	s10, 0x25
   1a8a2: 1d 4b        	li	s6, 0x7
   1a8a4: 97 5c 00 00  	auipc	s9, 0x5
   1a8a8: 93 8c cc f8  	addi	s9, s9, -0x74
   1a8ac: c1 49        	li	s3, 0x10
   1a8ae: 6e 8c        	mv	s8, s11
   1a8b0: 83 47 0c 00  	lbu	a5, 0x0(s8)
   1a8b4: 63 88 07 1a  	beqz	a5, 0x1aa64 <_vfiprintf_r+0x252>
   1a8b8: e2 84        	mv	s1, s8
   1a8ba: 63 8d a7 23  	beq	a5, s10, 0x1aaf4 <_vfiprintf_r+0x2e2>
   1a8be: 83 c7 14 00  	lbu	a5, 0x1(s1)
   1a8c2: 85 04        	addi	s1, s1, 0x1
   1a8c4: fd fb        	bnez	a5, 0x1a8ba <_vfiprintf_r+0xa8>
   1a8c6: bb 8d 84 41  	subw	s11, s1, s8
   1a8ca: 63 8d 0d 18  	beqz	s11, 0x1aa64 <_vfiprintf_r+0x252>
   1a8ce: 8a 66        	ld	a3, 0x80(sp)
   1a8d0: e6 57        	lw	a5, 0x78(sp)
   1a8d2: 23 30 84 01  	sd	s8, 0x0(s0)
   1a8d6: 33 87 dd 00  	add	a4, s11, a3
   1a8da: 85 27        	addiw	a5, a5, 0x1
   1a8dc: 23 34 b4 01  	sd	s11, 0x8(s0)
   1a8e0: 3a e1        	sd	a4, 0x80(sp)
   1a8e2: be dc        	sw	a5, 0x78(sp)
   1a8e4: 41 04        	addi	s0, s0, 0x10
   1a8e6: 63 5c fb 00  	bge	s6, a5, 0x1a8fe <_vfiprintf_r+0xec>
   1a8ea: e3 06 07 22  	beqz	a4, 0x1b316 <_vfiprintf_r+0xb04>
   1a8ee: 90 18        	addi	a2, sp, 0x70
   1a8f0: d2 85        	mv	a1, s4
   1a8f2: 5e 85        	mv	a0, s7
   1a8f4: ef f0 ff e4  	jal	0x1a742 <__sprint_r.part.0>
   1a8f8: 63 1a 05 16  	bnez	a0, 0x1aa6c <_vfiprintf_r+0x25a>
   1a8fc: 56 84        	mv	s0, s5
   1a8fe: 22 67        	ld	a4, 0x8(sp)
   1a900: 83 c7 04 00  	lbu	a5, 0x0(s1)
   1a904: 3b 07 b7 01  	addw	a4, a4, s11
   1a908: 3a e4        	sd	a4, 0x8(sp)
   1a90a: 63 8d 07 14  	beqz	a5, 0x1aa64 <_vfiprintf_r+0x252>
   1a90e: 01 48        	li	a6, 0x0
   1a910: 83 c7 14 00  	lbu	a5, 0x1(s1)
   1a914: 13 8c 14 00  	addi	s8, s1, 0x1
   1a918: a3 03 01 06  	sb	zero, 0x67(sp)
   1a91c: fd 54        	li	s1, -0x1
   1a91e: 81 46        	li	a3, 0x0
   1a920: 93 0d a0 05  	li	s11, 0x5a
   1a924: 42 89        	mv	s2, a6
   1a926: 05 0c        	addi	s8, s8, 0x1
   1a928: 1b 87 07 fe  	addiw	a4, a5, -0x20
   1a92c: 63 e3 ed 04  	bltu	s11, a4, 0x1a972 <_vfiprintf_r+0x160>
   1a930: 13 16 07 02  	slli	a2, a4, 0x20
   1a934: 13 57 e6 01  	srli	a4, a2, 0x1e
   1a938: 66 97        	add	a4, a4, s9
   1a93a: 18 43        	lw	a4, 0x0(a4)
   1a93c: 66 97        	add	a4, a4, s9
   1a93e: 02 87        	jr	a4
   1a940: 01 49        	li	s2, 0x0
   1a942: a5 45        	li	a1, 0x9
   1a944: 03 46 0c 00  	lbu	a2, 0x0(s8)
   1a948: 1b 17 29 00  	slliw	a4, s2, 0x2
   1a94c: 3b 08 27 01  	addw	a6, a4, s2
   1a950: 9b 87 07 fd  	addiw	a5, a5, -0x30
   1a954: 1b 18 18 00  	slliw	a6, a6, 0x1
   1a958: 1b 07 06 fd  	addiw	a4, a2, -0x30
   1a95c: 05 0c        	addi	s8, s8, 0x1
   1a95e: 3b 89 07 01  	addw	s2, a5, a6
   1a962: 9b 07 06 00  	sext.w	a5, a2
   1a966: e3 ff e5 fc  	bgeu	a1, a4, 0x1a944 <_vfiprintf_r+0x132>
   1a96a: 1b 87 07 fe  	addiw	a4, a5, -0x20
   1a96e: e3 f1 ed fc  	bgeu	s11, a4, 0x1a930 <_vfiprintf_r+0x11e>
   1a972: 4a 88        	mv	a6, s2
   1a974: e5 cb        	beqz	a5, 0x1aa64 <_vfiprintf_r+0x252>
   1a976: 05 4e        	li	t3, 0x1
   1a978: 23 04 f1 08  	sb	a5, 0x88(sp)
   1a97c: a3 03 01 06  	sb	zero, 0x67(sp)
   1a980: 72 89        	mv	s2, t3
   1a982: 81 44        	li	s1, 0x0
   1a984: 93 0d 81 08  	addi	s11, sp, 0x88
   1a988: 93 f3 46 08  	andi	t2, a3, 0x84
   1a98c: 63 8d 03 20  	beqz	t2, 0x1aba6 <_vfiprintf_r+0x394>
   1a990: 66 56        	lw	a2, 0x78(sp)
   1a992: 83 45 71 06  	lbu	a1, 0x67(sp)
   1a996: 8a 67        	ld	a5, 0x80(sp)
   1a998: 9b 0e 16 00  	addiw	t4, a2, 0x1
   1a99c: 9e 88        	mv	a7, t2
   1a99e: b9 cd        	beqz	a1, 0x1a9fc <_vfiprintf_r+0x1ea>
   1a9a0: 81 43        	li	t2, 0x0
   1a9a2: 85 07        	addi	a5, a5, 0x1
   1a9a4: 93 05 71 06  	addi	a1, sp, 0x67
   1a9a8: 05 46        	li	a2, 0x1
   1a9aa: 3e e1        	sd	a5, 0x80(sp)
   1a9ac: f6 dc        	sw	t4, 0x78(sp)
   1a9ae: 0c e0        	sd	a1, 0x0(s0)
   1a9b0: 10 e4        	sd	a2, 0x8(s0)
   1a9b2: 63 47 db 79  	blt	s6, t4, 0x1b140 <_vfiprintf_r+0x92e>
   1a9b6: 76 86        	mv	a2, t4
   1a9b8: 41 04        	addi	s0, s0, 0x10
   1a9ba: 85 2e        	addiw	t4, t4, 0x1
   1a9bc: 63 80 03 04  	beqz	t2, 0x1a9fc <_vfiprintf_r+0x1ea>
   1a9c0: 89 07        	addi	a5, a5, 0x2
   1a9c2: ac 10        	addi	a1, sp, 0x68
   1a9c4: 09 46        	li	a2, 0x2
   1a9c6: 3e e1        	sd	a5, 0x80(sp)
   1a9c8: f6 dc        	sw	t4, 0x78(sp)
   1a9ca: 0c e0        	sd	a1, 0x0(s0)
   1a9cc: 10 e4        	sd	a2, 0x8(s0)
   1a9ce: 63 55 db 21  	bge	s6, t4, 0x1abd8 <_vfiprintf_r+0x3c6>
   1a9d2: e3 85 07 14  	beqz	a5, 0x1b31c <_vfiprintf_r+0xb0a>
   1a9d6: 90 18        	addi	a2, sp, 0x70
   1a9d8: d2 85        	mv	a1, s4
   1a9da: 5e 85        	mv	a0, s7
   1a9dc: f2 e4        	sd	t3, 0x48(sp)
   1a9de: 36 f4        	sd	a3, 0x28(sp)
   1a9e0: 46 f0        	sd	a7, 0x20(sp)
   1a9e2: 42 ec        	sd	a6, 0x18(sp)
   1a9e4: ef f0 ff d5  	jal	0x1a742 <__sprint_r.part.0>
   1a9e8: 51 e1        	bnez	a0, 0x1aa6c <_vfiprintf_r+0x25a>
   1a9ea: 66 56        	lw	a2, 0x78(sp)
   1a9ec: 8a 67        	ld	a5, 0x80(sp)
   1a9ee: 62 68        	ld	a6, 0x18(sp)
   1a9f0: 82 78        	ld	a7, 0x20(sp)
   1a9f2: a2 76        	ld	a3, 0x28(sp)
   1a9f4: 26 6e        	ld	t3, 0x48(sp)
   1a9f6: 56 84        	mv	s0, s5
   1a9f8: 9b 0e 16 00  	addiw	t4, a2, 0x1
   1a9fc: 93 05 00 08  	li	a1, 0x80
   1aa00: 63 83 b8 1e  	beq	a7, a1, 0x1abe6 <_vfiprintf_r+0x3d4>
   1aa04: bb 84 c4 41  	subw	s1, s1, t3
   1aa08: 63 42 90 2a  	bgtz	s1, 0x1acac <_vfiprintf_r+0x49a>
   1aa0c: f2 97        	add	a5, a5, t3
   1aa0e: 3e e1        	sd	a5, 0x80(sp)
   1aa10: 23 30 b4 01  	sd	s11, 0x0(s0)
   1aa14: 23 34 c4 01  	sd	t3, 0x8(s0)
   1aa18: f6 dc        	sw	t4, 0x78(sp)
   1aa1a: 63 5b db 0f  	bge	s6, t4, 0x1ab10 <_vfiprintf_r+0x2fe>
   1aa1e: 63 8e 07 7e  	beqz	a5, 0x1b21a <_vfiprintf_r+0xa08>
   1aa22: 90 18        	addi	a2, sp, 0x70
   1aa24: d2 85        	mv	a1, s4
   1aa26: 5e 85        	mv	a0, s7
   1aa28: 36 f0        	sd	a3, 0x20(sp)
   1aa2a: 42 ec        	sd	a6, 0x18(sp)
   1aa2c: ef f0 7f d1  	jal	0x1a742 <__sprint_r.part.0>
   1aa30: 15 ed        	bnez	a0, 0x1aa6c <_vfiprintf_r+0x25a>
   1aa32: 8a 67        	ld	a5, 0x80(sp)
   1aa34: 82 76        	ld	a3, 0x20(sp)
   1aa36: 62 68        	ld	a6, 0x18(sp)
   1aa38: 56 84        	mv	s0, s5
   1aa3a: 91 8a        	andi	a3, a3, 0x4
   1aa3c: 89 c6        	beqz	a3, 0x1aa46 <_vfiprintf_r+0x234>
   1aa3e: bb 04 28 41  	subw	s1, a6, s2
   1aa42: 63 44 90 7e  	bgtz	s1, 0x1b22a <_vfiprintf_r+0xa18>
   1aa46: c2 86        	mv	a3, a6
   1aa48: 63 53 28 01  	bge	a6, s2, 0x1aa4e <_vfiprintf_r+0x23c>
   1aa4c: ca 86        	mv	a3, s2
   1aa4e: 22 67        	ld	a4, 0x8(sp)
   1aa50: 35 9f        	addw	a4, a4, a3
   1aa52: 3a e4        	sd	a4, 0x8(sp)
   1aa54: 63 9a 07 6c  	bnez	a5, 0x1b128 <_vfiprintf_r+0x916>
   1aa58: 83 47 0c 00  	lbu	a5, 0x0(s8)
   1aa5c: 82 dc        	sw	zero, 0x78(sp)
   1aa5e: 56 84        	mv	s0, s5
   1aa60: e3 9c 07 e4  	bnez	a5, 0x1a8b8 <_vfiprintf_r+0xa6>
   1aa64: 8a 67        	ld	a5, 0x80(sp)
   1aa66: e3 98 07 4c  	bnez	a5, 0x1b736 <_vfiprintf_r+0xf24>
   1aa6a: 82 dc        	sw	zero, 0x78(sp)
   1aa6c: 03 27 0a 0b  	lw	a4, 0xb0(s4)
   1aa70: 83 17 0a 01  	lh	a5, 0x10(s4)
   1aa74: 05 8b        	andi	a4, a4, 0x1
   1aa76: 59 cf        	beqz	a4, 0x1ab14 <_vfiprintf_r+0x302>
   1aa78: 93 f7 07 04  	andi	a5, a5, 0x40
   1aa7c: 5e 64        	ld	s0, 0x1d0(sp)
   1aa7e: be 64        	ld	s1, 0x1c8(sp)
   1aa80: 1e 69        	ld	s2, 0x1c0(sp)
   1aa82: fa 79        	ld	s3, 0x1b8(sp)
   1aa84: ba 7a        	ld	s5, 0x1a8(sp)
   1aa86: 1a 7b        	ld	s6, 0x1a0(sp)
   1aa88: 5a 6c        	ld	s8, 0x190(sp)
   1aa8a: ba 6c        	ld	s9, 0x188(sp)
   1aa8c: 1a 6d        	ld	s10, 0x180(sp)
   1aa8e: e3 98 07 52  	bnez	a5, 0x1b7be <_vfiprintf_r+0xfac>
   1aa92: fe 60        	ld	ra, 0x1d8(sp)
   1aa94: 22 65        	ld	a0, 0x8(sp)
   1aa96: 5a 7a        	ld	s4, 0x1b0(sp)
   1aa98: fa 6b        	ld	s7, 0x198(sp)
   1aa9a: f6 7d        	ld	s11, 0x178(sp)
   1aa9c: 3d 61        	addi	sp, sp, 0x1e0
   1aa9e: 82 80        	ret
   1aaa0: 93 e6 06 01  	ori	a3, a3, 0x10
   1aaa4: 83 47 0c 00  	lbu	a5, 0x0(s8)
   1aaa8: 81 26        	sext.w	a3, a3
   1aaaa: b5 bd        	j	0x1a926 <_vfiprintf_r+0x114>
   1aaac: d2 85        	mv	a1, s4
   1aaae: 5e 85        	mv	a0, s7
   1aab0: ef 80 af fb  	jal	0x1326a <__swsetup_r>
   1aab4: e3 11 05 50  	bnez	a0, 0x1b7b6 <_vfiprintf_r+0xfa4>
   1aab8: 83 17 0a 01  	lh	a5, 0x10(s4)
   1aabc: a9 46        	li	a3, 0xa
   1aabe: 13 f7 a7 01  	andi	a4, a5, 0x1a
   1aac2: e3 1b d7 da  	bne	a4, a3, 0x1a878 <_vfiprintf_r+0x66>
   1aac6: 03 17 2a 01  	lh	a4, 0x12(s4)
   1aaca: e3 47 07 da  	bltz	a4, 0x1a878 <_vfiprintf_r+0x66>
   1aace: 03 27 0a 0b  	lw	a4, 0xb0(s4)
   1aad2: 05 8b        	andi	a4, a4, 0x1
   1aad4: 09 e7        	bnez	a4, 0x1aade <_vfiprintf_r+0x2cc>
   1aad6: 93 f7 07 20  	andi	a5, a5, 0x200
   1aada: e3 88 07 46  	beqz	a5, 0x1b74a <_vfiprintf_r+0xf38>
   1aade: c2 66        	ld	a3, 0x10(sp)
   1aae0: fe 60        	ld	ra, 0x1d8(sp)
   1aae2: 6e 86        	mv	a2, s11
   1aae4: d2 85        	mv	a1, s4
   1aae6: f6 7d        	ld	s11, 0x178(sp)
   1aae8: 5a 7a        	ld	s4, 0x1b0(sp)
   1aaea: 5e 85        	mv	a0, s7
   1aaec: fa 6b        	ld	s7, 0x198(sp)
   1aaee: 3d 61        	addi	sp, sp, 0x1e0
   1aaf0: 6f 00 d0 50  	j	0x1b7fc <__sbprintf>
   1aaf4: bb 8d 84 41  	subw	s11, s1, s8
   1aaf8: e3 9b 0d dc  	bnez	s11, 0x1a8ce <_vfiprintf_r+0xbc>
   1aafc: 83 c7 04 00  	lbu	a5, 0x0(s1)
   1ab00: 29 b5        	j	0x1a90a <_vfiprintf_r+0xf8>
   1ab02: 05 46        	li	a2, 0x1
   1ab04: f2 87        	mv	a5, t3
   1ab06: f2 fd        	sd	t3, 0xf8(sp)
   1ab08: 72 e1        	sd	t3, 0x80(sp)
   1ab0a: ee f9        	sd	s11, 0xf0(sp)
   1ab0c: b2 dc        	sw	a2, 0x78(sp)
   1ab0e: 56 84        	mv	s0, s5
   1ab10: 41 04        	addi	s0, s0, 0x10
   1ab12: 25 b7        	j	0x1aa3a <_vfiprintf_r+0x228>
   1ab14: 13 f7 07 20  	andi	a4, a5, 0x200
   1ab18: 25 f3        	bnez	a4, 0x1aa78 <_vfiprintf_r+0x266>
   1ab1a: 03 35 0a 0a  	ld	a0, 0xa0(s4)
   1ab1e: ef b0 df a8  	jal	0x165aa <__retarget_lock_release_recursive>
   1ab22: 83 17 0a 01  	lh	a5, 0x10(s4)
   1ab26: 89 bf        	j	0x1aa78 <_vfiprintf_r+0x266>
   1ab28: ef 80 df ca  	jal	0x137d4 <__sinit>
   1ab2c: 01 b3        	j	0x1a82c <_vfiprintf_r+0x1a>
   1ab2e: 42 67        	ld	a4, 0x10(sp)
   1ab30: 93 f7 06 02  	andi	a5, a3, 0x20
   1ab34: 4a 88        	mv	a6, s2
   1ab36: 13 06 87 00  	addi	a2, a4, 0x8
   1ab3a: 63 9e 07 26  	bnez	a5, 0x1adb6 <_vfiprintf_r+0x5a4>
   1ab3e: 93 f7 06 01  	andi	a5, a3, 0x10
   1ab42: e3 9c 07 48  	bnez	a5, 0x1b7da <_vfiprintf_r+0xfc8>
   1ab46: c2 67        	ld	a5, 0x10(sp)
   1ab48: 93 f5 06 04  	andi	a1, a3, 0x40
   1ab4c: 9c 43        	lw	a5, 0x0(a5)
   1ab4e: e3 81 05 2c  	beqz	a1, 0x1b610 <_vfiprintf_r+0xdfe>
   1ab52: 9b 97 07 01  	slliw	a5, a5, 0x10
   1ab56: 9b d7 07 41  	sraiw	a5, a5, 0x10
   1ab5a: 32 e8        	sd	a2, 0x10(sp)
   1ab5c: be 85        	mv	a1, a5
   1ab5e: 63 c2 05 26  	bltz	a1, 0x1adc2 <_vfiprintf_r+0x5b0>
   1ab62: 63 c7 04 00  	bltz	s1, 0x1ab70 <_vfiprintf_r+0x35e>
   1ab66: 93 f6 f6 f7  	andi	a3, a3, -0x81
   1ab6a: 81 26        	sext.w	a3, a3
   1ab6c: e3 88 07 0e  	beqz	a5, 0x1b45c <_vfiprintf_r+0xc4a>
   1ab70: 25 43        	li	t1, 0x9
   1ab72: 63 66 f3 26  	bltu	t1, a5, 0x1adde <_vfiprintf_r+0x5cc>
   1ab76: 9b 87 07 03  	addiw	a5, a5, 0x30
   1ab7a: 93 f7 f7 0f  	andi	a5, a5, 0xff
   1ab7e: a3 05 f1 0e  	sb	a5, 0xeb(sp)
   1ab82: a6 87        	mv	a5, s1
   1ab84: 63 43 90 00  	bgtz	s1, 0x1ab8a <_vfiprintf_r+0x378>
   1ab88: 85 47        	li	a5, 0x1
   1ab8a: 03 46 71 06  	lbu	a2, 0x67(sp)
   1ab8e: 1b 89 07 00  	sext.w	s2, a5
   1ab92: 19 c2        	beqz	a2, 0x1ab98 <_vfiprintf_r+0x386>
   1ab94: 1b 89 17 00  	addiw	s2, a5, 0x1
   1ab98: 93 f3 46 08  	andi	t2, a3, 0x84
   1ab9c: 05 4e        	li	t3, 0x1
   1ab9e: 93 0d b1 0e  	addi	s11, sp, 0xeb
   1aba2: e3 97 03 de  	bnez	t2, 0x1a990 <_vfiprintf_r+0x17e>
   1aba6: 66 56        	lw	a2, 0x78(sp)
   1aba8: bb 08 28 41  	subw	a7, a6, s2
   1abac: 8a 67        	ld	a5, 0x80(sp)
   1abae: 9b 05 16 00  	addiw	a1, a2, 0x1
   1abb2: ae 8e        	mv	t4, a1
   1abb4: 63 42 10 5d  	bgtz	a7, 0x1b178 <_vfiprintf_r+0x966>
   1abb8: 83 45 71 06  	lbu	a1, 0x67(sp)
   1abbc: 63 9b 05 5a  	bnez	a1, 0x1b172 <_vfiprintf_r+0x960>
   1abc0: e3 82 03 e4  	beqz	t2, 0x1aa04 <_vfiprintf_r+0x1f2>
   1abc4: 89 07        	addi	a5, a5, 0x2
   1abc6: ac 10        	addi	a1, sp, 0x68
   1abc8: 09 46        	li	a2, 0x2
   1abca: 3e e1        	sd	a5, 0x80(sp)
   1abcc: f6 dc        	sw	t4, 0x78(sp)
   1abce: 0c e0        	sd	a1, 0x0(s0)
   1abd0: 10 e4        	sd	a2, 0x8(s0)
   1abd2: 81 48        	li	a7, 0x0
   1abd4: e3 4f db df  	blt	s6, t4, 0x1a9d2 <_vfiprintf_r+0x1c0>
   1abd8: 76 86        	mv	a2, t4
   1abda: 41 04        	addi	s0, s0, 0x10
   1abdc: 85 2e        	addiw	t4, t4, 0x1
   1abde: 93 05 00 08  	li	a1, 0x80
   1abe2: e3 91 b8 e2  	bne	a7, a1, 0x1aa04 <_vfiprintf_r+0x1f2>
   1abe6: 3b 0f 28 41  	subw	t5, a6, s2
   1abea: e3 5d e0 e1  	blez	t5, 0x1aa04 <_vfiprintf_r+0x1f2>
   1abee: c1 4f        	li	t6, 0x10
   1abf0: e3 d8 ef 39  	bge	t6, t5, 0x1b780 <_vfiprintf_r+0xf6e>
   1abf4: 97 58 00 00  	auipc	a7, 0x5
   1abf8: 93 88 c8 da  	addi	a7, a7, -0x254
   1abfc: 26 f0        	sd	s1, 0x20(sp)
   1abfe: 36 f4        	sd	a3, 0x28(sp)
   1ac00: fe 82        	mv	t0, t6
   1ac02: a2 86        	mv	a3, s0
   1ac04: 9d 4e        	li	t4, 0x7
   1ac06: 42 ec        	sd	a6, 0x18(sp)
   1ac08: 7a 84        	mv	s0, t5
   1ac0a: f2 e4        	sd	t3, 0x48(sp)
   1ac0c: c6 84        	mv	s1, a7
   1ac0e: 01 a8        	j	0x1ac1e <_vfiprintf_r+0x40c>
   1ac10: 1b 05 26 00  	addiw	a0, a2, 0x2
   1ac14: c1 06        	addi	a3, a3, 0x10
   1ac16: 3a 86        	mv	a2, a4
   1ac18: 41 34        	addiw	s0, s0, -0x10
   1ac1a: 63 d0 82 04  	bge	t0, s0, 0x1ac5a <_vfiprintf_r+0x448>
   1ac1e: c1 07        	addi	a5, a5, 0x10
   1ac20: 1b 07 16 00  	addiw	a4, a2, 0x1
   1ac24: 3e e1        	sd	a5, 0x80(sp)
   1ac26: 84 e2        	sd	s1, 0x0(a3)
   1ac28: 23 b4 f6 01  	sd	t6, 0x8(a3)
   1ac2c: ba dc        	sw	a4, 0x78(sp)
   1ac2e: e3 d1 ee fe  	bge	t4, a4, 0x1ac10 <_vfiprintf_r+0x3fe>
   1ac32: 63 83 07 50  	beqz	a5, 0x1b138 <_vfiprintf_r+0x926>
   1ac36: 90 18        	addi	a2, sp, 0x70
   1ac38: d2 85        	mv	a1, s4
   1ac3a: 5e 85        	mv	a0, s7
   1ac3c: ef f0 7f b0  	jal	0x1a742 <__sprint_r.part.0>
   1ac40: e3 16 05 e2  	bnez	a0, 0x1aa6c <_vfiprintf_r+0x25a>
   1ac44: 66 56        	lw	a2, 0x78(sp)
   1ac46: c1 42        	li	t0, 0x10
   1ac48: 41 34        	addiw	s0, s0, -0x10
   1ac4a: 8a 67        	ld	a5, 0x80(sp)
   1ac4c: d6 86        	mv	a3, s5
   1ac4e: 1b 05 16 00  	addiw	a0, a2, 0x1
   1ac52: 9d 4e        	li	t4, 0x7
   1ac54: 96 8f        	mv	t6, t0
   1ac56: e3 c4 82 fc  	blt	t0, s0, 0x1ac1e <_vfiprintf_r+0x40c>
   1ac5a: 22 8f        	mv	t5, s0
   1ac5c: a6 88        	mv	a7, s1
   1ac5e: 36 84        	mv	s0, a3
   1ac60: 62 68        	ld	a6, 0x18(sp)
   1ac62: a2 76        	ld	a3, 0x28(sp)
   1ac64: 26 6e        	ld	t3, 0x48(sp)
   1ac66: 82 74        	ld	s1, 0x20(sp)
   1ac68: fa 97        	add	a5, a5, t5
   1ac6a: 3e e1        	sd	a5, 0x80(sp)
   1ac6c: 23 30 14 01  	sd	a7, 0x0(s0)
   1ac70: 23 34 e4 01  	sd	t5, 0x8(s0)
   1ac74: aa dc        	sw	a0, 0x78(sp)
   1ac76: 1d 46        	li	a2, 0x7
   1ac78: 63 5b a6 72  	bge	a2, a0, 0x1b3ae <_vfiprintf_r+0xb9c>
   1ac7c: e3 81 07 26  	beqz	a5, 0x1b6de <_vfiprintf_r+0xecc>
   1ac80: 90 18        	addi	a2, sp, 0x70
   1ac82: d2 85        	mv	a1, s4
   1ac84: 5e 85        	mv	a0, s7
   1ac86: 72 f4        	sd	t3, 0x28(sp)
   1ac88: 36 f0        	sd	a3, 0x20(sp)
   1ac8a: 42 ec        	sd	a6, 0x18(sp)
   1ac8c: ef f0 7f ab  	jal	0x1a742 <__sprint_r.part.0>
   1ac90: e3 1e 05 dc  	bnez	a0, 0x1aa6c <_vfiprintf_r+0x25a>
   1ac94: 22 7e        	ld	t3, 0x28(sp)
   1ac96: 66 56        	lw	a2, 0x78(sp)
   1ac98: 8a 67        	ld	a5, 0x80(sp)
   1ac9a: bb 84 c4 41  	subw	s1, s1, t3
   1ac9e: 82 76        	ld	a3, 0x20(sp)
   1aca0: 62 68        	ld	a6, 0x18(sp)
   1aca2: 56 84        	mv	s0, s5
   1aca4: 9b 0e 16 00  	addiw	t4, a2, 0x1
   1aca8: e3 52 90 d6  	blez	s1, 0x1aa0c <_vfiprintf_r+0x1fa>
   1acac: 97 58 00 00  	auipc	a7, 0x5
   1acb0: 93 88 48 cf  	addi	a7, a7, -0x30c
   1acb4: 63 d1 99 06  	bge	s3, s1, 0x1ad16 <_vfiprintf_r+0x504>
   1acb8: 36 f0        	sd	a3, 0x20(sp)
   1acba: 42 ec        	sd	a6, 0x18(sp)
   1acbc: a2 86        	mv	a3, s0
   1acbe: 72 f4        	sd	t3, 0x28(sp)
   1acc0: 26 84        	mv	s0, s1
   1acc2: c6 84        	mv	s1, a7
   1acc4: 01 a8        	j	0x1acd4 <_vfiprintf_r+0x4c2>
   1acc6: 9b 0e 26 00  	addiw	t4, a2, 0x2
   1acca: c1 06        	addi	a3, a3, 0x10
   1accc: 3a 86        	mv	a2, a4
   1acce: 41 34        	addiw	s0, s0, -0x10
   1acd0: 63 dd 89 02  	bge	s3, s0, 0x1ad0a <_vfiprintf_r+0x4f8>
   1acd4: c1 07        	addi	a5, a5, 0x10
   1acd6: 1b 07 16 00  	addiw	a4, a2, 0x1
   1acda: 3e e1        	sd	a5, 0x80(sp)
   1acdc: 84 e2        	sd	s1, 0x0(a3)
   1acde: 23 b4 36 01  	sd	s3, 0x8(a3)
   1ace2: ba dc        	sw	a4, 0x78(sp)
   1ace4: e3 51 eb fe  	bge	s6, a4, 0x1acc6 <_vfiprintf_r+0x4b4>
   1ace8: 63 8c 07 42  	beqz	a5, 0x1b120 <_vfiprintf_r+0x90e>
   1acec: 90 18        	addi	a2, sp, 0x70
   1acee: d2 85        	mv	a1, s4
   1acf0: 5e 85        	mv	a0, s7
   1acf2: ef f0 1f a5  	jal	0x1a742 <__sprint_r.part.0>
   1acf6: e3 1b 05 d6  	bnez	a0, 0x1aa6c <_vfiprintf_r+0x25a>
   1acfa: 66 56        	lw	a2, 0x78(sp)
   1acfc: 41 34        	addiw	s0, s0, -0x10
   1acfe: 8a 67        	ld	a5, 0x80(sp)
   1ad00: d6 86        	mv	a3, s5
   1ad02: 9b 0e 16 00  	addiw	t4, a2, 0x1
   1ad06: e3 c7 89 fc  	blt	s3, s0, 0x1acd4 <_vfiprintf_r+0x4c2>
   1ad0a: a6 88        	mv	a7, s1
   1ad0c: 62 68        	ld	a6, 0x18(sp)
   1ad0e: a2 84        	mv	s1, s0
   1ad10: 22 7e        	ld	t3, 0x28(sp)
   1ad12: 36 84        	mv	s0, a3
   1ad14: 82 76        	ld	a3, 0x20(sp)
   1ad16: a6 97        	add	a5, a5, s1
   1ad18: 3e e1        	sd	a5, 0x80(sp)
   1ad1a: 23 30 14 01  	sd	a7, 0x0(s0)
   1ad1e: 04 e4        	sd	s1, 0x8(s0)
   1ad20: f6 dc        	sw	t4, 0x78(sp)
   1ad22: 63 45 db 5d  	blt	s6, t4, 0x1b2ec <_vfiprintf_r+0xada>
   1ad26: 41 04        	addi	s0, s0, 0x10
   1ad28: 85 2e        	addiw	t4, t4, 0x1
   1ad2a: cd b1        	j	0x1aa0c <_vfiprintf_r+0x1fa>
   1ad2c: c2 67        	ld	a5, 0x10(sp)
   1ad2e: a3 03 01 06  	sb	zero, 0x67(sp)
   1ad32: 4a 88        	mv	a6, s2
   1ad34: 83 bd 07 00  	ld	s11, 0x0(a5)
   1ad38: 13 87 87 00  	addi	a4, a5, 0x8
   1ad3c: e3 88 0d 08  	beqz	s11, 0x1b5cc <_vfiprintf_r+0xdba>
   1ad40: 36 f0        	sd	a3, 0x20(sp)
   1ad42: 4a ec        	sd	s2, 0x18(sp)
   1ad44: 3a e8        	sd	a4, 0x10(sp)
   1ad46: 63 c0 04 78  	bltz	s1, 0x1b4c6 <_vfiprintf_r+0xcb4>
   1ad4a: 26 86        	mv	a2, s1
   1ad4c: 81 45        	li	a1, 0x0
   1ad4e: 6e 85        	mv	a0, s11
   1ad50: ef c0 4f 84  	jal	0x16d94 <memchr>
   1ad54: 83 47 71 06  	lbu	a5, 0x67(sp)
   1ad58: 42 67        	ld	a4, 0x10(sp)
   1ad5a: 62 68        	ld	a6, 0x18(sp)
   1ad5c: 82 76        	ld	a3, 0x20(sp)
   1ad5e: e3 0c 05 1e  	beqz	a0, 0x1b756 <_vfiprintf_r+0xf44>
   1ad62: 3b 0e b5 41  	subw	t3, a0, s11
   1ad66: 72 86        	mv	a2, t3
   1ad68: 63 53 0e 00  	bgez	t3, 0x1ad6e <_vfiprintf_r+0x55c>
   1ad6c: 01 46        	li	a2, 0x0
   1ad6e: 32 89        	mv	s2, a2
   1ad70: 63 86 07 78  	beqz	a5, 0x1b4fc <_vfiprintf_r+0xcea>
   1ad74: 1b 09 16 00  	addiw	s2, a2, 0x1
   1ad78: 3a e8        	sd	a4, 0x10(sp)
   1ad7a: 81 44        	li	s1, 0x0
   1ad7c: 31 b1        	j	0x1a988 <_vfiprintf_r+0x176>
   1ad7e: 42 67        	ld	a4, 0x10(sp)
   1ad80: 05 4e        	li	t3, 0x1
   1ad82: 4a 88        	mv	a6, s2
   1ad84: 1c 43        	lw	a5, 0x0(a4)
   1ad86: a3 03 01 06  	sb	zero, 0x67(sp)
   1ad8a: 72 89        	mv	s2, t3
   1ad8c: 23 04 f1 08  	sb	a5, 0x88(sp)
   1ad90: 93 07 87 00  	addi	a5, a4, 0x8
   1ad94: 3e e8        	sd	a5, 0x10(sp)
   1ad96: 81 44        	li	s1, 0x0
   1ad98: 93 0d 81 08  	addi	s11, sp, 0x88
   1ad9c: f5 b6        	j	0x1a988 <_vfiprintf_r+0x176>
   1ad9e: 93 e7 06 01  	ori	a5, a3, 0x10
   1ada2: 93 f6 06 02  	andi	a3, a3, 0x20
   1ada6: 4a 88        	mv	a6, s2
   1ada8: 81 27        	sext.w	a5, a5
   1adaa: 63 87 06 64  	beqz	a3, 0x1b3f8 <_vfiprintf_r+0xbe6>
   1adae: be 86        	mv	a3, a5
   1adb0: c2 67        	ld	a5, 0x10(sp)
   1adb2: 13 86 87 00  	addi	a2, a5, 0x8
   1adb6: c2 67        	ld	a5, 0x10(sp)
   1adb8: 32 e8        	sd	a2, 0x10(sp)
   1adba: 8c 63        	ld	a1, 0x0(a5)
   1adbc: ae 87        	mv	a5, a1
   1adbe: e3 d2 05 da  	bgez	a1, 0x1ab62 <_vfiprintf_r+0x350>
   1adc2: 13 06 d0 02  	li	a2, 0x2d
   1adc6: a3 03 c1 06  	sb	a2, 0x67(sp)
   1adca: b3 07 f0 40  	neg	a5, a5
   1adce: e3 c1 04 da  	bltz	s1, 0x1ab70 <_vfiprintf_r+0x35e>
   1add2: 93 f6 f6 f7  	andi	a3, a3, -0x81
   1add6: 25 43        	li	t1, 0x9
   1add8: 81 26        	sext.w	a3, a3
   1adda: e3 7e f3 d8  	bgeu	t1, a5, 0x1ab76 <_vfiprintf_r+0x364>
   1adde: 37 d6 cc cc  	lui	a2, 0xccccd
   1ade2: 13 06 d6 cc  	addi	a2, a2, -0x333
   1ade6: 93 18 06 02  	slli	a7, a2, 0x20
   1adea: 13 0e c1 0e  	addi	t3, sp, 0xec
   1adee: e2 7e        	ld	t4, 0x38(sp)
   1adf0: b2 98        	add	a7, a7, a2
   1adf2: f2 85        	mv	a1, t3
   1adf4: 13 ff 06 40  	andi	t5, a3, 0x400
   1adf8: 01 45        	li	a0, 0x0
   1adfa: 13 09 f0 0f  	li	s2, 0xff
   1adfe: 01 a8        	j	0x1ae0e <_vfiprintf_r+0x5fc>
   1ae00: 3e 87        	mv	a4, a5
   1ae02: b3 b7 17 03  	mulhu	a5, a5, a7
   1ae06: ee 85        	mv	a1, s11
   1ae08: 8d 83        	srli	a5, a5, 0x3
   1ae0a: 63 7c e3 02  	bgeu	t1, a4, 0x1ae42 <_vfiprintf_r+0x630>
   1ae0e: 33 b6 17 03  	mulhu	a2, a5, a7
   1ae12: 05 25        	addiw	a0, a0, 0x1
   1ae14: 93 8d f5 ff  	addi	s11, a1, -0x1
   1ae18: 0d 82        	srli	a2, a2, 0x3
   1ae1a: 13 17 26 00  	slli	a4, a2, 0x2
   1ae1e: 32 97        	add	a4, a4, a2
   1ae20: 06 07        	slli	a4, a4, 0x1
   1ae22: 33 87 e7 40  	sub	a4, a5, a4
   1ae26: 1b 07 07 03  	addiw	a4, a4, 0x30
   1ae2a: a3 8f e5 fe  	sb	a4, -0x1(a1)
   1ae2e: e3 09 0f fc  	beqz	t5, 0x1ae00 <_vfiprintf_r+0x5ee>
   1ae32: 03 c7 0e 00  	lbu	a4, 0x0(t4)
   1ae36: e3 15 a7 fc  	bne	a4, a0, 0x1ae00 <_vfiprintf_r+0x5ee>
   1ae3a: e3 03 27 fd  	beq	a4, s2, 0x1ae00 <_vfiprintf_r+0x5ee>
   1ae3e: e3 67 f3 00  	bltu	t1, a5, 0x1b64c <_vfiprintf_r+0xe3a>
   1ae42: 76 fc        	sd	t4, 0x38(sp)
   1ae44: 3b 0e be 41  	subw	t3, t3, s11
   1ae48: a6 87        	mv	a5, s1
   1ae4a: 63 d3 c4 01  	bge	s1, t3, 0x1ae50 <_vfiprintf_r+0x63e>
   1ae4e: f2 87        	mv	a5, t3
   1ae50: 03 46 71 06  	lbu	a2, 0x67(sp)
   1ae54: 1b 89 07 00  	sext.w	s2, a5
   1ae58: e3 08 06 b2  	beqz	a2, 0x1a988 <_vfiprintf_r+0x176>
   1ae5c: 1b 89 17 00  	addiw	s2, a5, 0x1
   1ae60: 25 b6        	j	0x1a988 <_vfiprintf_r+0x176>
   1ae62: c2 67        	ld	a5, 0x10(sp)
   1ae64: 03 a9 07 00  	lw	s2, 0x0(a5)
   1ae68: a1 07        	addi	a5, a5, 0x8
   1ae6a: 63 56 09 50  	bgez	s2, 0x1b376 <_vfiprintf_r+0xb64>
   1ae6e: 3b 09 20 41  	negw	s2, s2
   1ae72: 3e e8        	sd	a5, 0x10(sp)
   1ae74: 93 e6 46 00  	ori	a3, a3, 0x4
   1ae78: 83 47 0c 00  	lbu	a5, 0x0(s8)
   1ae7c: 81 26        	sext.w	a3, a3
   1ae7e: 65 b4        	j	0x1a926 <_vfiprintf_r+0x114>
   1ae80: c2 67        	ld	a5, 0x10(sp)
   1ae82: 13 e6 06 01  	ori	a2, a3, 0x10
   1ae86: a3 03 01 06  	sb	zero, 0x67(sp)
   1ae8a: 93 85 87 00  	addi	a1, a5, 0x8
   1ae8e: 4a 88        	mv	a6, s2
   1ae90: 9c 63        	ld	a5, 0x0(a5)
   1ae92: 01 26        	sext.w	a2, a2
   1ae94: 63 ce 04 54  	bltz	s1, 0x1b3f0 <_vfiprintf_r+0xbde>
   1ae98: 13 76 f6 f7  	andi	a2, a2, -0x81
   1ae9c: 9b 06 06 00  	sext.w	a3, a2
   1aea0: 63 8f 07 16  	beqz	a5, 0x1b01e <_vfiprintf_r+0x80c>
   1aea4: 2e e8        	sd	a1, 0x10(sp)
   1aea6: e9 b1        	j	0x1ab70 <_vfiprintf_r+0x35e>
   1aea8: 93 07 b0 02  	li	a5, 0x2b
   1aeac: a3 03 f1 06  	sb	a5, 0x67(sp)
   1aeb0: 83 47 0c 00  	lbu	a5, 0x0(s8)
   1aeb4: 8d bc        	j	0x1a926 <_vfiprintf_r+0x114>
   1aeb6: 93 e6 06 08  	ori	a3, a3, 0x80
   1aeba: 83 47 0c 00  	lbu	a5, 0x0(s8)
   1aebe: 81 26        	sext.w	a3, a3
   1aec0: 9d b4        	j	0x1a926 <_vfiprintf_r+0x114>
   1aec2: 83 47 0c 00  	lbu	a5, 0x0(s8)
   1aec6: 13 07 a0 02  	li	a4, 0x2a
   1aeca: 13 05 1c 00  	addi	a0, s8, 0x1
   1aece: e3 87 e7 0c  	beq	a5, a4, 0x1b79c <_vfiprintf_r+0xf8a>
   1aed2: 1b 86 07 fd  	addiw	a2, a5, -0x30
   1aed6: a5 48        	li	a7, 0x9
   1aed8: 81 45        	li	a1, 0x0
   1aeda: 2a 8c        	mv	s8, a0
   1aedc: 81 44        	li	s1, 0x0
   1aede: e3 e5 c8 a4  	bltu	a7, a2, 0x1a928 <_vfiprintf_r+0x116>
   1aee2: 1b 97 25 00  	slliw	a4, a1, 0x2
   1aee6: 83 47 05 00  	lbu	a5, 0x0(a0)
   1aeea: 2d 9f        	addw	a4, a4, a1
   1aeec: 1b 17 17 00  	slliw	a4, a4, 0x1
   1aef0: bb 05 c7 00  	addw	a1, a4, a2
   1aef4: 1b 86 07 fd  	addiw	a2, a5, -0x30
   1aef8: 05 05        	addi	a0, a0, 0x1
   1aefa: e3 f4 c8 fe  	bgeu	a7, a2, 0x1aee2 <_vfiprintf_r+0x6d0>
   1aefe: ae 84        	mv	s1, a1
   1af00: 63 ca 05 54  	bltz	a1, 0x1b454 <_vfiprintf_r+0xc42>
   1af04: 2a 8c        	mv	s8, a0
   1af06: 0d b4        	j	0x1a928 <_vfiprintf_r+0x116>
   1af08: 5e 85        	mv	a0, s7
   1af0a: 36 ec        	sd	a3, 0x18(sp)
   1af0c: ef b0 cf e7  	jal	0x16588 <_localeconv_r>
   1af10: 1c 65        	ld	a5, 0x8(a0)
   1af12: 3e 85        	mv	a0, a5
   1af14: be e0        	sd	a5, 0x40(sp)
   1af16: ef 50 bf fc  	jal	0x10ee0 <strlen>
   1af1a: aa 87        	mv	a5, a0
   1af1c: 5e 85        	mv	a0, s7
   1af1e: 3e f8        	sd	a5, 0x30(sp)
   1af20: ef b0 8f e6  	jal	0x16588 <_localeconv_r>
   1af24: 10 69        	ld	a2, 0x10(a0)
   1af26: 42 77        	ld	a4, 0x30(sp)
   1af28: 83 47 0c 00  	lbu	a5, 0x0(s8)
   1af2c: 32 fc        	sd	a2, 0x38(sp)
   1af2e: e2 66        	ld	a3, 0x18(sp)
   1af30: e3 0b 07 9e  	beqz	a4, 0x1a926 <_vfiprintf_r+0x114>
   1af34: e3 09 06 9e  	beqz	a2, 0x1a926 <_vfiprintf_r+0x114>
   1af38: 03 47 06 00  	lbu	a4, 0x0(a2)
   1af3c: e3 05 07 9e  	beqz	a4, 0x1a926 <_vfiprintf_r+0x114>
   1af40: 93 e6 06 40  	ori	a3, a3, 0x400
   1af44: 81 26        	sext.w	a3, a3
   1af46: c5 b2        	j	0x1a926 <_vfiprintf_r+0x114>
   1af48: 93 e6 16 00  	ori	a3, a3, 0x1
   1af4c: 83 47 0c 00  	lbu	a5, 0x0(s8)
   1af50: 81 26        	sext.w	a3, a3
   1af52: d1 ba        	j	0x1a926 <_vfiprintf_r+0x114>
   1af54: 03 47 71 06  	lbu	a4, 0x67(sp)
   1af58: 83 47 0c 00  	lbu	a5, 0x0(s8)
   1af5c: e3 15 07 9c  	bnez	a4, 0x1a926 <_vfiprintf_r+0x114>
   1af60: 13 07 00 02  	li	a4, 0x20
   1af64: a3 03 e1 06  	sb	a4, 0x67(sp)
   1af68: 7d ba        	j	0x1a926 <_vfiprintf_r+0x114>
   1af6a: c2 67        	ld	a5, 0x10(sp)
   1af6c: 13 e3 06 01  	ori	t1, a3, 0x10
   1af70: 4a 88        	mv	a6, s2
   1af72: 01 23        	sext.w	t1, t1
   1af74: 13 86 87 00  	addi	a2, a5, 0x8
   1af78: c2 67        	ld	a5, 0x10(sp)
   1af7a: 9c 63        	ld	a5, 0x0(a5)
   1af7c: 32 e8        	sd	a2, 0x10(sp)
   1af7e: a3 03 01 06  	sb	zero, 0x67(sp)
   1af82: 63 ce 04 3a  	bltz	s1, 0x1b33e <_vfiprintf_r+0xb2c>
   1af86: 93 76 f3 b7  	andi	a3, t1, -0x481
   1af8a: 81 26        	sext.w	a3, a3
   1af8c: 63 8a 07 3e  	beqz	a5, 0x1b380 <_vfiprintf_r+0xb6e>
   1af90: 13 0e c1 0e  	addi	t3, sp, 0xec
   1af94: f2 8d        	mv	s11, t3
   1af96: 13 f6 77 00  	andi	a2, a5, 0x7
   1af9a: ee 85        	mv	a1, s11
   1af9c: 13 06 06 03  	addi	a2, a2, 0x30
   1afa0: 8d 83        	srli	a5, a5, 0x3
   1afa2: a3 8f cd fe  	sb	a2, -0x1(s11)
   1afa6: fd 1d        	addi	s11, s11, -0x1
   1afa8: fd f7        	bnez	a5, 0x1af96 <_vfiprintf_r+0x784>
   1afaa: 93 f7 16 00  	andi	a5, a3, 0x1
   1afae: 63 85 07 32  	beqz	a5, 0x1b2d8 <_vfiprintf_r+0xac6>
   1afb2: 93 07 00 03  	li	a5, 0x30
   1afb6: 63 01 f6 32  	beq	a2, a5, 0x1b2d8 <_vfiprintf_r+0xac6>
   1afba: f9 15        	addi	a1, a1, -0x2
   1afbc: 3b 0e be 40  	subw	t3, t3, a1
   1afc0: a3 8f fd fe  	sb	a5, -0x1(s11)
   1afc4: 26 83        	mv	t1, s1
   1afc6: 63 c1 c4 49  	blt	s1, t3, 0x1b448 <_vfiprintf_r+0xc36>
   1afca: 1b 09 03 00  	sext.w	s2, t1
   1afce: ae 8d        	mv	s11, a1
   1afd0: 65 ba        	j	0x1a988 <_vfiprintf_r+0x176>
   1afd2: 83 47 0c 00  	lbu	a5, 0x0(s8)
   1afd6: 13 07 80 06  	li	a4, 0x68
   1afda: 63 89 e7 5c  	beq	a5, a4, 0x1b5ac <_vfiprintf_r+0xd9a>
   1afde: 93 e6 06 04  	ori	a3, a3, 0x40
   1afe2: 81 26        	sext.w	a3, a3
   1afe4: 89 b2        	j	0x1a926 <_vfiprintf_r+0x114>
   1afe6: 93 f7 06 02  	andi	a5, a3, 0x20
   1afea: 4a 88        	mv	a6, s2
   1afec: 63 99 07 3e  	bnez	a5, 0x1b3de <_vfiprintf_r+0xbcc>
   1aff0: 93 f7 06 01  	andi	a5, a3, 0x10
   1aff4: 63 95 07 3e  	bnez	a5, 0x1b3de <_vfiprintf_r+0xbcc>
   1aff8: c2 67        	ld	a5, 0x10(sp)
   1affa: 13 f6 06 04  	andi	a2, a3, 0x40
   1affe: 93 85 87 00  	addi	a1, a5, 0x8
   1b002: 9c 43        	lw	a5, 0x0(a5)
   1b004: 63 01 06 62  	beqz	a2, 0x1b626 <_vfiprintf_r+0xe14>
   1b008: c2 17        	slli	a5, a5, 0x30
   1b00a: a3 03 01 06  	sb	zero, 0x67(sp)
   1b00e: c1 93        	srli	a5, a5, 0x30
   1b010: e3 ca 04 e8  	bltz	s1, 0x1aea4 <_vfiprintf_r+0x692>
   1b014: 93 f6 f6 f7  	andi	a3, a3, -0x81
   1b018: 81 26        	sext.w	a3, a3
   1b01a: e3 95 07 e8  	bnez	a5, 0x1aea4 <_vfiprintf_r+0x692>
   1b01e: 2e e8        	sd	a1, 0x10(sp)
   1b020: 63 80 04 58  	beqz	s1, 0x1b5a0 <_vfiprintf_r+0xd8e>
   1b024: 81 47        	li	a5, 0x0
   1b026: 81 be        	j	0x1ab76 <_vfiprintf_r+0x364>
   1b028: 93 e6 06 02  	ori	a3, a3, 0x20
   1b02c: 83 47 0c 00  	lbu	a5, 0x0(s8)
   1b030: 81 26        	sext.w	a3, a3
   1b032: d5 b8        	j	0x1a926 <_vfiprintf_r+0x114>
   1b034: a1 67        	lui	a5, 0x8
   1b036: 93 87 07 83  	addi	a5, a5, -0x7d0
   1b03a: 23 14 f1 06  	sh	a5, 0x68(sp)
   1b03e: c2 67        	ld	a5, 0x10(sp)
   1b040: a3 03 01 06  	sb	zero, 0x67(sp)
   1b044: 4a 88        	mv	a6, s2
   1b046: 90 63        	ld	a2, 0x0(a5)
   1b048: 13 85 87 00  	addi	a0, a5, 0x8
   1b04c: 63 c5 04 3c  	bltz	s1, 0x1b416 <_vfiprintf_r+0xc04>
   1b050: 93 f6 f6 f7  	andi	a3, a3, -0x81
   1b054: 81 26        	sext.w	a3, a3
   1b056: 93 e6 26 00  	ori	a3, a3, 0x2
   1b05a: 63 08 06 58  	beqz	a2, 0x1b5ea <_vfiprintf_r+0xdd8>
   1b05e: 93 77 f6 00  	andi	a5, a2, 0xf
   1b062: 97 45 00 00  	auipc	a1, 0x4
   1b066: 93 85 65 fd  	addi	a1, a1, -0x2a
   1b06a: ae 97        	add	a5, a5, a1
   1b06c: 83 c7 07 00  	lbu	a5, 0x0(a5)
   1b070: 2a e8        	sd	a0, 0x10(sp)
   1b072: 09 49        	li	s2, 0x2
   1b074: a3 05 f1 0e  	sb	a5, 0xeb(sp)
   1b078: 93 57 46 00  	srli	a5, a2, 0x4
   1b07c: 63 84 07 76  	beqz	a5, 0x1b7e4 <_vfiprintf_r+0xfd2>
   1b080: 93 0d b1 0e  	addi	s11, sp, 0xeb
   1b084: 13 f7 f7 00  	andi	a4, a5, 0xf
   1b088: 2e 97        	add	a4, a4, a1
   1b08a: 03 47 07 00  	lbu	a4, 0x0(a4)
   1b08e: 91 83        	srli	a5, a5, 0x4
   1b090: fd 1d        	addi	s11, s11, -0x1
   1b092: 23 80 ed 00  	sb	a4, 0x0(s11)
   1b096: fd f7        	bnez	a5, 0x1b084 <_vfiprintf_r+0x872>
   1b098: 13 0e c1 0e  	addi	t3, sp, 0xec
   1b09c: 3b 0e be 41  	subw	t3, t3, s11
   1b0a0: 9b 87 04 00  	sext.w	a5, s1
   1b0a4: 63 d3 c4 01  	bge	s1, t3, 0x1b0aa <_vfiprintf_r+0x898>
   1b0a8: f2 87        	mv	a5, t3
   1b0aa: 63 0a 09 72  	beqz	s2, 0x1b7de <_vfiprintf_r+0xfcc>
   1b0ae: 93 f8 46 08  	andi	a7, a3, 0x84
   1b0b2: 1b 89 27 00  	addiw	s2, a5, 0x2
   1b0b6: 63 87 08 44  	beqz	a7, 0x1b504 <_vfiprintf_r+0xcf2>
   1b0ba: e6 5e        	lw	t4, 0x78(sp)
   1b0bc: 8a 67        	ld	a5, 0x80(sp)
   1b0be: 85 2e        	addiw	t4, t4, 0x1
   1b0c0: 01 b2        	j	0x1a9c0 <_vfiprintf_r+0x1ae>
   1b0c2: 42 67        	ld	a4, 0x10(sp)
   1b0c4: 93 f7 06 02  	andi	a5, a3, 0x20
   1b0c8: 4a 88        	mv	a6, s2
   1b0ca: 13 06 87 00  	addi	a2, a4, 0x8
   1b0ce: 63 96 07 30  	bnez	a5, 0x1b3da <_vfiprintf_r+0xbc8>
   1b0d2: 93 f7 06 01  	andi	a5, a3, 0x10
   1b0d6: 63 92 07 30  	bnez	a5, 0x1b3da <_vfiprintf_r+0xbc8>
   1b0da: c2 67        	ld	a5, 0x10(sp)
   1b0dc: 93 f5 06 04  	andi	a1, a3, 0x40
   1b0e0: 9c 43        	lw	a5, 0x0(a5)
   1b0e2: 63 8d 05 54  	beqz	a1, 0x1b63c <_vfiprintf_r+0xe2a>
   1b0e6: c2 17        	slli	a5, a5, 0x30
   1b0e8: c1 93        	srli	a5, a5, 0x30
   1b0ea: 32 e8        	sd	a2, 0x10(sp)
   1b0ec: 36 83        	mv	t1, a3
   1b0ee: 41 bd        	j	0x1af7e <_vfiprintf_r+0x76c>
   1b0f0: 42 67        	ld	a4, 0x10(sp)
   1b0f2: 93 f7 06 02  	andi	a5, a3, 0x20
   1b0f6: 10 63        	ld	a2, 0x0(a4)
   1b0f8: 63 81 07 2c  	beqz	a5, 0x1b3ba <_vfiprintf_r+0xba8>
   1b0fc: a2 67        	ld	a5, 0x8(sp)
   1b0fe: 1c e2        	sd	a5, 0x0(a2)
   1b100: c2 67        	ld	a5, 0x10(sp)
   1b102: a1 07        	addi	a5, a5, 0x8
   1b104: 3e e8        	sd	a5, 0x10(sp)
   1b106: 6f f0 af fa  	j	0x1a8b0 <_vfiprintf_r+0x9e>
   1b10a: 83 47 0c 00  	lbu	a5, 0x0(s8)
   1b10e: 13 07 c0 06  	li	a4, 0x6c
   1b112: 63 85 e7 4a  	beq	a5, a4, 0x1b5bc <_vfiprintf_r+0xdaa>
   1b116: 93 e6 06 01  	ori	a3, a3, 0x10
   1b11a: 81 26        	sext.w	a3, a3
   1b11c: 6f f0 bf 80  	j	0x1a926 <_vfiprintf_r+0x114>
   1b120: 85 4e        	li	t4, 0x1
   1b122: 01 46        	li	a2, 0x0
   1b124: d6 86        	mv	a3, s5
   1b126: 65 b6        	j	0x1acce <_vfiprintf_r+0x4bc>
   1b128: 90 18        	addi	a2, sp, 0x70
   1b12a: d2 85        	mv	a1, s4
   1b12c: 5e 85        	mv	a0, s7
   1b12e: ef f0 4f e1  	jal	0x1a742 <__sprint_r.part.0>
   1b132: e3 03 05 92  	beqz	a0, 0x1aa58 <_vfiprintf_r+0x246>
   1b136: 1d ba        	j	0x1aa6c <_vfiprintf_r+0x25a>
   1b138: 05 45        	li	a0, 0x1
   1b13a: 01 46        	li	a2, 0x0
   1b13c: d6 86        	mv	a3, s5
   1b13e: e9 bc        	j	0x1ac18 <_vfiprintf_r+0x406>
   1b140: 63 83 07 1e  	beqz	a5, 0x1b326 <_vfiprintf_r+0xb14>
   1b144: 90 18        	addi	a2, sp, 0x70
   1b146: d2 85        	mv	a1, s4
   1b148: 5e 85        	mv	a0, s7
   1b14a: f2 e8        	sd	t3, 0x50(sp)
   1b14c: b6 e4        	sd	a3, 0x48(sp)
   1b14e: 46 f4        	sd	a7, 0x28(sp)
   1b150: 1e f0        	sd	t2, 0x20(sp)
   1b152: 42 ec        	sd	a6, 0x18(sp)
   1b154: ef f0 ef de  	jal	0x1a742 <__sprint_r.part.0>
   1b158: e3 1a 05 90  	bnez	a0, 0x1aa6c <_vfiprintf_r+0x25a>
   1b15c: 66 56        	lw	a2, 0x78(sp)
   1b15e: 8a 67        	ld	a5, 0x80(sp)
   1b160: 46 6e        	ld	t3, 0x50(sp)
   1b162: a6 66        	ld	a3, 0x48(sp)
   1b164: a2 78        	ld	a7, 0x28(sp)
   1b166: 82 73        	ld	t2, 0x20(sp)
   1b168: 62 68        	ld	a6, 0x18(sp)
   1b16a: 56 84        	mv	s0, s5
   1b16c: 9b 0e 16 00  	addiw	t4, a2, 0x1
   1b170: b1 b0        	j	0x1a9bc <_vfiprintf_r+0x1aa>
   1b172: 81 48        	li	a7, 0x0
   1b174: 6f f0 ff 82  	j	0x1a9a2 <_vfiprintf_r+0x190>
   1b178: 41 4f        	li	t5, 0x10
   1b17a: 63 56 1f 5f  	bge	t5, a7, 0x1b766 <_vfiprintf_r+0xf54>
   1b17e: 97 5e 00 00  	auipc	t4, 0x5
   1b182: 93 8e 2e 83  	addi	t4, t4, -0x7ce
   1b186: 26 f0        	sd	s1, 0x20(sp)
   1b188: 22 87        	mv	a4, s0
   1b18a: fa 82        	mv	t0, t5
   1b18c: 9d 4f        	li	t6, 0x7
   1b18e: 42 ec        	sd	a6, 0x18(sp)
   1b190: 1e f4        	sd	t2, 0x28(sp)
   1b192: 46 84        	mv	s0, a7
   1b194: b6 e4        	sd	a3, 0x48(sp)
   1b196: f2 e8        	sd	t3, 0x50(sp)
   1b198: f6 84        	mv	s1, t4
   1b19a: 11 a8        	j	0x1b1ae <_vfiprintf_r+0x99c>
   1b19c: 1b 05 26 00  	addiw	a0, a2, 0x2
   1b1a0: 41 07        	addi	a4, a4, 0x10
   1b1a2: 2e 86        	mv	a2, a1
   1b1a4: 41 34        	addiw	s0, s0, -0x10
   1b1a6: 63 df 82 02  	bge	t0, s0, 0x1b1e4 <_vfiprintf_r+0x9d2>
   1b1aa: 9b 05 16 00  	addiw	a1, a2, 0x1
   1b1ae: c1 07        	addi	a5, a5, 0x10
   1b1b0: 3e e1        	sd	a5, 0x80(sp)
   1b1b2: 04 e3        	sd	s1, 0x0(a4)
   1b1b4: 23 34 e7 01  	sd	t5, 0x8(a4)
   1b1b8: ae dc        	sw	a1, 0x78(sp)
   1b1ba: e3 d1 bf fe  	bge	t6, a1, 0x1b19c <_vfiprintf_r+0x98a>
   1b1be: b1 cb        	beqz	a5, 0x1b212 <_vfiprintf_r+0xa00>
   1b1c0: 90 18        	addi	a2, sp, 0x70
   1b1c2: d2 85        	mv	a1, s4
   1b1c4: 5e 85        	mv	a0, s7
   1b1c6: ef f0 cf d7  	jal	0x1a742 <__sprint_r.part.0>
   1b1ca: e3 11 05 8a  	bnez	a0, 0x1aa6c <_vfiprintf_r+0x25a>
   1b1ce: 66 56        	lw	a2, 0x78(sp)
   1b1d0: c1 42        	li	t0, 0x10
   1b1d2: 41 34        	addiw	s0, s0, -0x10
   1b1d4: 8a 67        	ld	a5, 0x80(sp)
   1b1d6: 56 87        	mv	a4, s5
   1b1d8: 1b 05 16 00  	addiw	a0, a2, 0x1
   1b1dc: 9d 4f        	li	t6, 0x7
   1b1de: 16 8f        	mv	t5, t0
   1b1e0: e3 c5 82 fc  	blt	t0, s0, 0x1b1aa <_vfiprintf_r+0x998>
   1b1e4: a6 8e        	mv	t4, s1
   1b1e6: 62 68        	ld	a6, 0x18(sp)
   1b1e8: a2 73        	ld	t2, 0x28(sp)
   1b1ea: a6 66        	ld	a3, 0x48(sp)
   1b1ec: 46 6e        	ld	t3, 0x50(sp)
   1b1ee: 82 74        	ld	s1, 0x20(sp)
   1b1f0: a2 88        	mv	a7, s0
   1b1f2: 3a 84        	mv	s0, a4
   1b1f4: c6 97        	add	a5, a5, a7
   1b1f6: 3e e1        	sd	a5, 0x80(sp)
   1b1f8: 23 30 d4 01  	sd	t4, 0x0(s0)
   1b1fc: 23 34 14 01  	sd	a7, 0x8(s0)
   1b200: aa dc        	sw	a0, 0x78(sp)
   1b202: 1d 46        	li	a2, 0x7
   1b204: 63 42 a6 14  	blt	a2, a0, 0x1b348 <_vfiprintf_r+0xb36>
   1b208: 41 04        	addi	s0, s0, 0x10
   1b20a: 9b 0e 15 00  	addiw	t4, a0, 0x1
   1b20e: 2a 86        	mv	a2, a0
   1b210: 65 b2        	j	0x1abb8 <_vfiprintf_r+0x3a6>
   1b212: 05 45        	li	a0, 0x1
   1b214: 01 46        	li	a2, 0x0
   1b216: 56 87        	mv	a4, s5
   1b218: 71 b7        	j	0x1b1a4 <_vfiprintf_r+0x992>
   1b21a: 82 dc        	sw	zero, 0x78(sp)
   1b21c: 91 8a        	andi	a3, a3, 0x4
   1b21e: c5 c6        	beqz	a3, 0x1b2c6 <_vfiprintf_r+0xab4>
   1b220: bb 04 28 41  	subw	s1, a6, s2
   1b224: 63 51 90 0a  	blez	s1, 0x1b2c6 <_vfiprintf_r+0xab4>
   1b228: 56 84        	mv	s0, s5
   1b22a: c1 4d        	li	s11, 0x10
   1b22c: 66 56        	lw	a2, 0x78(sp)
   1b22e: 63 d2 9d 54  	bge	s11, s1, 0x1b772 <_vfiprintf_r+0xf60>
   1b232: 97 4e 00 00  	auipc	t4, 0x4
   1b236: 93 8e ee 77  	addi	t4, t4, 0x77e
   1b23a: a2 86        	mv	a3, s0
   1b23c: 6e 8e        	mv	t3, s11
   1b23e: 9d 48        	li	a7, 0x7
   1b240: 42 ec        	sd	a6, 0x18(sp)
   1b242: 76 84        	mv	s0, t4
   1b244: 01 a8        	j	0x1b254 <_vfiprintf_r+0xa42>
   1b246: 9b 05 26 00  	addiw	a1, a2, 0x2
   1b24a: c1 06        	addi	a3, a3, 0x10
   1b24c: 3a 86        	mv	a2, a4
   1b24e: c1 34        	addiw	s1, s1, -0x10
   1b250: 63 5e 9e 02  	bge	t3, s1, 0x1b28c <_vfiprintf_r+0xa7a>
   1b254: c1 07        	addi	a5, a5, 0x10
   1b256: 1b 07 16 00  	addiw	a4, a2, 0x1
   1b25a: 3e e1        	sd	a5, 0x80(sp)
   1b25c: 80 e2        	sd	s0, 0x0(a3)
   1b25e: 23 b4 b6 01  	sd	s11, 0x8(a3)
   1b262: ba dc        	sw	a4, 0x78(sp)
   1b264: e3 d1 e8 fe  	bge	a7, a4, 0x1b246 <_vfiprintf_r+0xa34>
   1b268: b9 cb        	beqz	a5, 0x1b2be <_vfiprintf_r+0xaac>
   1b26a: 90 18        	addi	a2, sp, 0x70
   1b26c: d2 85        	mv	a1, s4
   1b26e: 5e 85        	mv	a0, s7
   1b270: ef f0 2f cd  	jal	0x1a742 <__sprint_r.part.0>
   1b274: 63 1c 05 fe  	bnez	a0, 0x1aa6c <_vfiprintf_r+0x25a>
   1b278: 66 56        	lw	a2, 0x78(sp)
   1b27a: 41 4e        	li	t3, 0x10
   1b27c: c1 34        	addiw	s1, s1, -0x10
   1b27e: 8a 67        	ld	a5, 0x80(sp)
   1b280: d6 86        	mv	a3, s5
   1b282: 9b 05 16 00  	addiw	a1, a2, 0x1
   1b286: 9d 48        	li	a7, 0x7
   1b288: e3 46 9e fc  	blt	t3, s1, 0x1b254 <_vfiprintf_r+0xa42>
   1b28c: 62 68        	ld	a6, 0x18(sp)
   1b28e: a2 8e        	mv	t4, s0
   1b290: 36 84        	mv	s0, a3
   1b292: a6 97        	add	a5, a5, s1
   1b294: 3e e1        	sd	a5, 0x80(sp)
   1b296: 23 30 d4 01  	sd	t4, 0x0(s0)
   1b29a: 04 e4        	sd	s1, 0x8(s0)
   1b29c: ae dc        	sw	a1, 0x78(sp)
   1b29e: 9d 46        	li	a3, 0x7
   1b2a0: 63 d3 b6 fa  	bge	a3, a1, 0x1aa46 <_vfiprintf_r+0x234>
   1b2a4: 8d c3        	beqz	a5, 0x1b2c6 <_vfiprintf_r+0xab4>
   1b2a6: 90 18        	addi	a2, sp, 0x70
   1b2a8: d2 85        	mv	a1, s4
   1b2aa: 5e 85        	mv	a0, s7
   1b2ac: 42 ec        	sd	a6, 0x18(sp)
   1b2ae: ef f0 4f c9  	jal	0x1a742 <__sprint_r.part.0>
   1b2b2: 63 1d 05 fa  	bnez	a0, 0x1aa6c <_vfiprintf_r+0x25a>
   1b2b6: 8a 67        	ld	a5, 0x80(sp)
   1b2b8: 62 68        	ld	a6, 0x18(sp)
   1b2ba: 6f f0 cf f8  	j	0x1aa46 <_vfiprintf_r+0x234>
   1b2be: 85 45        	li	a1, 0x1
   1b2c0: 01 46        	li	a2, 0x0
   1b2c2: d6 86        	mv	a3, s5
   1b2c4: 69 b7        	j	0x1b24e <_vfiprintf_r+0xa3c>
   1b2c6: c2 87        	mv	a5, a6
   1b2c8: 63 53 28 01  	bge	a6, s2, 0x1b2ce <_vfiprintf_r+0xabc>
   1b2cc: ca 87        	mv	a5, s2
   1b2ce: 22 67        	ld	a4, 0x8(sp)
   1b2d0: b9 9f        	addw	a5, a5, a4
   1b2d2: 3e e4        	sd	a5, 0x8(sp)
   1b2d4: 6f f0 4f f8  	j	0x1aa58 <_vfiprintf_r+0x246>
   1b2d8: 3b 0e be 41  	subw	t3, t3, s11
   1b2dc: 26 83        	mv	t1, s1
   1b2de: 63 d3 c4 01  	bge	s1, t3, 0x1b2e4 <_vfiprintf_r+0xad2>
   1b2e2: 72 83        	mv	t1, t3
   1b2e4: 1b 09 03 00  	sext.w	s2, t1
   1b2e8: 6f f0 0f ea  	j	0x1a988 <_vfiprintf_r+0x176>
   1b2ec: e3 8b 07 80  	beqz	a5, 0x1ab02 <_vfiprintf_r+0x2f0>
   1b2f0: 90 18        	addi	a2, sp, 0x70
   1b2f2: d2 85        	mv	a1, s4
   1b2f4: 5e 85        	mv	a0, s7
   1b2f6: 72 f4        	sd	t3, 0x28(sp)
   1b2f8: 36 f0        	sd	a3, 0x20(sp)
   1b2fa: 42 ec        	sd	a6, 0x18(sp)
   1b2fc: ef f0 6f c4  	jal	0x1a742 <__sprint_r.part.0>
   1b300: 63 16 05 f6  	bnez	a0, 0x1aa6c <_vfiprintf_r+0x25a>
   1b304: e6 5e        	lw	t4, 0x78(sp)
   1b306: 8a 67        	ld	a5, 0x80(sp)
   1b308: 22 7e        	ld	t3, 0x28(sp)
   1b30a: 82 76        	ld	a3, 0x20(sp)
   1b30c: 62 68        	ld	a6, 0x18(sp)
   1b30e: 56 84        	mv	s0, s5
   1b310: 85 2e        	addiw	t4, t4, 0x1
   1b312: 6f f0 af ef  	j	0x1aa0c <_vfiprintf_r+0x1fa>
   1b316: 82 dc        	sw	zero, 0x78(sp)
   1b318: 6f f0 4f de  	j	0x1a8fc <_vfiprintf_r+0xea>
   1b31c: 85 4e        	li	t4, 0x1
   1b31e: 01 46        	li	a2, 0x0
   1b320: 56 84        	mv	s0, s5
   1b322: 6f f0 af ed  	j	0x1a9fc <_vfiprintf_r+0x1ea>
   1b326: 63 83 03 0e  	beqz	t2, 0x1b40c <_vfiprintf_r+0xbfa>
   1b32a: b2 8e        	mv	t4, a2
   1b32c: ac 10        	addi	a1, sp, 0x68
   1b32e: 89 47        	li	a5, 0x2
   1b330: 56 84        	mv	s0, s5
   1b332: 76 86        	mv	a2, t4
   1b334: ae f9        	sd	a1, 0xf0(sp)
   1b336: be fd        	sd	a5, 0xf8(sp)
   1b338: 41 04        	addi	s0, s0, 0x10
   1b33a: 85 2e        	addiw	t4, t4, 0x1
   1b33c: 4d b0        	j	0x1abde <_vfiprintf_r+0x3cc>
   1b33e: 13 73 f3 bf  	andi	t1, t1, -0x401
   1b342: 9b 06 03 00  	sext.w	a3, t1
   1b346: a9 b1        	j	0x1af90 <_vfiprintf_r+0x77e>
   1b348: 63 85 07 1a  	beqz	a5, 0x1b4f2 <_vfiprintf_r+0xce0>
   1b34c: 90 18        	addi	a2, sp, 0x70
   1b34e: d2 85        	mv	a1, s4
   1b350: 5e 85        	mv	a0, s7
   1b352: f2 e4        	sd	t3, 0x48(sp)
   1b354: 36 f4        	sd	a3, 0x28(sp)
   1b356: 1e f0        	sd	t2, 0x20(sp)
   1b358: 42 ec        	sd	a6, 0x18(sp)
   1b35a: ef f0 8f be  	jal	0x1a742 <__sprint_r.part.0>
   1b35e: 63 17 05 f0  	bnez	a0, 0x1aa6c <_vfiprintf_r+0x25a>
   1b362: 66 56        	lw	a2, 0x78(sp)
   1b364: 8a 67        	ld	a5, 0x80(sp)
   1b366: 26 6e        	ld	t3, 0x48(sp)
   1b368: a2 76        	ld	a3, 0x28(sp)
   1b36a: 82 73        	ld	t2, 0x20(sp)
   1b36c: 62 68        	ld	a6, 0x18(sp)
   1b36e: 56 84        	mv	s0, s5
   1b370: 9b 0e 16 00  	addiw	t4, a2, 0x1
   1b374: 91 b0        	j	0x1abb8 <_vfiprintf_r+0x3a6>
   1b376: 3e e8        	sd	a5, 0x10(sp)
   1b378: 83 47 0c 00  	lbu	a5, 0x0(s8)
   1b37c: 6f f0 af da  	j	0x1a926 <_vfiprintf_r+0x114>
   1b380: e3 98 04 c0  	bnez	s1, 0x1af90 <_vfiprintf_r+0x77e>
   1b384: 13 79 13 00  	andi	s2, t1, 0x1
   1b388: 63 06 09 1c  	beqz	s2, 0x1b554 <_vfiprintf_r+0xd42>
   1b38c: 93 07 00 03  	li	a5, 0x30
   1b390: a3 05 f1 0e  	sb	a5, 0xeb(sp)
   1b394: 4a 8e        	mv	t3, s2
   1b396: 93 0d b1 0e  	addi	s11, sp, 0xeb
   1b39a: 6f f0 ef de  	j	0x1a988 <_vfiprintf_r+0x176>
   1b39e: 03 35 0a 0a  	ld	a0, 0xa0(s4)
   1b3a2: ef b0 cf 9f  	jal	0x1659e <__retarget_lock_acquire_recursive>
   1b3a6: 83 17 0a 01  	lh	a5, 0x10(s4)
   1b3aa: 6f f0 6f c9  	j	0x1a840 <_vfiprintf_r+0x2e>
   1b3ae: 41 04        	addi	s0, s0, 0x10
   1b3b0: 9b 0e 15 00  	addiw	t4, a0, 0x1
   1b3b4: 2a 86        	mv	a2, a0
   1b3b6: 6f f0 ef e4  	j	0x1aa04 <_vfiprintf_r+0x1f2>
   1b3ba: 93 f7 06 01  	andi	a5, a3, 0x10
   1b3be: e3 9f 07 d2  	bnez	a5, 0x1b0fc <_vfiprintf_r+0x8ea>
   1b3c2: 93 f7 06 04  	andi	a5, a3, 0x40
   1b3c6: 63 99 07 34  	bnez	a5, 0x1b718 <_vfiprintf_r+0xf06>
   1b3ca: 93 f6 06 20  	andi	a3, a3, 0x200
   1b3ce: a2 67        	ld	a5, 0x8(sp)
   1b3d0: 63 84 06 3c  	beqz	a3, 0x1b798 <_vfiprintf_r+0xf86>
   1b3d4: 23 00 f6 00  	sb	a5, 0x0(a2)
   1b3d8: 25 b3        	j	0x1b100 <_vfiprintf_r+0x8ee>
   1b3da: 36 83        	mv	t1, a3
   1b3dc: 71 be        	j	0x1af78 <_vfiprintf_r+0x766>
   1b3de: c2 67        	ld	a5, 0x10(sp)
   1b3e0: a3 03 01 06  	sb	zero, 0x67(sp)
   1b3e4: 36 86        	mv	a2, a3
   1b3e6: 93 85 87 00  	addi	a1, a5, 0x8
   1b3ea: 9c 63        	ld	a5, 0x0(a5)
   1b3ec: e3 d6 04 aa  	bgez	s1, 0x1ae98 <_vfiprintf_r+0x686>
   1b3f0: 2e e8        	sd	a1, 0x10(sp)
   1b3f2: b2 86        	mv	a3, a2
   1b3f4: 6f f0 cf f7  	j	0x1ab70 <_vfiprintf_r+0x35e>
   1b3f8: 42 67        	ld	a4, 0x10(sp)
   1b3fa: 13 06 87 00  	addi	a2, a4, 0x8
   1b3fe: 42 67        	ld	a4, 0x10(sp)
   1b400: be 86        	mv	a3, a5
   1b402: 32 e8        	sd	a2, 0x10(sp)
   1b404: 0c 63        	ld	a1, 0x0(a4)
   1b406: ae 87        	mv	a5, a1
   1b408: 6f f0 6f f5  	j	0x1ab5e <_vfiprintf_r+0x34c>
   1b40c: b2 8e        	mv	t4, a2
   1b40e: 56 84        	mv	s0, s5
   1b410: 01 46        	li	a2, 0x0
   1b412: 6f f0 af de  	j	0x1a9fc <_vfiprintf_r+0x1ea>
   1b416: 93 77 f6 00  	andi	a5, a2, 0xf
   1b41a: 97 45 00 00  	auipc	a1, 0x4
   1b41e: 93 85 e5 c1  	addi	a1, a1, -0x3e2
   1b422: ae 97        	add	a5, a5, a1
   1b424: 83 c8 07 00  	lbu	a7, 0x0(a5)
   1b428: 93 e6 26 00  	ori	a3, a3, 0x2
   1b42c: 93 57 46 00  	srli	a5, a2, 0x4
   1b430: a3 05 11 0f  	sb	a7, 0xeb(sp)
   1b434: 2a e8        	sd	a0, 0x10(sp)
   1b436: 81 26        	sext.w	a3, a3
   1b438: 09 49        	li	s2, 0x2
   1b43a: e3 93 07 c4  	bnez	a5, 0x1b080 <_vfiprintf_r+0x86e>
   1b43e: 85 47        	li	a5, 0x1
   1b440: 3e 8e        	mv	t3, a5
   1b442: 93 0d b1 0e  	addi	s11, sp, 0xeb
   1b446: a5 b1        	j	0x1b0ae <_vfiprintf_r+0x89c>
   1b448: 72 83        	mv	t1, t3
   1b44a: 1b 09 03 00  	sext.w	s2, t1
   1b44e: ae 8d        	mv	s11, a1
   1b450: 6f f0 8f d3  	j	0x1a988 <_vfiprintf_r+0x176>
   1b454: fd 54        	li	s1, -0x1
   1b456: 2a 8c        	mv	s8, a0
   1b458: 6f f0 0f cd  	j	0x1a928 <_vfiprintf_r+0x116>
   1b45c: 63 86 04 28  	beqz	s1, 0x1b6e8 <_vfiprintf_r+0xed6>
   1b460: 93 07 00 03  	li	a5, 0x30
   1b464: 6f f0 af f1  	j	0x1ab7e <_vfiprintf_r+0x36c>
   1b468: 4a 88        	mv	a6, s2
   1b46a: 97 45 00 00  	auipc	a1, 0x4
   1b46e: 93 85 65 be  	addi	a1, a1, -0x41a
   1b472: 42 67        	ld	a4, 0x10(sp)
   1b474: 13 f6 06 02  	andi	a2, a3, 0x20
   1b478: 13 05 87 00  	addi	a0, a4, 0x8
   1b47c: 09 e6        	bnez	a2, 0x1b486 <_vfiprintf_r+0xc74>
   1b47e: 13 f6 06 01  	andi	a2, a3, 0x10
   1b482: 71 ce        	beqz	a2, 0x1b55e <_vfiprintf_r+0xd4c>
   1b484: 42 67        	ld	a4, 0x10(sp)
   1b486: 10 63        	ld	a2, 0x0(a4)
   1b488: 13 f9 16 00  	andi	s2, a3, 0x1
   1b48c: 63 0f 09 06  	beqz	s2, 0x1b50a <_vfiprintf_r+0xcf8>
   1b490: 65 e2        	bnez	a2, 0x1b570 <_vfiprintf_r+0xd5e>
   1b492: a3 03 01 06  	sb	zero, 0x67(sp)
   1b496: 63 c7 04 22  	bltz	s1, 0x1b6c4 <_vfiprintf_r+0xeb2>
   1b49a: 93 f6 f6 b7  	andi	a3, a3, -0x481
   1b49e: 81 26        	sext.w	a3, a3
   1b4a0: 63 8f 04 0e  	beqz	s1, 0x1b59e <_vfiprintf_r+0xd8c>
   1b4a4: 83 c7 05 00  	lbu	a5, 0x0(a1)
   1b4a8: 4a 8e        	mv	t3, s2
   1b4aa: 2a e8        	sd	a0, 0x10(sp)
   1b4ac: a3 05 f1 0e  	sb	a5, 0xeb(sp)
   1b4b0: 26 89        	mv	s2, s1
   1b4b2: 93 0d b1 0e  	addi	s11, sp, 0xeb
   1b4b6: 6f f0 2f cd  	j	0x1a988 <_vfiprintf_r+0x176>
   1b4ba: 4a 88        	mv	a6, s2
   1b4bc: 97 45 00 00  	auipc	a1, 0x4
   1b4c0: 93 85 c5 b7  	addi	a1, a1, -0x484
   1b4c4: 7d b7        	j	0x1b472 <_vfiprintf_r+0xc60>
   1b4c6: 6e 85        	mv	a0, s11
   1b4c8: ef 50 9f a1  	jal	0x10ee0 <strlen>
   1b4cc: 1b 0e 05 00  	sext.w	t3, a0
   1b4d0: 42 67        	ld	a4, 0x10(sp)
   1b4d2: 62 68        	ld	a6, 0x18(sp)
   1b4d4: 82 76        	ld	a3, 0x20(sp)
   1b4d6: f2 87        	mv	a5, t3
   1b4d8: 63 53 0e 00  	bgez	t3, 0x1b4de <_vfiprintf_r+0xccc>
   1b4dc: 81 47        	li	a5, 0x0
   1b4de: 03 46 71 06  	lbu	a2, 0x67(sp)
   1b4e2: 3e 89        	mv	s2, a5
   1b4e4: 01 ce        	beqz	a2, 0x1b4fc <_vfiprintf_r+0xcea>
   1b4e6: 1b 89 17 00  	addiw	s2, a5, 0x1
   1b4ea: 3a e8        	sd	a4, 0x10(sp)
   1b4ec: 81 44        	li	s1, 0x0
   1b4ee: 6f f0 af c9  	j	0x1a988 <_vfiprintf_r+0x176>
   1b4f2: 85 4e        	li	t4, 0x1
   1b4f4: 01 46        	li	a2, 0x0
   1b4f6: 56 84        	mv	s0, s5
   1b4f8: 6f f0 0f ec  	j	0x1abb8 <_vfiprintf_r+0x3a6>
   1b4fc: 3a e8        	sd	a4, 0x10(sp)
   1b4fe: 81 44        	li	s1, 0x0
   1b500: 6f f0 8f c8  	j	0x1a988 <_vfiprintf_r+0x176>
   1b504: 89 43        	li	t2, 0x2
   1b506: 6f f0 0f ea  	j	0x1aba6 <_vfiprintf_r+0x394>
   1b50a: a3 03 01 06  	sb	zero, 0x67(sp)
   1b50e: 63 c6 04 02  	bltz	s1, 0x1b53a <_vfiprintf_r+0xd28>
   1b512: 93 f6 f6 b7  	andi	a3, a3, -0x481
   1b516: 81 26        	sext.w	a3, a3
   1b518: 25 ee        	bnez	a2, 0x1b590 <_vfiprintf_r+0xd7e>
   1b51a: 63 8f 04 18  	beqz	s1, 0x1b6b8 <_vfiprintf_r+0xea6>
   1b51e: 83 c7 05 00  	lbu	a5, 0x0(a1)
   1b522: 2a e8        	sd	a0, 0x10(sp)
   1b524: 26 89        	mv	s2, s1
   1b526: a3 05 f1 0e  	sb	a5, 0xeb(sp)
   1b52a: 05 4e        	li	t3, 0x1
   1b52c: 93 0d b1 0e  	addi	s11, sp, 0xeb
   1b530: 6f f0 8f c5  	j	0x1a988 <_vfiprintf_r+0x176>
   1b534: 93 e6 26 00  	ori	a3, a3, 0x2
   1b538: 81 26        	sext.w	a3, a3
   1b53a: 93 77 f6 00  	andi	a5, a2, 0xf
   1b53e: ae 97        	add	a5, a5, a1
   1b540: 93 f8 f6 bf  	andi	a7, a3, -0x401
   1b544: 13 f9 26 00  	andi	s2, a3, 0x2
   1b548: 83 c7 07 00  	lbu	a5, 0x0(a5)
   1b54c: 2a e8        	sd	a0, 0x10(sp)
   1b54e: 9b 86 08 00  	sext.w	a3, a7
   1b552: 0d b6        	j	0x1b074 <_vfiprintf_r+0x862>
   1b554: 01 4e        	li	t3, 0x0
   1b556: 93 0d c1 0e  	addi	s11, sp, 0xec
   1b55a: 6f f0 ef c2  	j	0x1a988 <_vfiprintf_r+0x176>
   1b55e: 42 67        	ld	a4, 0x10(sp)
   1b560: 93 f8 06 04  	andi	a7, a3, 0x40
   1b564: 10 43        	lw	a2, 0x0(a4)
   1b566: 63 8e 08 08  	beqz	a7, 0x1b602 <_vfiprintf_r+0xdf0>
   1b56a: 42 16        	slli	a2, a2, 0x30
   1b56c: 41 92        	srli	a2, a2, 0x30
   1b56e: 29 bf        	j	0x1b488 <_vfiprintf_r+0xc76>
   1b570: 93 08 00 03  	li	a7, 0x30
   1b574: a3 04 f1 06  	sb	a5, 0x69(sp)
   1b578: a3 03 01 06  	sb	zero, 0x67(sp)
   1b57c: 23 04 11 07  	sb	a7, 0x68(sp)
   1b580: e3 ca 04 fa  	bltz	s1, 0x1b534 <_vfiprintf_r+0xd22>
   1b584: 93 f6 f6 b7  	andi	a3, a3, -0x481
   1b588: 81 26        	sext.w	a3, a3
   1b58a: 93 e6 26 00  	ori	a3, a3, 0x2
   1b58e: 09 49        	li	s2, 0x2
   1b590: 93 77 f6 00  	andi	a5, a2, 0xf
   1b594: ae 97        	add	a5, a5, a1
   1b596: 83 c7 07 00  	lbu	a5, 0x0(a5)
   1b59a: 2a e8        	sd	a0, 0x10(sp)
   1b59c: e1 bc        	j	0x1b074 <_vfiprintf_r+0x862>
   1b59e: 2a e8        	sd	a0, 0x10(sp)
   1b5a0: 01 4e        	li	t3, 0x0
   1b5a2: 01 49        	li	s2, 0x0
   1b5a4: 93 0d c1 0e  	addi	s11, sp, 0xec
   1b5a8: 6f f0 0f be  	j	0x1a988 <_vfiprintf_r+0x176>
   1b5ac: 93 e6 06 20  	ori	a3, a3, 0x200
   1b5b0: 83 47 1c 00  	lbu	a5, 0x1(s8)
   1b5b4: 81 26        	sext.w	a3, a3
   1b5b6: 05 0c        	addi	s8, s8, 0x1
   1b5b8: 6f f0 ef b6  	j	0x1a926 <_vfiprintf_r+0x114>
   1b5bc: 93 e6 06 02  	ori	a3, a3, 0x20
   1b5c0: 83 47 1c 00  	lbu	a5, 0x1(s8)
   1b5c4: 81 26        	sext.w	a3, a3
   1b5c6: 05 0c        	addi	s8, s8, 0x1
   1b5c8: 6f f0 ef b5  	j	0x1a926 <_vfiprintf_r+0x114>
   1b5cc: 99 47        	li	a5, 0x6
   1b5ce: 26 83        	mv	t1, s1
   1b5d0: 63 e5 97 12  	bltu	a5, s1, 0x1b6fa <_vfiprintf_r+0xee8>
   1b5d4: 1b 09 03 00  	sext.w	s2, t1
   1b5d8: 3a e8        	sd	a4, 0x10(sp)
   1b5da: 4a 8e        	mv	t3, s2
   1b5dc: 81 44        	li	s1, 0x0
   1b5de: 97 4d 00 00  	auipc	s11, 0x4
   1b5e2: 93 8d ad a8  	addi	s11, s11, -0x576
   1b5e6: 6f f0 2f ba  	j	0x1a988 <_vfiprintf_r+0x176>
   1b5ea: 63 8a 04 10  	beqz	s1, 0x1b6fe <_vfiprintf_r+0xeec>
   1b5ee: 93 07 00 03  	li	a5, 0x30
   1b5f2: a3 05 f1 0e  	sb	a5, 0xeb(sp)
   1b5f6: 2a e8        	sd	a0, 0x10(sp)
   1b5f8: a6 87        	mv	a5, s1
   1b5fa: 05 4e        	li	t3, 0x1
   1b5fc: 93 0d b1 0e  	addi	s11, sp, 0xeb
   1b600: 7d b4        	j	0x1b0ae <_vfiprintf_r+0x89c>
   1b602: 93 f8 06 20  	andi	a7, a3, 0x200
   1b606: 63 86 08 10  	beqz	a7, 0x1b712 <_vfiprintf_r+0xf00>
   1b60a: 13 76 f6 0f  	andi	a2, a2, 0xff
   1b60e: ad bd        	j	0x1b488 <_vfiprintf_r+0xc76>
   1b610: 93 f5 06 20  	andi	a1, a3, 0x200
   1b614: fd c9        	beqz	a1, 0x1b70a <_vfiprintf_r+0xef8>
   1b616: 9b 97 87 01  	slliw	a5, a5, 0x18
   1b61a: 9b d7 87 41  	sraiw	a5, a5, 0x18
   1b61e: 32 e8        	sd	a2, 0x10(sp)
   1b620: be 85        	mv	a1, a5
   1b622: 6f f0 cf d3  	j	0x1ab5e <_vfiprintf_r+0x34c>
   1b626: 13 f6 06 20  	andi	a2, a3, 0x200
   1b62a: a3 03 01 06  	sb	zero, 0x67(sp)
   1b62e: 63 0e 06 0e  	beqz	a2, 0x1b72a <_vfiprintf_r+0xf18>
   1b632: 93 f7 f7 0f  	andi	a5, a5, 0xff
   1b636: e3 df 04 9c  	bgez	s1, 0x1b014 <_vfiprintf_r+0x802>
   1b63a: ad b0        	j	0x1aea4 <_vfiprintf_r+0x692>
   1b63c: 93 f5 06 20  	andi	a1, a3, 0x200
   1b640: e5 c1        	beqz	a1, 0x1b720 <_vfiprintf_r+0xf0e>
   1b642: 93 f7 f7 0f  	andi	a5, a5, 0xff
   1b646: 32 e8        	sd	a2, 0x10(sp)
   1b648: 36 83        	mv	t1, a3
   1b64a: 15 ba        	j	0x1af7e <_vfiprintf_r+0x76c>
   1b64c: 42 76        	ld	a2, 0x30(sp)
   1b64e: 86 65        	ld	a1, 0x40(sp)
   1b650: f2 ec        	sd	t3, 0x58(sp)
   1b652: b3 8f cd 40  	sub	t6, s11, a2
   1b656: 7e 85        	mv	a0, t6
   1b658: b6 e8        	sd	a3, 0x50(sp)
   1b65a: be e4        	sd	a5, 0x48(sp)
   1b65c: 42 fc        	sd	a6, 0x38(sp)
   1b65e: 76 f4        	sd	t4, 0x28(sp)
   1b660: 7a f0        	sd	t5, 0x20(sp)
   1b662: 7e ec        	sd	t6, 0x18(sp)
   1b664: ef c0 bf fd  	jal	0x1863e <strncpy>
   1b668: 97 67 00 00  	auipc	a5, 0x6
   1b66c: 93 87 07 af  	addi	a5, a5, -0x510
   1b670: 83 b8 07 00  	ld	a7, 0x0(a5)
   1b674: a6 67        	ld	a5, 0x48(sp)
   1b676: a2 7e        	ld	t4, 0x28(sp)
   1b678: e2 6f        	ld	t6, 0x18(sp)
   1b67a: b3 b7 17 03  	mulhu	a5, a5, a7
   1b67e: 03 c7 1e 00  	lbu	a4, 0x1(t4)
   1b682: 02 7f        	ld	t5, 0x20(sp)
   1b684: 62 78        	ld	a6, 0x38(sp)
   1b686: 33 37 e0 00  	snez	a4, a4
   1b68a: ba 9e        	add	t4, t4, a4
   1b68c: c6 66        	ld	a3, 0x50(sp)
   1b68e: 66 6e        	ld	t3, 0x58(sp)
   1b690: 93 8d ff ff  	addi	s11, t6, -0x1
   1b694: 05 45        	li	a0, 0x1
   1b696: 8d 83        	srli	a5, a5, 0x3
   1b698: 33 b6 17 03  	mulhu	a2, a5, a7
   1b69c: 25 43        	li	t1, 0x9
   1b69e: 0d 82        	srli	a2, a2, 0x3
   1b6a0: 13 17 26 00  	slli	a4, a2, 0x2
   1b6a4: 32 97        	add	a4, a4, a2
   1b6a6: 06 07        	slli	a4, a4, 0x1
   1b6a8: 33 87 e7 40  	sub	a4, a5, a4
   1b6ac: 1b 07 07 03  	addiw	a4, a4, 0x30
   1b6b0: a3 8f ef fe  	sb	a4, -0x1(t6)
   1b6b4: 6f f0 ef f7  	j	0x1ae32 <_vfiprintf_r+0x620>
   1b6b8: 2a e8        	sd	a0, 0x10(sp)
   1b6ba: 01 4e        	li	t3, 0x0
   1b6bc: 93 0d c1 0e  	addi	s11, sp, 0xec
   1b6c0: 6f f0 8f ac  	j	0x1a988 <_vfiprintf_r+0x176>
   1b6c4: 83 c7 05 00  	lbu	a5, 0x0(a1)
   1b6c8: 93 f6 f6 bf  	andi	a3, a3, -0x401
   1b6cc: 81 26        	sext.w	a3, a3
   1b6ce: a3 05 f1 0e  	sb	a5, 0xeb(sp)
   1b6d2: 2a e8        	sd	a0, 0x10(sp)
   1b6d4: 4a 8e        	mv	t3, s2
   1b6d6: 93 0d b1 0e  	addi	s11, sp, 0xeb
   1b6da: 6f f0 ef aa  	j	0x1a988 <_vfiprintf_r+0x176>
   1b6de: 85 4e        	li	t4, 0x1
   1b6e0: 01 46        	li	a2, 0x0
   1b6e2: 56 84        	mv	s0, s5
   1b6e4: 6f f0 0f b2  	j	0x1aa04 <_vfiprintf_r+0x1f2>
   1b6e8: 03 43 71 06  	lbu	t1, 0x67(sp)
   1b6ec: 01 4e        	li	t3, 0x0
   1b6ee: 93 0d c1 0e  	addi	s11, sp, 0xec
   1b6f2: 33 39 60 00  	snez	s2, t1
   1b6f6: 6f f0 2f a9  	j	0x1a988 <_vfiprintf_r+0x176>
   1b6fa: 3e 83        	mv	t1, a5
   1b6fc: e1 bd        	j	0x1b5d4 <_vfiprintf_r+0xdc2>
   1b6fe: 2a e8        	sd	a0, 0x10(sp)
   1b700: 01 4e        	li	t3, 0x0
   1b702: 81 47        	li	a5, 0x0
   1b704: 93 0d c1 0e  	addi	s11, sp, 0xec
   1b708: 5d b2        	j	0x1b0ae <_vfiprintf_r+0x89c>
   1b70a: 32 e8        	sd	a2, 0x10(sp)
   1b70c: be 85        	mv	a1, a5
   1b70e: 6f f0 0f c5  	j	0x1ab5e <_vfiprintf_r+0x34c>
   1b712: 02 16        	slli	a2, a2, 0x20
   1b714: 01 92        	srli	a2, a2, 0x20
   1b716: 8d bb        	j	0x1b488 <_vfiprintf_r+0xc76>
   1b718: a2 67        	ld	a5, 0x8(sp)
   1b71a: 23 10 f6 00  	sh	a5, 0x0(a2)
   1b71e: cd b2        	j	0x1b100 <_vfiprintf_r+0x8ee>
   1b720: 82 17        	slli	a5, a5, 0x20
   1b722: 81 93        	srli	a5, a5, 0x20
   1b724: 32 e8        	sd	a2, 0x10(sp)
   1b726: 36 83        	mv	t1, a3
   1b728: 99 b8        	j	0x1af7e <_vfiprintf_r+0x76c>
   1b72a: 82 17        	slli	a5, a5, 0x20
   1b72c: 81 93        	srli	a5, a5, 0x20
   1b72e: e3 d3 04 8e  	bgez	s1, 0x1b014 <_vfiprintf_r+0x802>
   1b732: 6f f0 2f f7  	j	0x1aea4 <_vfiprintf_r+0x692>
   1b736: 5e 85        	mv	a0, s7
   1b738: 90 18        	addi	a2, sp, 0x70
   1b73a: d2 85        	mv	a1, s4
   1b73c: ef f0 6f 80  	jal	0x1a742 <__sprint_r.part.0>
   1b740: 63 16 05 b2  	bnez	a0, 0x1aa6c <_vfiprintf_r+0x25a>
   1b744: 82 dc        	sw	zero, 0x78(sp)
   1b746: 6f f0 6f b2  	j	0x1aa6c <_vfiprintf_r+0x25a>
   1b74a: 03 35 0a 0a  	ld	a0, 0xa0(s4)
   1b74e: ef a0 df e5  	jal	0x165aa <__retarget_lock_release_recursive>
   1b752: 6f f0 cf b8  	j	0x1aade <_vfiprintf_r+0x2cc>
   1b756: 3a e8        	sd	a4, 0x10(sp)
   1b758: 9d cb        	beqz	a5, 0x1b78e <_vfiprintf_r+0xf7c>
   1b75a: 1b 89 14 00  	addiw	s2, s1, 0x1
   1b75e: 26 8e        	mv	t3, s1
   1b760: 81 44        	li	s1, 0x0
   1b762: 6f f0 6f a2  	j	0x1a988 <_vfiprintf_r+0x176>
   1b766: 2e 85        	mv	a0, a1
   1b768: 97 4e 00 00  	auipc	t4, 0x4
   1b76c: 93 8e 8e 24  	addi	t4, t4, 0x248
   1b770: 51 b4        	j	0x1b1f4 <_vfiprintf_r+0x9e2>
   1b772: 9b 05 16 00  	addiw	a1, a2, 0x1
   1b776: 97 4e 00 00  	auipc	t4, 0x4
   1b77a: 93 8e ae 23  	addi	t4, t4, 0x23a
   1b77e: 11 be        	j	0x1b292 <_vfiprintf_r+0xa80>
   1b780: 76 85        	mv	a0, t4
   1b782: 97 48 00 00  	auipc	a7, 0x4
   1b786: 93 88 e8 21  	addi	a7, a7, 0x21e
   1b78a: 6f f0 ef cd  	j	0x1ac68 <_vfiprintf_r+0x456>
   1b78e: 26 8e        	mv	t3, s1
   1b790: 26 89        	mv	s2, s1
   1b792: 81 44        	li	s1, 0x0
   1b794: 6f f0 4f 9f  	j	0x1a988 <_vfiprintf_r+0x176>
   1b798: 1c c2        	sw	a5, 0x0(a2)
   1b79a: 9d b2        	j	0x1b100 <_vfiprintf_r+0x8ee>
   1b79c: 42 67        	ld	a4, 0x10(sp)
   1b79e: 1c 43        	lw	a5, 0x0(a4)
   1b7a0: 21 07        	addi	a4, a4, 0x8
   1b7a2: be 84        	mv	s1, a5
   1b7a4: 63 d3 07 00  	bgez	a5, 0x1b7aa <_vfiprintf_r+0xf98>
   1b7a8: fd 54        	li	s1, -0x1
   1b7aa: 83 47 1c 00  	lbu	a5, 0x1(s8)
   1b7ae: 3a e8        	sd	a4, 0x10(sp)
   1b7b0: 2a 8c        	mv	s8, a0
   1b7b2: 6f f0 4f 97  	j	0x1a926 <_vfiprintf_r+0x114>
   1b7b6: 83 27 0a 0b  	lw	a5, 0xb0(s4)
   1b7ba: 85 8b        	andi	a5, a5, 0x1
   1b7bc: 89 c7        	beqz	a5, 0x1b7c6 <_vfiprintf_r+0xfb4>
   1b7be: fd 57        	li	a5, -0x1
   1b7c0: 3e e4        	sd	a5, 0x8(sp)
   1b7c2: 6f f0 0f ad  	j	0x1aa92 <_vfiprintf_r+0x280>
   1b7c6: 83 57 0a 01  	lhu	a5, 0x10(s4)
   1b7ca: 93 f7 07 20  	andi	a5, a5, 0x200
   1b7ce: e5 fb        	bnez	a5, 0x1b7be <_vfiprintf_r+0xfac>
   1b7d0: 03 35 0a 0a  	ld	a0, 0xa0(s4)
   1b7d4: ef a0 7f dd  	jal	0x165aa <__retarget_lock_release_recursive>
   1b7d8: dd b7        	j	0x1b7be <_vfiprintf_r+0xfac>
   1b7da: b6 87        	mv	a5, a3
   1b7dc: 0d b1        	j	0x1b3fe <_vfiprintf_r+0xbec>
   1b7de: 3e 89        	mv	s2, a5
   1b7e0: 6f f0 8f 9a  	j	0x1a988 <_vfiprintf_r+0x176>
   1b7e4: 93 0d b1 0e  	addi	s11, sp, 0xeb
   1b7e8: 45 b8        	j	0x1b098 <_vfiprintf_r+0x886>

000000000001b7ea <vfiprintf>:
   1b7ea: 2a 87        	mv	a4, a0
   1b7ec: 03 b5 81 70  	ld	a0, 0x708(gp)
   1b7f0: ae 87        	mv	a5, a1
   1b7f2: b2 86        	mv	a3, a2
   1b7f4: ba 85        	mv	a1, a4
   1b7f6: 3e 86        	mv	a2, a5
   1b7f8: 6f f0 af 81  	j	0x1a812 <_vfiprintf_r>

000000000001b7fc <__sbprintf>:
   1b7fc: 83 d7 05 01  	lhu	a5, 0x10(a1)
   1b800: 03 ae 05 0b  	lw	t3, 0xb0(a1)
   1b804: 03 d3 25 01  	lhu	t1, 0x12(a1)
   1b808: 83 b8 05 03  	ld	a7, 0x30(a1)
   1b80c: 03 b8 05 04  	ld	a6, 0x40(a1)
   1b810: 13 01 01 b1  	addi	sp, sp, -0x4f0
   1b814: 13 07 00 40  	li	a4, 0x400
   1b818: f5 9b        	andi	a5, a5, -0x3
   1b81a: 23 30 81 4e  	sd	s0, 0x4e0(sp)
   1b81e: 23 38 21 4d  	sd	s2, 0x4d0(sp)
   1b822: 2e 84        	mv	s0, a1
   1b824: 2a 89        	mv	s2, a0
   1b826: 8c 01        	addi	a1, sp, 0xc0
   1b828: 28 11        	addi	a0, sp, 0xa8
   1b82a: 23 34 11 4e  	sd	ra, 0x4e8(sp)
   1b82e: 23 3c 91 4c  	sd	s1, 0x4d8(sp)
   1b832: 23 34 31 4d  	sd	s3, 0x4c8(sp)
   1b836: b2 84        	mv	s1, a2
   1b838: b6 89        	mv	s3, a3
   1b83a: 23 1c f1 00  	sh	a5, 0x18(sp)
   1b83e: 72 dd        	sw	t3, 0xb8(sp)
   1b840: 23 1d 61 00  	sh	t1, 0x1a(sp)
   1b844: 46 fc        	sd	a7, 0x38(sp)
   1b846: c2 e4        	sd	a6, 0x48(sp)
   1b848: 2e e4        	sd	a1, 0x8(sp)
   1b84a: 2e f0        	sd	a1, 0x20(sp)
   1b84c: 3a ca        	sw	a4, 0x14(sp)
   1b84e: 3a d4        	sw	a4, 0x28(sp)
   1b850: 02 d8        	sw	zero, 0x30(sp)
   1b852: ef a0 5f d4  	jal	0x16596 <__retarget_lock_init_recursive>
   1b856: 26 86        	mv	a2, s1
   1b858: ce 86        	mv	a3, s3
   1b85a: 2c 00        	addi	a1, sp, 0x8
   1b85c: 4a 85        	mv	a0, s2
   1b85e: ef e0 5f fb  	jal	0x1a812 <_vfiprintf_r>
   1b862: aa 84        	mv	s1, a0
   1b864: 63 5e 05 02  	bgez	a0, 0x1b8a0 <__sbprintf+0xa4>
   1b868: 83 57 81 01  	lhu	a5, 0x18(sp)
   1b86c: 93 f7 07 04  	andi	a5, a5, 0x40
   1b870: 99 c7        	beqz	a5, 0x1b87e <__sbprintf+0x82>
   1b872: 83 57 04 01  	lhu	a5, 0x10(s0)
   1b876: 93 e7 07 04  	ori	a5, a5, 0x40
   1b87a: 23 18 f4 00  	sh	a5, 0x10(s0)
   1b87e: 2a 75        	ld	a0, 0xa8(sp)
   1b880: ef a0 bf d1  	jal	0x1659a <__retarget_lock_close_recursive>
   1b884: 83 30 81 4e  	ld	ra, 0x4e8(sp)
   1b888: 03 34 01 4e  	ld	s0, 0x4e0(sp)
   1b88c: 03 39 01 4d  	ld	s2, 0x4d0(sp)
   1b890: 83 39 81 4c  	ld	s3, 0x4c8(sp)
   1b894: 26 85        	mv	a0, s1
   1b896: 83 34 81 4d  	ld	s1, 0x4d8(sp)
   1b89a: 13 01 01 4f  	addi	sp, sp, 0x4f0
   1b89e: 82 80        	ret
   1b8a0: 2c 00        	addi	a1, sp, 0x8
   1b8a2: 4a 85        	mv	a0, s2
   1b8a4: ef 70 1f d7  	jal	0x13614 <_fflush_r>
   1b8a8: 61 d1        	beqz	a0, 0x1b868 <__sbprintf+0x6c>
   1b8aa: fd 54        	li	s1, -0x1
   1b8ac: 75 bf        	j	0x1b868 <__sbprintf+0x6c>

000000000001b8ae <__swbuf_r>:
   1b8ae: 79 71        	addi	sp, sp, -0x30
   1b8b0: 22 f0        	sd	s0, 0x20(sp)
   1b8b2: 26 ec        	sd	s1, 0x18(sp)
   1b8b4: 4a e8        	sd	s2, 0x10(sp)
   1b8b6: 06 f4        	sd	ra, 0x28(sp)
   1b8b8: 2a 89        	mv	s2, a0
   1b8ba: ae 84        	mv	s1, a1
   1b8bc: 32 84        	mv	s0, a2
   1b8be: 19 c1        	beqz	a0, 0x1b8c4 <__swbuf_r+0x16>
   1b8c0: 3c 49        	lw	a5, 0x50(a0)
   1b8c2: ed c7        	beqz	a5, 0x1b9ac <__swbuf_r+0xfe>
   1b8c4: 1c 54        	lw	a5, 0x28(s0)
   1b8c6: 03 17 04 01  	lh	a4, 0x10(s0)
   1b8ca: 5c c4        	sw	a5, 0xc(s0)
   1b8cc: 93 77 87 00  	andi	a5, a4, 0x8
   1b8d0: b1 cb        	beqz	a5, 0x1b924 <__swbuf_r+0x76>
   1b8d2: 1c 6c        	ld	a5, 0x18(s0)
   1b8d4: a1 cb        	beqz	a5, 0x1b924 <__swbuf_r+0x76>
   1b8d6: 4e e4        	sd	s3, 0x8(sp)
   1b8d8: 93 16 27 03  	slli	a3, a4, 0x32
   1b8dc: 93 f9 f4 0f  	andi	s3, s1, 0xff
   1b8e0: ce 84        	mv	s1, s3
   1b8e2: 89 65        	lui	a1, 0x2
   1b8e4: 63 d1 06 06  	bgez	a3, 0x1b946 <__swbuf_r+0x98>
   1b8e8: 18 60        	ld	a4, 0x0(s0)
   1b8ea: 14 50        	lw	a3, 0x20(s0)
   1b8ec: bb 07 f7 40  	subw	a5, a4, a5
   1b8f0: 63 db d7 06  	bge	a5, a3, 0x1b966 <__swbuf_r+0xb8>
   1b8f4: 54 44        	lw	a3, 0xc(s0)
   1b8f6: 13 06 17 00  	addi	a2, a4, 0x1
   1b8fa: 10 e0        	sd	a2, 0x0(s0)
   1b8fc: fd 36        	addiw	a3, a3, -0x1
   1b8fe: 54 c4        	sw	a3, 0xc(s0)
   1b900: 23 00 37 01  	sb	s3, 0x0(a4)
   1b904: 18 50        	lw	a4, 0x20(s0)
   1b906: 85 27        	addiw	a5, a5, 0x1
   1b908: 63 01 f7 08  	beq	a4, a5, 0x1b98a <__swbuf_r+0xdc>
   1b90c: 83 57 04 01  	lhu	a5, 0x10(s0)
   1b910: 85 8b        	andi	a5, a5, 0x1
   1b912: c1 e7        	bnez	a5, 0x1b99a <__swbuf_r+0xec>
   1b914: a2 69        	ld	s3, 0x8(sp)
   1b916: a2 70        	ld	ra, 0x28(sp)
   1b918: 02 74        	ld	s0, 0x20(sp)
   1b91a: 42 69        	ld	s2, 0x10(sp)
   1b91c: 26 85        	mv	a0, s1
   1b91e: e2 64        	ld	s1, 0x18(sp)
   1b920: 45 61        	addi	sp, sp, 0x30
   1b922: 82 80        	ret
   1b924: a2 85        	mv	a1, s0
   1b926: 4a 85        	mv	a0, s2
   1b928: ef 70 3f 94  	jal	0x1326a <__swsetup_r>
   1b92c: 2d e5        	bnez	a0, 0x1b996 <__swbuf_r+0xe8>
   1b92e: 03 17 04 01  	lh	a4, 0x10(s0)
   1b932: 4e e4        	sd	s3, 0x8(sp)
   1b934: 93 f9 f4 0f  	andi	s3, s1, 0xff
   1b938: 93 16 27 03  	slli	a3, a4, 0x32
   1b93c: 1c 6c        	ld	a5, 0x18(s0)
   1b93e: ce 84        	mv	s1, s3
   1b940: 89 65        	lui	a1, 0x2
   1b942: e3 c3 06 fa  	bltz	a3, 0x1b8e8 <__swbuf_r+0x3a>
   1b946: 83 26 04 0b  	lw	a3, 0xb0(s0)
   1b94a: 79 76        	lui	a2, 0xffffe
   1b94c: 4d 8f        	or	a4, a4, a1
   1b94e: 7d 16        	addi	a2, a2, -0x1
   1b950: f1 8e        	and	a3, a3, a2
   1b952: 23 18 e4 00  	sh	a4, 0x10(s0)
   1b956: 18 60        	ld	a4, 0x0(s0)
   1b958: 23 28 d4 0a  	sw	a3, 0xb0(s0)
   1b95c: 14 50        	lw	a3, 0x20(s0)
   1b95e: bb 07 f7 40  	subw	a5, a4, a5
   1b962: e3 c9 d7 f8  	blt	a5, a3, 0x1b8f4 <__swbuf_r+0x46>
   1b966: a2 85        	mv	a1, s0
   1b968: 4a 85        	mv	a0, s2
   1b96a: ef 70 bf ca  	jal	0x13614 <_fflush_r>
   1b96e: 1d e1        	bnez	a0, 0x1b994 <__swbuf_r+0xe6>
   1b970: 18 60        	ld	a4, 0x0(s0)
   1b972: 54 44        	lw	a3, 0xc(s0)
   1b974: 85 47        	li	a5, 0x1
   1b976: 13 06 17 00  	addi	a2, a4, 0x1
   1b97a: fd 36        	addiw	a3, a3, -0x1
   1b97c: 10 e0        	sd	a2, 0x0(s0)
   1b97e: 54 c4        	sw	a3, 0xc(s0)
   1b980: 23 00 37 01  	sb	s3, 0x0(a4)
   1b984: 18 50        	lw	a4, 0x20(s0)
   1b986: e3 13 f7 f8  	bne	a4, a5, 0x1b90c <__swbuf_r+0x5e>
   1b98a: a2 85        	mv	a1, s0
   1b98c: 4a 85        	mv	a0, s2
   1b98e: ef 70 7f c8  	jal	0x13614 <_fflush_r>
   1b992: 49 d1        	beqz	a0, 0x1b914 <__swbuf_r+0x66>
   1b994: a2 69        	ld	s3, 0x8(sp)
   1b996: fd 54        	li	s1, -0x1
   1b998: bd bf        	j	0x1b916 <__swbuf_r+0x68>
   1b99a: a9 47        	li	a5, 0xa
   1b99c: e3 9c f4 f6  	bne	s1, a5, 0x1b914 <__swbuf_r+0x66>
   1b9a0: a2 85        	mv	a1, s0
   1b9a2: 4a 85        	mv	a0, s2
   1b9a4: ef 70 1f c7  	jal	0x13614 <_fflush_r>
   1b9a8: 35 d5        	beqz	a0, 0x1b914 <__swbuf_r+0x66>
   1b9aa: ed b7        	j	0x1b994 <__swbuf_r+0xe6>
   1b9ac: ef 70 9f e2  	jal	0x137d4 <__sinit>
   1b9b0: 11 bf        	j	0x1b8c4 <__swbuf_r+0x16>

000000000001b9b2 <__swbuf>:
   1b9b2: aa 87        	mv	a5, a0
   1b9b4: 03 b5 81 70  	ld	a0, 0x708(gp)
   1b9b8: 2e 86        	mv	a2, a1
   1b9ba: be 85        	mv	a1, a5
   1b9bc: 6f f0 3f ef  	j	0x1b8ae <__swbuf_r>

000000000001b9c0 <_write_r>:
   1b9c0: 41 11        	addi	sp, sp, -0x10
   1b9c2: 2e 87        	mv	a4, a1
   1b9c4: 22 e0        	sd	s0, 0x0(sp)
   1b9c6: b2 85        	mv	a1, a2
   1b9c8: 2a 84        	mv	s0, a0
   1b9ca: 36 86        	mv	a2, a3
   1b9cc: 3a 85        	mv	a0, a4
   1b9ce: 23 a4 01 78  	sw	zero, 0x788(gp)
   1b9d2: 06 e4        	sd	ra, 0x8(sp)
   1b9d4: ef 10 50 65  	jal	0x1d828 <_write>
   1b9d8: fd 57        	li	a5, -0x1
   1b9da: 63 06 f5 00  	beq	a0, a5, 0x1b9e6 <_write_r+0x26>
   1b9de: a2 60        	ld	ra, 0x8(sp)
   1b9e0: 02 64        	ld	s0, 0x0(sp)
   1b9e2: 41 01        	addi	sp, sp, 0x10
   1b9e4: 82 80        	ret
   1b9e6: 83 a7 81 78  	lw	a5, 0x788(gp)
   1b9ea: f5 db        	beqz	a5, 0x1b9de <_write_r+0x1e>
   1b9ec: a2 60        	ld	ra, 0x8(sp)
   1b9ee: 1c c0        	sw	a5, 0x0(s0)
   1b9f0: 02 64        	ld	s0, 0x0(sp)
   1b9f2: 41 01        	addi	sp, sp, 0x10
   1b9f4: 82 80        	ret

000000000001b9f6 <__register_exitproc>:
   1b9f6: 79 71        	addi	sp, sp, -0x30
   1b9f8: 4a e8        	sd	s2, 0x10(sp)
   1b9fa: 13 89 01 71  	addi	s2, gp, 0x710
   1b9fe: 22 f0        	sd	s0, 0x20(sp)
   1ba00: 2a 84        	mv	s0, a0
   1ba02: 03 35 09 00  	ld	a0, 0x0(s2)
   1ba06: 26 ec        	sd	s1, 0x18(sp)
   1ba08: 4e e4        	sd	s3, 0x8(sp)
   1ba0a: 52 e0        	sd	s4, 0x0(sp)
   1ba0c: 06 f4        	sd	ra, 0x28(sp)
   1ba0e: ae 84        	mv	s1, a1
   1ba10: 32 8a        	mv	s4, a2
   1ba12: b6 89        	mv	s3, a3
   1ba14: ef a0 bf b8  	jal	0x1659e <__retarget_lock_acquire_recursive>
   1ba18: 03 b7 01 69  	ld	a4, 0x690(gp)
   1ba1c: 83 37 87 1f  	ld	a5, 0x1f8(a4)
   1ba20: ad c3        	beqz	a5, 0x1ba82 <__register_exitproc+0x8c>
   1ba22: 98 47        	lw	a4, 0x8(a5)
   1ba24: fd 45        	li	a1, 0x1f
   1ba26: 03 35 09 00  	ld	a0, 0x0(s2)
   1ba2a: 63 c1 e5 06  	blt	a1, a4, 0x1ba8c <__register_exitproc+0x96>
   1ba2e: 15 e0        	bnez	s0, 0x1ba52 <__register_exitproc+0x5c>
   1ba30: 93 16 37 00  	slli	a3, a4, 0x3
   1ba34: 05 27        	addiw	a4, a4, 0x1
   1ba36: be 96        	add	a3, a3, a5
   1ba38: 98 c7        	sw	a4, 0x8(a5)
   1ba3a: 84 ea        	sd	s1, 0x10(a3)
   1ba3c: ef a0 ff b6  	jal	0x165aa <__retarget_lock_release_recursive>
   1ba40: 01 45        	li	a0, 0x0
   1ba42: a2 70        	ld	ra, 0x28(sp)
   1ba44: 02 74        	ld	s0, 0x20(sp)
   1ba46: e2 64        	ld	s1, 0x18(sp)
   1ba48: 42 69        	ld	s2, 0x10(sp)
   1ba4a: a2 69        	ld	s3, 0x8(sp)
   1ba4c: 02 6a        	ld	s4, 0x0(sp)
   1ba4e: 45 61        	addi	sp, sp, 0x30
   1ba50: 82 80        	ret
   1ba52: 93 15 37 00  	slli	a1, a4, 0x3
   1ba56: be 95        	add	a1, a1, a5
   1ba58: 23 b8 45 11  	sd	s4, 0x110(a1)
   1ba5c: 83 a6 07 31  	lw	a3, 0x310(a5)
   1ba60: 05 46        	li	a2, 0x1
   1ba62: 3b 16 e6 00  	sllw	a2, a2, a4
   1ba66: d1 8e        	or	a3, a3, a2
   1ba68: 23 a8 d7 30  	sw	a3, 0x310(a5)
   1ba6c: 23 b8 35 21  	sd	s3, 0x210(a1)
   1ba70: 89 46        	li	a3, 0x2
   1ba72: e3 1f d4 fa  	bne	s0, a3, 0x1ba30 <__register_exitproc+0x3a>
   1ba76: 83 a6 47 31  	lw	a3, 0x314(a5)
   1ba7a: 55 8e        	or	a2, a2, a3
   1ba7c: 23 aa c7 30  	sw	a2, 0x314(a5)
   1ba80: 45 bf        	j	0x1ba30 <__register_exitproc+0x3a>
   1ba82: 93 07 07 20  	addi	a5, a4, 0x200
   1ba86: 23 3c f7 1e  	sd	a5, 0x1f8(a4)
   1ba8a: 61 bf        	j	0x1ba22 <__register_exitproc+0x2c>
   1ba8c: ef a0 ff b1  	jal	0x165aa <__retarget_lock_release_recursive>
   1ba90: 7d 55        	li	a0, -0x1
   1ba92: 45 bf        	j	0x1ba42 <__register_exitproc+0x4c>

000000000001ba94 <__assert_func>:
   1ba94: 83 b7 81 70  	ld	a5, 0x708(gp)
   1ba98: 41 11        	addi	sp, sp, -0x10
   1ba9a: 32 88        	mv	a6, a2
   1ba9c: 06 e4        	sd	ra, 0x8(sp)
   1ba9e: 36 86        	mv	a2, a3
   1baa0: 2e 87        	mv	a4, a1
   1baa2: aa 86        	mv	a3, a0
   1baa4: 88 6f        	ld	a0, 0x18(a5)
   1baa6: 97 37 00 00  	auipc	a5, 0x3
   1baaa: 93 87 a7 65  	addi	a5, a5, 0x65a
   1baae: 63 0a 08 00  	beqz	a6, 0x1bac2 <__assert_func+0x2e>
   1bab2: 97 35 00 00  	auipc	a1, 0x3
   1bab6: 93 85 e5 65  	addi	a1, a1, 0x65e
   1baba: ef 00 40 20  	jal	0x1bcbe <fiprintf>
   1babe: ef 10 a0 7f  	jal	0x1d2b8 <abort>
   1bac2: 97 37 00 00  	auipc	a5, 0x3
   1bac6: 93 87 e7 59  	addi	a5, a5, 0x59e
   1baca: 3e 88        	mv	a6, a5
   1bacc: dd b7        	j	0x1bab2 <__assert_func+0x1e>

000000000001bace <__assert>:
   1bace: 41 11        	addi	sp, sp, -0x10
   1bad0: b2 86        	mv	a3, a2
   1bad2: 01 46        	li	a2, 0x0
   1bad4: 06 e4        	sd	ra, 0x8(sp)
   1bad6: ef f0 ff fb  	jal	0x1ba94 <__assert_func>

000000000001bada <_calloc_r>:
   1bada: b3 85 c5 02  	mul	a1, a1, a2
   1bade: 41 11        	addi	sp, sp, -0x10
   1bae0: 22 e0        	sd	s0, 0x0(sp)
   1bae2: 06 e4        	sd	ra, 0x8(sp)
   1bae4: ef a0 3f c6  	jal	0x16746 <_malloc_r>
   1bae8: 2a 84        	mv	s0, a0
   1baea: 21 c5        	beqz	a0, 0x1bb32 <_calloc_r+0x58>
   1baec: 03 36 85 ff  	ld	a2, -0x8(a0)
   1baf0: 13 07 80 04  	li	a4, 0x48
   1baf4: 71 9a        	andi	a2, a2, -0x4
   1baf6: 61 16        	addi	a2, a2, -0x8
   1baf8: 63 62 c7 04  	bltu	a4, a2, 0x1bb3c <_calloc_r+0x62>
   1bafc: 93 06 70 02  	li	a3, 0x27
   1bb00: aa 87        	mv	a5, a0
   1bb02: 63 f2 c6 02  	bgeu	a3, a2, 0x1bb26 <_calloc_r+0x4c>
   1bb06: 23 30 05 00  	sd	zero, 0x0(a0)
   1bb0a: 23 34 05 00  	sd	zero, 0x8(a0)
   1bb0e: 93 07 70 03  	li	a5, 0x37
   1bb12: 63 fd c7 02  	bgeu	a5, a2, 0x1bb4c <_calloc_r+0x72>
   1bb16: 23 38 05 00  	sd	zero, 0x10(a0)
   1bb1a: 23 3c 05 00  	sd	zero, 0x18(a0)
   1bb1e: 93 07 05 02  	addi	a5, a0, 0x20
   1bb22: 63 0e e6 02  	beq	a2, a4, 0x1bb5e <_calloc_r+0x84>
   1bb26: 23 b0 07 00  	sd	zero, 0x0(a5)
   1bb2a: 23 b4 07 00  	sd	zero, 0x8(a5)
   1bb2e: 23 b8 07 00  	sd	zero, 0x10(a5)
   1bb32: a2 60        	ld	ra, 0x8(sp)
   1bb34: 22 85        	mv	a0, s0
   1bb36: 02 64        	ld	s0, 0x0(sp)
   1bb38: 41 01        	addi	sp, sp, 0x10
   1bb3a: 82 80        	ret
   1bb3c: 81 45        	li	a1, 0x0
   1bb3e: ef 50 ef 99  	jal	0x10cdc <memset>
   1bb42: a2 60        	ld	ra, 0x8(sp)
   1bb44: 22 85        	mv	a0, s0
   1bb46: 02 64        	ld	s0, 0x0(sp)
   1bb48: 41 01        	addi	sp, sp, 0x10
   1bb4a: 82 80        	ret
   1bb4c: 93 07 05 01  	addi	a5, a0, 0x10
   1bb50: 23 b0 07 00  	sd	zero, 0x0(a5)
   1bb54: 23 b4 07 00  	sd	zero, 0x8(a5)
   1bb58: 23 b8 07 00  	sd	zero, 0x10(a5)
   1bb5c: d9 bf        	j	0x1bb32 <_calloc_r+0x58>
   1bb5e: 23 30 05 02  	sd	zero, 0x20(a0)
   1bb62: 23 34 05 02  	sd	zero, 0x28(a0)
   1bb66: 93 07 05 03  	addi	a5, a0, 0x30
   1bb6a: 75 bf        	j	0x1bb26 <_calloc_r+0x4c>

000000000001bb6c <_close_r>:
   1bb6c: 41 11        	addi	sp, sp, -0x10
   1bb6e: 22 e0        	sd	s0, 0x0(sp)
   1bb70: 2a 84        	mv	s0, a0
   1bb72: 2e 85        	mv	a0, a1
   1bb74: 23 a4 01 78  	sw	zero, 0x788(gp)
   1bb78: 06 e4        	sd	ra, 0x8(sp)
   1bb7a: ef 10 30 2c  	jal	0x1d63c <_close>
   1bb7e: fd 57        	li	a5, -0x1
   1bb80: 63 06 f5 00  	beq	a0, a5, 0x1bb8c <_close_r+0x20>
   1bb84: a2 60        	ld	ra, 0x8(sp)
   1bb86: 02 64        	ld	s0, 0x0(sp)
   1bb88: 41 01        	addi	sp, sp, 0x10
   1bb8a: 82 80        	ret
   1bb8c: 83 a7 81 78  	lw	a5, 0x788(gp)
   1bb90: f5 db        	beqz	a5, 0x1bb84 <_close_r+0x18>
   1bb92: a2 60        	ld	ra, 0x8(sp)
   1bb94: 1c c0        	sw	a5, 0x0(s0)
   1bb96: 02 64        	ld	s0, 0x0(sp)
   1bb98: 41 01        	addi	sp, sp, 0x10
   1bb9a: 82 80        	ret

000000000001bb9c <_fclose_r>:
   1bb9c: 01 11        	addi	sp, sp, -0x20
   1bb9e: 06 ec        	sd	ra, 0x18(sp)
   1bba0: 4a e0        	sd	s2, 0x0(sp)
   1bba2: d9 c9        	beqz	a1, 0x1bc38 <_fclose_r+0x9c>
   1bba4: 22 e8        	sd	s0, 0x10(sp)
   1bba6: 26 e4        	sd	s1, 0x8(sp)
   1bba8: 2e 84        	mv	s0, a1
   1bbaa: aa 84        	mv	s1, a0
   1bbac: 19 c1        	beqz	a0, 0x1bbb2 <_fclose_r+0x16>
   1bbae: 3c 49        	lw	a5, 0x50(a0)
   1bbb0: d1 cb        	beqz	a5, 0x1bc44 <_fclose_r+0xa8>
   1bbb2: 83 27 04 0b  	lw	a5, 0xb0(s0)
   1bbb6: 03 17 04 01  	lh	a4, 0x10(s0)
   1bbba: 85 8b        	andi	a5, a5, 0x1
   1bbbc: bd eb        	bnez	a5, 0x1bc32 <_fclose_r+0x96>
   1bbbe: 13 77 07 20  	andi	a4, a4, 0x200
   1bbc2: 4d c7        	beqz	a4, 0x1bc6c <_fclose_r+0xd0>
   1bbc4: a2 85        	mv	a1, s0
   1bbc6: 26 85        	mv	a0, s1
   1bbc8: ef 70 5f 8b  	jal	0x1347c <__sflush_r>
   1bbcc: 3c 68        	ld	a5, 0x50(s0)
   1bbce: 2a 89        	mv	s2, a0
   1bbd0: 91 c7        	beqz	a5, 0x1bbdc <_fclose_r+0x40>
   1bbd2: 0c 78        	ld	a1, 0x30(s0)
   1bbd4: 26 85        	mv	a0, s1
   1bbd6: 82 97        	jalr	a5
   1bbd8: 63 4f 05 06  	bltz	a0, 0x1bc56 <_fclose_r+0xba>
   1bbdc: 83 57 04 01  	lhu	a5, 0x10(s0)
   1bbe0: 93 f7 07 08  	andi	a5, a5, 0x80
   1bbe4: bd ef        	bnez	a5, 0x1bc62 <_fclose_r+0xc6>
   1bbe6: 2c 6c        	ld	a1, 0x58(s0)
   1bbe8: 91 c9        	beqz	a1, 0x1bbfc <_fclose_r+0x60>
   1bbea: 93 07 44 07  	addi	a5, s0, 0x74
   1bbee: 63 85 f5 00  	beq	a1, a5, 0x1bbf8 <_fclose_r+0x5c>
   1bbf2: 26 85        	mv	a0, s1
   1bbf4: ef 70 ff f8  	jal	0x13b82 <_free_r>
   1bbf8: 23 3c 04 04  	sd	zero, 0x58(s0)
   1bbfc: 2c 7c        	ld	a1, 0x78(s0)
   1bbfe: 91 c5        	beqz	a1, 0x1bc0a <_fclose_r+0x6e>
   1bc00: 26 85        	mv	a0, s1
   1bc02: ef 70 1f f8  	jal	0x13b82 <_free_r>
   1bc06: 23 3c 04 06  	sd	zero, 0x78(s0)
   1bc0a: ef 70 9f e0  	jal	0x13a12 <__sfp_lock_acquire>
   1bc0e: 83 27 04 0b  	lw	a5, 0xb0(s0)
   1bc12: 23 18 04 00  	sh	zero, 0x10(s0)
   1bc16: 85 8b        	andi	a5, a5, 0x1
   1bc18: b5 cb        	beqz	a5, 0x1bc8c <_fclose_r+0xf0>
   1bc1a: 48 70        	ld	a0, 0xa0(s0)
   1bc1c: ef a0 ff 97  	jal	0x1659a <__retarget_lock_close_recursive>
   1bc20: ef 70 bf df  	jal	0x13a1a <__sfp_lock_release>
   1bc24: e2 60        	ld	ra, 0x18(sp)
   1bc26: 42 64        	ld	s0, 0x10(sp)
   1bc28: a2 64        	ld	s1, 0x8(sp)
   1bc2a: 4a 85        	mv	a0, s2
   1bc2c: 02 69        	ld	s2, 0x0(sp)
   1bc2e: 05 61        	addi	sp, sp, 0x20
   1bc30: 82 80        	ret
   1bc32: 49 fb        	bnez	a4, 0x1bbc4 <_fclose_r+0x28>
   1bc34: 42 64        	ld	s0, 0x10(sp)
   1bc36: a2 64        	ld	s1, 0x8(sp)
   1bc38: e2 60        	ld	ra, 0x18(sp)
   1bc3a: 01 49        	li	s2, 0x0
   1bc3c: 4a 85        	mv	a0, s2
   1bc3e: 02 69        	ld	s2, 0x0(sp)
   1bc40: 05 61        	addi	sp, sp, 0x20
   1bc42: 82 80        	ret
   1bc44: ef 70 1f b9  	jal	0x137d4 <__sinit>
   1bc48: 83 27 04 0b  	lw	a5, 0xb0(s0)
   1bc4c: 03 17 04 01  	lh	a4, 0x10(s0)
   1bc50: 85 8b        	andi	a5, a5, 0x1
   1bc52: e5 f3        	bnez	a5, 0x1bc32 <_fclose_r+0x96>
   1bc54: ad b7        	j	0x1bbbe <_fclose_r+0x22>
   1bc56: 83 57 04 01  	lhu	a5, 0x10(s0)
   1bc5a: 7d 59        	li	s2, -0x1
   1bc5c: 93 f7 07 08  	andi	a5, a5, 0x80
   1bc60: d9 d3        	beqz	a5, 0x1bbe6 <_fclose_r+0x4a>
   1bc62: 0c 6c        	ld	a1, 0x18(s0)
   1bc64: 26 85        	mv	a0, s1
   1bc66: ef 70 df f1  	jal	0x13b82 <_free_r>
   1bc6a: b5 bf        	j	0x1bbe6 <_fclose_r+0x4a>
   1bc6c: 48 70        	ld	a0, 0xa0(s0)
   1bc6e: ef a0 1f 93  	jal	0x1659e <__retarget_lock_acquire_recursive>
   1bc72: 83 17 04 01  	lh	a5, 0x10(s0)
   1bc76: b9 f7        	bnez	a5, 0x1bbc4 <_fclose_r+0x28>
   1bc78: 83 27 04 0b  	lw	a5, 0xb0(s0)
   1bc7c: 85 8b        	andi	a5, a5, 0x1
   1bc7e: dd fb        	bnez	a5, 0x1bc34 <_fclose_r+0x98>
   1bc80: 48 70        	ld	a0, 0xa0(s0)
   1bc82: ef a0 9f 92  	jal	0x165aa <__retarget_lock_release_recursive>
   1bc86: 42 64        	ld	s0, 0x10(sp)
   1bc88: a2 64        	ld	s1, 0x8(sp)
   1bc8a: 7d b7        	j	0x1bc38 <_fclose_r+0x9c>
   1bc8c: 48 70        	ld	a0, 0xa0(s0)
   1bc8e: ef a0 df 91  	jal	0x165aa <__retarget_lock_release_recursive>
   1bc92: 61 b7        	j	0x1bc1a <_fclose_r+0x7e>

000000000001bc94 <fclose>:
   1bc94: aa 85        	mv	a1, a0
   1bc96: 03 b5 81 70  	ld	a0, 0x708(gp)
   1bc9a: 6f f0 3f f0  	j	0x1bb9c <_fclose_r>

000000000001bc9e <_fiprintf_r>:
   1bc9e: 5d 71        	addi	sp, sp, -0x50
   1bca0: 13 03 81 02  	addi	t1, sp, 0x28
   1bca4: 36 f4        	sd	a3, 0x28(sp)
   1bca6: 9a 86        	mv	a3, t1
   1bca8: 06 ec        	sd	ra, 0x18(sp)
   1bcaa: 3a f8        	sd	a4, 0x30(sp)
   1bcac: 3e fc        	sd	a5, 0x38(sp)
   1bcae: c2 e0        	sd	a6, 0x40(sp)
   1bcb0: c6 e4        	sd	a7, 0x48(sp)
   1bcb2: 1a e4        	sd	t1, 0x8(sp)
   1bcb4: ef e0 ff b5  	jal	0x1a812 <_vfiprintf_r>
   1bcb8: e2 60        	ld	ra, 0x18(sp)
   1bcba: 61 61        	addi	sp, sp, 0x50
   1bcbc: 82 80        	ret

000000000001bcbe <fiprintf>:
   1bcbe: 5d 71        	addi	sp, sp, -0x50
   1bcc0: aa 8e        	mv	t4, a0
   1bcc2: 03 b5 81 70  	ld	a0, 0x708(gp)
   1bcc6: 13 03 01 02  	addi	t1, sp, 0x20
   1bcca: 2e 8e        	mv	t3, a1
   1bccc: 32 f0        	sd	a2, 0x20(sp)
   1bcce: 36 f4        	sd	a3, 0x28(sp)
   1bcd0: f6 85        	mv	a1, t4
   1bcd2: 72 86        	mv	a2, t3
   1bcd4: 9a 86        	mv	a3, t1
   1bcd6: 06 ec        	sd	ra, 0x18(sp)
   1bcd8: 3a f8        	sd	a4, 0x30(sp)
   1bcda: 3e fc        	sd	a5, 0x38(sp)
   1bcdc: c2 e0        	sd	a6, 0x40(sp)
   1bcde: c6 e4        	sd	a7, 0x48(sp)
   1bce0: 1a e4        	sd	t1, 0x8(sp)
   1bce2: ef e0 1f b3  	jal	0x1a812 <_vfiprintf_r>
   1bce6: e2 60        	ld	ra, 0x18(sp)
   1bce8: 61 61        	addi	sp, sp, 0x50
   1bcea: 82 80        	ret

000000000001bcec <__fputwc>:
   1bcec: 79 71        	addi	sp, sp, -0x30
   1bcee: 22 f0        	sd	s0, 0x20(sp)
   1bcf0: 26 ec        	sd	s1, 0x18(sp)
   1bcf2: 4a e8        	sd	s2, 0x10(sp)
   1bcf4: 06 f4        	sd	ra, 0x28(sp)
   1bcf6: 2a 89        	mv	s2, a0
   1bcf8: ae 84        	mv	s1, a1
   1bcfa: 32 84        	mv	s0, a2
   1bcfc: ef 00 80 28  	jal	0x1bf84 <__locale_mb_cur_max>
   1bd00: 85 47        	li	a5, 0x1
   1bd02: 63 14 f5 04  	bne	a0, a5, 0x1bd4a <__fputwc+0x5e>
   1bd06: 9b 87 f4 ff  	addiw	a5, s1, -0x1
   1bd0a: 13 07 e0 0f  	li	a4, 0xfe
   1bd0e: 63 6e f7 02  	bltu	a4, a5, 0x1bd4a <__fputwc+0x5e>
   1bd12: 5c 44        	lw	a5, 0xc(s0)
   1bd14: 23 04 91 00  	sb	s1, 0x8(sp)
   1bd18: 83 45 81 00  	lbu	a1, 0x8(sp)
   1bd1c: fd 37        	addiw	a5, a5, -0x1
   1bd1e: 5c c4        	sw	a5, 0xc(s0)
   1bd20: 63 d8 07 00  	bgez	a5, 0x1bd30 <__fputwc+0x44>
   1bd24: 18 54        	lw	a4, 0x28(s0)
   1bd26: 63 cb e7 04  	blt	a5, a4, 0x1bd7c <__fputwc+0x90>
   1bd2a: a9 47        	li	a5, 0xa
   1bd2c: 63 88 f5 04  	beq	a1, a5, 0x1bd7c <__fputwc+0x90>
   1bd30: 1c 60        	ld	a5, 0x0(s0)
   1bd32: 13 87 17 00  	addi	a4, a5, 0x1
   1bd36: 18 e0        	sd	a4, 0x0(s0)
   1bd38: 23 80 b7 00  	sb	a1, 0x0(a5)
   1bd3c: a2 70        	ld	ra, 0x28(sp)
   1bd3e: 02 74        	ld	s0, 0x20(sp)
   1bd40: 42 69        	ld	s2, 0x10(sp)
   1bd42: 26 85        	mv	a0, s1
   1bd44: e2 64        	ld	s1, 0x18(sp)
   1bd46: 45 61        	addi	sp, sp, 0x30
   1bd48: 82 80        	ret
   1bd4a: 93 06 84 0a  	addi	a3, s0, 0xa8
   1bd4e: 26 86        	mv	a2, s1
   1bd50: 2c 00        	addi	a1, sp, 0x8
   1bd52: 4a 85        	mv	a0, s2
   1bd54: ef 10 80 4a  	jal	0x1d1fc <_wcrtomb_r>
   1bd58: fd 57        	li	a5, -0x1
   1bd5a: 63 0f f5 02  	beq	a0, a5, 0x1bd98 <__fputwc+0xac>
   1bd5e: 79 dd        	beqz	a0, 0x1bd3c <__fputwc+0x50>
   1bd60: 5c 44        	lw	a5, 0xc(s0)
   1bd62: 83 45 81 00  	lbu	a1, 0x8(sp)
   1bd66: fd 37        	addiw	a5, a5, -0x1
   1bd68: 5c c4        	sw	a5, 0xc(s0)
   1bd6a: e3 cd 07 fa  	bltz	a5, 0x1bd24 <__fputwc+0x38>
   1bd6e: 1c 60        	ld	a5, 0x0(s0)
   1bd70: 13 87 17 00  	addi	a4, a5, 0x1
   1bd74: 18 e0        	sd	a4, 0x0(s0)
   1bd76: 23 80 b7 00  	sb	a1, 0x0(a5)
   1bd7a: c9 b7        	j	0x1bd3c <__fputwc+0x50>
   1bd7c: 22 86        	mv	a2, s0
   1bd7e: 4a 85        	mv	a0, s2
   1bd80: ef f0 ff b2  	jal	0x1b8ae <__swbuf_r>
   1bd84: fd 57        	li	a5, -0x1
   1bd86: e3 1b f5 fa  	bne	a0, a5, 0x1bd3c <__fputwc+0x50>
   1bd8a: 7d 55        	li	a0, -0x1
   1bd8c: a2 70        	ld	ra, 0x28(sp)
   1bd8e: 02 74        	ld	s0, 0x20(sp)
   1bd90: e2 64        	ld	s1, 0x18(sp)
   1bd92: 42 69        	ld	s2, 0x10(sp)
   1bd94: 45 61        	addi	sp, sp, 0x30
   1bd96: 82 80        	ret
   1bd98: 83 57 04 01  	lhu	a5, 0x10(s0)
   1bd9c: 7d 55        	li	a0, -0x1
   1bd9e: 93 e7 07 04  	ori	a5, a5, 0x40
   1bda2: 23 18 f4 00  	sh	a5, 0x10(s0)
   1bda6: dd b7        	j	0x1bd8c <__fputwc+0xa0>

000000000001bda8 <_fputwc_r>:
   1bda8: 83 27 06 0b  	lw	a5, 0xb0(a2)
   1bdac: 79 71        	addi	sp, sp, -0x30
   1bdae: 22 f0        	sd	s0, 0x20(sp)
   1bdb0: 26 ec        	sd	s1, 0x18(sp)
   1bdb2: 13 f7 17 00  	andi	a4, a5, 0x1
   1bdb6: 06 f4        	sd	ra, 0x28(sp)
   1bdb8: 83 17 06 01  	lh	a5, 0x10(a2)
   1bdbc: 32 84        	mv	s0, a2
   1bdbe: aa 84        	mv	s1, a0
   1bdc0: 01 e7        	bnez	a4, 0x1bdc8 <_fputwc_r+0x20>
   1bdc2: 13 f7 07 20  	andi	a4, a5, 0x200
   1bdc6: 21 cf        	beqz	a4, 0x1be1e <_fputwc_r+0x76>
   1bdc8: 13 97 27 03  	slli	a4, a5, 0x32
   1bdcc: 89 66        	lui	a3, 0x2
   1bdce: 63 4b 07 00  	bltz	a4, 0x1bde4 <_fputwc_r+0x3c>
   1bdd2: 03 27 04 0b  	lw	a4, 0xb0(s0)
   1bdd6: d5 8f        	or	a5, a5, a3
   1bdd8: 23 18 f4 00  	sh	a5, 0x10(s0)
   1bddc: b3 67 d7 00  	or	a5, a4, a3
   1bde0: 23 28 f4 0a  	sw	a5, 0xb0(s0)
   1bde4: 26 85        	mv	a0, s1
   1bde6: 22 86        	mv	a2, s0
   1bde8: ef f0 5f f0  	jal	0x1bcec <__fputwc>
   1bdec: 83 27 04 0b  	lw	a5, 0xb0(s0)
   1bdf0: aa 84        	mv	s1, a0
   1bdf2: 85 8b        	andi	a5, a5, 0x1
   1bdf4: 91 e7        	bnez	a5, 0x1be00 <_fputwc_r+0x58>
   1bdf6: 83 57 04 01  	lhu	a5, 0x10(s0)
   1bdfa: 93 f7 07 20  	andi	a5, a5, 0x200
   1bdfe: 99 c7        	beqz	a5, 0x1be0c <_fputwc_r+0x64>
   1be00: a2 70        	ld	ra, 0x28(sp)
   1be02: 02 74        	ld	s0, 0x20(sp)
   1be04: 26 85        	mv	a0, s1
   1be06: e2 64        	ld	s1, 0x18(sp)
   1be08: 45 61        	addi	sp, sp, 0x30
   1be0a: 82 80        	ret
   1be0c: 48 70        	ld	a0, 0xa0(s0)
   1be0e: ef a0 cf f9  	jal	0x165aa <__retarget_lock_release_recursive>
   1be12: a2 70        	ld	ra, 0x28(sp)
   1be14: 02 74        	ld	s0, 0x20(sp)
   1be16: 26 85        	mv	a0, s1
   1be18: e2 64        	ld	s1, 0x18(sp)
   1be1a: 45 61        	addi	sp, sp, 0x30
   1be1c: 82 80        	ret
   1be1e: 48 72        	ld	a0, 0xa0(a2)
   1be20: 2e e4        	sd	a1, 0x8(sp)
   1be22: ef a0 cf f7  	jal	0x1659e <__retarget_lock_acquire_recursive>
   1be26: 83 17 04 01  	lh	a5, 0x10(s0)
   1be2a: a2 65        	ld	a1, 0x8(sp)
   1be2c: 71 bf        	j	0x1bdc8 <_fputwc_r+0x20>

000000000001be2e <fputwc>:
   1be2e: 79 71        	addi	sp, sp, -0x30
   1be30: 26 ec        	sd	s1, 0x18(sp)
   1be32: 83 b4 81 70  	ld	s1, 0x708(gp)
   1be36: 22 f0        	sd	s0, 0x20(sp)
   1be38: 06 f4        	sd	ra, 0x28(sp)
   1be3a: 2e 84        	mv	s0, a1
   1be3c: aa 85        	mv	a1, a0
   1be3e: 99 c0        	beqz	s1, 0x1be44 <fputwc+0x16>
   1be40: bc 48        	lw	a5, 0x50(s1)
   1be42: a1 cf        	beqz	a5, 0x1be9a <fputwc+0x6c>
   1be44: 03 27 04 0b  	lw	a4, 0xb0(s0)
   1be48: 83 17 04 01  	lh	a5, 0x10(s0)
   1be4c: 05 8b        	andi	a4, a4, 0x1
   1be4e: 01 e7        	bnez	a4, 0x1be56 <fputwc+0x28>
   1be50: 13 f7 07 20  	andi	a4, a5, 0x200
   1be54: 35 c3        	beqz	a4, 0x1beb8 <fputwc+0x8a>
   1be56: 13 97 27 03  	slli	a4, a5, 0x32
   1be5a: 89 66        	lui	a3, 0x2
   1be5c: 63 4b 07 00  	bltz	a4, 0x1be72 <fputwc+0x44>
   1be60: 03 27 04 0b  	lw	a4, 0xb0(s0)
   1be64: d5 8f        	or	a5, a5, a3
   1be66: 23 18 f4 00  	sh	a5, 0x10(s0)
   1be6a: b3 67 d7 00  	or	a5, a4, a3
   1be6e: 23 28 f4 0a  	sw	a5, 0xb0(s0)
   1be72: 26 85        	mv	a0, s1
   1be74: 22 86        	mv	a2, s0
   1be76: ef f0 7f e7  	jal	0x1bcec <__fputwc>
   1be7a: 83 27 04 0b  	lw	a5, 0xb0(s0)
   1be7e: aa 84        	mv	s1, a0
   1be80: 85 8b        	andi	a5, a5, 0x1
   1be82: 91 e7        	bnez	a5, 0x1be8e <fputwc+0x60>
   1be84: 83 57 04 01  	lhu	a5, 0x10(s0)
   1be88: 93 f7 07 20  	andi	a5, a5, 0x200
   1be8c: 89 cf        	beqz	a5, 0x1bea6 <fputwc+0x78>
   1be8e: a2 70        	ld	ra, 0x28(sp)
   1be90: 02 74        	ld	s0, 0x20(sp)
   1be92: 26 85        	mv	a0, s1
   1be94: e2 64        	ld	s1, 0x18(sp)
   1be96: 45 61        	addi	sp, sp, 0x30
   1be98: 82 80        	ret
   1be9a: 2a e4        	sd	a0, 0x8(sp)
   1be9c: 26 85        	mv	a0, s1
   1be9e: ef 70 7f 93  	jal	0x137d4 <__sinit>
   1bea2: a2 65        	ld	a1, 0x8(sp)
   1bea4: 45 b7        	j	0x1be44 <fputwc+0x16>
   1bea6: 48 70        	ld	a0, 0xa0(s0)
   1bea8: ef a0 2f f0  	jal	0x165aa <__retarget_lock_release_recursive>
   1beac: a2 70        	ld	ra, 0x28(sp)
   1beae: 02 74        	ld	s0, 0x20(sp)
   1beb0: 26 85        	mv	a0, s1
   1beb2: e2 64        	ld	s1, 0x18(sp)
   1beb4: 45 61        	addi	sp, sp, 0x30
   1beb6: 82 80        	ret
   1beb8: 48 70        	ld	a0, 0xa0(s0)
   1beba: 2e e4        	sd	a1, 0x8(sp)
   1bebc: ef a0 2f ee  	jal	0x1659e <__retarget_lock_acquire_recursive>
   1bec0: 83 17 04 01  	lh	a5, 0x10(s0)
   1bec4: a2 65        	ld	a1, 0x8(sp)
   1bec6: 41 bf        	j	0x1be56 <fputwc+0x28>

000000000001bec8 <_fstat_r>:
   1bec8: 41 11        	addi	sp, sp, -0x10
   1beca: 2e 87        	mv	a4, a1
   1becc: 22 e0        	sd	s0, 0x0(sp)
   1bece: b2 85        	mv	a1, a2
   1bed0: 2a 84        	mv	s0, a0
   1bed2: 3a 85        	mv	a0, a4
   1bed4: 23 a4 01 78  	sw	zero, 0x788(gp)
   1bed8: 06 e4        	sd	ra, 0x8(sp)
   1beda: ef 10 40 7c  	jal	0x1d69e <_fstat>
   1bede: fd 57        	li	a5, -0x1
   1bee0: 63 06 f5 00  	beq	a0, a5, 0x1beec <_fstat_r+0x24>
   1bee4: a2 60        	ld	ra, 0x8(sp)
   1bee6: 02 64        	ld	s0, 0x0(sp)
   1bee8: 41 01        	addi	sp, sp, 0x10
   1beea: 82 80        	ret
   1beec: 83 a7 81 78  	lw	a5, 0x788(gp)
   1bef0: f5 db        	beqz	a5, 0x1bee4 <_fstat_r+0x1c>
   1bef2: a2 60        	ld	ra, 0x8(sp)
   1bef4: 1c c0        	sw	a5, 0x0(s0)
   1bef6: 02 64        	ld	s0, 0x0(sp)
   1bef8: 41 01        	addi	sp, sp, 0x10
   1befa: 82 80        	ret

000000000001befc <_isatty_r>:
   1befc: 41 11        	addi	sp, sp, -0x10
   1befe: 22 e0        	sd	s0, 0x0(sp)
   1bf00: 2a 84        	mv	s0, a0
   1bf02: 2e 85        	mv	a0, a1
   1bf04: 23 a4 01 78  	sw	zero, 0x788(gp)
   1bf08: 06 e4        	sd	ra, 0x8(sp)
   1bf0a: ef 10 70 01  	jal	0x1d720 <_isatty>
   1bf0e: fd 57        	li	a5, -0x1
   1bf10: 63 06 f5 00  	beq	a0, a5, 0x1bf1c <_isatty_r+0x20>
   1bf14: a2 60        	ld	ra, 0x8(sp)
   1bf16: 02 64        	ld	s0, 0x0(sp)
   1bf18: 41 01        	addi	sp, sp, 0x10
   1bf1a: 82 80        	ret
   1bf1c: 83 a7 81 78  	lw	a5, 0x788(gp)
   1bf20: f5 db        	beqz	a5, 0x1bf14 <_isatty_r+0x18>
   1bf22: a2 60        	ld	ra, 0x8(sp)
   1bf24: 1c c0        	sw	a5, 0x0(s0)
   1bf26: 02 64        	ld	s0, 0x0(sp)
   1bf28: 41 01        	addi	sp, sp, 0x10
   1bf2a: 82 80        	ret

000000000001bf2c <_setlocale_r>:
   1bf2c: 0d c6        	beqz	a2, 0x1bf56 <_setlocale_r+0x2a>
   1bf2e: 41 11        	addi	sp, sp, -0x10
   1bf30: 97 35 00 00  	auipc	a1, 0x3
   1bf34: 93 85 85 21  	addi	a1, a1, 0x218
   1bf38: 32 85        	mv	a0, a2
   1bf3a: 22 e0        	sd	s0, 0x0(sp)
   1bf3c: 06 e4        	sd	ra, 0x8(sp)
   1bf3e: 32 84        	mv	s0, a2
   1bf40: ef 00 40 15  	jal	0x1c094 <strcmp>
   1bf44: 11 ed        	bnez	a0, 0x1bf60 <_setlocale_r+0x34>
   1bf46: 17 35 00 00  	auipc	a0, 0x3
   1bf4a: 13 05 a5 1f  	addi	a0, a0, 0x1fa
   1bf4e: a2 60        	ld	ra, 0x8(sp)
   1bf50: 02 64        	ld	s0, 0x0(sp)
   1bf52: 41 01        	addi	sp, sp, 0x10
   1bf54: 82 80        	ret
   1bf56: 17 35 00 00  	auipc	a0, 0x3
   1bf5a: 13 05 a5 1e  	addi	a0, a0, 0x1ea
   1bf5e: 82 80        	ret
   1bf60: 97 35 00 00  	auipc	a1, 0x3
   1bf64: 93 85 05 1e  	addi	a1, a1, 0x1e0
   1bf68: 22 85        	mv	a0, s0
   1bf6a: ef 00 a0 12  	jal	0x1c094 <strcmp>
   1bf6e: 61 dd        	beqz	a0, 0x1bf46 <_setlocale_r+0x1a>
   1bf70: 22 85        	mv	a0, s0
   1bf72: 97 35 00 00  	auipc	a1, 0x3
   1bf76: 93 85 e5 0e  	addi	a1, a1, 0xee
   1bf7a: ef 00 a0 11  	jal	0x1c094 <strcmp>
   1bf7e: 61 d5        	beqz	a0, 0x1bf46 <_setlocale_r+0x1a>
   1bf80: 01 45        	li	a0, 0x0
   1bf82: f1 b7        	j	0x1bf4e <_setlocale_r+0x22>

000000000001bf84 <__locale_mb_cur_max>:
   1bf84: 03 c5 01 61  	lbu	a0, 0x610(gp)
   1bf88: 82 80        	ret

000000000001bf8a <setlocale>:
   1bf8a: 8d c5        	beqz	a1, 0x1bfb4 <setlocale+0x2a>
   1bf8c: 41 11        	addi	sp, sp, -0x10
   1bf8e: 22 e0        	sd	s0, 0x0(sp)
   1bf90: 2e 84        	mv	s0, a1
   1bf92: 22 85        	mv	a0, s0
   1bf94: 97 35 00 00  	auipc	a1, 0x3
   1bf98: 93 85 45 1b  	addi	a1, a1, 0x1b4
   1bf9c: 06 e4        	sd	ra, 0x8(sp)
   1bf9e: ef 00 60 0f  	jal	0x1c094 <strcmp>
   1bfa2: 11 ed        	bnez	a0, 0x1bfbe <setlocale+0x34>
   1bfa4: 17 35 00 00  	auipc	a0, 0x3
   1bfa8: 13 05 c5 19  	addi	a0, a0, 0x19c
   1bfac: a2 60        	ld	ra, 0x8(sp)
   1bfae: 02 64        	ld	s0, 0x0(sp)
   1bfb0: 41 01        	addi	sp, sp, 0x10
   1bfb2: 82 80        	ret
   1bfb4: 17 35 00 00  	auipc	a0, 0x3
   1bfb8: 13 05 c5 18  	addi	a0, a0, 0x18c
   1bfbc: 82 80        	ret
   1bfbe: 97 35 00 00  	auipc	a1, 0x3
   1bfc2: 93 85 25 18  	addi	a1, a1, 0x182
   1bfc6: 22 85        	mv	a0, s0
   1bfc8: ef 00 c0 0c  	jal	0x1c094 <strcmp>
   1bfcc: 61 dd        	beqz	a0, 0x1bfa4 <setlocale+0x1a>
   1bfce: 22 85        	mv	a0, s0
   1bfd0: 97 35 00 00  	auipc	a1, 0x3
   1bfd4: 93 85 05 09  	addi	a1, a1, 0x90
   1bfd8: ef 00 c0 0b  	jal	0x1c094 <strcmp>
   1bfdc: 61 d5        	beqz	a0, 0x1bfa4 <setlocale+0x1a>
   1bfde: 01 45        	li	a0, 0x0
   1bfe0: f1 b7        	j	0x1bfac <setlocale+0x22>

000000000001bfe2 <_lseek_r>:
   1bfe2: 41 11        	addi	sp, sp, -0x10
   1bfe4: 2e 87        	mv	a4, a1
   1bfe6: 22 e0        	sd	s0, 0x0(sp)
   1bfe8: b2 85        	mv	a1, a2
   1bfea: 2a 84        	mv	s0, a0
   1bfec: 36 86        	mv	a2, a3
   1bfee: 3a 85        	mv	a0, a4
   1bff0: 23 a4 01 78  	sw	zero, 0x788(gp)
   1bff4: 06 e4        	sd	ra, 0x8(sp)
   1bff6: ef 10 40 76  	jal	0x1d75a <_lseek>
   1bffa: fd 57        	li	a5, -0x1
   1bffc: 63 06 f5 00  	beq	a0, a5, 0x1c008 <_lseek_r+0x26>
   1c000: a2 60        	ld	ra, 0x8(sp)
   1c002: 02 64        	ld	s0, 0x0(sp)
   1c004: 41 01        	addi	sp, sp, 0x10
   1c006: 82 80        	ret
   1c008: 83 a7 81 78  	lw	a5, 0x788(gp)
   1c00c: f5 db        	beqz	a5, 0x1c000 <_lseek_r+0x1e>
   1c00e: a2 60        	ld	ra, 0x8(sp)
   1c010: 1c c0        	sw	a5, 0x0(s0)
   1c012: 02 64        	ld	s0, 0x0(sp)
   1c014: 41 01        	addi	sp, sp, 0x10
   1c016: 82 80        	ret

000000000001c018 <_mbtowc_r>:
   1c018: 83 b7 81 59  	ld	a5, 0x598(gp)
   1c01c: 82 87        	jr	a5

000000000001c01e <__ascii_mbtowc>:
   1c01e: 99 c9        	beqz	a1, 0x1c034 <__ascii_mbtowc+0x16>
   1c020: 1d c6        	beqz	a2, 0x1c04e <__ascii_mbtowc+0x30>
   1c022: 95 ca        	beqz	a3, 0x1c056 <__ascii_mbtowc+0x38>
   1c024: 83 47 06 00  	lbu	a5, 0x0(a2)
   1c028: 9c c1        	sw	a5, 0x0(a1)
   1c02a: 03 45 06 00  	lbu	a0, 0x0(a2)
   1c02e: 33 35 a0 00  	snez	a0, a0
   1c032: 82 80        	ret
   1c034: 41 11        	addi	sp, sp, -0x10
   1c036: 6c 00        	addi	a1, sp, 0xc
   1c038: 09 ce        	beqz	a2, 0x1c052 <__ascii_mbtowc+0x34>
   1c03a: 85 c2        	beqz	a3, 0x1c05a <__ascii_mbtowc+0x3c>
   1c03c: 83 47 06 00  	lbu	a5, 0x0(a2)
   1c040: 9c c1        	sw	a5, 0x0(a1)
   1c042: 03 45 06 00  	lbu	a0, 0x0(a2)
   1c046: 33 35 a0 00  	snez	a0, a0
   1c04a: 41 01        	addi	sp, sp, 0x10
   1c04c: 82 80        	ret
   1c04e: 01 45        	li	a0, 0x0
   1c050: 82 80        	ret
   1c052: 01 45        	li	a0, 0x0
   1c054: dd bf        	j	0x1c04a <__ascii_mbtowc+0x2c>
   1c056: 79 55        	li	a0, -0x2
   1c058: 82 80        	ret
   1c05a: 79 55        	li	a0, -0x2
   1c05c: fd b7        	j	0x1c04a <__ascii_mbtowc+0x2c>

000000000001c05e <_read_r>:
   1c05e: 41 11        	addi	sp, sp, -0x10
   1c060: 2e 87        	mv	a4, a1
   1c062: 22 e0        	sd	s0, 0x0(sp)
   1c064: b2 85        	mv	a1, a2
   1c066: 2a 84        	mv	s0, a0
   1c068: 36 86        	mv	a2, a3
   1c06a: 3a 85        	mv	a0, a4
   1c06c: 23 a4 01 78  	sw	zero, 0x788(gp)
   1c070: 06 e4        	sd	ra, 0x8(sp)
   1c072: ef 10 a0 71  	jal	0x1d78c <_read>
   1c076: fd 57        	li	a5, -0x1
   1c078: 63 06 f5 00  	beq	a0, a5, 0x1c084 <_read_r+0x26>
   1c07c: a2 60        	ld	ra, 0x8(sp)
   1c07e: 02 64        	ld	s0, 0x0(sp)
   1c080: 41 01        	addi	sp, sp, 0x10
   1c082: 82 80        	ret
   1c084: 83 a7 81 78  	lw	a5, 0x788(gp)
   1c088: f5 db        	beqz	a5, 0x1c07c <_read_r+0x1e>
   1c08a: a2 60        	ld	ra, 0x8(sp)
   1c08c: 1c c0        	sw	a5, 0x0(s0)
   1c08e: 02 64        	ld	s0, 0x0(sp)
   1c090: 41 01        	addi	sp, sp, 0x10
   1c092: 82 80        	ret

000000000001c094 <strcmp>:
   1c094: 33 67 b5 00  	or	a4, a0, a1
   1c098: fd 53        	li	t2, -0x1
   1c09a: 1d 8b        	andi	a4, a4, 0x7
   1c09c: 4d eb        	bnez	a4, 0x1c14e <strcmp+0xba>
   1c09e: 97 57 00 00  	auipc	a5, 0x5
   1c0a2: 83 b7 27 0c  	ld	a5, 0xc2(a5)
   1c0a6: 10 61        	ld	a2, 0x0(a0)
   1c0a8: 94 61        	ld	a3, 0x0(a1)
   1c0aa: b3 72 f6 00  	and	t0, a2, a5
   1c0ae: 33 63 f6 00  	or	t1, a2, a5
   1c0b2: be 92        	add	t0, t0, a5
   1c0b4: b3 e2 62 00  	or	t0, t0, t1
   1c0b8: 63 99 72 0a  	bne	t0, t2, 0x1c16a <strcmp+0xd6>
   1c0bc: 63 1e d6 02  	bne	a2, a3, 0x1c0f8 <strcmp+0x64>
   1c0c0: 10 65        	ld	a2, 0x8(a0)
   1c0c2: 94 65        	ld	a3, 0x8(a1)
   1c0c4: b3 72 f6 00  	and	t0, a2, a5
   1c0c8: 33 63 f6 00  	or	t1, a2, a5
   1c0cc: be 92        	add	t0, t0, a5
   1c0ce: b3 e2 62 00  	or	t0, t0, t1
   1c0d2: 63 9a 72 08  	bne	t0, t2, 0x1c166 <strcmp+0xd2>
   1c0d6: 63 11 d6 02  	bne	a2, a3, 0x1c0f8 <strcmp+0x64>
   1c0da: 10 69        	ld	a2, 0x10(a0)
   1c0dc: 94 69        	ld	a3, 0x10(a1)
   1c0de: b3 72 f6 00  	and	t0, a2, a5
   1c0e2: 33 63 f6 00  	or	t1, a2, a5
   1c0e6: be 92        	add	t0, t0, a5
   1c0e8: b3 e2 62 00  	or	t0, t0, t1
   1c0ec: 63 93 72 08  	bne	t0, t2, 0x1c172 <strcmp+0xde>
   1c0f0: 61 05        	addi	a0, a0, 0x18
   1c0f2: e1 05        	addi	a1, a1, 0x18
   1c0f4: e3 09 d6 fa  	beq	a2, a3, 0x1c0a6 <strcmp+0x12>
   1c0f8: 13 17 06 03  	slli	a4, a2, 0x30
   1c0fc: 93 97 06 03  	slli	a5, a3, 0x30
   1c100: 63 18 f7 02  	bne	a4, a5, 0x1c130 <strcmp+0x9c>
   1c104: 13 17 06 02  	slli	a4, a2, 0x20
   1c108: 93 97 06 02  	slli	a5, a3, 0x20
   1c10c: 63 12 f7 02  	bne	a4, a5, 0x1c130 <strcmp+0x9c>
   1c110: 13 17 06 01  	slli	a4, a2, 0x10
   1c114: 93 97 06 01  	slli	a5, a3, 0x10
   1c118: 63 1c f7 00  	bne	a4, a5, 0x1c130 <strcmp+0x9c>
   1c11c: 13 57 06 03  	srli	a4, a2, 0x30
   1c120: 93 d7 06 03  	srli	a5, a3, 0x30
   1c124: 33 05 f7 40  	sub	a0, a4, a5
   1c128: 93 75 f5 0f  	andi	a1, a0, 0xff
   1c12c: 91 e9        	bnez	a1, 0x1c140 <strcmp+0xac>
   1c12e: 82 80        	ret
   1c130: 41 93        	srli	a4, a4, 0x30
   1c132: c1 93        	srli	a5, a5, 0x30
   1c134: 33 05 f7 40  	sub	a0, a4, a5
   1c138: 93 75 f5 0f  	andi	a1, a0, 0xff
   1c13c: 91 e1        	bnez	a1, 0x1c140 <strcmp+0xac>
   1c13e: 82 80        	ret
   1c140: 13 77 f7 0f  	andi	a4, a4, 0xff
   1c144: 93 f7 f7 0f  	andi	a5, a5, 0xff
   1c148: 33 05 f7 40  	sub	a0, a4, a5
   1c14c: 82 80        	ret
   1c14e: 03 46 05 00  	lbu	a2, 0x0(a0)
   1c152: 83 c6 05 00  	lbu	a3, 0x0(a1)
   1c156: 05 05        	addi	a0, a0, 0x1
   1c158: 85 05        	addi	a1, a1, 0x1
   1c15a: 63 13 d6 00  	bne	a2, a3, 0x1c160 <strcmp+0xcc>
   1c15e: 65 fa        	bnez	a2, 0x1c14e <strcmp+0xba>
   1c160: 33 05 d6 40  	sub	a0, a2, a3
   1c164: 82 80        	ret
   1c166: 21 05        	addi	a0, a0, 0x8
   1c168: a1 05        	addi	a1, a1, 0x8
   1c16a: e3 12 d6 fe  	bne	a2, a3, 0x1c14e <strcmp+0xba>
   1c16e: 01 45        	li	a0, 0x0
   1c170: 82 80        	ret
   1c172: 41 05        	addi	a0, a0, 0x10
   1c174: c1 05        	addi	a1, a1, 0x10
   1c176: e3 1c d6 fc  	bne	a2, a3, 0x1c14e <strcmp+0xba>
   1c17a: 01 45        	li	a0, 0x0
   1c17c: 82 80        	ret

000000000001c17e <__ssprint_r>:
   1c17e: 1c 6a        	ld	a5, 0x10(a2)
   1c180: 5d 71        	addi	sp, sp, -0x50
   1c182: 56 ec        	sd	s5, 0x18(sp)
   1c184: 86 e4        	sd	ra, 0x48(sp)
   1c186: b2 8a        	mv	s5, a2
   1c188: bd c7        	beqz	a5, 0x1c1f6 <__ssprint_r+0x78>
   1c18a: 4e f4        	sd	s3, 0x28(sp)
   1c18c: 9c 61        	ld	a5, 0x0(a1)
   1c18e: 83 39 06 00  	ld	s3, 0x0(a2)
   1c192: a2 e0        	sd	s0, 0x40(sp)
   1c194: 26 fc        	sd	s1, 0x38(sp)
   1c196: 52 f0        	sd	s4, 0x20(sp)
   1c198: 5a e8        	sd	s6, 0x10(sp)
   1c19a: 4a f8        	sd	s2, 0x30(sp)
   1c19c: 5e e4        	sd	s7, 0x8(sp)
   1c19e: 62 e0        	sd	s8, 0x0(sp)
   1c1a0: 2a 8b        	mv	s6, a0
   1c1a2: ae 84        	mv	s1, a1
   1c1a4: 01 4a        	li	s4, 0x0
   1c1a6: 01 44        	li	s0, 0x0
   1c1a8: 31 cc        	beqz	s0, 0x1c204 <__ssprint_r+0x86>
   1c1aa: 03 a9 c4 00  	lw	s2, 0xc(s1)
   1c1ae: 63 71 24 07  	bgeu	s0, s2, 0x1c210 <__ssprint_r+0x92>
   1c1b2: 1b 07 04 00  	sext.w	a4, s0
   1c1b6: 3a 89        	mv	s2, a4
   1c1b8: 3e 85        	mv	a0, a5
   1c1ba: ba 8b        	mv	s7, a4
   1c1bc: d2 85        	mv	a1, s4
   1c1be: 4a 86        	mv	a2, s2
   1c1c0: ef a0 3f d3  	jal	0x16ef2 <memmove>
   1c1c4: d4 44        	lw	a3, 0xc(s1)
   1c1c6: 9c 60        	ld	a5, 0x0(s1)
   1c1c8: 03 b7 0a 01  	ld	a4, 0x10(s5)
   1c1cc: bb 86 26 41  	subw	a3, a3, s2
   1c1d0: ca 97        	add	a5, a5, s2
   1c1d2: d4 c4        	sw	a3, 0xc(s1)
   1c1d4: 9c e0        	sd	a5, 0x0(s1)
   1c1d6: 33 07 77 41  	sub	a4, a4, s7
   1c1da: 23 b8 ea 00  	sd	a4, 0x10(s5)
   1c1de: 5e 9a        	add	s4, s4, s7
   1c1e0: 33 04 74 41  	sub	s0, s0, s7
   1c1e4: 71 f3        	bnez	a4, 0x1c1a8 <__ssprint_r+0x2a>
   1c1e6: 06 64        	ld	s0, 0x40(sp)
   1c1e8: e2 74        	ld	s1, 0x38(sp)
   1c1ea: 42 79        	ld	s2, 0x30(sp)
   1c1ec: a2 79        	ld	s3, 0x28(sp)
   1c1ee: 02 7a        	ld	s4, 0x20(sp)
   1c1f0: 42 6b        	ld	s6, 0x10(sp)
   1c1f2: a2 6b        	ld	s7, 0x8(sp)
   1c1f4: 02 6c        	ld	s8, 0x0(sp)
   1c1f6: a6 60        	ld	ra, 0x48(sp)
   1c1f8: 23 a4 0a 00  	sw	zero, 0x8(s5)
   1c1fc: 01 45        	li	a0, 0x0
   1c1fe: e2 6a        	ld	s5, 0x18(sp)
   1c200: 61 61        	addi	sp, sp, 0x50
   1c202: 82 80        	ret
   1c204: 03 ba 09 00  	ld	s4, 0x0(s3)
   1c208: 03 b4 89 00  	ld	s0, 0x8(s3)
   1c20c: c1 09        	addi	s3, s3, 0x10
   1c20e: 69 bf        	j	0x1c1a8 <__ssprint_r+0x2a>
   1c210: 03 97 04 01  	lh	a4, 0x10(s1)
   1c214: 3e 85        	mv	a0, a5
   1c216: 9b 0b 04 00  	sext.w	s7, s0
   1c21a: 93 76 07 48  	andi	a3, a4, 0x480
   1c21e: d9 de        	beqz	a3, 0x1c1bc <__ssprint_r+0x3e>
   1c220: 90 50        	lw	a2, 0x20(s1)
   1c222: 8c 6c        	ld	a1, 0x18(s1)
   1c224: 9b 16 16 00  	slliw	a3, a2, 0x1
   1c228: b1 9e        	addw	a3, a3, a2
   1c22a: 8d 8f        	sub	a5, a5, a1
   1c22c: 1b d9 f6 01  	srliw	s2, a3, 0x1f
   1c230: 9b 8b 07 00  	sext.w	s7, a5
   1c234: 3b 09 d9 00  	addw	s2, s2, a3
   1c238: 93 86 1b 00  	addi	a3, s7, 0x1
   1c23c: 1b 59 19 40  	sraiw	s2, s2, 0x1
   1c240: a2 96        	add	a3, a3, s0
   1c242: 63 75 d9 00  	bgeu	s2, a3, 0x1c24c <__ssprint_r+0xce>
   1c246: 85 27        	addiw	a5, a5, 0x1
   1c248: 3b 89 87 00  	addw	s2, a5, s0
   1c24c: 13 77 07 40  	andi	a4, a4, 0x400
   1c250: 31 c7        	beqz	a4, 0x1c29c <__ssprint_r+0x11e>
   1c252: ca 85        	mv	a1, s2
   1c254: 5a 85        	mv	a0, s6
   1c256: ef a0 0f cf  	jal	0x16746 <_malloc_r>
   1c25a: 2a 8c        	mv	s8, a0
   1c25c: 31 c9        	beqz	a0, 0x1c2b0 <__ssprint_r+0x132>
   1c25e: 8c 6c        	ld	a1, 0x18(s1)
   1c260: 5e 86        	mv	a2, s7
   1c262: ef a0 3f bd  	jal	0x16e34 <memcpy>
   1c266: 83 d7 04 01  	lhu	a5, 0x10(s1)
   1c26a: 93 f7 f7 b7  	andi	a5, a5, -0x481
   1c26e: 93 e7 07 08  	ori	a5, a5, 0x80
   1c272: 23 98 f4 00  	sh	a5, 0x10(s1)
   1c276: 33 05 7c 01  	add	a0, s8, s7
   1c27a: bb 0b 79 41  	subw	s7, s2, s7
   1c27e: 1b 07 04 00  	sext.w	a4, s0
   1c282: 23 a6 74 01  	sw	s7, 0xc(s1)
   1c286: 23 a0 24 03  	sw	s2, 0x20(s1)
   1c28a: 23 bc 84 01  	sd	s8, 0x18(s1)
   1c28e: 88 e0        	sd	a0, 0x0(s1)
   1c290: 3a 89        	mv	s2, a4
   1c292: ba 8b        	mv	s7, a4
   1c294: aa 87        	mv	a5, a0
   1c296: e3 73 e4 f2  	bgeu	s0, a4, 0x1c1bc <__ssprint_r+0x3e>
   1c29a: 31 bf        	j	0x1c1b6 <__ssprint_r+0x38>
   1c29c: 4a 86        	mv	a2, s2
   1c29e: 5a 85        	mv	a0, s6
   1c2a0: ef b0 5f bb  	jal	0x17e54 <_realloc_r>
   1c2a4: 2a 8c        	mv	s8, a0
   1c2a6: 61 f9        	bnez	a0, 0x1c276 <__ssprint_r+0xf8>
   1c2a8: 8c 6c        	ld	a1, 0x18(s1)
   1c2aa: 5a 85        	mv	a0, s6
   1c2ac: ef 70 7f 8d  	jal	0x13b82 <_free_r>
   1c2b0: 83 d7 04 01  	lhu	a5, 0x10(s1)
   1c2b4: 31 47        	li	a4, 0xc
   1c2b6: 23 20 eb 00  	sw	a4, 0x0(s6)
   1c2ba: 06 64        	ld	s0, 0x40(sp)
   1c2bc: a6 60        	ld	ra, 0x48(sp)
   1c2be: 93 e7 07 04  	ori	a5, a5, 0x40
   1c2c2: 23 98 f4 00  	sh	a5, 0x10(s1)
   1c2c6: 42 79        	ld	s2, 0x30(sp)
   1c2c8: e2 74        	ld	s1, 0x38(sp)
   1c2ca: a2 79        	ld	s3, 0x28(sp)
   1c2cc: 02 7a        	ld	s4, 0x20(sp)
   1c2ce: 42 6b        	ld	s6, 0x10(sp)
   1c2d0: a2 6b        	ld	s7, 0x8(sp)
   1c2d2: 02 6c        	ld	s8, 0x0(sp)
   1c2d4: 23 b8 0a 00  	sd	zero, 0x10(s5)
   1c2d8: 23 a4 0a 00  	sw	zero, 0x8(s5)
   1c2dc: 7d 55        	li	a0, -0x1
   1c2de: e2 6a        	ld	s5, 0x18(sp)
   1c2e0: 61 61        	addi	sp, sp, 0x50
   1c2e2: 82 80        	ret

000000000001c2e4 <_svfiprintf_r>:
   1c2e4: 83 d7 05 01  	lhu	a5, 0x10(a1)
   1c2e8: 05 71        	addi	sp, sp, -0x1e0
   1c2ea: 5a f3        	sd	s6, 0x1a0(sp)
   1c2ec: 66 e7        	sd	s9, 0x188(sp)
   1c2ee: 86 ef        	sd	ra, 0x1d8(sp)
   1c2f0: 93 f7 07 08  	andi	a5, a5, 0x80
   1c2f4: 2a e0        	sd	a0, 0x0(sp)
   1c2f6: 2e 8b        	mv	s6, a1
   1c2f8: 32 87        	mv	a4, a2
   1c2fa: b6 8c        	mv	s9, a3
   1c2fc: 81 c7        	beqz	a5, 0x1c304 <_svfiprintf_r+0x20>
   1c2fe: 9c 6d        	ld	a5, 0x18(a1)
   1c300: e3 85 07 38  	beqz	a5, 0x1ce8a <_svfiprintf_r+0xba6>
   1c304: a2 eb        	sd	s0, 0x1d0(sp)
   1c306: a6 e7        	sd	s1, 0x1c8(sp)
   1c308: ca e3        	sd	s2, 0x1c0(sp)
   1c30a: 4e ff        	sd	s3, 0x1b8(sp)
   1c30c: 52 fb        	sd	s4, 0x1b0(sp)
   1c30e: 56 f7        	sd	s5, 0x1a8(sp)
   1c310: 5e ef        	sd	s7, 0x198(sp)
   1c312: 62 eb        	sd	s8, 0x190(sp)
   1c314: 6a e3        	sd	s10, 0x180(sp)
   1c316: ee fe        	sd	s11, 0x178(sp)
   1c318: 93 0b 01 0f  	addi	s7, sp, 0xf0
   1c31c: de f8        	sd	s7, 0x70(sp)
   1c31e: de 84        	mv	s1, s7
   1c320: 01 49        	li	s2, 0x0
   1c322: 01 44        	li	s0, 0x0
   1c324: 02 fc        	sd	zero, 0x38(sp)
   1c326: 02 f8        	sd	zero, 0x30(sp)
   1c328: 82 e0        	sd	zero, 0x40(sp)
   1c32a: 02 e4        	sd	zero, 0x8(sp)
   1c32c: 13 0c 50 02  	li	s8, 0x25
   1c330: 9d 4a        	li	s5, 0x7
   1c332: 17 3d 00 00  	auipc	s10, 0x3
   1c336: 13 0d ed 68  	addi	s10, s10, 0x68e
   1c33a: 41 4a        	li	s4, 0x10
   1c33c: ba 8d        	mv	s11, a4
   1c33e: e6 8e        	mv	t4, s9
   1c340: 83 c7 0d 00  	lbu	a5, 0x0(s11)
   1c344: 63 84 07 12  	beqz	a5, 0x1c46c <_svfiprintf_r+0x188>
   1c348: ee 89        	mv	s3, s11
   1c34a: 63 8c 87 17  	beq	a5, s8, 0x1c4c2 <_svfiprintf_r+0x1de>
   1c34e: 83 c7 19 00  	lbu	a5, 0x1(s3)
   1c352: 85 09        	addi	s3, s3, 0x1
   1c354: fd fb        	bnez	a5, 0x1c34a <_svfiprintf_r+0x66>
   1c356: bb 8c b9 41  	subw	s9, s3, s11
   1c35a: 63 89 0c 10  	beqz	s9, 0x1c46c <_svfiprintf_r+0x188>
   1c35e: 23 b0 b4 01  	sd	s11, 0x0(s1)
   1c362: 23 b4 94 01  	sd	s9, 0x8(s1)
   1c366: 05 24        	addiw	s0, s0, 0x1
   1c368: 66 99        	add	s2, s2, s9
   1c36a: c1 04        	addi	s1, s1, 0x10
   1c36c: 63 c2 8a 16  	blt	s5, s0, 0x1c4d0 <_svfiprintf_r+0x1ec>
   1c370: 22 67        	ld	a4, 0x8(sp)
   1c372: 83 c7 09 00  	lbu	a5, 0x0(s3)
   1c376: 3b 07 97 01  	addw	a4, a4, s9
   1c37a: 3a e4        	sd	a4, 0x8(sp)
   1c37c: e5 cb        	beqz	a5, 0x1c46c <_svfiprintf_r+0x188>
   1c37e: 03 c6 19 00  	lbu	a2, 0x1(s3)
   1c382: 93 8d 19 00  	addi	s11, s3, 0x1
   1c386: a3 03 01 06  	sb	zero, 0x67(sp)
   1c38a: fd 59        	li	s3, -0x1
   1c38c: 81 46        	li	a3, 0x0
   1c38e: 81 47        	li	a5, 0x0
   1c390: 93 0c a0 05  	li	s9, 0x5a
   1c394: 85 0d        	addi	s11, s11, 0x1
   1c396: 1b 07 06 fe  	addiw	a4, a2, -0x20
   1c39a: 63 e1 ec 04  	bltu	s9, a4, 0x1c3dc <_svfiprintf_r+0xf8>
   1c39e: 93 15 07 02  	slli	a1, a4, 0x20
   1c3a2: 13 d7 e5 01  	srli	a4, a1, 0x1e
   1c3a6: 6a 97        	add	a4, a4, s10
   1c3a8: 18 43        	lw	a4, 0x0(a4)
   1c3aa: 6a 97        	add	a4, a4, s10
   1c3ac: 02 87        	jr	a4
   1c3ae: 81 46        	li	a3, 0x0
   1c3b0: 25 45        	li	a0, 0x9
   1c3b2: 83 c5 0d 00  	lbu	a1, 0x0(s11)
   1c3b6: 1b 97 26 00  	slliw	a4, a3, 0x2
   1c3ba: b9 9e        	addw	a3, a3, a4
   1c3bc: 1b 06 06 fd  	addiw	a2, a2, -0x30
   1c3c0: 9b 96 16 00  	slliw	a3, a3, 0x1
   1c3c4: 1b 87 05 fd  	addiw	a4, a1, -0x30
   1c3c8: 85 0d        	addi	s11, s11, 0x1
   1c3ca: b1 9e        	addw	a3, a3, a2
   1c3cc: 1b 86 05 00  	sext.w	a2, a1
   1c3d0: e3 71 e5 fe  	bgeu	a0, a4, 0x1c3b2 <_svfiprintf_r+0xce>
   1c3d4: 1b 07 06 fe  	addiw	a4, a2, -0x20
   1c3d8: e3 f3 ec fc  	bgeu	s9, a4, 0x1c39e <_svfiprintf_r+0xba>
   1c3dc: 41 ca        	beqz	a2, 0x1c46c <_svfiprintf_r+0x188>
   1c3de: 05 43        	li	t1, 0x1
   1c3e0: 23 04 c1 08  	sb	a2, 0x88(sp)
   1c3e4: a3 03 01 06  	sb	zero, 0x67(sp)
   1c3e8: 9a 88        	mv	a7, t1
   1c3ea: 81 49        	li	s3, 0x0
   1c3ec: 93 0c 81 08  	addi	s9, sp, 0x88
   1c3f0: 13 ff 47 08  	andi	t5, a5, 0x84
   1c3f4: 63 01 0f 16  	beqz	t5, 0x1c556 <_svfiprintf_r+0x272>
   1c3f8: 03 46 71 06  	lbu	a2, 0x67(sp)
   1c3fc: 11 ce        	beqz	a2, 0x1c418 <_svfiprintf_r+0x134>
   1c3fe: 05 46        	li	a2, 0x1
   1c400: 93 05 71 06  	addi	a1, sp, 0x67
   1c404: 90 e4        	sd	a2, 0x8(s1)
   1c406: 8c e0        	sd	a1, 0x0(s1)
   1c408: 19 46        	li	a2, 0x6
   1c40a: 05 09        	addi	s2, s2, 0x1
   1c40c: 1b 05 14 00  	addiw	a0, s0, 0x1
   1c410: e3 41 86 0e  	blt	a2, s0, 0x1ccf2 <_svfiprintf_r+0xa0e>
   1c414: c1 04        	addi	s1, s1, 0x10
   1c416: 2a 84        	mv	s0, a0
   1c418: 13 06 00 08  	li	a2, 0x80
   1c41c: 63 16 cf 00  	bne	t5, a2, 0x1c428 <_svfiprintf_r+0x144>
   1c420: 3b 8e 16 41  	subw	t3, a3, a7
   1c424: e3 4a c0 01  	bgtz	t3, 0x1cc38 <_svfiprintf_r+0x954>
   1c428: bb 89 69 40  	subw	s3, s3, t1
   1c42c: 63 4c 30 15  	bgtz	s3, 0x1c584 <_svfiprintf_r+0x2a0>
   1c430: 23 b0 94 01  	sd	s9, 0x0(s1)
   1c434: 23 b4 64 00  	sd	t1, 0x8(s1)
   1c438: 05 24        	addiw	s0, s0, 0x1
   1c43a: 1a 99        	add	s2, s2, t1
   1c43c: c1 04        	addi	s1, s1, 0x10
   1c43e: 63 c0 8a 20  	blt	s5, s0, 0x1c63e <_svfiprintf_r+0x35a>
   1c442: 91 8b        	andi	a5, a5, 0x4
   1c444: 89 c7        	beqz	a5, 0x1c44e <_svfiprintf_r+0x16a>
   1c446: bb 89 16 41  	subw	s3, a3, a7
   1c44a: 63 4d 30 73  	bgtz	s3, 0x1cb84 <_svfiprintf_r+0x8a0>
   1c44e: c6 87        	mv	a5, a7
   1c450: 63 d3 d8 00  	bge	a7, a3, 0x1c456 <_svfiprintf_r+0x172>
   1c454: b6 87        	mv	a5, a3
   1c456: 22 67        	ld	a4, 0x8(sp)
   1c458: b9 9f        	addw	a5, a5, a4
   1c45a: 3e e4        	sd	a5, 0x8(sp)
   1c45c: 63 1a 09 62  	bnez	s2, 0x1ca90 <_svfiprintf_r+0x7ac>
   1c460: 83 c7 0d 00  	lbu	a5, 0x0(s11)
   1c464: 01 44        	li	s0, 0x0
   1c466: de 84        	mv	s1, s7
   1c468: e3 90 07 ee  	bnez	a5, 0x1c348 <_svfiprintf_r+0x64>
   1c46c: e3 17 09 50  	bnez	s2, 0x1d17a <_svfiprintf_r+0xe96>
   1c470: 83 57 0b 01  	lhu	a5, 0x10(s6)
   1c474: 5e 64        	ld	s0, 0x1d0(sp)
   1c476: be 64        	ld	s1, 0x1c8(sp)
   1c478: 93 f7 07 04  	andi	a5, a5, 0x40
   1c47c: 1e 69        	ld	s2, 0x1c0(sp)
   1c47e: fa 79        	ld	s3, 0x1b8(sp)
   1c480: 5a 7a        	ld	s4, 0x1b0(sp)
   1c482: ba 7a        	ld	s5, 0x1a8(sp)
   1c484: fa 6b        	ld	s7, 0x198(sp)
   1c486: 5a 6c        	ld	s8, 0x190(sp)
   1c488: 1a 6d        	ld	s10, 0x180(sp)
   1c48a: f6 7d        	ld	s11, 0x178(sp)
   1c48c: e3 94 07 56  	bnez	a5, 0x1d1f4 <_svfiprintf_r+0xf10>
   1c490: fe 60        	ld	ra, 0x1d8(sp)
   1c492: 22 65        	ld	a0, 0x8(sp)
   1c494: 1a 7b        	ld	s6, 0x1a0(sp)
   1c496: ba 6c        	ld	s9, 0x188(sp)
   1c498: 3d 61        	addi	sp, sp, 0x1e0
   1c49a: 82 80        	ret
   1c49c: 93 e7 07 01  	ori	a5, a5, 0x10
   1c4a0: 03 c6 0d 00  	lbu	a2, 0x0(s11)
   1c4a4: 81 27        	sext.w	a5, a5
   1c4a6: fd b5        	j	0x1c394 <_svfiprintf_r+0xb0>
   1c4a8: 83 a6 0e 00  	lw	a3, 0x0(t4)
   1c4ac: a1 0e        	addi	t4, t4, 0x8
   1c4ae: 63 d2 06 2a  	bgez	a3, 0x1c752 <_svfiprintf_r+0x46e>
   1c4b2: bb 06 d0 40  	negw	a3, a3
   1c4b6: 93 e7 47 00  	ori	a5, a5, 0x4
   1c4ba: 03 c6 0d 00  	lbu	a2, 0x0(s11)
   1c4be: 81 27        	sext.w	a5, a5
   1c4c0: d1 bd        	j	0x1c394 <_svfiprintf_r+0xb0>
   1c4c2: bb 8c b9 41  	subw	s9, s3, s11
   1c4c6: e3 9c 0c e8  	bnez	s9, 0x1c35e <_svfiprintf_r+0x7a>
   1c4ca: 83 c7 09 00  	lbu	a5, 0x0(s3)
   1c4ce: 7d b5        	j	0x1c37c <_svfiprintf_r+0x98>
   1c4d0: 02 65        	ld	a0, 0x0(sp)
   1c4d2: 90 18        	addi	a2, sp, 0x70
   1c4d4: da 85        	mv	a1, s6
   1c4d6: a2 dc        	sw	s0, 0x78(sp)
   1c4d8: 4a e1        	sd	s2, 0x80(sp)
   1c4da: 76 e8        	sd	t4, 0x10(sp)
   1c4dc: ef f0 3f ca  	jal	0x1c17e <__ssprint_r>
   1c4e0: 66 54        	lw	s0, 0x78(sp)
   1c4e2: 0a 69        	ld	s2, 0x80(sp)
   1c4e4: 51 f5        	bnez	a0, 0x1c470 <_svfiprintf_r+0x18c>
   1c4e6: c2 6e        	ld	t4, 0x10(sp)
   1c4e8: de 84        	mv	s1, s7
   1c4ea: 59 b5        	j	0x1c370 <_svfiprintf_r+0x8c>
   1c4ec: 13 f6 07 02  	andi	a2, a5, 0x20
   1c4f0: 93 85 8e 00  	addi	a1, t4, 0x8
   1c4f4: e3 11 06 08  	bnez	a2, 0x1cd76 <_svfiprintf_r+0xa92>
   1c4f8: 13 f6 07 01  	andi	a2, a5, 0x10
   1c4fc: e3 1d 06 06  	bnez	a2, 0x1cd76 <_svfiprintf_r+0xa92>
   1c500: 13 f6 07 04  	andi	a2, a5, 0x40
   1c504: 03 a8 0e 00  	lw	a6, 0x0(t4)
   1c508: e3 0e 06 38  	beqz	a2, 0x1d0a4 <_svfiprintf_r+0xdc0>
   1c50c: 1b 18 08 01  	slliw	a6, a6, 0x10
   1c510: 1b 58 08 41  	sraiw	a6, a6, 0x10
   1c514: ae 8e        	mv	t4, a1
   1c516: 42 86        	mv	a2, a6
   1c518: 63 43 06 3e  	bltz	a2, 0x1c8fe <_svfiprintf_r+0x61a>
   1c51c: 63 cf 09 1a  	bltz	s3, 0x1c6da <_svfiprintf_r+0x3f6>
   1c520: 13 f6 f7 f7  	andi	a2, a5, -0x81
   1c524: 01 26        	sext.w	a2, a2
   1c526: e3 12 08 06  	bnez	a6, 0x1cd8a <_svfiprintf_r+0xaa6>
   1c52a: e3 87 09 3e  	beqz	s3, 0x1d118 <_svfiprintf_r+0xe34>
   1c52e: b2 87        	mv	a5, a2
   1c530: 13 06 00 03  	li	a2, 0x30
   1c534: 55 aa        	j	0x1c6e8 <_svfiprintf_r+0x404>
   1c536: 03 a6 0e 00  	lw	a2, 0x0(t4)
   1c53a: 05 43        	li	t1, 0x1
   1c53c: a3 03 01 06  	sb	zero, 0x67(sp)
   1c540: 23 04 c1 08  	sb	a2, 0x88(sp)
   1c544: 13 ff 47 08  	andi	t5, a5, 0x84
   1c548: a1 0e        	addi	t4, t4, 0x8
   1c54a: 9a 88        	mv	a7, t1
   1c54c: 81 49        	li	s3, 0x0
   1c54e: 93 0c 81 08  	addi	s9, sp, 0x88
   1c552: e3 13 0f ea  	bnez	t5, 0x1c3f8 <_svfiprintf_r+0x114>
   1c556: 3b 88 16 41  	subw	a6, a3, a7
   1c55a: 63 49 00 55  	bgtz	a6, 0x1caac <_svfiprintf_r+0x7c8>
   1c55e: 03 46 71 06  	lbu	a2, 0x67(sp)
   1c562: e3 03 06 ec  	beqz	a2, 0x1c428 <_svfiprintf_r+0x144>
   1c566: 05 46        	li	a2, 0x1
   1c568: 93 05 71 06  	addi	a1, sp, 0x67
   1c56c: 90 e4        	sd	a2, 0x8(s1)
   1c56e: 05 24        	addiw	s0, s0, 0x1
   1c570: 8c e0        	sd	a1, 0x0(s1)
   1c572: 1d 46        	li	a2, 0x7
   1c574: 05 09        	addi	s2, s2, 0x1
   1c576: 63 4d 86 76  	blt	a2, s0, 0x1ccf0 <_svfiprintf_r+0xa0c>
   1c57a: bb 89 69 40  	subw	s3, s3, t1
   1c57e: c1 04        	addi	s1, s1, 0x10
   1c580: e3 58 30 eb  	blez	s3, 0x1c430 <_svfiprintf_r+0x14c>
   1c584: 17 38 00 00  	auipc	a6, 0x3
   1c588: 13 08 c8 5a  	addi	a6, a6, 0x5ac
   1c58c: 63 51 3a 07  	bge	s4, s3, 0x1c5ee <_svfiprintf_r+0x30a>
   1c590: 46 e8        	sd	a7, 0x10(sp)
   1c592: 26 87        	mv	a4, s1
   1c594: ca 88        	mv	a7, s2
   1c596: 36 ec        	sd	a3, 0x18(sp)
   1c598: 3e 89        	mv	s2, a5
   1c59a: 1a f0        	sd	t1, 0x20(sp)
   1c59c: a2 87        	mv	a5, s0
   1c59e: c2 84        	mv	s1, a6
   1c5a0: 4e 84        	mv	s0, s3
   1c5a2: f6 89        	mv	s3, t4
   1c5a4: 21 a0        	j	0x1c5ac <_svfiprintf_r+0x2c8>
   1c5a6: 41 34        	addiw	s0, s0, -0x10
   1c5a8: 63 59 8a 02  	bge	s4, s0, 0x1c5da <_svfiprintf_r+0x2f6>
   1c5ac: 04 e3        	sd	s1, 0x0(a4)
   1c5ae: 23 34 47 01  	sd	s4, 0x8(a4)
   1c5b2: 85 27        	addiw	a5, a5, 0x1
   1c5b4: c1 08        	addi	a7, a7, 0x10
   1c5b6: 41 07        	addi	a4, a4, 0x10
   1c5b8: e3 d7 fa fe  	bge	s5, a5, 0x1c5a6 <_svfiprintf_r+0x2c2>
   1c5bc: 02 65        	ld	a0, 0x0(sp)
   1c5be: 90 18        	addi	a2, sp, 0x70
   1c5c0: da 85        	mv	a1, s6
   1c5c2: be dc        	sw	a5, 0x78(sp)
   1c5c4: 46 e1        	sd	a7, 0x80(sp)
   1c5c6: ef f0 9f bb  	jal	0x1c17e <__ssprint_r>
   1c5ca: e6 57        	lw	a5, 0x78(sp)
   1c5cc: 8a 68        	ld	a7, 0x80(sp)
   1c5ce: e3 11 05 ea  	bnez	a0, 0x1c470 <_svfiprintf_r+0x18c>
   1c5d2: 41 34        	addiw	s0, s0, -0x10
   1c5d4: 5e 87        	mv	a4, s7
   1c5d6: e3 4b 8a fc  	blt	s4, s0, 0x1c5ac <_svfiprintf_r+0x2c8>
   1c5da: ce 8e        	mv	t4, s3
   1c5dc: e2 66        	ld	a3, 0x18(sp)
   1c5de: a2 89        	mv	s3, s0
   1c5e0: 02 73        	ld	t1, 0x20(sp)
   1c5e2: 3e 84        	mv	s0, a5
   1c5e4: ca 87        	mv	a5, s2
   1c5e6: 46 89        	mv	s2, a7
   1c5e8: c2 68        	ld	a7, 0x10(sp)
   1c5ea: 26 88        	mv	a6, s1
   1c5ec: ba 84        	mv	s1, a4
   1c5ee: 23 b0 04 01  	sd	a6, 0x0(s1)
   1c5f2: 23 b4 34 01  	sd	s3, 0x8(s1)
   1c5f6: 05 24        	addiw	s0, s0, 0x1
   1c5f8: 4e 99        	add	s2, s2, s3
   1c5fa: c1 04        	addi	s1, s1, 0x10
   1c5fc: e3 da 8a e2  	bge	s5, s0, 0x1c430 <_svfiprintf_r+0x14c>
   1c600: 02 65        	ld	a0, 0x0(sp)
   1c602: 90 18        	addi	a2, sp, 0x70
   1c604: da 85        	mv	a1, s6
   1c606: a2 dc        	sw	s0, 0x78(sp)
   1c608: 4a e1        	sd	s2, 0x80(sp)
   1c60a: f6 e4        	sd	t4, 0x48(sp)
   1c60c: 3e f4        	sd	a5, 0x28(sp)
   1c60e: 1a f0        	sd	t1, 0x20(sp)
   1c610: 36 ec        	sd	a3, 0x18(sp)
   1c612: 46 e8        	sd	a7, 0x10(sp)
   1c614: ef f0 bf b6  	jal	0x1c17e <__ssprint_r>
   1c618: 66 54        	lw	s0, 0x78(sp)
   1c61a: 0a 69        	ld	s2, 0x80(sp)
   1c61c: e3 1a 05 e4  	bnez	a0, 0x1c470 <_svfiprintf_r+0x18c>
   1c620: 02 73        	ld	t1, 0x20(sp)
   1c622: de 84        	mv	s1, s7
   1c624: 23 b0 94 01  	sd	s9, 0x0(s1)
   1c628: 23 b4 64 00  	sd	t1, 0x8(s1)
   1c62c: 05 24        	addiw	s0, s0, 0x1
   1c62e: a6 6e        	ld	t4, 0x48(sp)
   1c630: a2 77        	ld	a5, 0x28(sp)
   1c632: e2 66        	ld	a3, 0x18(sp)
   1c634: c2 68        	ld	a7, 0x10(sp)
   1c636: 1a 99        	add	s2, s2, t1
   1c638: c1 04        	addi	s1, s1, 0x10
   1c63a: e3 d4 8a e0  	bge	s5, s0, 0x1c442 <_svfiprintf_r+0x15e>
   1c63e: 02 65        	ld	a0, 0x0(sp)
   1c640: 90 18        	addi	a2, sp, 0x70
   1c642: da 85        	mv	a1, s6
   1c644: a2 dc        	sw	s0, 0x78(sp)
   1c646: 4a e1        	sd	s2, 0x80(sp)
   1c648: 76 f4        	sd	t4, 0x28(sp)
   1c64a: 3e f0        	sd	a5, 0x20(sp)
   1c64c: 36 ec        	sd	a3, 0x18(sp)
   1c64e: 46 e8        	sd	a7, 0x10(sp)
   1c650: ef f0 ff b2  	jal	0x1c17e <__ssprint_r>
   1c654: 66 54        	lw	s0, 0x78(sp)
   1c656: 0a 69        	ld	s2, 0x80(sp)
   1c658: e3 1c 05 e0  	bnez	a0, 0x1c470 <_svfiprintf_r+0x18c>
   1c65c: a2 7e        	ld	t4, 0x28(sp)
   1c65e: 82 77        	ld	a5, 0x20(sp)
   1c660: e2 66        	ld	a3, 0x18(sp)
   1c662: c2 68        	ld	a7, 0x10(sp)
   1c664: de 84        	mv	s1, s7
   1c666: f1 bb        	j	0x1c442 <_svfiprintf_r+0x15e>
   1c668: 83 bc 0e 00  	ld	s9, 0x0(t4)
   1c66c: a3 03 01 06  	sb	zero, 0x67(sp)
   1c670: a1 0e        	addi	t4, t4, 0x8
   1c672: e3 81 0c 20  	beqz	s9, 0x1d074 <_svfiprintf_r+0xd90>
   1c676: 3e f0        	sd	a5, 0x20(sp)
   1c678: 76 ec        	sd	t4, 0x18(sp)
   1c67a: 36 e8        	sd	a3, 0x10(sp)
   1c67c: 63 c5 09 7c  	bltz	s3, 0x1ce46 <_svfiprintf_r+0xb62>
   1c680: 4e 86        	mv	a2, s3
   1c682: 81 45        	li	a1, 0x0
   1c684: 66 85        	mv	a0, s9
   1c686: ef a0 ef f0  	jal	0x16d94 <memchr>
   1c68a: 03 46 71 06  	lbu	a2, 0x67(sp)
   1c68e: c2 66        	ld	a3, 0x10(sp)
   1c690: e2 6e        	ld	t4, 0x18(sp)
   1c692: 82 77        	ld	a5, 0x20(sp)
   1c694: e3 0c 05 2e  	beqz	a0, 0x1d18c <_svfiprintf_r+0xea8>
   1c698: 3b 03 95 41  	subw	t1, a0, s9
   1c69c: 9a 85        	mv	a1, t1
   1c69e: 63 53 03 00  	bgez	t1, 0x1c6a4 <_svfiprintf_r+0x3c0>
   1c6a2: 81 45        	li	a1, 0x0
   1c6a4: ae 88        	mv	a7, a1
   1c6a6: e3 04 06 1a  	beqz	a2, 0x1d04e <_svfiprintf_r+0xd6a>
   1c6aa: 9b 88 15 00  	addiw	a7, a1, 0x1
   1c6ae: 81 49        	li	s3, 0x0
   1c6b0: 81 b3        	j	0x1c3f0 <_svfiprintf_r+0x10c>
   1c6b2: 13 e6 07 01  	ori	a2, a5, 0x10
   1c6b6: 01 26        	sext.w	a2, a2
   1c6b8: a3 03 01 06  	sb	zero, 0x67(sp)
   1c6bc: 93 85 8e 00  	addi	a1, t4, 0x8
   1c6c0: 03 b8 0e 00  	ld	a6, 0x0(t4)
   1c6c4: b2 87        	mv	a5, a2
   1c6c6: ae 8e        	mv	t4, a1
   1c6c8: 63 c9 09 00  	bltz	s3, 0x1c6da <_svfiprintf_r+0x3f6>
   1c6cc: 13 76 f6 f7  	andi	a2, a2, -0x81
   1c6d0: 9b 07 06 00  	sext.w	a5, a2
   1c6d4: 63 07 08 06  	beqz	a6, 0x1c742 <_svfiprintf_r+0x45e>
   1c6d8: ae 8e        	mv	t4, a1
   1c6da: 25 4e        	li	t3, 0x9
   1c6dc: 63 6f 0e 23  	bltu	t3, a6, 0x1c91a <_svfiprintf_r+0x636>
   1c6e0: 1b 06 08 03  	addiw	a2, a6, 0x30
   1c6e4: 13 76 f6 0f  	andi	a2, a2, 0xff
   1c6e8: a3 05 c1 0e  	sb	a2, 0xeb(sp)
   1c6ec: 4e 86        	mv	a2, s3
   1c6ee: 63 43 30 01  	bgtz	s3, 0x1c6f4 <_svfiprintf_r+0x410>
   1c6f2: 05 46        	li	a2, 0x1
   1c6f4: 83 45 71 06  	lbu	a1, 0x67(sp)
   1c6f8: 9b 08 06 00  	sext.w	a7, a2
   1c6fc: 99 c1        	beqz	a1, 0x1c702 <_svfiprintf_r+0x41e>
   1c6fe: 9b 08 16 00  	addiw	a7, a2, 0x1
   1c702: 05 43        	li	t1, 0x1
   1c704: 93 0c b1 0e  	addi	s9, sp, 0xeb
   1c708: e5 b1        	j	0x1c3f0 <_svfiprintf_r+0x10c>
   1c70a: 13 f6 07 02  	andi	a2, a5, 0x20
   1c70e: 63 12 06 66  	bnez	a2, 0x1cd72 <_svfiprintf_r+0xa8e>
   1c712: 13 f6 07 01  	andi	a2, a5, 0x10
   1c716: 63 1e 06 64  	bnez	a2, 0x1cd72 <_svfiprintf_r+0xa8e>
   1c71a: 13 f6 07 04  	andi	a2, a5, 0x40
   1c71e: 03 a8 0e 00  	lw	a6, 0x0(t4)
   1c722: 93 85 8e 00  	addi	a1, t4, 0x8
   1c726: e3 0a 06 18  	beqz	a2, 0x1d0ba <_svfiprintf_r+0xdd6>
   1c72a: 42 18        	slli	a6, a6, 0x30
   1c72c: a3 03 01 06  	sb	zero, 0x67(sp)
   1c730: 13 58 08 03  	srli	a6, a6, 0x30
   1c734: e3 c2 09 fa  	bltz	s3, 0x1c6d8 <_svfiprintf_r+0x3f4>
   1c738: 93 f7 f7 f7  	andi	a5, a5, -0x81
   1c73c: 81 27        	sext.w	a5, a5
   1c73e: e3 1d 08 f8  	bnez	a6, 0x1c6d8 <_svfiprintf_r+0x3f4>
   1c742: ae 8e        	mv	t4, a1
   1c744: e3 83 09 0c  	beqz	s3, 0x1d00a <_svfiprintf_r+0xd26>
   1c748: 01 48        	li	a6, 0x0
   1c74a: 59 bf        	j	0x1c6e0 <_svfiprintf_r+0x3fc>
   1c74c: 93 e7 07 02  	ori	a5, a5, 0x20
   1c750: 81 27        	sext.w	a5, a5
   1c752: 03 c6 0d 00  	lbu	a2, 0x0(s11)
   1c756: 3d b9        	j	0x1c394 <_svfiprintf_r+0xb0>
   1c758: 21 66        	lui	a2, 0x8
   1c75a: 13 06 06 83  	addi	a2, a2, -0x7d0
   1c75e: a3 03 01 06  	sb	zero, 0x67(sp)
   1c762: 23 14 c1 06  	sh	a2, 0x68(sp)
   1c766: 83 b5 0e 00  	ld	a1, 0x0(t4)
   1c76a: 13 88 8e 00  	addi	a6, t4, 0x8
   1c76e: e3 c4 09 0a  	bltz	s3, 0x1d016 <_svfiprintf_r+0xd32>
   1c772: 93 f7 f7 f7  	andi	a5, a5, -0x81
   1c776: 81 27        	sext.w	a5, a5
   1c778: 93 e7 27 00  	ori	a5, a5, 0x2
   1c77c: 63 8b 05 6e  	beqz	a1, 0x1ce72 <_svfiprintf_r+0xb8e>
   1c780: 13 f6 f5 00  	andi	a2, a1, 0xf
   1c784: 17 35 00 00  	auipc	a0, 0x3
   1c788: 13 05 45 8b  	addi	a0, a0, -0x74c
   1c78c: 2a 96        	add	a2, a2, a0
   1c78e: 03 46 06 00  	lbu	a2, 0x0(a2)
   1c792: c2 8e        	mv	t4, a6
   1c794: 89 48        	li	a7, 0x2
   1c796: a3 05 c1 0e  	sb	a2, 0xeb(sp)
   1c79a: 13 d6 45 00  	srli	a2, a1, 0x4
   1c79e: e3 0d 06 22  	beqz	a2, 0x1d1d8 <_svfiprintf_r+0xef4>
   1c7a2: 93 0c b1 0e  	addi	s9, sp, 0xeb
   1c7a6: 13 77 f6 00  	andi	a4, a2, 0xf
   1c7aa: 2a 97        	add	a4, a4, a0
   1c7ac: 03 47 07 00  	lbu	a4, 0x0(a4)
   1c7b0: 11 82        	srli	a2, a2, 0x4
   1c7b2: fd 1c        	addi	s9, s9, -0x1
   1c7b4: 23 80 ec 00  	sb	a4, 0x0(s9)
   1c7b8: 7d f6        	bnez	a2, 0x1c7a6 <_svfiprintf_r+0x4c2>
   1c7ba: 13 03 c1 0e  	addi	t1, sp, 0xec
   1c7be: 3b 03 93 41  	subw	t1, t1, s9
   1c7c2: 1b 86 09 00  	sext.w	a2, s3
   1c7c6: 63 d3 69 00  	bge	s3, t1, 0x1c7cc <_svfiprintf_r+0x4e8>
   1c7ca: 1a 86        	mv	a2, t1
   1c7cc: e3 8e 08 20  	beqz	a7, 0x1d1e8 <_svfiprintf_r+0xf04>
   1c7d0: 13 ff 47 08  	andi	t5, a5, 0x84
   1c7d4: 9b 08 26 00  	addiw	a7, a2, 0x2
   1c7d8: 63 19 0f 54  	bnez	t5, 0x1cd2a <_svfiprintf_r+0xa46>
   1c7dc: 3b 88 16 41  	subw	a6, a3, a7
   1c7e0: 63 45 00 2d  	bgtz	a6, 0x1caaa <_svfiprintf_r+0x7c6>
   1c7e4: 09 46        	li	a2, 0x2
   1c7e6: ac 10        	addi	a1, sp, 0x68
   1c7e8: 90 e4        	sd	a2, 0x8(s1)
   1c7ea: 05 24        	addiw	s0, s0, 0x1
   1c7ec: 8c e0        	sd	a1, 0x0(s1)
   1c7ee: 1d 46        	li	a2, 0x7
   1c7f0: 09 09        	addi	s2, s2, 0x2
   1c7f2: e3 54 86 d8  	bge	a2, s0, 0x1c57a <_svfiprintf_r+0x296>
   1c7f6: 90 18        	addi	a2, sp, 0x70
   1c7f8: 02 65        	ld	a0, 0x0(sp)
   1c7fa: da 85        	mv	a1, s6
   1c7fc: a2 dc        	sw	s0, 0x78(sp)
   1c7fe: 4a e1        	sd	s2, 0x80(sp)
   1c800: f6 e8        	sd	t4, 0x50(sp)
   1c802: be e4        	sd	a5, 0x48(sp)
   1c804: 1a f4        	sd	t1, 0x28(sp)
   1c806: 7a f0        	sd	t5, 0x20(sp)
   1c808: 36 ec        	sd	a3, 0x18(sp)
   1c80a: 46 e8        	sd	a7, 0x10(sp)
   1c80c: ef f0 3f 97  	jal	0x1c17e <__ssprint_r>
   1c810: 66 54        	lw	s0, 0x78(sp)
   1c812: 0a 69        	ld	s2, 0x80(sp)
   1c814: e3 1e 05 c4  	bnez	a0, 0x1c470 <_svfiprintf_r+0x18c>
   1c818: c6 6e        	ld	t4, 0x50(sp)
   1c81a: a6 67        	ld	a5, 0x48(sp)
   1c81c: 22 73        	ld	t1, 0x28(sp)
   1c81e: 02 7f        	ld	t5, 0x20(sp)
   1c820: e2 66        	ld	a3, 0x18(sp)
   1c822: c2 68        	ld	a7, 0x10(sp)
   1c824: de 84        	mv	s1, s7
   1c826: cd be        	j	0x1c418 <_svfiprintf_r+0x134>
   1c828: 13 f6 07 02  	andi	a2, a5, 0x20
   1c82c: 93 85 8e 00  	addi	a1, t4, 0x8
   1c830: 63 1f 06 52  	bnez	a2, 0x1cd6e <_svfiprintf_r+0xa8a>
   1c834: 13 f6 07 01  	andi	a2, a5, 0x10
   1c838: 63 1b 06 52  	bnez	a2, 0x1cd6e <_svfiprintf_r+0xa8a>
   1c83c: 13 f5 07 04  	andi	a0, a5, 0x40
   1c840: 03 a6 0e 00  	lw	a2, 0x0(t4)
   1c844: e3 07 05 08  	beqz	a0, 0x1d0d2 <_svfiprintf_r+0xdee>
   1c848: 42 16        	slli	a2, a2, 0x30
   1c84a: 41 92        	srli	a2, a2, 0x30
   1c84c: ae 8e        	mv	t4, a1
   1c84e: be 88        	mv	a7, a5
   1c850: 91 a0        	j	0x1c894 <_svfiprintf_r+0x5b0>
   1c852: 93 f6 07 02  	andi	a3, a5, 0x20
   1c856: 03 b6 0e 00  	ld	a2, 0x0(t4)
   1c85a: 8d e2        	bnez	a3, 0x1c87c <_svfiprintf_r+0x598>
   1c85c: 93 f6 07 01  	andi	a3, a5, 0x10
   1c860: 91 ee        	bnez	a3, 0x1c87c <_svfiprintf_r+0x598>
   1c862: 93 f6 07 04  	andi	a3, a5, 0x40
   1c866: e3 9a 06 0c  	bnez	a3, 0x1d13a <_svfiprintf_r+0xe56>
   1c86a: 93 f7 07 20  	andi	a5, a5, 0x200
   1c86e: e3 87 07 12  	beqz	a5, 0x1d19c <_svfiprintf_r+0xeb8>
   1c872: a2 67        	ld	a5, 0x8(sp)
   1c874: a1 0e        	addi	t4, t4, 0x8
   1c876: 23 00 f6 00  	sb	a5, 0x0(a2)
   1c87a: d9 b4        	j	0x1c340 <_svfiprintf_r+0x5c>
   1c87c: a2 67        	ld	a5, 0x8(sp)
   1c87e: a1 0e        	addi	t4, t4, 0x8
   1c880: 1c e2        	sd	a5, 0x0(a2)
   1c882: 7d bc        	j	0x1c340 <_svfiprintf_r+0x5c>
   1c884: 93 e8 07 01  	ori	a7, a5, 0x10
   1c888: 81 28        	sext.w	a7, a7
   1c88a: 93 85 8e 00  	addi	a1, t4, 0x8
   1c88e: 03 b6 0e 00  	ld	a2, 0x0(t4)
   1c892: ae 8e        	mv	t4, a1
   1c894: a3 03 01 06  	sb	zero, 0x67(sp)
   1c898: 63 c3 09 4a  	bltz	s3, 0x1cd3e <_svfiprintf_r+0xa5a>
   1c89c: 93 f7 f8 b7  	andi	a5, a7, -0x481
   1c8a0: 81 27        	sext.w	a5, a5
   1c8a2: 63 0a 06 6a  	beqz	a2, 0x1cf56 <_svfiprintf_r+0xc72>
   1c8a6: 13 03 c1 0e  	addi	t1, sp, 0xec
   1c8aa: 9a 8c        	mv	s9, t1
   1c8ac: 93 75 76 00  	andi	a1, a2, 0x7
   1c8b0: 66 85        	mv	a0, s9
   1c8b2: 93 85 05 03  	addi	a1, a1, 0x30
   1c8b6: 0d 82        	srli	a2, a2, 0x3
   1c8b8: a3 8f bc fe  	sb	a1, -0x1(s9)
   1c8bc: fd 1c        	addi	s9, s9, -0x1
   1c8be: 7d f6        	bnez	a2, 0x1c8ac <_svfiprintf_r+0x5c8>
   1c8c0: 13 f6 17 00  	andi	a2, a5, 0x1
   1c8c4: 63 01 06 36  	beqz	a2, 0x1cc26 <_svfiprintf_r+0x942>
   1c8c8: 13 06 00 03  	li	a2, 0x30
   1c8cc: 63 8d c5 34  	beq	a1, a2, 0x1cc26 <_svfiprintf_r+0x942>
   1c8d0: 79 15        	addi	a0, a0, -0x2
   1c8d2: 3b 03 a3 40  	subw	t1, t1, a0
   1c8d6: a3 8f cc fe  	sb	a2, -0x1(s9)
   1c8da: 9b 88 09 00  	sext.w	a7, s3
   1c8de: 63 ce 69 48  	blt	s3, t1, 0x1cd7a <_svfiprintf_r+0xa96>
   1c8e2: aa 8c        	mv	s9, a0
   1c8e4: 31 b6        	j	0x1c3f0 <_svfiprintf_r+0x10c>
   1c8e6: 13 e5 07 01  	ori	a0, a5, 0x10
   1c8ea: 01 25        	sext.w	a0, a0
   1c8ec: 93 85 8e 00  	addi	a1, t4, 0x8
   1c8f0: 03 b6 0e 00  	ld	a2, 0x0(t4)
   1c8f4: aa 87        	mv	a5, a0
   1c8f6: ae 8e        	mv	t4, a1
   1c8f8: 32 88        	mv	a6, a2
   1c8fa: e3 51 06 c2  	bgez	a2, 0x1c51c <_svfiprintf_r+0x238>
   1c8fe: 13 06 d0 02  	li	a2, 0x2d
   1c902: a3 03 c1 06  	sb	a2, 0x67(sp)
   1c906: 33 08 00 41  	neg	a6, a6
   1c90a: e3 c8 09 dc  	bltz	s3, 0x1c6da <_svfiprintf_r+0x3f6>
   1c90e: 93 f7 f7 f7  	andi	a5, a5, -0x81
   1c912: 25 4e        	li	t3, 0x9
   1c914: 81 27        	sext.w	a5, a5
   1c916: e3 75 0e dd  	bgeu	t3, a6, 0x1c6e0 <_svfiprintf_r+0x3fc>
   1c91a: 37 d6 cc cc  	lui	a2, 0xccccd
   1c91e: 13 06 d6 cc  	addi	a2, a2, -0x333
   1c922: 93 18 06 02  	slli	a7, a2, 0x20
   1c926: 13 03 c1 0e  	addi	t1, sp, 0xec
   1c92a: e2 7f        	ld	t6, 0x38(sp)
   1c92c: b2 98        	add	a7, a7, a2
   1c92e: 1a 85        	mv	a0, t1
   1c930: 93 f2 07 40  	andi	t0, a5, 0x400
   1c934: 81 45        	li	a1, 0x0
   1c936: 13 0f f0 0f  	li	t5, 0xff
   1c93a: 09 a8        	j	0x1c94c <_svfiprintf_r+0x668>
   1c93c: 42 87        	mv	a4, a6
   1c93e: 33 38 18 03  	mulhu	a6, a6, a7
   1c942: 66 85        	mv	a0, s9
   1c944: 13 58 38 00  	srli	a6, a6, 0x3
   1c948: 63 7c ee 02  	bgeu	t3, a4, 0x1c980 <_svfiprintf_r+0x69c>
   1c94c: 33 36 18 03  	mulhu	a2, a6, a7
   1c950: 85 25        	addiw	a1, a1, 0x1
   1c952: 93 0c f5 ff  	addi	s9, a0, -0x1
   1c956: 0d 82        	srli	a2, a2, 0x3
   1c958: 13 17 26 00  	slli	a4, a2, 0x2
   1c95c: 32 97        	add	a4, a4, a2
   1c95e: 06 07        	slli	a4, a4, 0x1
   1c960: 33 07 e8 40  	sub	a4, a6, a4
   1c964: 1b 07 07 03  	addiw	a4, a4, 0x30
   1c968: a3 0f e5 fe  	sb	a4, -0x1(a0)
   1c96c: e3 88 02 fc  	beqz	t0, 0x1c93c <_svfiprintf_r+0x658>
   1c970: 03 c7 0f 00  	lbu	a4, 0x0(t6)
   1c974: e3 14 b7 fc  	bne	a4, a1, 0x1c93c <_svfiprintf_r+0x658>
   1c978: e3 02 e7 fd  	beq	a4, t5, 0x1c93c <_svfiprintf_r+0x658>
   1c97c: 63 63 0e 55  	bltu	t3, a6, 0x1cec2 <_svfiprintf_r+0xbde>
   1c980: 7e fc        	sd	t6, 0x38(sp)
   1c982: 3b 03 93 41  	subw	t1, t1, s9
   1c986: 4e 86        	mv	a2, s3
   1c988: 63 c6 69 4a  	blt	s3, t1, 0x1ce34 <_svfiprintf_r+0xb50>
   1c98c: 83 45 71 06  	lbu	a1, 0x67(sp)
   1c990: 9b 08 06 00  	sext.w	a7, a2
   1c994: e3 8e 05 a4  	beqz	a1, 0x1c3f0 <_svfiprintf_r+0x10c>
   1c998: 9b 08 16 00  	addiw	a7, a2, 0x1
   1c99c: 91 bc        	j	0x1c3f0 <_svfiprintf_r+0x10c>
   1c99e: 03 c6 0d 00  	lbu	a2, 0x0(s11)
   1c9a2: 13 07 c0 06  	li	a4, 0x6c
   1c9a6: 63 0f e6 6a  	beq	a2, a4, 0x1d064 <_svfiprintf_r+0xd80>
   1c9aa: 93 e7 07 01  	ori	a5, a5, 0x10
   1c9ae: 81 27        	sext.w	a5, a5
   1c9b0: d5 b2        	j	0x1c394 <_svfiprintf_r+0xb0>
   1c9b2: 03 c6 0d 00  	lbu	a2, 0x0(s11)
   1c9b6: 13 07 80 06  	li	a4, 0x68
   1c9ba: 63 0d e6 68  	beq	a2, a4, 0x1d054 <_svfiprintf_r+0xd70>
   1c9be: 93 e7 07 04  	ori	a5, a5, 0x40
   1c9c2: 81 27        	sext.w	a5, a5
   1c9c4: c1 ba        	j	0x1c394 <_svfiprintf_r+0xb0>
   1c9c6: 93 e7 07 08  	ori	a5, a5, 0x80
   1c9ca: 03 c6 0d 00  	lbu	a2, 0x0(s11)
   1c9ce: 81 27        	sext.w	a5, a5
   1c9d0: d1 b2        	j	0x1c394 <_svfiprintf_r+0xb0>
   1c9d2: 03 c6 0d 00  	lbu	a2, 0x0(s11)
   1c9d6: 13 07 a0 02  	li	a4, 0x2a
   1c9da: 13 88 1d 00  	addi	a6, s11, 0x1
   1c9de: 63 04 e6 7c  	beq	a2, a4, 0x1d1a6 <_svfiprintf_r+0xec2>
   1c9e2: 9b 05 06 fd  	addiw	a1, a2, -0x30
   1c9e6: a5 48        	li	a7, 0x9
   1c9e8: 01 45        	li	a0, 0x0
   1c9ea: c2 8d        	mv	s11, a6
   1c9ec: 81 49        	li	s3, 0x0
   1c9ee: e3 e4 b8 9a  	bltu	a7, a1, 0x1c396 <_svfiprintf_r+0xb2>
   1c9f2: 1b 17 25 00  	slliw	a4, a0, 0x2
   1c9f6: 03 46 08 00  	lbu	a2, 0x0(a6)
   1c9fa: 29 9f        	addw	a4, a4, a0
   1c9fc: 1b 17 17 00  	slliw	a4, a4, 0x1
   1ca00: 3b 05 b7 00  	addw	a0, a4, a1
   1ca04: 9b 05 06 fd  	addiw	a1, a2, -0x30
   1ca08: 05 08        	addi	a6, a6, 0x1
   1ca0a: e3 f4 b8 fe  	bgeu	a7, a1, 0x1c9f2 <_svfiprintf_r+0x70e>
   1ca0e: aa 89        	mv	s3, a0
   1ca10: 63 49 05 36  	bltz	a0, 0x1cd82 <_svfiprintf_r+0xa9e>
   1ca14: c2 8d        	mv	s11, a6
   1ca16: 41 b2        	j	0x1c396 <_svfiprintf_r+0xb2>
   1ca18: 13 07 b0 02  	li	a4, 0x2b
   1ca1c: 03 c6 0d 00  	lbu	a2, 0x0(s11)
   1ca20: a3 03 e1 06  	sb	a4, 0x67(sp)
   1ca24: 85 ba        	j	0x1c394 <_svfiprintf_r+0xb0>
   1ca26: 02 65        	ld	a0, 0x0(sp)
   1ca28: 76 f0        	sd	t4, 0x20(sp)
   1ca2a: 36 e8        	sd	a3, 0x10(sp)
   1ca2c: 3e ec        	sd	a5, 0x18(sp)
   1ca2e: ef 90 bf b5  	jal	0x16588 <_localeconv_r>
   1ca32: 1c 65        	ld	a5, 0x8(a0)
   1ca34: 3e 85        	mv	a0, a5
   1ca36: be e0        	sd	a5, 0x40(sp)
   1ca38: ef 40 8f ca  	jal	0x10ee0 <strlen>
   1ca3c: 2a 87        	mv	a4, a0
   1ca3e: 02 65        	ld	a0, 0x0(sp)
   1ca40: 3a f8        	sd	a4, 0x30(sp)
   1ca42: ef 90 7f b4  	jal	0x16588 <_localeconv_r>
   1ca46: 0c 69        	ld	a1, 0x10(a0)
   1ca48: 42 77        	ld	a4, 0x30(sp)
   1ca4a: 03 c6 0d 00  	lbu	a2, 0x0(s11)
   1ca4e: 2e fc        	sd	a1, 0x38(sp)
   1ca50: c2 66        	ld	a3, 0x10(sp)
   1ca52: e2 67        	ld	a5, 0x18(sp)
   1ca54: 82 7e        	ld	t4, 0x20(sp)
   1ca56: e3 0f 07 92  	beqz	a4, 0x1c394 <_svfiprintf_r+0xb0>
   1ca5a: e3 8d 05 92  	beqz	a1, 0x1c394 <_svfiprintf_r+0xb0>
   1ca5e: 03 c7 05 00  	lbu	a4, 0x0(a1)
   1ca62: e3 09 07 92  	beqz	a4, 0x1c394 <_svfiprintf_r+0xb0>
   1ca66: 93 e7 07 40  	ori	a5, a5, 0x400
   1ca6a: 81 27        	sext.w	a5, a5
   1ca6c: 25 b2        	j	0x1c394 <_svfiprintf_r+0xb0>
   1ca6e: 93 e7 17 00  	ori	a5, a5, 0x1
   1ca72: 03 c6 0d 00  	lbu	a2, 0x0(s11)
   1ca76: 81 27        	sext.w	a5, a5
   1ca78: 31 ba        	j	0x1c394 <_svfiprintf_r+0xb0>
   1ca7a: 03 47 71 06  	lbu	a4, 0x67(sp)
   1ca7e: 03 c6 0d 00  	lbu	a2, 0x0(s11)
   1ca82: e3 19 07 90  	bnez	a4, 0x1c394 <_svfiprintf_r+0xb0>
   1ca86: 13 07 00 02  	li	a4, 0x20
   1ca8a: a3 03 e1 06  	sb	a4, 0x67(sp)
   1ca8e: 19 b2        	j	0x1c394 <_svfiprintf_r+0xb0>
   1ca90: 02 65        	ld	a0, 0x0(sp)
   1ca92: 90 18        	addi	a2, sp, 0x70
   1ca94: da 85        	mv	a1, s6
   1ca96: 76 e8        	sd	t4, 0x10(sp)
   1ca98: 4a e1        	sd	s2, 0x80(sp)
   1ca9a: a2 dc        	sw	s0, 0x78(sp)
   1ca9c: ef f0 2f ee  	jal	0x1c17e <__ssprint_r>
   1caa0: c2 6e        	ld	t4, 0x10(sp)
   1caa2: 0a 69        	ld	s2, 0x80(sp)
   1caa4: e3 0e 05 9a  	beqz	a0, 0x1c460 <_svfiprintf_r+0x17c>
   1caa8: e1 b2        	j	0x1c470 <_svfiprintf_r+0x18c>
   1caaa: 09 4f        	li	t5, 0x2
   1caac: c1 4f        	li	t6, 0x10
   1caae: 17 3e 00 00  	auipc	t3, 0x3
   1cab2: 13 0e 2e 09  	addi	t3, t3, 0x92
   1cab6: 63 d8 0f 07  	bge	t6, a6, 0x1cb26 <_svfiprintf_r+0x842>
   1caba: 36 ec        	sd	a3, 0x18(sp)
   1cabc: 26 87        	mv	a4, s1
   1cabe: ca 86        	mv	a3, s2
   1cac0: be e4        	sd	a5, 0x48(sp)
   1cac2: fe 83        	mv	t2, t6
   1cac4: a2 87        	mv	a5, s0
   1cac6: 9d 42        	li	t0, 0x7
   1cac8: 46 e8        	sd	a7, 0x10(sp)
   1caca: 7a f0        	sd	t5, 0x20(sp)
   1cacc: 1a f4        	sd	t1, 0x28(sp)
   1cace: 42 84        	mv	s0, a6
   1cad0: 76 89        	mv	s2, t4
   1cad2: f2 84        	mv	s1, t3
   1cad4: 21 a0        	j	0x1cadc <_svfiprintf_r+0x7f8>
   1cad6: 41 34        	addiw	s0, s0, -0x10
   1cad8: 63 dc 83 02  	bge	t2, s0, 0x1cb10 <_svfiprintf_r+0x82c>
   1cadc: 04 e3        	sd	s1, 0x0(a4)
   1cade: 23 34 f7 01  	sd	t6, 0x8(a4)
   1cae2: 85 27        	addiw	a5, a5, 0x1
   1cae4: c1 06        	addi	a3, a3, 0x10
   1cae6: 41 07        	addi	a4, a4, 0x10
   1cae8: e3 d7 f2 fe  	bge	t0, a5, 0x1cad6 <_svfiprintf_r+0x7f2>
   1caec: 02 65        	ld	a0, 0x0(sp)
   1caee: 90 18        	addi	a2, sp, 0x70
   1caf0: da 85        	mv	a1, s6
   1caf2: be dc        	sw	a5, 0x78(sp)
   1caf4: 36 e1        	sd	a3, 0x80(sp)
   1caf6: ef f0 8f e8  	jal	0x1c17e <__ssprint_r>
   1cafa: e6 57        	lw	a5, 0x78(sp)
   1cafc: 8a 66        	ld	a3, 0x80(sp)
   1cafe: e3 19 05 96  	bnez	a0, 0x1c470 <_svfiprintf_r+0x18c>
   1cb02: c1 43        	li	t2, 0x10
   1cb04: 41 34        	addiw	s0, s0, -0x10
   1cb06: 5e 87        	mv	a4, s7
   1cb08: 9d 42        	li	t0, 0x7
   1cb0a: 9e 8f        	mv	t6, t2
   1cb0c: e3 c8 83 fc  	blt	t2, s0, 0x1cadc <_svfiprintf_r+0x7f8>
   1cb10: 22 88        	mv	a6, s0
   1cb12: ca 8e        	mv	t4, s2
   1cb14: 3e 84        	mv	s0, a5
   1cb16: 36 89        	mv	s2, a3
   1cb18: c2 68        	ld	a7, 0x10(sp)
   1cb1a: 02 7f        	ld	t5, 0x20(sp)
   1cb1c: 22 73        	ld	t1, 0x28(sp)
   1cb1e: a6 67        	ld	a5, 0x48(sp)
   1cb20: e2 66        	ld	a3, 0x18(sp)
   1cb22: 26 8e        	mv	t3, s1
   1cb24: ba 84        	mv	s1, a4
   1cb26: 23 b0 c4 01  	sd	t3, 0x0(s1)
   1cb2a: 23 b4 04 01  	sd	a6, 0x8(s1)
   1cb2e: 1b 0e 14 00  	addiw	t3, s0, 0x1
   1cb32: 1d 46        	li	a2, 0x7
   1cb34: 4a 98        	add	a6, a6, s2
   1cb36: 63 44 c6 45  	blt	a2, t3, 0x1cf7e <_svfiprintf_r+0xc9a>
   1cb3a: 83 45 71 06  	lbu	a1, 0x67(sp)
   1cb3e: 13 86 04 01  	addi	a2, s1, 0x10
   1cb42: 63 86 05 20  	beqz	a1, 0x1cd4e <_svfiprintf_r+0xa6a>
   1cb46: 13 05 71 06  	addi	a0, sp, 0x67
   1cb4a: 85 45        	li	a1, 0x1
   1cb4c: 08 e2        	sd	a0, 0x0(a2)
   1cb4e: 0c e6        	sd	a1, 0x8(a2)
   1cb50: 1b 05 1e 00  	addiw	a0, t3, 0x1
   1cb54: 9d 45        	li	a1, 0x7
   1cb56: 13 09 18 00  	addi	s2, a6, 0x1
   1cb5a: 63 c7 a5 1e  	blt	a1, a0, 0x1cd48 <_svfiprintf_r+0xa64>
   1cb5e: 93 04 06 01  	addi	s1, a2, 0x10
   1cb62: 63 07 0f 52  	beqz	t5, 0x1d090 <_svfiprintf_r+0xdac>
   1cb66: ac 10        	addi	a1, sp, 0x68
   1cb68: 0c ea        	sd	a1, 0x10(a2)
   1cb6a: 89 45        	li	a1, 0x2
   1cb6c: 8c e4        	sd	a1, 0x8(s1)
   1cb6e: 1b 04 2e 00  	addiw	s0, t3, 0x2
   1cb72: a1 45        	li	a1, 0x8
   1cb74: 13 09 38 00  	addi	s2, a6, 0x3
   1cb78: 93 04 06 02  	addi	s1, a2, 0x20
   1cb7c: e3 16 b4 8a  	bne	s0, a1, 0x1c428 <_svfiprintf_r+0x144>
   1cb80: 01 4f        	li	t5, 0x0
   1cb82: 95 b9        	j	0x1c7f6 <_svfiprintf_r+0x512>
   1cb84: c1 4c        	li	s9, 0x10
   1cb86: 17 3e 00 00  	auipc	t3, 0x3
   1cb8a: 13 0e ae fb  	addi	t3, t3, -0x46
   1cb8e: 63 d1 3c 07  	bge	s9, s3, 0x1cbf0 <_svfiprintf_r+0x90c>
   1cb92: 22 87        	mv	a4, s0
   1cb94: 4a 83        	mv	t1, s2
   1cb96: 4e 84        	mv	s0, s3
   1cb98: 36 89        	mv	s2, a3
   1cb9a: 66 88        	mv	a6, s9
   1cb9c: a6 86        	mv	a3, s1
   1cb9e: 9d 47        	li	a5, 0x7
   1cba0: 46 e8        	sd	a7, 0x10(sp)
   1cba2: f6 89        	mv	s3, t4
   1cba4: f2 84        	mv	s1, t3
   1cba6: 21 a0        	j	0x1cbae <_svfiprintf_r+0x8ca>
   1cba8: 41 34        	addiw	s0, s0, -0x10
   1cbaa: 63 5b 88 02  	bge	a6, s0, 0x1cbe0 <_svfiprintf_r+0x8fc>
   1cbae: 84 e2        	sd	s1, 0x0(a3)
   1cbb0: 23 b4 96 01  	sd	s9, 0x8(a3)
   1cbb4: 05 27        	addiw	a4, a4, 0x1
   1cbb6: 41 03        	addi	t1, t1, 0x10
   1cbb8: c1 06        	addi	a3, a3, 0x10
   1cbba: e3 d7 e7 fe  	bge	a5, a4, 0x1cba8 <_svfiprintf_r+0x8c4>
   1cbbe: 02 65        	ld	a0, 0x0(sp)
   1cbc0: 90 18        	addi	a2, sp, 0x70
   1cbc2: da 85        	mv	a1, s6
   1cbc4: ba dc        	sw	a4, 0x78(sp)
   1cbc6: 1a e1        	sd	t1, 0x80(sp)
   1cbc8: ef f0 6f db  	jal	0x1c17e <__ssprint_r>
   1cbcc: 66 57        	lw	a4, 0x78(sp)
   1cbce: 0a 63        	ld	t1, 0x80(sp)
   1cbd0: e3 10 05 8a  	bnez	a0, 0x1c470 <_svfiprintf_r+0x18c>
   1cbd4: 41 48        	li	a6, 0x10
   1cbd6: 41 34        	addiw	s0, s0, -0x10
   1cbd8: de 86        	mv	a3, s7
   1cbda: 9d 47        	li	a5, 0x7
   1cbdc: e3 49 88 fc  	blt	a6, s0, 0x1cbae <_svfiprintf_r+0x8ca>
   1cbe0: c2 68        	ld	a7, 0x10(sp)
   1cbe2: ce 8e        	mv	t4, s3
   1cbe4: 26 8e        	mv	t3, s1
   1cbe6: a2 89        	mv	s3, s0
   1cbe8: b6 84        	mv	s1, a3
   1cbea: 3a 84        	mv	s0, a4
   1cbec: ca 86        	mv	a3, s2
   1cbee: 1a 89        	mv	s2, t1
   1cbf0: 23 b0 c4 01  	sd	t3, 0x0(s1)
   1cbf4: 23 b4 34 01  	sd	s3, 0x8(s1)
   1cbf8: 05 24        	addiw	s0, s0, 0x1
   1cbfa: 9d 47        	li	a5, 0x7
   1cbfc: 4e 99        	add	s2, s2, s3
   1cbfe: e3 d8 87 84  	bge	a5, s0, 0x1c44e <_svfiprintf_r+0x16a>
   1cc02: 02 65        	ld	a0, 0x0(sp)
   1cc04: 90 18        	addi	a2, sp, 0x70
   1cc06: da 85        	mv	a1, s6
   1cc08: 76 f0        	sd	t4, 0x20(sp)
   1cc0a: 36 ec        	sd	a3, 0x18(sp)
   1cc0c: 46 e8        	sd	a7, 0x10(sp)
   1cc0e: a2 dc        	sw	s0, 0x78(sp)
   1cc10: 4a e1        	sd	s2, 0x80(sp)
   1cc12: ef f0 cf d6  	jal	0x1c17e <__ssprint_r>
   1cc16: c2 68        	ld	a7, 0x10(sp)
   1cc18: 66 54        	lw	s0, 0x78(sp)
   1cc1a: 0a 69        	ld	s2, 0x80(sp)
   1cc1c: e2 66        	ld	a3, 0x18(sp)
   1cc1e: 82 7e        	ld	t4, 0x20(sp)
   1cc20: e3 07 05 82  	beqz	a0, 0x1c44e <_svfiprintf_r+0x16a>
   1cc24: b1 b0        	j	0x1c470 <_svfiprintf_r+0x18c>
   1cc26: 3b 03 93 41  	subw	t1, t1, s9
   1cc2a: 9b 88 09 00  	sext.w	a7, s3
   1cc2e: 63 d1 69 fc  	bge	s3, t1, 0x1c3f0 <_svfiprintf_r+0x10c>
   1cc32: 9a 88        	mv	a7, t1
   1cc34: 6f f0 cf fb  	j	0x1c3f0 <_svfiprintf_r+0x10c>
   1cc38: 41 4f        	li	t5, 0x10
   1cc3a: 17 38 00 00  	auipc	a6, 0x3
   1cc3e: 13 08 68 ef  	addi	a6, a6, -0x10a
   1cc42: 63 56 cf 07  	bge	t5, t3, 0x1ccae <_svfiprintf_r+0x9ca>
   1cc46: 36 ec        	sd	a3, 0x18(sp)
   1cc48: 3e f4        	sd	a5, 0x28(sp)
   1cc4a: ca 86        	mv	a3, s2
   1cc4c: a6 87        	mv	a5, s1
   1cc4e: 22 87        	mv	a4, s0
   1cc50: fa 82        	mv	t0, t5
   1cc52: 9d 4f        	li	t6, 0x7
   1cc54: 46 e8        	sd	a7, 0x10(sp)
   1cc56: 1a f0        	sd	t1, 0x20(sp)
   1cc58: 72 84        	mv	s0, t3
   1cc5a: 76 89        	mv	s2, t4
   1cc5c: c2 84        	mv	s1, a6
   1cc5e: 21 a0        	j	0x1cc66 <_svfiprintf_r+0x982>
   1cc60: 41 34        	addiw	s0, s0, -0x10
   1cc62: 63 dc 82 02  	bge	t0, s0, 0x1cc9a <_svfiprintf_r+0x9b6>
   1cc66: 84 e3        	sd	s1, 0x0(a5)
   1cc68: 23 b4 e7 01  	sd	t5, 0x8(a5)
   1cc6c: 05 27        	addiw	a4, a4, 0x1
   1cc6e: c1 06        	addi	a3, a3, 0x10
   1cc70: c1 07        	addi	a5, a5, 0x10
   1cc72: e3 d7 ef fe  	bge	t6, a4, 0x1cc60 <_svfiprintf_r+0x97c>
   1cc76: 02 65        	ld	a0, 0x0(sp)
   1cc78: 90 18        	addi	a2, sp, 0x70
   1cc7a: da 85        	mv	a1, s6
   1cc7c: ba dc        	sw	a4, 0x78(sp)
   1cc7e: 36 e1        	sd	a3, 0x80(sp)
   1cc80: ef f0 ef cf  	jal	0x1c17e <__ssprint_r>
   1cc84: 66 57        	lw	a4, 0x78(sp)
   1cc86: 8a 66        	ld	a3, 0x80(sp)
   1cc88: 63 14 05 fe  	bnez	a0, 0x1c470 <_svfiprintf_r+0x18c>
   1cc8c: c1 42        	li	t0, 0x10
   1cc8e: 41 34        	addiw	s0, s0, -0x10
   1cc90: de 87        	mv	a5, s7
   1cc92: 9d 4f        	li	t6, 0x7
   1cc94: 16 8f        	mv	t5, t0
   1cc96: e3 c8 82 fc  	blt	t0, s0, 0x1cc66 <_svfiprintf_r+0x982>
   1cc9a: ca 8e        	mv	t4, s2
   1cc9c: 26 88        	mv	a6, s1
   1cc9e: 36 89        	mv	s2, a3
   1cca0: be 84        	mv	s1, a5
   1cca2: c2 68        	ld	a7, 0x10(sp)
   1cca4: 02 73        	ld	t1, 0x20(sp)
   1cca6: e2 66        	ld	a3, 0x18(sp)
   1cca8: a2 77        	ld	a5, 0x28(sp)
   1ccaa: 22 8e        	mv	t3, s0
   1ccac: 3a 84        	mv	s0, a4
   1ccae: 23 b0 04 01  	sd	a6, 0x0(s1)
   1ccb2: 23 b4 c4 01  	sd	t3, 0x8(s1)
   1ccb6: 05 24        	addiw	s0, s0, 0x1
   1ccb8: 1d 46        	li	a2, 0x7
   1ccba: 72 99        	add	s2, s2, t3
   1ccbc: e3 5f 86 8a  	bge	a2, s0, 0x1c57a <_svfiprintf_r+0x296>
   1ccc0: 02 65        	ld	a0, 0x0(sp)
   1ccc2: 90 18        	addi	a2, sp, 0x70
   1ccc4: da 85        	mv	a1, s6
   1ccc6: a2 dc        	sw	s0, 0x78(sp)
   1ccc8: 4a e1        	sd	s2, 0x80(sp)
   1ccca: f6 e4        	sd	t4, 0x48(sp)
   1cccc: 3e f4        	sd	a5, 0x28(sp)
   1ccce: 1a f0        	sd	t1, 0x20(sp)
   1ccd0: 36 ec        	sd	a3, 0x18(sp)
   1ccd2: 46 e8        	sd	a7, 0x10(sp)
   1ccd4: ef f0 af ca  	jal	0x1c17e <__ssprint_r>
   1ccd8: 66 54        	lw	s0, 0x78(sp)
   1ccda: 0a 69        	ld	s2, 0x80(sp)
   1ccdc: 63 1a 05 f8  	bnez	a0, 0x1c470 <_svfiprintf_r+0x18c>
   1cce0: c2 68        	ld	a7, 0x10(sp)
   1cce2: e2 66        	ld	a3, 0x18(sp)
   1cce4: 02 73        	ld	t1, 0x20(sp)
   1cce6: a2 77        	ld	a5, 0x28(sp)
   1cce8: a6 6e        	ld	t4, 0x48(sp)
   1ccea: de 84        	mv	s1, s7
   1ccec: 6f f0 cf f3  	j	0x1c428 <_svfiprintf_r+0x144>
   1ccf0: 22 85        	mv	a0, s0
   1ccf2: 82 ec        	sd	zero, 0x58(sp)
   1ccf4: aa dc        	sw	a0, 0x78(sp)
   1ccf6: 02 65        	ld	a0, 0x0(sp)
   1ccf8: 90 18        	addi	a2, sp, 0x70
   1ccfa: da 85        	mv	a1, s6
   1ccfc: 4a e1        	sd	s2, 0x80(sp)
   1ccfe: f6 e8        	sd	t4, 0x50(sp)
   1cd00: be e4        	sd	a5, 0x48(sp)
   1cd02: 1a f4        	sd	t1, 0x28(sp)
   1cd04: 7a f0        	sd	t5, 0x20(sp)
   1cd06: 36 ec        	sd	a3, 0x18(sp)
   1cd08: 46 e8        	sd	a7, 0x10(sp)
   1cd0a: ef f0 4f c7  	jal	0x1c17e <__ssprint_r>
   1cd0e: 66 54        	lw	s0, 0x78(sp)
   1cd10: 0a 69        	ld	s2, 0x80(sp)
   1cd12: 63 1f 05 f4  	bnez	a0, 0x1c470 <_svfiprintf_r+0x18c>
   1cd16: 66 67        	ld	a4, 0x58(sp)
   1cd18: c2 68        	ld	a7, 0x10(sp)
   1cd1a: e2 66        	ld	a3, 0x18(sp)
   1cd1c: 02 7f        	ld	t5, 0x20(sp)
   1cd1e: 22 73        	ld	t1, 0x28(sp)
   1cd20: a6 67        	ld	a5, 0x48(sp)
   1cd22: c6 6e        	ld	t4, 0x50(sp)
   1cd24: de 84        	mv	s1, s7
   1cd26: 63 09 07 ee  	beqz	a4, 0x1c418 <_svfiprintf_r+0x134>
   1cd2a: 09 46        	li	a2, 0x2
   1cd2c: ac 10        	addi	a1, sp, 0x68
   1cd2e: 8c e0        	sd	a1, 0x0(s1)
   1cd30: 90 e4        	sd	a2, 0x8(s1)
   1cd32: 05 24        	addiw	s0, s0, 0x1
   1cd34: 32 99        	add	s2, s2, a2
   1cd36: c1 04        	addi	s1, s1, 0x10
   1cd38: 63 d0 8a ee  	bge	s5, s0, 0x1c418 <_svfiprintf_r+0x134>
   1cd3c: 6d bc        	j	0x1c7f6 <_svfiprintf_r+0x512>
   1cd3e: 93 f8 f8 bf  	andi	a7, a7, -0x401
   1cd42: 9b 87 08 00  	sext.w	a5, a7
   1cd46: 85 b6        	j	0x1c8a6 <_svfiprintf_r+0x5c2>
   1cd48: fa ec        	sd	t5, 0x58(sp)
   1cd4a: 01 4f        	li	t5, 0x0
   1cd4c: 65 b7        	j	0x1ccf4 <_svfiprintf_r+0xa10>
   1cd4e: 63 06 0f 34  	beqz	t5, 0x1d09a <_svfiprintf_r+0xdb6>
   1cd52: 09 46        	li	a2, 0x2
   1cd54: ac 10        	addi	a1, sp, 0x68
   1cd56: 90 ec        	sd	a2, 0x18(s1)
   1cd58: 8c e8        	sd	a1, 0x10(s1)
   1cd5a: 09 24        	addiw	s0, s0, 0x2
   1cd5c: 21 46        	li	a2, 0x8
   1cd5e: 13 09 28 00  	addi	s2, a6, 0x2
   1cd62: 93 84 04 02  	addi	s1, s1, 0x20
   1cd66: 63 11 c4 ec  	bne	s0, a2, 0x1c428 <_svfiprintf_r+0x144>
   1cd6a: 01 4f        	li	t5, 0x0
   1cd6c: 69 b4        	j	0x1c7f6 <_svfiprintf_r+0x512>
   1cd6e: be 88        	mv	a7, a5
   1cd70: 39 be        	j	0x1c88e <_svfiprintf_r+0x5aa>
   1cd72: 3e 86        	mv	a2, a5
   1cd74: 91 b2        	j	0x1c6b8 <_svfiprintf_r+0x3d4>
   1cd76: 3e 85        	mv	a0, a5
   1cd78: a5 be        	j	0x1c8f0 <_svfiprintf_r+0x60c>
   1cd7a: 9a 88        	mv	a7, t1
   1cd7c: aa 8c        	mv	s9, a0
   1cd7e: 6f f0 2f e7  	j	0x1c3f0 <_svfiprintf_r+0x10c>
   1cd82: fd 59        	li	s3, -0x1
   1cd84: c2 8d        	mv	s11, a6
   1cd86: 6f f0 0f e1  	j	0x1c396 <_svfiprintf_r+0xb2>
   1cd8a: b2 87        	mv	a5, a2
   1cd8c: b9 b2        	j	0x1c6da <_svfiprintf_r+0x3f6>
   1cd8e: 93 f5 07 02  	andi	a1, a5, 0x20
   1cd92: 17 25 00 00  	auipc	a0, 0x2
   1cd96: 13 05 e5 2b  	addi	a0, a0, 0x2be
   1cd9a: 13 88 8e 00  	addi	a6, t4, 0x8
   1cd9e: b9 ed        	bnez	a1, 0x1cdfc <_svfiprintf_r+0xb18>
   1cda0: 93 f5 07 01  	andi	a1, a5, 0x10
   1cda4: a1 ed        	bnez	a1, 0x1cdfc <_svfiprintf_r+0xb18>
   1cda6: 93 f8 07 04  	andi	a7, a5, 0x40
   1cdaa: 83 a5 0e 00  	lw	a1, 0x0(t4)
   1cdae: 63 8b 08 32  	beqz	a7, 0x1d0e4 <_svfiprintf_r+0xe00>
   1cdb2: c2 15        	slli	a1, a1, 0x30
   1cdb4: c1 91        	srli	a1, a1, 0x30
   1cdb6: 93 f8 17 00  	andi	a7, a5, 0x1
   1cdba: 63 87 08 04  	beqz	a7, 0x1ce08 <_svfiprintf_r+0xb24>
   1cdbe: 63 9d 05 20  	bnez	a1, 0x1cfd8 <_svfiprintf_r+0xcf4>
   1cdc2: a3 03 01 06  	sb	zero, 0x67(sp)
   1cdc6: 63 cc 09 32  	bltz	s3, 0x1d0fe <_svfiprintf_r+0xe1a>
   1cdca: 93 f7 f7 b7  	andi	a5, a5, -0x481
   1cdce: 81 27        	sext.w	a5, a5
   1cdd0: 63 8c 09 22  	beqz	s3, 0x1d008 <_svfiprintf_r+0xd24>
   1cdd4: 03 46 05 00  	lbu	a2, 0x0(a0)
   1cdd8: 46 83        	mv	t1, a7
   1cdda: c2 8e        	mv	t4, a6
   1cddc: a3 05 c1 0e  	sb	a2, 0xeb(sp)
   1cde0: ce 88        	mv	a7, s3
   1cde2: 93 0c b1 0e  	addi	s9, sp, 0xeb
   1cde6: 6f f0 af e0  	j	0x1c3f0 <_svfiprintf_r+0x10c>
   1cdea: 93 f5 07 02  	andi	a1, a5, 0x20
   1cdee: 17 25 00 00  	auipc	a0, 0x2
   1cdf2: 13 05 a5 24  	addi	a0, a0, 0x24a
   1cdf6: 13 88 8e 00  	addi	a6, t4, 0x8
   1cdfa: dd d1        	beqz	a1, 0x1cda0 <_svfiprintf_r+0xabc>
   1cdfc: 93 f8 17 00  	andi	a7, a5, 0x1
   1ce00: 83 b5 0e 00  	ld	a1, 0x0(t4)
   1ce04: e3 9d 08 fa  	bnez	a7, 0x1cdbe <_svfiprintf_r+0xada>
   1ce08: a3 03 01 06  	sb	zero, 0x67(sp)
   1ce0c: 63 c8 09 12  	bltz	s3, 0x1cf3c <_svfiprintf_r+0xc58>
   1ce10: 93 f7 f7 b7  	andi	a5, a5, -0x481
   1ce14: 81 27        	sext.w	a5, a5
   1ce16: 63 91 05 1e  	bnez	a1, 0x1cff8 <_svfiprintf_r+0xd14>
   1ce1a: 63 8c 09 2c  	beqz	s3, 0x1d0f2 <_svfiprintf_r+0xe0e>
   1ce1e: 03 46 05 00  	lbu	a2, 0x0(a0)
   1ce22: c2 8e        	mv	t4, a6
   1ce24: ce 88        	mv	a7, s3
   1ce26: a3 05 c1 0e  	sb	a2, 0xeb(sp)
   1ce2a: 05 43        	li	t1, 0x1
   1ce2c: 93 0c b1 0e  	addi	s9, sp, 0xeb
   1ce30: 6f f0 0f dc  	j	0x1c3f0 <_svfiprintf_r+0x10c>
   1ce34: 83 45 71 06  	lbu	a1, 0x67(sp)
   1ce38: 1a 86        	mv	a2, t1
   1ce3a: 9b 08 06 00  	sext.w	a7, a2
   1ce3e: e3 9d 05 b4  	bnez	a1, 0x1c998 <_svfiprintf_r+0x6b4>
   1ce42: 6f f0 ef da  	j	0x1c3f0 <_svfiprintf_r+0x10c>
   1ce46: 66 85        	mv	a0, s9
   1ce48: ef 40 8f 89  	jal	0x10ee0 <strlen>
   1ce4c: 1b 03 05 00  	sext.w	t1, a0
   1ce50: c2 66        	ld	a3, 0x10(sp)
   1ce52: e2 6e        	ld	t4, 0x18(sp)
   1ce54: 82 77        	ld	a5, 0x20(sp)
   1ce56: 1a 86        	mv	a2, t1
   1ce58: 63 53 03 00  	bgez	t1, 0x1ce5e <_svfiprintf_r+0xb7a>
   1ce5c: 01 46        	li	a2, 0x0
   1ce5e: 83 45 71 06  	lbu	a1, 0x67(sp)
   1ce62: b2 88        	mv	a7, a2
   1ce64: 63 85 05 1e  	beqz	a1, 0x1d04e <_svfiprintf_r+0xd6a>
   1ce68: 9b 08 16 00  	addiw	a7, a2, 0x1
   1ce6c: 81 49        	li	s3, 0x0
   1ce6e: 6f f0 2f d8  	j	0x1c3f0 <_svfiprintf_r+0x10c>
   1ce72: 63 8d 09 2a  	beqz	s3, 0x1d12c <_svfiprintf_r+0xe48>
   1ce76: 13 06 00 03  	li	a2, 0x30
   1ce7a: a3 05 c1 0e  	sb	a2, 0xeb(sp)
   1ce7e: c2 8e        	mv	t4, a6
   1ce80: 4e 86        	mv	a2, s3
   1ce82: 05 43        	li	t1, 0x1
   1ce84: 93 0c b1 0e  	addi	s9, sp, 0xeb
   1ce88: a1 b2        	j	0x1c7d0 <_svfiprintf_r+0x4ec>
   1ce8a: 93 05 00 04  	li	a1, 0x40
   1ce8e: 32 e4        	sd	a2, 0x8(sp)
   1ce90: ef 90 7f 8b  	jal	0x16746 <_malloc_r>
   1ce94: 23 30 ab 00  	sd	a0, 0x0(s6)
   1ce98: 23 3c ab 00  	sd	a0, 0x18(s6)
   1ce9c: 22 67        	ld	a4, 0x8(sp)
   1ce9e: 63 08 05 34  	beqz	a0, 0x1d1ee <_svfiprintf_r+0xf0a>
   1cea2: a2 eb        	sd	s0, 0x1d0(sp)
   1cea4: a6 e7        	sd	s1, 0x1c8(sp)
   1cea6: ca e3        	sd	s2, 0x1c0(sp)
   1cea8: 4e ff        	sd	s3, 0x1b8(sp)
   1ceaa: 52 fb        	sd	s4, 0x1b0(sp)
   1ceac: 56 f7        	sd	s5, 0x1a8(sp)
   1ceae: 5e ef        	sd	s7, 0x198(sp)
   1ceb0: 62 eb        	sd	s8, 0x190(sp)
   1ceb2: 6a e3        	sd	s10, 0x180(sp)
   1ceb4: ee fe        	sd	s11, 0x178(sp)
   1ceb6: 93 07 00 04  	li	a5, 0x40
   1ceba: 23 20 fb 02  	sw	a5, 0x20(s6)
   1cebe: 6f f0 af c5  	j	0x1c318 <_svfiprintf_r+0x34>
   1cec2: 42 76        	ld	a2, 0x30(sp)
   1cec4: 86 65        	ld	a1, 0x40(sp)
   1cec6: 9a ec        	sd	t1, 0x58(sp)
   1cec8: b3 83 cc 40  	sub	t2, s9, a2
   1cecc: 1e 85        	mv	a0, t2
   1cece: f6 e8        	sd	t4, 0x50(sp)
   1ced0: 96 e4        	sd	t0, 0x48(sp)
   1ced2: 42 fc        	sd	a6, 0x38(sp)
   1ced4: 3e f4        	sd	a5, 0x28(sp)
   1ced6: 36 f0        	sd	a3, 0x20(sp)
   1ced8: 7e ec        	sd	t6, 0x18(sp)
   1ceda: 1e e8        	sd	t2, 0x10(sp)
   1cedc: ef b0 2f f6  	jal	0x1863e <strncpy>
   1cee0: 97 47 00 00  	auipc	a5, 0x4
   1cee4: 93 87 87 27  	addi	a5, a5, 0x278
   1cee8: 83 b8 07 00  	ld	a7, 0x0(a5)
   1ceec: 62 78        	ld	a6, 0x38(sp)
   1ceee: e2 6f        	ld	t6, 0x18(sp)
   1cef0: c2 63        	ld	t2, 0x10(sp)
   1cef2: 33 38 18 03  	mulhu	a6, a6, a7
   1cef6: 03 c7 1f 00  	lbu	a4, 0x1(t6)
   1cefa: 82 76        	ld	a3, 0x20(sp)
   1cefc: a2 77        	ld	a5, 0x28(sp)
   1cefe: 33 37 e0 00  	snez	a4, a4
   1cf02: ba 9f        	add	t6, t6, a4
   1cf04: a6 62        	ld	t0, 0x48(sp)
   1cf06: c6 6e        	ld	t4, 0x50(sp)
   1cf08: 66 63        	ld	t1, 0x58(sp)
   1cf0a: 93 8c f3 ff  	addi	s9, t2, -0x1
   1cf0e: 13 58 38 00  	srli	a6, a6, 0x3
   1cf12: 33 36 18 03  	mulhu	a2, a6, a7
   1cf16: 85 45        	li	a1, 0x1
   1cf18: 13 0f f0 0f  	li	t5, 0xff
   1cf1c: 25 4e        	li	t3, 0x9
   1cf1e: 0d 82        	srli	a2, a2, 0x3
   1cf20: 13 17 26 00  	slli	a4, a2, 0x2
   1cf24: 32 97        	add	a4, a4, a2
   1cf26: 06 07        	slli	a4, a4, 0x1
   1cf28: 33 07 e8 40  	sub	a4, a6, a4
   1cf2c: 1b 07 07 03  	addiw	a4, a4, 0x30
   1cf30: a3 8f e3 fe  	sb	a4, -0x1(t2)
   1cf34: 35 bc        	j	0x1c970 <_svfiprintf_r+0x68c>
   1cf36: 93 e7 27 00  	ori	a5, a5, 0x2
   1cf3a: 81 27        	sext.w	a5, a5
   1cf3c: 13 f6 f5 00  	andi	a2, a1, 0xf
   1cf40: 2a 96        	add	a2, a2, a0
   1cf42: 13 f3 f7 bf  	andi	t1, a5, -0x401
   1cf46: 93 f8 27 00  	andi	a7, a5, 0x2
   1cf4a: 03 46 06 00  	lbu	a2, 0x0(a2)
   1cf4e: c2 8e        	mv	t4, a6
   1cf50: 9b 07 03 00  	sext.w	a5, t1
   1cf54: 89 b0        	j	0x1c796 <_svfiprintf_r+0x4b2>
   1cf56: e3 98 09 94  	bnez	s3, 0x1c8a6 <_svfiprintf_r+0x5c2>
   1cf5a: 93 f8 18 00  	andi	a7, a7, 0x1
   1cf5e: 63 8b 08 00  	beqz	a7, 0x1cf74 <_svfiprintf_r+0xc90>
   1cf62: 13 06 00 03  	li	a2, 0x30
   1cf66: a3 05 c1 0e  	sb	a2, 0xeb(sp)
   1cf6a: 46 83        	mv	t1, a7
   1cf6c: 93 0c b1 0e  	addi	s9, sp, 0xeb
   1cf70: 6f f0 0f c8  	j	0x1c3f0 <_svfiprintf_r+0x10c>
   1cf74: 01 43        	li	t1, 0x0
   1cf76: 93 0c c1 0e  	addi	s9, sp, 0xec
   1cf7a: 6f f0 6f c7  	j	0x1c3f0 <_svfiprintf_r+0x10c>
   1cf7e: 02 65        	ld	a0, 0x0(sp)
   1cf80: 90 18        	addi	a2, sp, 0x70
   1cf82: da 85        	mv	a1, s6
   1cf84: f2 dc        	sw	t3, 0x78(sp)
   1cf86: 42 e1        	sd	a6, 0x80(sp)
   1cf88: f6 e8        	sd	t4, 0x50(sp)
   1cf8a: be e4        	sd	a5, 0x48(sp)
   1cf8c: 1a f4        	sd	t1, 0x28(sp)
   1cf8e: 7a f0        	sd	t5, 0x20(sp)
   1cf90: 36 ec        	sd	a3, 0x18(sp)
   1cf92: 46 e8        	sd	a7, 0x10(sp)
   1cf94: b2 ec        	sd	a2, 0x58(sp)
   1cf96: ef f0 8f 9e  	jal	0x1c17e <__ssprint_r>
   1cf9a: 66 5e        	lw	t3, 0x78(sp)
   1cf9c: 0a 68        	ld	a6, 0x80(sp)
   1cf9e: 63 19 05 cc  	bnez	a0, 0x1c470 <_svfiprintf_r+0x18c>
   1cfa2: 83 45 71 06  	lbu	a1, 0x67(sp)
   1cfa6: c2 68        	ld	a7, 0x10(sp)
   1cfa8: e2 66        	ld	a3, 0x18(sp)
   1cfaa: 02 7f        	ld	t5, 0x20(sp)
   1cfac: 22 73        	ld	t1, 0x28(sp)
   1cfae: a6 67        	ld	a5, 0x48(sp)
   1cfb0: c6 6e        	ld	t4, 0x50(sp)
   1cfb2: f5 e1        	bnez	a1, 0x1d096 <_svfiprintf_r+0xdb2>
   1cfb4: 63 0e 0f 1a  	beqz	t5, 0x1d170 <_svfiprintf_r+0xe8c>
   1cfb8: 89 45        	li	a1, 0x2
   1cfba: a8 10        	addi	a0, sp, 0x68
   1cfbc: ae fd        	sd	a1, 0xf8(sp)
   1cfbe: aa f9        	sd	a0, 0xf0(sp)
   1cfc0: 99 45        	li	a1, 0x6
   1cfc2: 66 66        	ld	a2, 0x58(sp)
   1cfc4: 13 09 28 00  	addi	s2, a6, 0x2
   1cfc8: 1b 04 1e 00  	addiw	s0, t3, 0x1
   1cfcc: 04 02        	addi	s1, sp, 0x100
   1cfce: 63 dd c5 c5  	bge	a1, t3, 0x1c428 <_svfiprintf_r+0x144>
   1cfd2: 01 4f        	li	t5, 0x0
   1cfd4: 6f f0 5f 82  	j	0x1c7f8 <_svfiprintf_r+0x514>
   1cfd8: 93 08 00 03  	li	a7, 0x30
   1cfdc: a3 04 c1 06  	sb	a2, 0x69(sp)
   1cfe0: a3 03 01 06  	sb	zero, 0x67(sp)
   1cfe4: 23 04 11 07  	sb	a7, 0x68(sp)
   1cfe8: e3 c7 09 f4  	bltz	s3, 0x1cf36 <_svfiprintf_r+0xc52>
   1cfec: 93 f7 f7 b7  	andi	a5, a5, -0x481
   1cff0: 81 27        	sext.w	a5, a5
   1cff2: 93 e7 27 00  	ori	a5, a5, 0x2
   1cff6: 89 48        	li	a7, 0x2
   1cff8: 13 f6 f5 00  	andi	a2, a1, 0xf
   1cffc: 2a 96        	add	a2, a2, a0
   1cffe: 03 46 06 00  	lbu	a2, 0x0(a2)
   1d002: c2 8e        	mv	t4, a6
   1d004: 6f f0 2f f9  	j	0x1c796 <_svfiprintf_r+0x4b2>
   1d008: c2 8e        	mv	t4, a6
   1d00a: 01 43        	li	t1, 0x0
   1d00c: 81 48        	li	a7, 0x0
   1d00e: 93 0c c1 0e  	addi	s9, sp, 0xec
   1d012: 6f f0 ef bd  	j	0x1c3f0 <_svfiprintf_r+0x10c>
   1d016: 13 f6 f5 00  	andi	a2, a1, 0xf
   1d01a: 17 25 00 00  	auipc	a0, 0x2
   1d01e: 13 05 e5 01  	addi	a0, a0, 0x1e
   1d022: 2a 96        	add	a2, a2, a0
   1d024: 83 48 06 00  	lbu	a7, 0x0(a2)
   1d028: 93 e7 27 00  	ori	a5, a5, 0x2
   1d02c: 13 d6 45 00  	srli	a2, a1, 0x4
   1d030: a3 05 11 0f  	sb	a7, 0xeb(sp)
   1d034: 81 27        	sext.w	a5, a5
   1d036: c2 8e        	mv	t4, a6
   1d038: 89 48        	li	a7, 0x2
   1d03a: 63 14 06 f6  	bnez	a2, 0x1c7a2 <_svfiprintf_r+0x4be>
   1d03e: 05 46        	li	a2, 0x1
   1d040: 32 83        	mv	t1, a2
   1d042: 93 0c b1 0e  	addi	s9, sp, 0xeb
   1d046: 6f f0 af f8  	j	0x1c7d0 <_svfiprintf_r+0x4ec>
   1d04a: 4e 83        	mv	t1, s3
   1d04c: ce 88        	mv	a7, s3
   1d04e: 81 49        	li	s3, 0x0
   1d050: 6f f0 0f ba  	j	0x1c3f0 <_svfiprintf_r+0x10c>
   1d054: 93 e7 07 20  	ori	a5, a5, 0x200
   1d058: 03 c6 1d 00  	lbu	a2, 0x1(s11)
   1d05c: 81 27        	sext.w	a5, a5
   1d05e: 85 0d        	addi	s11, s11, 0x1
   1d060: 6f f0 4f b3  	j	0x1c394 <_svfiprintf_r+0xb0>
   1d064: 93 e7 07 02  	ori	a5, a5, 0x20
   1d068: 03 c6 1d 00  	lbu	a2, 0x1(s11)
   1d06c: 81 27        	sext.w	a5, a5
   1d06e: 85 0d        	addi	s11, s11, 0x1
   1d070: 6f f0 4f b2  	j	0x1c394 <_svfiprintf_r+0xb0>
   1d074: 19 46        	li	a2, 0x6
   1d076: 9b 88 09 00  	sext.w	a7, s3
   1d07a: 63 73 36 01  	bgeu	a2, s3, 0x1d080 <_svfiprintf_r+0xd9c>
   1d07e: b2 88        	mv	a7, a2
   1d080: 46 83        	mv	t1, a7
   1d082: 81 49        	li	s3, 0x0
   1d084: 97 2c 00 00  	auipc	s9, 0x2
   1d088: 93 8c 4c fe  	addi	s9, s9, -0x1c
   1d08c: 6f f0 4f b6  	j	0x1c3f0 <_svfiprintf_r+0x10c>
   1d090: 2a 84        	mv	s0, a0
   1d092: 6f f0 6f b9  	j	0x1c428 <_svfiprintf_r+0x144>
   1d096: 5e 86        	mv	a2, s7
   1d098: 7d b4        	j	0x1cb46 <_svfiprintf_r+0x862>
   1d09a: 42 89        	mv	s2, a6
   1d09c: 72 84        	mv	s0, t3
   1d09e: b2 84        	mv	s1, a2
   1d0a0: 6f f0 8f b8  	j	0x1c428 <_svfiprintf_r+0x144>
   1d0a4: 13 f6 07 20  	andi	a2, a5, 0x200
   1d0a8: 61 c2        	beqz	a2, 0x1d168 <_svfiprintf_r+0xe84>
   1d0aa: 1b 18 88 01  	slliw	a6, a6, 0x18
   1d0ae: 1b 58 88 41  	sraiw	a6, a6, 0x18
   1d0b2: ae 8e        	mv	t4, a1
   1d0b4: 42 86        	mv	a2, a6
   1d0b6: 6f f0 2f c6  	j	0x1c518 <_svfiprintf_r+0x234>
   1d0ba: 13 f6 07 20  	andi	a2, a5, 0x200
   1d0be: a3 03 01 06  	sb	zero, 0x67(sp)
   1d0c2: 59 ca        	beqz	a2, 0x1d158 <_svfiprintf_r+0xe74>
   1d0c4: 13 78 f8 0f  	andi	a6, a6, 0xff
   1d0c8: 63 d8 09 e6  	bgez	s3, 0x1c738 <_svfiprintf_r+0x454>
   1d0cc: ae 8e        	mv	t4, a1
   1d0ce: 6f f0 cf e0  	j	0x1c6da <_svfiprintf_r+0x3f6>
   1d0d2: 13 f5 07 20  	andi	a0, a5, 0x200
   1d0d6: 3d c9        	beqz	a0, 0x1d14c <_svfiprintf_r+0xe68>
   1d0d8: 13 76 f6 0f  	andi	a2, a2, 0xff
   1d0dc: ae 8e        	mv	t4, a1
   1d0de: be 88        	mv	a7, a5
   1d0e0: 6f f0 4f fb  	j	0x1c894 <_svfiprintf_r+0x5b0>
   1d0e4: 93 f8 07 20  	andi	a7, a5, 0x200
   1d0e8: 63 8f 08 04  	beqz	a7, 0x1d146 <_svfiprintf_r+0xe62>
   1d0ec: 93 f5 f5 0f  	andi	a1, a1, 0xff
   1d0f0: d9 b1        	j	0x1cdb6 <_svfiprintf_r+0xad2>
   1d0f2: c2 8e        	mv	t4, a6
   1d0f4: 01 43        	li	t1, 0x0
   1d0f6: 93 0c c1 0e  	addi	s9, sp, 0xec
   1d0fa: 6f f0 6f af  	j	0x1c3f0 <_svfiprintf_r+0x10c>
   1d0fe: 03 46 05 00  	lbu	a2, 0x0(a0)
   1d102: 93 f7 f7 bf  	andi	a5, a5, -0x401
   1d106: 81 27        	sext.w	a5, a5
   1d108: a3 05 c1 0e  	sb	a2, 0xeb(sp)
   1d10c: c2 8e        	mv	t4, a6
   1d10e: 46 83        	mv	t1, a7
   1d110: 93 0c b1 0e  	addi	s9, sp, 0xeb
   1d114: 6f f0 cf ad  	j	0x1c3f0 <_svfiprintf_r+0x10c>
   1d118: 83 45 71 06  	lbu	a1, 0x67(sp)
   1d11c: cd c1        	beqz	a1, 0x1d1be <_svfiprintf_r+0xeda>
   1d11e: b2 87        	mv	a5, a2
   1d120: 01 43        	li	t1, 0x0
   1d122: 93 0c c1 0e  	addi	s9, sp, 0xec
   1d126: 85 48        	li	a7, 0x1
   1d128: 6f f0 8f ac  	j	0x1c3f0 <_svfiprintf_r+0x10c>
   1d12c: c2 8e        	mv	t4, a6
   1d12e: 01 43        	li	t1, 0x0
   1d130: 01 46        	li	a2, 0x0
   1d132: 93 0c c1 0e  	addi	s9, sp, 0xec
   1d136: 6f f0 af e9  	j	0x1c7d0 <_svfiprintf_r+0x4ec>
   1d13a: a2 67        	ld	a5, 0x8(sp)
   1d13c: a1 0e        	addi	t4, t4, 0x8
   1d13e: 23 10 f6 00  	sh	a5, 0x0(a2)
   1d142: 6f f0 ef 9f  	j	0x1c340 <_svfiprintf_r+0x5c>
   1d146: 82 15        	slli	a1, a1, 0x20
   1d148: 81 91        	srli	a1, a1, 0x20
   1d14a: b5 b1        	j	0x1cdb6 <_svfiprintf_r+0xad2>
   1d14c: 02 16        	slli	a2, a2, 0x20
   1d14e: 01 92        	srli	a2, a2, 0x20
   1d150: ae 8e        	mv	t4, a1
   1d152: be 88        	mv	a7, a5
   1d154: 6f f0 0f f4  	j	0x1c894 <_svfiprintf_r+0x5b0>
   1d158: 02 18        	slli	a6, a6, 0x20
   1d15a: 13 58 08 02  	srli	a6, a6, 0x20
   1d15e: 63 dd 09 dc  	bgez	s3, 0x1c738 <_svfiprintf_r+0x454>
   1d162: ae 8e        	mv	t4, a1
   1d164: 6f f0 6f d7  	j	0x1c6da <_svfiprintf_r+0x3f6>
   1d168: ae 8e        	mv	t4, a1
   1d16a: 42 86        	mv	a2, a6
   1d16c: 6f f0 cf ba  	j	0x1c518 <_svfiprintf_r+0x234>
   1d170: 42 89        	mv	s2, a6
   1d172: 72 84        	mv	s0, t3
   1d174: de 84        	mv	s1, s7
   1d176: 6f f0 2f ab  	j	0x1c428 <_svfiprintf_r+0x144>
   1d17a: 02 65        	ld	a0, 0x0(sp)
   1d17c: 90 18        	addi	a2, sp, 0x70
   1d17e: da 85        	mv	a1, s6
   1d180: a2 dc        	sw	s0, 0x78(sp)
   1d182: 4a e1        	sd	s2, 0x80(sp)
   1d184: ef e0 bf ff  	jal	0x1c17e <__ssprint_r>
   1d188: 6f f0 8f ae  	j	0x1c470 <_svfiprintf_r+0x18c>
   1d18c: e3 0f 06 ea  	beqz	a2, 0x1d04a <_svfiprintf_r+0xd66>
   1d190: 9b 88 19 00  	addiw	a7, s3, 0x1
   1d194: 4e 83        	mv	t1, s3
   1d196: 81 49        	li	s3, 0x0
   1d198: 6f f0 8f a5  	j	0x1c3f0 <_svfiprintf_r+0x10c>
   1d19c: a2 67        	ld	a5, 0x8(sp)
   1d19e: a1 0e        	addi	t4, t4, 0x8
   1d1a0: 1c c2        	sw	a5, 0x0(a2)
   1d1a2: 6f f0 ef 99  	j	0x1c340 <_svfiprintf_r+0x5c>
   1d1a6: 03 a7 0e 00  	lw	a4, 0x0(t4)
   1d1aa: a1 0e        	addi	t4, t4, 0x8
   1d1ac: ba 89        	mv	s3, a4
   1d1ae: 63 53 07 00  	bgez	a4, 0x1d1b4 <_svfiprintf_r+0xed0>
   1d1b2: fd 59        	li	s3, -0x1
   1d1b4: 03 c6 1d 00  	lbu	a2, 0x1(s11)
   1d1b8: c2 8d        	mv	s11, a6
   1d1ba: 6f f0 af 9d  	j	0x1c394 <_svfiprintf_r+0xb0>
   1d1be: 13 ff 47 00  	andi	t5, a5, 0x4
   1d1c2: 01 43        	li	t1, 0x0
   1d1c4: b2 87        	mv	a5, a2
   1d1c6: 81 48        	li	a7, 0x0
   1d1c8: 63 14 0f 00  	bnez	t5, 0x1d1d0 <_svfiprintf_r+0xeec>
   1d1cc: 63 4a d0 00  	bgtz	a3, 0x1d1e0 <_svfiprintf_r+0xefc>
   1d1d0: 93 0c c1 0e  	addi	s9, sp, 0xec
   1d1d4: 6f f0 cf a5  	j	0x1c430 <_svfiprintf_r+0x14c>
   1d1d8: 93 0c b1 0e  	addi	s9, sp, 0xeb
   1d1dc: 6f f0 ef dd  	j	0x1c7ba <_svfiprintf_r+0x4d6>
   1d1e0: 36 88        	mv	a6, a3
   1d1e2: 93 0c c1 0e  	addi	s9, sp, 0xec
   1d1e6: d9 b0        	j	0x1caac <_svfiprintf_r+0x7c8>
   1d1e8: b2 88        	mv	a7, a2
   1d1ea: 6f f0 6f a0  	j	0x1c3f0 <_svfiprintf_r+0x10c>
   1d1ee: 02 67        	ld	a4, 0x0(sp)
   1d1f0: b1 47        	li	a5, 0xc
   1d1f2: 1c c3        	sw	a5, 0x0(a4)
   1d1f4: fd 57        	li	a5, -0x1
   1d1f6: 3e e4        	sd	a5, 0x8(sp)
   1d1f8: 6f f0 8f a9  	j	0x1c490 <_svfiprintf_r+0x1ac>

000000000001d1fc <_wcrtomb_r>:
   1d1fc: 79 71        	addi	sp, sp, -0x30
   1d1fe: 22 f0        	sd	s0, 0x20(sp)
   1d200: 26 ec        	sd	s1, 0x18(sp)
   1d202: 06 f4        	sd	ra, 0x28(sp)
   1d204: 83 b7 01 59  	ld	a5, 0x590(gp)
   1d208: 2a 84        	mv	s0, a0
   1d20a: b6 84        	mv	s1, a3
   1d20c: 91 c9        	beqz	a1, 0x1d220 <_wcrtomb_r+0x24>
   1d20e: 82 97        	jalr	a5
   1d210: fd 57        	li	a5, -0x1
   1d212: 63 0d f5 00  	beq	a0, a5, 0x1d22c <_wcrtomb_r+0x30>
   1d216: a2 70        	ld	ra, 0x28(sp)
   1d218: 02 74        	ld	s0, 0x20(sp)
   1d21a: e2 64        	ld	s1, 0x18(sp)
   1d21c: 45 61        	addi	sp, sp, 0x30
   1d21e: 82 80        	ret
   1d220: 01 46        	li	a2, 0x0
   1d222: 8a 85        	mv	a1, sp
   1d224: 82 97        	jalr	a5
   1d226: fd 57        	li	a5, -0x1
   1d228: e3 17 f5 fe  	bne	a0, a5, 0x1d216 <_wcrtomb_r+0x1a>
   1d22c: 23 a0 04 00  	sw	zero, 0x0(s1)
   1d230: 93 07 a0 08  	li	a5, 0x8a
   1d234: a2 70        	ld	ra, 0x28(sp)
   1d236: 1c c0        	sw	a5, 0x0(s0)
   1d238: 02 74        	ld	s0, 0x20(sp)
   1d23a: e2 64        	ld	s1, 0x18(sp)
   1d23c: 45 61        	addi	sp, sp, 0x30
   1d23e: 82 80        	ret

000000000001d240 <wcrtomb>:
   1d240: 79 71        	addi	sp, sp, -0x30
   1d242: 22 f0        	sd	s0, 0x20(sp)
   1d244: 26 ec        	sd	s1, 0x18(sp)
   1d246: 06 f4        	sd	ra, 0x28(sp)
   1d248: 83 b4 81 70  	ld	s1, 0x708(gp)
   1d24c: 83 b7 01 59  	ld	a5, 0x590(gp)
   1d250: 32 84        	mv	s0, a2
   1d252: 11 cd        	beqz	a0, 0x1d26e <wcrtomb+0x2e>
   1d254: 2e 86        	mv	a2, a1
   1d256: a2 86        	mv	a3, s0
   1d258: aa 85        	mv	a1, a0
   1d25a: 26 85        	mv	a0, s1
   1d25c: 82 97        	jalr	a5
   1d25e: fd 57        	li	a5, -0x1
   1d260: 63 0f f5 00  	beq	a0, a5, 0x1d27e <wcrtomb+0x3e>
   1d264: a2 70        	ld	ra, 0x28(sp)
   1d266: 02 74        	ld	s0, 0x20(sp)
   1d268: e2 64        	ld	s1, 0x18(sp)
   1d26a: 45 61        	addi	sp, sp, 0x30
   1d26c: 82 80        	ret
   1d26e: b2 86        	mv	a3, a2
   1d270: 8a 85        	mv	a1, sp
   1d272: 01 46        	li	a2, 0x0
   1d274: 26 85        	mv	a0, s1
   1d276: 82 97        	jalr	a5
   1d278: fd 57        	li	a5, -0x1
   1d27a: e3 15 f5 fe  	bne	a0, a5, 0x1d264 <wcrtomb+0x24>
   1d27e: 23 20 04 00  	sw	zero, 0x0(s0)
   1d282: a2 70        	ld	ra, 0x28(sp)
   1d284: 02 74        	ld	s0, 0x20(sp)
   1d286: 93 07 a0 08  	li	a5, 0x8a
   1d28a: 9c c0        	sw	a5, 0x0(s1)
   1d28c: e2 64        	ld	s1, 0x18(sp)
   1d28e: 45 61        	addi	sp, sp, 0x30
   1d290: 82 80        	ret

000000000001d292 <_wctomb_r>:
   1d292: 83 b7 01 59  	ld	a5, 0x590(gp)
   1d296: 82 87        	jr	a5

000000000001d298 <__ascii_wctomb>:
   1d298: 91 cd        	beqz	a1, 0x1d2b4 <__ascii_wctomb+0x1c>
   1d29a: 93 07 f0 0f  	li	a5, 0xff
   1d29e: 63 e6 c7 00  	bltu	a5, a2, 0x1d2aa <__ascii_wctomb+0x12>
   1d2a2: 23 80 c5 00  	sb	a2, 0x0(a1)
   1d2a6: 05 45        	li	a0, 0x1
   1d2a8: 82 80        	ret
   1d2aa: 93 07 a0 08  	li	a5, 0x8a
   1d2ae: 1c c1        	sw	a5, 0x0(a0)
   1d2b0: 7d 55        	li	a0, -0x1
   1d2b2: 82 80        	ret
   1d2b4: 01 45        	li	a0, 0x0
   1d2b6: 82 80        	ret

000000000001d2b8 <abort>:
   1d2b8: 41 11        	addi	sp, sp, -0x10
   1d2ba: 19 45        	li	a0, 0x6
   1d2bc: 06 e4        	sd	ra, 0x8(sp)
   1d2be: ef 00 00 1a  	jal	0x1d45e <raise>
   1d2c2: 05 45        	li	a0, 0x1
   1d2c4: ef 00 e0 3a  	jal	0x1d672 <_exit>

000000000001d2c8 <_init_signal_r>:
   1d2c8: 83 37 85 51  	ld	a5, 0x518(a0)
   1d2cc: 99 c3        	beqz	a5, 0x1d2d2 <_init_signal_r+0xa>
   1d2ce: 01 45        	li	a0, 0x0
   1d2d0: 82 80        	ret
   1d2d2: 41 11        	addi	sp, sp, -0x10
   1d2d4: 93 05 00 10  	li	a1, 0x100
   1d2d8: 22 e0        	sd	s0, 0x0(sp)
   1d2da: 06 e4        	sd	ra, 0x8(sp)
   1d2dc: 2a 84        	mv	s0, a0
   1d2de: ef 90 8f c6  	jal	0x16746 <_malloc_r>
   1d2e2: 23 3c a4 50  	sd	a0, 0x518(s0)
   1d2e6: 09 cd        	beqz	a0, 0x1d300 <_init_signal_r+0x38>
   1d2e8: 93 07 05 10  	addi	a5, a0, 0x100
   1d2ec: 23 30 05 00  	sd	zero, 0x0(a0)
   1d2f0: 21 05        	addi	a0, a0, 0x8
   1d2f2: e3 1d f5 fe  	bne	a0, a5, 0x1d2ec <_init_signal_r+0x24>
   1d2f6: 01 45        	li	a0, 0x0
   1d2f8: a2 60        	ld	ra, 0x8(sp)
   1d2fa: 02 64        	ld	s0, 0x0(sp)
   1d2fc: 41 01        	addi	sp, sp, 0x10
   1d2fe: 82 80        	ret
   1d300: 7d 55        	li	a0, -0x1
   1d302: dd bf        	j	0x1d2f8 <_init_signal_r+0x30>

000000000001d304 <_signal_r>:
   1d304: 79 71        	addi	sp, sp, -0x30
   1d306: 26 ec        	sd	s1, 0x18(sp)
   1d308: 06 f4        	sd	ra, 0x28(sp)
   1d30a: fd 47        	li	a5, 0x1f
   1d30c: aa 84        	mv	s1, a0
   1d30e: 63 e0 b7 02  	bltu	a5, a1, 0x1d32e <_signal_r+0x2a>
   1d312: 83 37 85 51  	ld	a5, 0x518(a0)
   1d316: 22 f0        	sd	s0, 0x20(sp)
   1d318: 2e 84        	mv	s0, a1
   1d31a: 8d c3        	beqz	a5, 0x1d33c <_signal_r+0x38>
   1d31c: 0e 04        	slli	s0, s0, 0x3
   1d31e: a2 97        	add	a5, a5, s0
   1d320: a2 70        	ld	ra, 0x28(sp)
   1d322: 02 74        	ld	s0, 0x20(sp)
   1d324: 88 63        	ld	a0, 0x0(a5)
   1d326: 90 e3        	sd	a2, 0x0(a5)
   1d328: e2 64        	ld	s1, 0x18(sp)
   1d32a: 45 61        	addi	sp, sp, 0x30
   1d32c: 82 80        	ret
   1d32e: d9 47        	li	a5, 0x16
   1d330: 1c c1        	sw	a5, 0x0(a0)
   1d332: 7d 55        	li	a0, -0x1
   1d334: a2 70        	ld	ra, 0x28(sp)
   1d336: e2 64        	ld	s1, 0x18(sp)
   1d338: 45 61        	addi	sp, sp, 0x30
   1d33a: 82 80        	ret
   1d33c: 93 05 00 10  	li	a1, 0x100
   1d340: 32 e4        	sd	a2, 0x8(sp)
   1d342: ef 90 4f c0  	jal	0x16746 <_malloc_r>
   1d346: 23 bc a4 50  	sd	a0, 0x518(s1)
   1d34a: 22 66        	ld	a2, 0x8(sp)
   1d34c: aa 87        	mv	a5, a0
   1d34e: 2a 87        	mv	a4, a0
   1d350: 93 06 05 10  	addi	a3, a0, 0x100
   1d354: 19 c5        	beqz	a0, 0x1d362 <_signal_r+0x5e>
   1d356: 23 30 07 00  	sd	zero, 0x0(a4)
   1d35a: 21 07        	addi	a4, a4, 0x8
   1d35c: e3 1d d7 fe  	bne	a4, a3, 0x1d356 <_signal_r+0x52>
   1d360: 75 bf        	j	0x1d31c <_signal_r+0x18>
   1d362: 02 74        	ld	s0, 0x20(sp)
   1d364: 7d 55        	li	a0, -0x1
   1d366: f9 b7        	j	0x1d334 <_signal_r+0x30>

000000000001d368 <_raise_r>:
   1d368: 01 11        	addi	sp, sp, -0x20
   1d36a: 26 e4        	sd	s1, 0x8(sp)
   1d36c: 06 ec        	sd	ra, 0x18(sp)
   1d36e: fd 47        	li	a5, 0x1f
   1d370: aa 84        	mv	s1, a0
   1d372: 63 ee b7 04  	bltu	a5, a1, 0x1d3ce <_raise_r+0x66>
   1d376: 83 37 85 51  	ld	a5, 0x518(a0)
   1d37a: 22 e8        	sd	s0, 0x10(sp)
   1d37c: 2e 84        	mv	s0, a1
   1d37e: 95 c7        	beqz	a5, 0x1d3aa <_raise_r+0x42>
   1d380: 13 97 35 00  	slli	a4, a1, 0x3
   1d384: ba 97        	add	a5, a5, a4
   1d386: 98 63        	ld	a4, 0x0(a5)
   1d388: 0d c3        	beqz	a4, 0x1d3aa <_raise_r+0x42>
   1d38a: 05 45        	li	a0, 0x1
   1d38c: 63 09 a7 00  	beq	a4, a0, 0x1d39e <_raise_r+0x36>
   1d390: fd 56        	li	a3, -0x1
   1d392: 63 07 d7 02  	beq	a4, a3, 0x1d3c0 <_raise_r+0x58>
   1d396: 23 b0 07 00  	sd	zero, 0x0(a5)
   1d39a: 2e 85        	mv	a0, a1
   1d39c: 02 97        	jalr	a4
   1d39e: 42 64        	ld	s0, 0x10(sp)
   1d3a0: 01 45        	li	a0, 0x0
   1d3a2: e2 60        	ld	ra, 0x18(sp)
   1d3a4: a2 64        	ld	s1, 0x8(sp)
   1d3a6: 05 61        	addi	sp, sp, 0x20
   1d3a8: 82 80        	ret
   1d3aa: 26 85        	mv	a0, s1
   1d3ac: ef 00 e0 28  	jal	0x1d63a <_getpid_r>
   1d3b0: 22 86        	mv	a2, s0
   1d3b2: 42 64        	ld	s0, 0x10(sp)
   1d3b4: e2 60        	ld	ra, 0x18(sp)
   1d3b6: aa 85        	mv	a1, a0
   1d3b8: 26 85        	mv	a0, s1
   1d3ba: a2 64        	ld	s1, 0x8(sp)
   1d3bc: 05 61        	addi	sp, sp, 0x20
   1d3be: a1 a4        	j	0x1d606 <_kill_r>
   1d3c0: 42 64        	ld	s0, 0x10(sp)
   1d3c2: e2 60        	ld	ra, 0x18(sp)
   1d3c4: d9 47        	li	a5, 0x16
   1d3c6: 9c c0        	sw	a5, 0x0(s1)
   1d3c8: a2 64        	ld	s1, 0x8(sp)
   1d3ca: 05 61        	addi	sp, sp, 0x20
   1d3cc: 82 80        	ret
   1d3ce: d9 47        	li	a5, 0x16
   1d3d0: 1c c1        	sw	a5, 0x0(a0)
   1d3d2: 7d 55        	li	a0, -0x1
   1d3d4: f9 b7        	j	0x1d3a2 <_raise_r+0x3a>

000000000001d3d6 <__sigtramp_r>:
   1d3d6: fd 47        	li	a5, 0x1f
   1d3d8: 63 e1 b7 08  	bltu	a5, a1, 0x1d45a <__sigtramp_r+0x84>
   1d3dc: 83 37 85 51  	ld	a5, 0x518(a0)
   1d3e0: 01 11        	addi	sp, sp, -0x20
   1d3e2: 22 e8        	sd	s0, 0x10(sp)
   1d3e4: 26 e4        	sd	s1, 0x8(sp)
   1d3e6: 06 ec        	sd	ra, 0x18(sp)
   1d3e8: 2e 84        	mv	s0, a1
   1d3ea: aa 84        	mv	s1, a0
   1d3ec: a1 c7        	beqz	a5, 0x1d434 <__sigtramp_r+0x5e>
   1d3ee: 13 17 34 00  	slli	a4, s0, 0x3
   1d3f2: ba 97        	add	a5, a5, a4
   1d3f4: 98 63        	ld	a4, 0x0(a5)
   1d3f6: 0d c3        	beqz	a4, 0x1d418 <__sigtramp_r+0x42>
   1d3f8: fd 56        	li	a3, -0x1
   1d3fa: 63 0b d7 02  	beq	a4, a3, 0x1d430 <__sigtramp_r+0x5a>
   1d3fe: 85 46        	li	a3, 0x1
   1d400: 63 02 d7 02  	beq	a4, a3, 0x1d424 <__sigtramp_r+0x4e>
   1d404: 22 85        	mv	a0, s0
   1d406: 23 b0 07 00  	sd	zero, 0x0(a5)
   1d40a: 02 97        	jalr	a4
   1d40c: 01 45        	li	a0, 0x0
   1d40e: e2 60        	ld	ra, 0x18(sp)
   1d410: 42 64        	ld	s0, 0x10(sp)
   1d412: a2 64        	ld	s1, 0x8(sp)
   1d414: 05 61        	addi	sp, sp, 0x20
   1d416: 82 80        	ret
   1d418: e2 60        	ld	ra, 0x18(sp)
   1d41a: 42 64        	ld	s0, 0x10(sp)
   1d41c: a2 64        	ld	s1, 0x8(sp)
   1d41e: 05 45        	li	a0, 0x1
   1d420: 05 61        	addi	sp, sp, 0x20
   1d422: 82 80        	ret
   1d424: e2 60        	ld	ra, 0x18(sp)
   1d426: 42 64        	ld	s0, 0x10(sp)
   1d428: a2 64        	ld	s1, 0x8(sp)
   1d42a: 0d 45        	li	a0, 0x3
   1d42c: 05 61        	addi	sp, sp, 0x20
   1d42e: 82 80        	ret
   1d430: 09 45        	li	a0, 0x2
   1d432: f1 bf        	j	0x1d40e <__sigtramp_r+0x38>
   1d434: 93 05 00 10  	li	a1, 0x100
   1d438: ef 90 ef b0  	jal	0x16746 <_malloc_r>
   1d43c: 23 bc a4 50  	sd	a0, 0x518(s1)
   1d440: aa 87        	mv	a5, a0
   1d442: 11 c9        	beqz	a0, 0x1d456 <__sigtramp_r+0x80>
   1d444: 2a 87        	mv	a4, a0
   1d446: 93 06 05 10  	addi	a3, a0, 0x100
   1d44a: 23 30 07 00  	sd	zero, 0x0(a4)
   1d44e: 21 07        	addi	a4, a4, 0x8
   1d450: e3 1d d7 fe  	bne	a4, a3, 0x1d44a <__sigtramp_r+0x74>
   1d454: 69 bf        	j	0x1d3ee <__sigtramp_r+0x18>
   1d456: 7d 55        	li	a0, -0x1
   1d458: 5d bf        	j	0x1d40e <__sigtramp_r+0x38>
   1d45a: 7d 55        	li	a0, -0x1
   1d45c: 82 80        	ret

000000000001d45e <raise>:
   1d45e: 01 11        	addi	sp, sp, -0x20
   1d460: 26 e4        	sd	s1, 0x8(sp)
   1d462: 06 ec        	sd	ra, 0x18(sp)
   1d464: fd 47        	li	a5, 0x1f
   1d466: 83 b4 81 70  	ld	s1, 0x708(gp)
   1d46a: 63 ee a7 04  	bltu	a5, a0, 0x1d4c6 <raise+0x68>
   1d46e: 83 b7 84 51  	ld	a5, 0x518(s1)
   1d472: 22 e8        	sd	s0, 0x10(sp)
   1d474: 2a 84        	mv	s0, a0
   1d476: 8d c7        	beqz	a5, 0x1d4a0 <raise+0x42>
   1d478: 13 17 35 00  	slli	a4, a0, 0x3
   1d47c: ba 97        	add	a5, a5, a4
   1d47e: 98 63        	ld	a4, 0x0(a5)
   1d480: 05 c3        	beqz	a4, 0x1d4a0 <raise+0x42>
   1d482: 85 46        	li	a3, 0x1
   1d484: 63 08 d7 00  	beq	a4, a3, 0x1d494 <raise+0x36>
   1d488: 7d 56        	li	a2, -0x1
   1d48a: 63 06 c7 02  	beq	a4, a2, 0x1d4b6 <raise+0x58>
   1d48e: 23 b0 07 00  	sd	zero, 0x0(a5)
   1d492: 02 97        	jalr	a4
   1d494: 42 64        	ld	s0, 0x10(sp)
   1d496: 01 45        	li	a0, 0x0
   1d498: e2 60        	ld	ra, 0x18(sp)
   1d49a: a2 64        	ld	s1, 0x8(sp)
   1d49c: 05 61        	addi	sp, sp, 0x20
   1d49e: 82 80        	ret
   1d4a0: 26 85        	mv	a0, s1
   1d4a2: ef 00 80 19  	jal	0x1d63a <_getpid_r>
   1d4a6: 22 86        	mv	a2, s0
   1d4a8: 42 64        	ld	s0, 0x10(sp)
   1d4aa: e2 60        	ld	ra, 0x18(sp)
   1d4ac: aa 85        	mv	a1, a0
   1d4ae: 26 85        	mv	a0, s1
   1d4b0: a2 64        	ld	s1, 0x8(sp)
   1d4b2: 05 61        	addi	sp, sp, 0x20
   1d4b4: 89 aa        	j	0x1d606 <_kill_r>
   1d4b6: 42 64        	ld	s0, 0x10(sp)
   1d4b8: e2 60        	ld	ra, 0x18(sp)
   1d4ba: d9 47        	li	a5, 0x16
   1d4bc: 9c c0        	sw	a5, 0x0(s1)
   1d4be: 36 85        	mv	a0, a3
   1d4c0: a2 64        	ld	s1, 0x8(sp)
   1d4c2: 05 61        	addi	sp, sp, 0x20
   1d4c4: 82 80        	ret
   1d4c6: d9 47        	li	a5, 0x16
   1d4c8: 9c c0        	sw	a5, 0x0(s1)
   1d4ca: 7d 55        	li	a0, -0x1
   1d4cc: f1 b7        	j	0x1d498 <raise+0x3a>

000000000001d4ce <signal>:
   1d4ce: 01 11        	addi	sp, sp, -0x20
   1d4d0: 4a e0        	sd	s2, 0x0(sp)
   1d4d2: 06 ec        	sd	ra, 0x18(sp)
   1d4d4: fd 47        	li	a5, 0x1f
   1d4d6: 03 b9 81 70  	ld	s2, 0x708(gp)
   1d4da: 63 e4 a7 02  	bltu	a5, a0, 0x1d502 <signal+0x34>
   1d4de: 22 e8        	sd	s0, 0x10(sp)
   1d4e0: 2a 84        	mv	s0, a0
   1d4e2: 03 35 89 51  	ld	a0, 0x518(s2)
   1d4e6: 26 e4        	sd	s1, 0x8(sp)
   1d4e8: ae 84        	mv	s1, a1
   1d4ea: 05 c5        	beqz	a0, 0x1d512 <signal+0x44>
   1d4ec: 0e 04        	slli	s0, s0, 0x3
   1d4ee: b3 07 85 00  	add	a5, a0, s0
   1d4f2: e2 60        	ld	ra, 0x18(sp)
   1d4f4: 42 64        	ld	s0, 0x10(sp)
   1d4f6: 88 63        	ld	a0, 0x0(a5)
   1d4f8: 84 e3        	sd	s1, 0x0(a5)
   1d4fa: 02 69        	ld	s2, 0x0(sp)
   1d4fc: a2 64        	ld	s1, 0x8(sp)
   1d4fe: 05 61        	addi	sp, sp, 0x20
   1d500: 82 80        	ret
   1d502: d9 47        	li	a5, 0x16
   1d504: 23 20 f9 00  	sw	a5, 0x0(s2)
   1d508: 7d 55        	li	a0, -0x1
   1d50a: e2 60        	ld	ra, 0x18(sp)
   1d50c: 02 69        	ld	s2, 0x0(sp)
   1d50e: 05 61        	addi	sp, sp, 0x20
   1d510: 82 80        	ret
   1d512: 93 05 00 10  	li	a1, 0x100
   1d516: 4a 85        	mv	a0, s2
   1d518: ef 90 ef a2  	jal	0x16746 <_malloc_r>
   1d51c: 23 3c a9 50  	sd	a0, 0x518(s2)
   1d520: aa 87        	mv	a5, a0
   1d522: 13 07 05 10  	addi	a4, a0, 0x100
   1d526: 19 c5        	beqz	a0, 0x1d534 <signal+0x66>
   1d528: 23 b0 07 00  	sd	zero, 0x0(a5)
   1d52c: a1 07        	addi	a5, a5, 0x8
   1d52e: e3 1d f7 fe  	bne	a4, a5, 0x1d528 <signal+0x5a>
   1d532: 6d bf        	j	0x1d4ec <signal+0x1e>
   1d534: 42 64        	ld	s0, 0x10(sp)
   1d536: a2 64        	ld	s1, 0x8(sp)
   1d538: 7d 55        	li	a0, -0x1
   1d53a: c1 bf        	j	0x1d50a <signal+0x3c>

000000000001d53c <_init_signal>:
   1d53c: 41 11        	addi	sp, sp, -0x10
   1d53e: 22 e0        	sd	s0, 0x0(sp)
   1d540: 03 b4 81 70  	ld	s0, 0x708(gp)
   1d544: 06 e4        	sd	ra, 0x8(sp)
   1d546: 83 37 84 51  	ld	a5, 0x518(s0)
   1d54a: 91 c7        	beqz	a5, 0x1d556 <_init_signal+0x1a>
   1d54c: 01 45        	li	a0, 0x0
   1d54e: a2 60        	ld	ra, 0x8(sp)
   1d550: 02 64        	ld	s0, 0x0(sp)
   1d552: 41 01        	addi	sp, sp, 0x10
   1d554: 82 80        	ret
   1d556: 93 05 00 10  	li	a1, 0x100
   1d55a: 22 85        	mv	a0, s0
   1d55c: ef 90 af 9e  	jal	0x16746 <_malloc_r>
   1d560: 23 3c a4 50  	sd	a0, 0x518(s0)
   1d564: 09 c9        	beqz	a0, 0x1d576 <_init_signal+0x3a>
   1d566: 93 07 05 10  	addi	a5, a0, 0x100
   1d56a: 23 30 05 00  	sd	zero, 0x0(a0)
   1d56e: 21 05        	addi	a0, a0, 0x8
   1d570: e3 1d f5 fe  	bne	a0, a5, 0x1d56a <_init_signal+0x2e>
   1d574: e1 bf        	j	0x1d54c <_init_signal+0x10>
   1d576: 7d 55        	li	a0, -0x1
   1d578: d9 bf        	j	0x1d54e <_init_signal+0x12>

000000000001d57a <__sigtramp>:
   1d57a: 01 11        	addi	sp, sp, -0x20
   1d57c: 26 e4        	sd	s1, 0x8(sp)
   1d57e: 06 ec        	sd	ra, 0x18(sp)
   1d580: fd 47        	li	a5, 0x1f
   1d582: 83 b4 81 70  	ld	s1, 0x708(gp)
   1d586: 63 ee a7 06  	bltu	a5, a0, 0x1d602 <__sigtramp+0x88>
   1d58a: 83 b7 84 51  	ld	a5, 0x518(s1)
   1d58e: 22 e8        	sd	s0, 0x10(sp)
   1d590: 2a 84        	mv	s0, a0
   1d592: a9 c7        	beqz	a5, 0x1d5dc <__sigtramp+0x62>
   1d594: 13 17 34 00  	slli	a4, s0, 0x3
   1d598: ba 97        	add	a5, a5, a4
   1d59a: 98 63        	ld	a4, 0x0(a5)
   1d59c: 0d c3        	beqz	a4, 0x1d5be <__sigtramp+0x44>
   1d59e: fd 56        	li	a3, -0x1
   1d5a0: 63 0b d7 02  	beq	a4, a3, 0x1d5d6 <__sigtramp+0x5c>
   1d5a4: 85 46        	li	a3, 0x1
   1d5a6: 63 02 d7 02  	beq	a4, a3, 0x1d5ca <__sigtramp+0x50>
   1d5aa: 22 85        	mv	a0, s0
   1d5ac: 23 b0 07 00  	sd	zero, 0x0(a5)
   1d5b0: 02 97        	jalr	a4
   1d5b2: 42 64        	ld	s0, 0x10(sp)
   1d5b4: 01 45        	li	a0, 0x0
   1d5b6: e2 60        	ld	ra, 0x18(sp)
   1d5b8: a2 64        	ld	s1, 0x8(sp)
   1d5ba: 05 61        	addi	sp, sp, 0x20
   1d5bc: 82 80        	ret
   1d5be: 42 64        	ld	s0, 0x10(sp)
   1d5c0: e2 60        	ld	ra, 0x18(sp)
   1d5c2: a2 64        	ld	s1, 0x8(sp)
   1d5c4: 05 45        	li	a0, 0x1
   1d5c6: 05 61        	addi	sp, sp, 0x20
   1d5c8: 82 80        	ret
   1d5ca: 42 64        	ld	s0, 0x10(sp)
   1d5cc: e2 60        	ld	ra, 0x18(sp)
   1d5ce: a2 64        	ld	s1, 0x8(sp)
   1d5d0: 0d 45        	li	a0, 0x3
   1d5d2: 05 61        	addi	sp, sp, 0x20
   1d5d4: 82 80        	ret
   1d5d6: 42 64        	ld	s0, 0x10(sp)
   1d5d8: 09 45        	li	a0, 0x2
   1d5da: f1 bf        	j	0x1d5b6 <__sigtramp+0x3c>
   1d5dc: 93 05 00 10  	li	a1, 0x100
   1d5e0: 26 85        	mv	a0, s1
   1d5e2: ef 90 4f 96  	jal	0x16746 <_malloc_r>
   1d5e6: 23 bc a4 50  	sd	a0, 0x518(s1)
   1d5ea: aa 87        	mv	a5, a0
   1d5ec: 11 c9        	beqz	a0, 0x1d600 <__sigtramp+0x86>
   1d5ee: 2a 87        	mv	a4, a0
   1d5f0: 93 06 05 10  	addi	a3, a0, 0x100
   1d5f4: 23 30 07 00  	sd	zero, 0x0(a4)
   1d5f8: 21 07        	addi	a4, a4, 0x8
   1d5fa: e3 9d e6 fe  	bne	a3, a4, 0x1d5f4 <__sigtramp+0x7a>
   1d5fe: 59 bf        	j	0x1d594 <__sigtramp+0x1a>
   1d600: 42 64        	ld	s0, 0x10(sp)
   1d602: 7d 55        	li	a0, -0x1
   1d604: 4d bf        	j	0x1d5b6 <__sigtramp+0x3c>

000000000001d606 <_kill_r>:
   1d606: 41 11        	addi	sp, sp, -0x10
   1d608: 2e 87        	mv	a4, a1
   1d60a: 22 e0        	sd	s0, 0x0(sp)
   1d60c: b2 85        	mv	a1, a2
   1d60e: 2a 84        	mv	s0, a0
   1d610: 3a 85        	mv	a0, a4
   1d612: 23 a4 01 78  	sw	zero, 0x788(gp)
   1d616: 06 e4        	sd	ra, 0x8(sp)
   1d618: ef 00 e0 12  	jal	0x1d746 <_kill>
   1d61c: fd 57        	li	a5, -0x1
   1d61e: 63 06 f5 00  	beq	a0, a5, 0x1d62a <_kill_r+0x24>
   1d622: a2 60        	ld	ra, 0x8(sp)
   1d624: 02 64        	ld	s0, 0x0(sp)
   1d626: 41 01        	addi	sp, sp, 0x10
   1d628: 82 80        	ret
   1d62a: 83 a7 81 78  	lw	a5, 0x788(gp)
   1d62e: f5 db        	beqz	a5, 0x1d622 <_kill_r+0x1c>
   1d630: a2 60        	ld	ra, 0x8(sp)
   1d632: 1c c0        	sw	a5, 0x0(s0)
   1d634: 02 64        	ld	s0, 0x0(sp)
   1d636: 41 01        	addi	sp, sp, 0x10
   1d638: 82 80        	ret

000000000001d63a <_getpid_r>:
   1d63a: 75 a0        	j	0x1d6e6 <_getpid>

000000000001d63c <_close>:
   1d63c: 41 11        	addi	sp, sp, -0x10
   1d63e: 06 e4        	sd	ra, 0x8(sp)
   1d640: 22 e0        	sd	s0, 0x0(sp)
   1d642: 81 45        	li	a1, 0x0
   1d644: 01 46        	li	a2, 0x0
   1d646: 81 46        	li	a3, 0x0
   1d648: 01 47        	li	a4, 0x0
   1d64a: 81 47        	li	a5, 0x0
   1d64c: 93 08 90 03  	li	a7, 0x39
   1d650: 73 00 00 00  	ecall
   1d654: 2a 84        	mv	s0, a0
   1d656: 63 47 05 00  	bltz	a0, 0x1d664 <_close+0x28>
   1d65a: 01 25        	sext.w	a0, a0
   1d65c: a2 60        	ld	ra, 0x8(sp)
   1d65e: 02 64        	ld	s0, 0x0(sp)
   1d660: 41 01        	addi	sp, sp, 0x10
   1d662: 82 80        	ret
   1d664: ef 00 00 25  	jal	0x1d8b4 <__errno>
   1d668: 3b 04 80 40  	negw	s0, s0
   1d66c: 00 c1        	sw	s0, 0x0(a0)
   1d66e: 7d 55        	li	a0, -0x1
   1d670: f5 b7        	j	0x1d65c <_close+0x20>

000000000001d672 <_exit>:
   1d672: 81 45        	li	a1, 0x0
   1d674: 01 46        	li	a2, 0x0
   1d676: 81 46        	li	a3, 0x0
   1d678: 01 47        	li	a4, 0x0
   1d67a: 81 47        	li	a5, 0x0
   1d67c: 93 08 d0 05  	li	a7, 0x5d
   1d680: 73 00 00 00  	ecall
   1d684: 63 43 05 00  	bltz	a0, 0x1d68a <_exit+0x18>
   1d688: 01 a0        	j	0x1d688 <_exit+0x16>
   1d68a: 41 11        	addi	sp, sp, -0x10
   1d68c: 22 e0        	sd	s0, 0x0(sp)
   1d68e: 2a 84        	mv	s0, a0
   1d690: 06 e4        	sd	ra, 0x8(sp)
   1d692: 3b 04 80 40  	negw	s0, s0
   1d696: ef 00 e0 21  	jal	0x1d8b4 <__errno>
   1d69a: 00 c1        	sw	s0, 0x0(a0)
   1d69c: 01 a0        	j	0x1d69c <_exit+0x2a>

000000000001d69e <_fstat>:
   1d69e: 35 71        	addi	sp, sp, -0xa0
   1d6a0: 26 e5        	sd	s1, 0x88(sp)
   1d6a2: 06 ed        	sd	ra, 0x98(sp)
   1d6a4: ae 84        	mv	s1, a1
   1d6a6: 22 e9        	sd	s0, 0x90(sp)
   1d6a8: 8a 85        	mv	a1, sp
   1d6aa: 01 46        	li	a2, 0x0
   1d6ac: 81 46        	li	a3, 0x0
   1d6ae: 01 47        	li	a4, 0x0
   1d6b0: 81 47        	li	a5, 0x0
   1d6b2: 93 08 00 05  	li	a7, 0x50
   1d6b6: 73 00 00 00  	ecall
   1d6ba: 2a 84        	mv	s0, a0
   1d6bc: 63 4e 05 00  	bltz	a0, 0x1d6d8 <_fstat+0x3a>
   1d6c0: 1b 04 05 00  	sext.w	s0, a0
   1d6c4: 26 85        	mv	a0, s1
   1d6c6: 8a 85        	mv	a1, sp
   1d6c8: ef 00 20 19  	jal	0x1d85a <_conv_stat>
   1d6cc: ea 60        	ld	ra, 0x98(sp)
   1d6ce: 22 85        	mv	a0, s0
   1d6d0: 4a 64        	ld	s0, 0x90(sp)
   1d6d2: aa 64        	ld	s1, 0x88(sp)
   1d6d4: 0d 61        	addi	sp, sp, 0xa0
   1d6d6: 82 80        	ret
   1d6d8: 3b 04 80 40  	negw	s0, s0
   1d6dc: ef 00 80 1d  	jal	0x1d8b4 <__errno>
   1d6e0: 00 c1        	sw	s0, 0x0(a0)
   1d6e2: 7d 54        	li	s0, -0x1
   1d6e4: c5 b7        	j	0x1d6c4 <_fstat+0x26>

000000000001d6e6 <_getpid>:
   1d6e6: 05 45        	li	a0, 0x1
   1d6e8: 82 80        	ret

000000000001d6ea <_gettimeofday>:
   1d6ea: 41 11        	addi	sp, sp, -0x10
   1d6ec: 06 e4        	sd	ra, 0x8(sp)
   1d6ee: 22 e0        	sd	s0, 0x0(sp)
   1d6f0: 81 45        	li	a1, 0x0
   1d6f2: 01 46        	li	a2, 0x0
   1d6f4: 81 46        	li	a3, 0x0
   1d6f6: 01 47        	li	a4, 0x0
   1d6f8: 81 47        	li	a5, 0x0
   1d6fa: 93 08 90 0a  	li	a7, 0xa9
   1d6fe: 73 00 00 00  	ecall
   1d702: 2a 84        	mv	s0, a0
   1d704: 63 47 05 00  	bltz	a0, 0x1d712 <_gettimeofday+0x28>
   1d708: 01 25        	sext.w	a0, a0
   1d70a: a2 60        	ld	ra, 0x8(sp)
   1d70c: 02 64        	ld	s0, 0x0(sp)
   1d70e: 41 01        	addi	sp, sp, 0x10
   1d710: 82 80        	ret
   1d712: ef 00 20 1a  	jal	0x1d8b4 <__errno>
   1d716: 3b 04 80 40  	negw	s0, s0
   1d71a: 00 c1        	sw	s0, 0x0(a0)
   1d71c: 7d 55        	li	a0, -0x1
   1d71e: f5 b7        	j	0x1d70a <_gettimeofday+0x20>

000000000001d720 <_isatty>:
   1d720: 19 71        	addi	sp, sp, -0x80
   1d722: 2c 00        	addi	a1, sp, 0x8
   1d724: 86 fc        	sd	ra, 0x78(sp)
   1d726: ef f0 9f f7  	jal	0x1d69e <_fstat>
   1d72a: fd 57        	li	a5, -0x1
   1d72c: 63 09 f5 00  	beq	a0, a5, 0x1d73e <_isatty+0x1e>
   1d730: 32 45        	lw	a0, 0xc(sp)
   1d732: e6 70        	ld	ra, 0x78(sp)
   1d734: 1b 55 d5 00  	srliw	a0, a0, 0xd
   1d738: 05 89        	andi	a0, a0, 0x1
   1d73a: 09 61        	addi	sp, sp, 0x80
   1d73c: 82 80        	ret
   1d73e: e6 70        	ld	ra, 0x78(sp)
   1d740: 01 45        	li	a0, 0x0
   1d742: 09 61        	addi	sp, sp, 0x80
   1d744: 82 80        	ret

000000000001d746 <_kill>:
   1d746: 41 11        	addi	sp, sp, -0x10
   1d748: 06 e4        	sd	ra, 0x8(sp)
   1d74a: ef 00 a0 16  	jal	0x1d8b4 <__errno>
   1d74e: a2 60        	ld	ra, 0x8(sp)
   1d750: d9 47        	li	a5, 0x16
   1d752: 1c c1        	sw	a5, 0x0(a0)
   1d754: 7d 55        	li	a0, -0x1
   1d756: 41 01        	addi	sp, sp, 0x10
   1d758: 82 80        	ret

000000000001d75a <_lseek>:
   1d75a: 41 11        	addi	sp, sp, -0x10
   1d75c: 06 e4        	sd	ra, 0x8(sp)
   1d75e: 22 e0        	sd	s0, 0x0(sp)
   1d760: 81 46        	li	a3, 0x0
   1d762: 01 47        	li	a4, 0x0
   1d764: 81 47        	li	a5, 0x0
   1d766: 93 08 e0 03  	li	a7, 0x3e
   1d76a: 73 00 00 00  	ecall
   1d76e: 2a 84        	mv	s0, a0
   1d770: 63 47 05 00  	bltz	a0, 0x1d77e <_lseek+0x24>
   1d774: a2 60        	ld	ra, 0x8(sp)
   1d776: 22 85        	mv	a0, s0
   1d778: 02 64        	ld	s0, 0x0(sp)
   1d77a: 41 01        	addi	sp, sp, 0x10
   1d77c: 82 80        	ret
   1d77e: 3b 04 80 40  	negw	s0, s0
   1d782: ef 00 20 13  	jal	0x1d8b4 <__errno>
   1d786: 00 c1        	sw	s0, 0x0(a0)
   1d788: 7d 54        	li	s0, -0x1
   1d78a: ed b7        	j	0x1d774 <_lseek+0x1a>

000000000001d78c <_read>:
   1d78c: 41 11        	addi	sp, sp, -0x10
   1d78e: 06 e4        	sd	ra, 0x8(sp)
   1d790: 22 e0        	sd	s0, 0x0(sp)
   1d792: 81 46        	li	a3, 0x0
   1d794: 01 47        	li	a4, 0x0
   1d796: 81 47        	li	a5, 0x0
   1d798: 93 08 f0 03  	li	a7, 0x3f
   1d79c: 73 00 00 00  	ecall
   1d7a0: 2a 84        	mv	s0, a0
   1d7a2: 63 47 05 00  	bltz	a0, 0x1d7b0 <_read+0x24>
   1d7a6: a2 60        	ld	ra, 0x8(sp)
   1d7a8: 22 85        	mv	a0, s0
   1d7aa: 02 64        	ld	s0, 0x0(sp)
   1d7ac: 41 01        	addi	sp, sp, 0x10
   1d7ae: 82 80        	ret
   1d7b0: 3b 04 80 40  	negw	s0, s0
   1d7b4: ef 00 00 10  	jal	0x1d8b4 <__errno>
   1d7b8: 00 c1        	sw	s0, 0x0(a0)
   1d7ba: 7d 54        	li	s0, -0x1
   1d7bc: ed b7        	j	0x1d7a6 <_read+0x1a>

000000000001d7be <_sbrk>:
   1d7be: 13 83 81 79  	addi	t1, gp, 0x798
   1d7c2: 83 37 03 00  	ld	a5, 0x0(t1)
   1d7c6: 41 11        	addi	sp, sp, -0x10
   1d7c8: 06 e4        	sd	ra, 0x8(sp)
   1d7ca: 2a 88        	mv	a6, a0
   1d7cc: 85 e3        	bnez	a5, 0x1d7ec <_sbrk+0x2e>
   1d7ce: 01 45        	li	a0, 0x0
   1d7d0: 81 45        	li	a1, 0x0
   1d7d2: 01 46        	li	a2, 0x0
   1d7d4: 81 46        	li	a3, 0x0
   1d7d6: 01 47        	li	a4, 0x0
   1d7d8: 93 08 60 0d  	li	a7, 0xd6
   1d7dc: 73 00 00 00  	ecall
   1d7e0: 7d 57        	li	a4, -0x1
   1d7e2: aa 87        	mv	a5, a0
   1d7e4: 63 0a e5 02  	beq	a0, a4, 0x1d818 <_sbrk+0x5a>
   1d7e8: 23 30 a3 00  	sd	a0, 0x0(t1)
   1d7ec: 33 05 f8 00  	add	a0, a6, a5
   1d7f0: 81 45        	li	a1, 0x0
   1d7f2: 01 46        	li	a2, 0x0
   1d7f4: 81 46        	li	a3, 0x0
   1d7f6: 01 47        	li	a4, 0x0
   1d7f8: 81 47        	li	a5, 0x0
   1d7fa: 93 08 60 0d  	li	a7, 0xd6
   1d7fe: 73 00 00 00  	ecall
   1d802: 83 37 03 00  	ld	a5, 0x0(t1)
   1d806: 3e 98        	add	a6, a6, a5
   1d808: 63 18 05 01  	bne	a0, a6, 0x1d818 <_sbrk+0x5a>
   1d80c: a2 60        	ld	ra, 0x8(sp)
   1d80e: 23 30 a3 00  	sd	a0, 0x0(t1)
   1d812: 3e 85        	mv	a0, a5
   1d814: 41 01        	addi	sp, sp, 0x10
   1d816: 82 80        	ret
   1d818: ef 00 c0 09  	jal	0x1d8b4 <__errno>
   1d81c: a2 60        	ld	ra, 0x8(sp)
   1d81e: b1 47        	li	a5, 0xc
   1d820: 1c c1        	sw	a5, 0x0(a0)
   1d822: 7d 55        	li	a0, -0x1
   1d824: 41 01        	addi	sp, sp, 0x10
   1d826: 82 80        	ret

000000000001d828 <_write>:
   1d828: 41 11        	addi	sp, sp, -0x10
   1d82a: 06 e4        	sd	ra, 0x8(sp)
   1d82c: 22 e0        	sd	s0, 0x0(sp)
   1d82e: 81 46        	li	a3, 0x0
   1d830: 01 47        	li	a4, 0x0
   1d832: 81 47        	li	a5, 0x0
   1d834: 93 08 00 04  	li	a7, 0x40
   1d838: 73 00 00 00  	ecall
   1d83c: 2a 84        	mv	s0, a0
   1d83e: 63 47 05 00  	bltz	a0, 0x1d84c <_write+0x24>
   1d842: a2 60        	ld	ra, 0x8(sp)
   1d844: 22 85        	mv	a0, s0
   1d846: 02 64        	ld	s0, 0x0(sp)
   1d848: 41 01        	addi	sp, sp, 0x10
   1d84a: 82 80        	ret
   1d84c: 3b 04 80 40  	negw	s0, s0
   1d850: ef 00 40 06  	jal	0x1d8b4 <__errno>
   1d854: 00 c1        	sw	s0, 0x0(a0)
   1d856: 7d 54        	li	s0, -0x1
   1d858: ed b7        	j	0x1d842 <_write+0x1a>

000000000001d85a <_conv_stat>:
   1d85a: 83 b3 05 00  	ld	t2, 0x0(a1)
   1d85e: 83 b2 85 00  	ld	t0, 0x8(a1)
   1d862: 83 af 05 01  	lw	t6, 0x10(a1)
   1d866: 03 af 45 01  	lw	t5, 0x14(a1)
   1d86a: 83 ae 85 01  	lw	t4, 0x18(a1)
   1d86e: 03 ae c5 01  	lw	t3, 0x1c(a1)
   1d872: 03 b3 05 02  	ld	t1, 0x20(a1)
   1d876: 83 b8 05 03  	ld	a7, 0x30(a1)
   1d87a: 03 b8 05 04  	ld	a6, 0x40(a1)
   1d87e: 90 5d        	lw	a2, 0x38(a1)
   1d880: b4 65        	ld	a3, 0x48(a1)
   1d882: b8 6d        	ld	a4, 0x58(a1)
   1d884: bc 75        	ld	a5, 0x68(a1)
   1d886: 23 10 75 00  	sh	t2, 0x0(a0)
   1d88a: 23 11 55 00  	sh	t0, 0x2(a0)
   1d88e: 23 22 f5 01  	sw	t6, 0x4(a0)
   1d892: 23 14 e5 01  	sh	t5, 0x8(a0)
   1d896: 23 15 d5 01  	sh	t4, 0xa(a0)
   1d89a: 23 16 c5 01  	sh	t3, 0xc(a0)
   1d89e: 23 17 65 00  	sh	t1, 0xe(a0)
   1d8a2: 23 38 15 01  	sd	a7, 0x10(a0)
   1d8a6: 23 38 05 05  	sd	a6, 0x50(a0)
   1d8aa: 30 e5        	sd	a2, 0x48(a0)
   1d8ac: 14 ed        	sd	a3, 0x18(a0)
   1d8ae: 18 f5        	sd	a4, 0x28(a0)
   1d8b0: 1c fd        	sd	a5, 0x38(a0)
   1d8b2: 82 80        	ret

000000000001d8b4 <__errno>:
   1d8b4: 03 b5 81 70  	ld	a0, 0x708(gp)
   1d8b8: 82 80        	ret

000000000001d8ba <__netf2>:
   1d8ba: aa 88        	mv	a7, a0
   1d8bc: f3 27 20 00  	frrm	a5
   1d8c0: 7d 55        	li	a0, -0x1
   1d8c2: 21 68        	lui	a6, 0x8
   1d8c4: 93 d7 05 03  	srli	a5, a1, 0x30
   1d8c8: 2a 98        	add	a6, a6, a0
   1d8ca: 13 57 05 01  	srli	a4, a0, 0x10
   1d8ce: 13 de 06 03  	srli	t3, a3, 0x30
   1d8d2: b3 f7 07 01  	and	a5, a5, a6
   1d8d6: 33 f3 e5 00  	and	t1, a1, a4
   1d8da: 33 7e 0e 01  	and	t3, t3, a6
   1d8de: 75 8f        	and	a4, a4, a3
   1d8e0: fd 91        	srli	a1, a1, 0x3f
   1d8e2: fd 92        	srli	a3, a3, 0x3f
   1d8e4: 63 99 07 01  	bne	a5, a6, 0x1d8f6 <__netf2+0x3c>
   1d8e8: b3 ee 68 00  	or	t4, a7, t1
   1d8ec: 63 95 0e 02  	bnez	t4, 0x1d916 <__netf2+0x5c>
   1d8f0: 63 13 fe 04  	bne	t3, a5, 0x1d936 <__netf2+0x7c>
   1d8f4: 19 a0        	j	0x1d8fa <__netf2+0x40>
   1d8f6: 63 12 0e 05  	bne	t3, a6, 0x1d93a <__netf2+0x80>
   1d8fa: 33 65 e6 00  	or	a0, a2, a4
   1d8fe: 15 cd        	beqz	a0, 0x1d93a <__netf2+0x80>
   1d900: 63 94 07 03  	bne	a5, a6, 0x1d928 <__netf2+0x6e>
   1d904: b3 e8 68 00  	or	a7, a7, t1
   1d908: 63 8d 08 00  	beqz	a7, 0x1d922 <__netf2+0x68>
   1d90c: fd 57        	li	a5, -0x1
   1d90e: c5 83        	srli	a5, a5, 0x11
   1d910: 63 f1 67 02  	bgeu	a5, t1, 0x1d932 <__netf2+0x78>
   1d914: 39 a0        	j	0x1d922 <__netf2+0x68>
   1d916: 45 81        	srli	a0, a0, 0x11
   1d918: 63 7d 65 00  	bgeu	a0, t1, 0x1d932 <__netf2+0x78>
   1d91c: 05 45        	li	a0, 0x1
   1d91e: 63 1f fe 02  	bne	t3, a5, 0x1d95c <__netf2+0xa2>
   1d922: 59 8e        	or	a2, a2, a4
   1d924: 05 45        	li	a0, 0x1
   1d926: 1d ca        	beqz	a2, 0x1d95c <__netf2+0xa2>
   1d928: fd 57        	li	a5, -0x1
   1d92a: c5 83        	srli	a5, a5, 0x11
   1d92c: 05 45        	li	a0, 0x1
   1d92e: 63 e7 e7 02  	bltu	a5, a4, 0x1d95c <__netf2+0xa2>
   1d932: 73 60 18 00  	csrsi	fflags, 0x10
   1d936: 05 45        	li	a0, 0x1
   1d938: 82 80        	ret
   1d93a: 05 45        	li	a0, 0x1
   1d93c: 63 90 c7 03  	bne	a5, t3, 0x1d95c <__netf2+0xa2>
   1d940: 63 1e e3 00  	bne	t1, a4, 0x1d95c <__netf2+0xa2>
   1d944: 63 1c 16 01  	bne	a2, a7, 0x1d95c <__netf2+0xa2>
   1d948: 63 88 d5 00  	beq	a1, a3, 0x1d958 <__netf2+0x9e>
   1d94c: 81 eb        	bnez	a5, 0x1d95c <__netf2+0xa2>
   1d94e: 33 66 66 00  	or	a2, a2, t1
   1d952: 33 35 c0 00  	snez	a0, a2
   1d956: 82 80        	ret
   1d958: 01 45        	li	a0, 0x0
   1d95a: 82 80        	ret
   1d95c: 82 80        	ret

000000000001d95e <__gttf2>:
   1d95e: aa 88        	mv	a7, a0
   1d960: f3 27 20 00  	frrm	a5
   1d964: 21 63        	lui	t1, 0x8
   1d966: 13 d8 05 03  	srli	a6, a1, 0x30
   1d96a: 7d 13        	addi	t1, t1, -0x1
   1d96c: 7d 57        	li	a4, -0x1
   1d96e: 41 83        	srli	a4, a4, 0x10
   1d970: 93 d7 06 03  	srli	a5, a3, 0x30
   1d974: 33 78 68 00  	and	a6, a6, t1
   1d978: 33 fe e5 00  	and	t3, a1, a4
   1d97c: 33 f5 67 00  	and	a0, a5, t1
   1d980: 75 8f        	and	a4, a4, a3
   1d982: fd 91        	srli	a1, a1, 0x3f
   1d984: fd 92        	srli	a3, a3, 0x3f
   1d986: 63 15 68 00  	bne	a6, t1, 0x1d990 <__gttf2+0x32>
   1d98a: b3 67 1e 01  	or	a5, t3, a7
   1d98e: b1 eb        	bnez	a5, 0x1d9e2 <__gttf2+0x84>
   1d990: 63 15 65 00  	bne	a0, t1, 0x1d99a <__gttf2+0x3c>
   1d994: b3 67 c7 00  	or	a5, a4, a2
   1d998: a9 e7        	bnez	a5, 0x1d9e2 <__gttf2+0x84>
   1d99a: 81 47        	li	a5, 0x0
   1d99c: 63 16 08 00  	bnez	a6, 0x1d9a8 <__gttf2+0x4a>
   1d9a0: b3 67 1e 01  	or	a5, t3, a7
   1d9a4: 93 b7 17 00  	seqz	a5, a5
   1d9a8: 29 e1        	bnez	a0, 0x1d9ea <__gttf2+0x8c>
   1d9aa: 33 63 c7 00  	or	t1, a4, a2
   1d9ae: 99 c7        	beqz	a5, 0x1d9bc <__gttf2+0x5e>
   1d9b0: 63 0a 03 00  	beqz	t1, 0x1d9c4 <__gttf2+0x66>
   1d9b4: 05 45        	li	a0, 0x1
   1d9b6: 99 e6        	bnez	a3, 0x1d9c4 <__gttf2+0x66>
   1d9b8: 7d 55        	li	a0, -0x1
   1d9ba: 82 80        	ret
   1d9bc: 63 18 03 02  	bnez	t1, 0x1d9ec <__gttf2+0x8e>
   1d9c0: 7d 55        	li	a0, -0x1
   1d9c2: 9d c9        	beqz	a1, 0x1d9f8 <__gttf2+0x9a>
   1d9c4: 82 80        	ret
   1d9c6: e3 47 a8 fe  	blt	a6, a0, 0x1d9b4 <__gttf2+0x56>
   1d9ca: e3 6b c7 ff  	bltu	a4, t3, 0x1d9c0 <__gttf2+0x62>
   1d9ce: 63 17 ee 00  	bne	t3, a4, 0x1d9dc <__gttf2+0x7e>
   1d9d2: e3 67 16 ff  	bltu	a2, a7, 0x1d9c0 <__gttf2+0x62>
   1d9d6: 01 45        	li	a0, 0x0
   1d9d8: e3 f6 c8 fe  	bgeu	a7, a2, 0x1d9c4 <__gttf2+0x66>
   1d9dc: 05 45        	li	a0, 0x1
   1d9de: fd f1        	bnez	a1, 0x1d9c4 <__gttf2+0x66>
   1d9e0: e1 bf        	j	0x1d9b8 <__gttf2+0x5a>
   1d9e2: 73 60 18 00  	csrsi	fflags, 0x10
   1d9e6: 79 55        	li	a0, -0x2
   1d9e8: 82 80        	ret
   1d9ea: e9 f7        	bnez	a5, 0x1d9b4 <__gttf2+0x56>
   1d9ec: e3 9a b6 fc  	bne	a3, a1, 0x1d9c0 <__gttf2+0x62>
   1d9f0: e3 5b 05 fd  	bge	a0, a6, 0x1d9c6 <__gttf2+0x68>
   1d9f4: 7d 55        	li	a0, -0x1
   1d9f6: f9 f6        	bnez	a3, 0x1d9c4 <__gttf2+0x66>
   1d9f8: 05 45        	li	a0, 0x1
   1d9fa: 82 80        	ret

000000000001d9fc <__lttf2>:
   1d9fc: aa 88        	mv	a7, a0
   1d9fe: f3 27 20 00  	frrm	a5
   1da02: 21 63        	lui	t1, 0x8
   1da04: 13 d8 05 03  	srli	a6, a1, 0x30
   1da08: 7d 13        	addi	t1, t1, -0x1
   1da0a: 7d 57        	li	a4, -0x1
   1da0c: 41 83        	srli	a4, a4, 0x10
   1da0e: 93 d7 06 03  	srli	a5, a3, 0x30
   1da12: 33 78 68 00  	and	a6, a6, t1
   1da16: 33 fe e5 00  	and	t3, a1, a4
   1da1a: 33 f5 67 00  	and	a0, a5, t1
   1da1e: 75 8f        	and	a4, a4, a3
   1da20: fd 91        	srli	a1, a1, 0x3f
   1da22: fd 92        	srli	a3, a3, 0x3f
   1da24: 63 15 68 00  	bne	a6, t1, 0x1da2e <__lttf2+0x32>
   1da28: b3 67 1e 01  	or	a5, t3, a7
   1da2c: b1 eb        	bnez	a5, 0x1da80 <__lttf2+0x84>
   1da2e: 63 15 65 00  	bne	a0, t1, 0x1da38 <__lttf2+0x3c>
   1da32: b3 67 c7 00  	or	a5, a4, a2
   1da36: a9 e7        	bnez	a5, 0x1da80 <__lttf2+0x84>
   1da38: 81 47        	li	a5, 0x0
   1da3a: 63 16 08 00  	bnez	a6, 0x1da46 <__lttf2+0x4a>
   1da3e: b3 67 1e 01  	or	a5, t3, a7
   1da42: 93 b7 17 00  	seqz	a5, a5
   1da46: 29 e1        	bnez	a0, 0x1da88 <__lttf2+0x8c>
   1da48: 33 63 c7 00  	or	t1, a4, a2
   1da4c: 99 c7        	beqz	a5, 0x1da5a <__lttf2+0x5e>
   1da4e: 63 0a 03 00  	beqz	t1, 0x1da62 <__lttf2+0x66>
   1da52: 05 45        	li	a0, 0x1
   1da54: 99 e6        	bnez	a3, 0x1da62 <__lttf2+0x66>
   1da56: 7d 55        	li	a0, -0x1
   1da58: 82 80        	ret
   1da5a: 63 18 03 02  	bnez	t1, 0x1da8a <__lttf2+0x8e>
   1da5e: 7d 55        	li	a0, -0x1
   1da60: 9d c9        	beqz	a1, 0x1da96 <__lttf2+0x9a>
   1da62: 82 80        	ret
   1da64: e3 47 a8 fe  	blt	a6, a0, 0x1da52 <__lttf2+0x56>
   1da68: e3 6b c7 ff  	bltu	a4, t3, 0x1da5e <__lttf2+0x62>
   1da6c: 63 17 ee 00  	bne	t3, a4, 0x1da7a <__lttf2+0x7e>
   1da70: e3 67 16 ff  	bltu	a2, a7, 0x1da5e <__lttf2+0x62>
   1da74: 01 45        	li	a0, 0x0
   1da76: e3 f6 c8 fe  	bgeu	a7, a2, 0x1da62 <__lttf2+0x66>
   1da7a: 05 45        	li	a0, 0x1
   1da7c: fd f1        	bnez	a1, 0x1da62 <__lttf2+0x66>
   1da7e: e1 bf        	j	0x1da56 <__lttf2+0x5a>
   1da80: 73 60 18 00  	csrsi	fflags, 0x10
   1da84: 09 45        	li	a0, 0x2
   1da86: 82 80        	ret
   1da88: e9 f7        	bnez	a5, 0x1da52 <__lttf2+0x56>
   1da8a: e3 9a b6 fc  	bne	a3, a1, 0x1da5e <__lttf2+0x62>
   1da8e: e3 5b 05 fd  	bge	a0, a6, 0x1da64 <__lttf2+0x68>
   1da92: 7d 55        	li	a0, -0x1
   1da94: f9 f6        	bnez	a3, 0x1da62 <__lttf2+0x66>
   1da96: 05 45        	li	a0, 0x1
   1da98: 82 80        	ret

000000000001da9a <__multf3>:
   1da9a: 1d 71        	addi	sp, sp, -0x60
   1da9c: a2 e8        	sd	s0, 0x50(sp)
   1da9e: 52 f8        	sd	s4, 0x30(sp)
   1daa0: 5a f0        	sd	s6, 0x20(sp)
   1daa2: 86 ec        	sd	ra, 0x58(sp)
   1daa4: a6 e4        	sd	s1, 0x48(sp)
   1daa6: ca e0        	sd	s2, 0x40(sp)
   1daa8: 4e fc        	sd	s3, 0x38(sp)
   1daaa: 56 f4        	sd	s5, 0x28(sp)
   1daac: 5e ec        	sd	s7, 0x18(sp)
   1daae: 62 e8        	sd	s8, 0x10(sp)
   1dab0: 66 e4        	sd	s9, 0x8(sp)
   1dab2: 2a 84        	mv	s0, a0
   1dab4: 32 8b        	mv	s6, a2
   1dab6: 36 8a        	mv	s4, a3
   1dab8: f3 29 20 00  	frrm	s3
   1dabc: 21 67        	lui	a4, 0x8
   1dabe: 93 d7 05 03  	srli	a5, a1, 0x30
   1dac2: 7d 17        	addi	a4, a4, -0x1
   1dac4: 93 94 05 01  	slli	s1, a1, 0x10
   1dac8: f9 8f        	and	a5, a5, a4
   1daca: 81 29        	sext.w	s3, s3
   1dacc: c1 80        	srli	s1, s1, 0x10
   1dace: 93 da f5 03  	srli	s5, a1, 0x3f
   1dad2: 85 c7        	beqz	a5, 0x1dafa <__multf3+0x60>
   1dad4: 9b 8c 07 00  	sext.w	s9, a5
   1dad8: 63 80 e7 08  	beq	a5, a4, 0x1db58 <__multf3+0xbe>
   1dadc: 8e 04        	slli	s1, s1, 0x3
   1dade: 13 57 d5 03  	srli	a4, a0, 0x3d
   1dae2: 45 8f        	or	a4, a4, s1
   1dae4: f1 7c        	lui	s9, 0xffffc
   1dae6: 85 44        	li	s1, 0x1
   1dae8: ce 14        	slli	s1, s1, 0x33
   1daea: 85 0c        	addi	s9, s9, 0x1
   1daec: d9 8c        	or	s1, s1, a4
   1daee: 93 1b 35 00  	slli	s7, a0, 0x3
   1daf2: be 9c        	add	s9, s9, a5
   1daf4: 01 4c        	li	s8, 0x0
   1daf6: 01 49        	li	s2, 0x0
   1daf8: a5 a8        	j	0x1db70 <__multf3+0xd6>
   1dafa: b3 6b 95 00  	or	s7, a0, s1
   1dafe: 63 87 0b 0e  	beqz	s7, 0x1dbec <__multf3+0x152>
   1db02: 85 cc        	beqz	s1, 0x1db3a <__multf3+0xa0>
   1db04: 26 85        	mv	a0, s1
   1db06: ef 10 a0 19  	jal	0x1eca0 <__clzdi2>
   1db0a: 1b 07 05 00  	sext.w	a4, a0
   1db0e: 93 07 17 ff  	addi	a5, a4, -0xf
   1db12: 93 06 d0 03  	li	a3, 0x3d
   1db16: 1b 86 37 00  	addiw	a2, a5, 0x3
   1db1a: bb 87 f6 40  	subw	a5, a3, a5
   1db1e: b3 94 c4 00  	sll	s1, s1, a2
   1db22: b3 57 f4 00  	srl	a5, s0, a5
   1db26: c5 8f        	or	a5, a5, s1
   1db28: b3 14 c4 00  	sll	s1, s0, a2
   1db2c: f1 7c        	lui	s9, 0xffffc
   1db2e: c5 0c        	addi	s9, s9, 0x11
   1db30: a6 8b        	mv	s7, s1
   1db32: b3 8c ec 40  	sub	s9, s9, a4
   1db36: be 84        	mv	s1, a5
   1db38: 75 bf        	j	0x1daf4 <__multf3+0x5a>
   1db3a: ef 10 60 16  	jal	0x1eca0 <__clzdi2>
   1db3e: 1b 07 05 04  	addiw	a4, a0, 0x40
   1db42: 93 07 17 ff  	addi	a5, a4, -0xf
   1db46: 93 06 c0 03  	li	a3, 0x3c
   1db4a: e3 d4 f6 fc  	bge	a3, a5, 0x1db12 <__multf3+0x78>
   1db4e: 9b 87 37 fc  	addiw	a5, a5, -0x3d
   1db52: b3 17 f4 00  	sll	a5, s0, a5
   1db56: d9 bf        	j	0x1db2c <__multf3+0x92>
   1db58: b3 6b 95 00  	or	s7, a0, s1
   1db5c: 63 8c 0b 08  	beqz	s7, 0x1dbf4 <__multf3+0x15a>
   1db60: 05 49        	li	s2, 0x1
   1db62: 3e 19        	slli	s2, s2, 0x2f
   1db64: 33 b9 24 01  	sltu	s2, s1, s2
   1db68: 1b 19 49 00  	slliw	s2, s2, 0x4
   1db6c: aa 8b        	mv	s7, a0
   1db6e: 0d 4c        	li	s8, 0x3
   1db70: fd 56        	li	a3, -0x1
   1db72: a1 65        	lui	a1, 0x8
   1db74: 13 56 0a 03  	srli	a2, s4, 0x30
   1db78: b6 95        	add	a1, a1, a3
   1db7a: 13 d4 06 01  	srli	s0, a3, 0x10
   1db7e: 6d 8e        	and	a2, a2, a1
   1db80: 33 74 8a 00  	and	s0, s4, s0
   1db84: da 87        	mv	a5, s6
   1db86: 13 5a fa 03  	srli	s4, s4, 0x3f
   1db8a: 25 ca        	beqz	a2, 0x1dbfa <__multf3+0x160>
   1db8c: 1b 07 06 00  	sext.w	a4, a2
   1db90: 63 03 b6 0c  	beq	a2, a1, 0x1dc56 <__multf3+0x1bc>
   1db94: 0e 04        	slli	s0, s0, 0x3
   1db96: 13 57 db 03  	srli	a4, s6, 0x3d
   1db9a: 41 8f        	or	a4, a4, s0
   1db9c: 05 44        	li	s0, 0x1
   1db9e: 4e 14        	slli	s0, s0, 0x33
   1dba0: 59 8c        	or	s0, s0, a4
   1dba2: 71 77        	lui	a4, 0xffffc
   1dba4: 05 07        	addi	a4, a4, 0x1
   1dba6: 93 17 3b 00  	slli	a5, s6, 0x3
   1dbaa: 32 97        	add	a4, a4, a2
   1dbac: 81 45        	li	a1, 0x0
   1dbae: 93 16 2c 00  	slli	a3, s8, 0x2
   1dbb2: 66 97        	add	a4, a4, s9
   1dbb4: cd 8e        	or	a3, a3, a1
   1dbb6: 29 46        	li	a2, 0xa
   1dbb8: 13 08 17 00  	addi	a6, a4, 0x1
   1dbbc: 63 4d d6 0c  	blt	a2, a3, 0x1dc96 <__multf3+0x1fc>
   1dbc0: 89 48        	li	a7, 0x2
   1dbc2: 33 c6 4a 01  	xor	a2, s5, s4
   1dbc6: 05 45        	li	a0, 0x1
   1dbc8: 63 c9 d8 0a  	blt	a7, a3, 0x1dc7a <__multf3+0x1e0>
   1dbcc: fd 16        	addi	a3, a3, -0x1
   1dbce: 63 6e d5 0c  	bltu	a0, a3, 0x1dcaa <__multf3+0x210>
   1dbd2: 2e 8c        	mv	s8, a1
   1dbd4: 09 47        	li	a4, 0x2
   1dbd6: 63 04 ec 4a  	beq	s8, a4, 0x1e07e <__multf3+0x5e4>
   1dbda: 0d 47        	li	a4, 0x3
   1dbdc: 63 06 ec 4a  	beq	s8, a4, 0x1e088 <__multf3+0x5ee>
   1dbe0: 05 47        	li	a4, 0x1
   1dbe2: 63 14 ec 26  	bne	s8, a4, 0x1de4a <__multf3+0x3b0>
   1dbe6: 01 47        	li	a4, 0x0
   1dbe8: 01 45        	li	a0, 0x0
   1dbea: 95 a9        	j	0x1e05e <__multf3+0x5c4>
   1dbec: 81 44        	li	s1, 0x0
   1dbee: 81 4c        	li	s9, 0x0
   1dbf0: 05 4c        	li	s8, 0x1
   1dbf2: 11 b7        	j	0x1daf6 <__multf3+0x5c>
   1dbf4: 81 44        	li	s1, 0x0
   1dbf6: 09 4c        	li	s8, 0x2
   1dbf8: fd bd        	j	0x1daf6 <__multf3+0x5c>
   1dbfa: b3 67 8b 00  	or	a5, s6, s0
   1dbfe: ad c7        	beqz	a5, 0x1dc68 <__multf3+0x1ce>
   1dc00: 1d c8        	beqz	s0, 0x1dc36 <__multf3+0x19c>
   1dc02: 22 85        	mv	a0, s0
   1dc04: ef 10 c0 09  	jal	0x1eca0 <__clzdi2>
   1dc08: 01 25        	sext.w	a0, a0
   1dc0a: 93 07 15 ff  	addi	a5, a0, -0xf
   1dc0e: 13 07 d0 03  	li	a4, 0x3d
   1dc12: 1b 86 37 00  	addiw	a2, a5, 0x3
   1dc16: bb 07 f7 40  	subw	a5, a4, a5
   1dc1a: 33 14 c4 00  	sll	s0, s0, a2
   1dc1e: b3 57 fb 00  	srl	a5, s6, a5
   1dc22: b3 e6 87 00  	or	a3, a5, s0
   1dc26: 33 14 cb 00  	sll	s0, s6, a2
   1dc2a: 71 77        	lui	a4, 0xffffc
   1dc2c: 45 07        	addi	a4, a4, 0x11
   1dc2e: a2 87        	mv	a5, s0
   1dc30: 09 8f        	sub	a4, a4, a0
   1dc32: 36 84        	mv	s0, a3
   1dc34: a5 bf        	j	0x1dbac <__multf3+0x112>
   1dc36: 5a 85        	mv	a0, s6
   1dc38: ef 10 80 06  	jal	0x1eca0 <__clzdi2>
   1dc3c: 1b 05 05 04  	addiw	a0, a0, 0x40
   1dc40: 93 07 15 ff  	addi	a5, a0, -0xf
   1dc44: 13 07 c0 03  	li	a4, 0x3c
   1dc48: e3 53 f7 fc  	bge	a4, a5, 0x1dc0e <__multf3+0x174>
   1dc4c: 9b 87 37 fc  	addiw	a5, a5, -0x3d
   1dc50: b3 16 fb 00  	sll	a3, s6, a5
   1dc54: d9 bf        	j	0x1dc2a <__multf3+0x190>
   1dc56: 33 66 8b 00  	or	a2, s6, s0
   1dc5a: 01 ce        	beqz	a2, 0x1dc72 <__multf3+0x1d8>
   1dc5c: c5 82        	srli	a3, a3, 0x11
   1dc5e: 8d 45        	li	a1, 0x3
   1dc60: e3 e7 86 f4  	bltu	a3, s0, 0x1dbae <__multf3+0x114>
   1dc64: 41 49        	li	s2, 0x10
   1dc66: a1 b7        	j	0x1dbae <__multf3+0x114>
   1dc68: 01 44        	li	s0, 0x0
   1dc6a: 81 47        	li	a5, 0x0
   1dc6c: 01 47        	li	a4, 0x0
   1dc6e: 85 45        	li	a1, 0x1
   1dc70: 3d bf        	j	0x1dbae <__multf3+0x114>
   1dc72: 01 44        	li	s0, 0x0
   1dc74: 81 47        	li	a5, 0x0
   1dc76: 89 45        	li	a1, 0x2
   1dc78: 1d bf        	j	0x1dbae <__multf3+0x114>
   1dc7a: b3 16 d5 00  	sll	a3, a0, a3
   1dc7e: 13 f5 06 53  	andi	a0, a3, 0x530
   1dc82: 0d e1        	bnez	a0, 0x1dca4 <__multf3+0x20a>
   1dc84: 93 f8 06 24  	andi	a7, a3, 0x240
   1dc88: 63 94 08 3e  	bnez	a7, 0x1e070 <__multf3+0x5d6>
   1dc8c: 93 f6 86 08  	andi	a3, a3, 0x88
   1dc90: 89 ce        	beqz	a3, 0x1dcaa <__multf3+0x210>
   1dc92: 52 86        	mv	a2, s4
   1dc94: 3d bf        	j	0x1dbd2 <__multf3+0x138>
   1dc96: 3d 47        	li	a4, 0xf
   1dc98: 63 88 e6 3e  	beq	a3, a4, 0x1e088 <__multf3+0x5ee>
   1dc9c: 2d 47        	li	a4, 0xb
   1dc9e: 56 86        	mv	a2, s5
   1dca0: e3 89 e6 fe  	beq	a3, a4, 0x1dc92 <__multf3+0x1f8>
   1dca4: 26 84        	mv	s0, s1
   1dca6: de 87        	mv	a5, s7
   1dca8: 35 b7        	j	0x1dbd4 <__multf3+0x13a>
   1dcaa: b3 85 87 00  	add	a1, a5, s0
   1dcae: 93 d6 0b 02  	srli	a3, s7, 0x20
   1dcb2: 13 d5 07 02  	srli	a0, a5, 0x20
   1dcb6: b3 82 74 01  	add	t0, s1, s7
   1dcba: b3 bf f5 00  	sltu	t6, a1, a5
   1dcbe: 82 1b        	slli	s7, s7, 0x20
   1dcc0: 82 17        	slli	a5, a5, 0x20
   1dcc2: 93 db 0b 02  	srli	s7, s7, 0x20
   1dcc6: 81 93        	srli	a5, a5, 0x20
   1dcc8: b3 88 77 03  	mul	a7, a5, s7
   1dccc: 33 bf 92 00  	sltu	t5, t0, s1
   1dcd0: b3 87 f6 02  	mul	a5, a3, a5
   1dcd4: 13 d3 08 02  	srli	t1, a7, 0x20
   1dcd8: b3 86 a6 02  	mul	a3, a3, a0
   1dcdc: 33 05 75 03  	mul	a0, a0, s7
   1dce0: 3e 95        	add	a0, a0, a5
   1dce2: 2a 93        	add	t1, t1, a0
   1dce4: 63 75 f3 00  	bgeu	t1, a5, 0x1dcee <__multf3+0x254>
   1dce8: 85 47        	li	a5, 0x1
   1dcea: 82 17        	slli	a5, a5, 0x20
   1dcec: be 96        	add	a3, a3, a5
   1dcee: 82 18        	slli	a7, a7, 0x20
   1dcf0: 93 5e 03 02  	srli	t4, t1, 0x20
   1dcf4: 93 d8 08 02  	srli	a7, a7, 0x20
   1dcf8: 02 13        	slli	t1, t1, 0x20
   1dcfa: 46 93        	add	t1, t1, a7
   1dcfc: 93 97 05 02  	slli	a5, a1, 0x20
   1dd00: 93 98 02 02  	slli	a7, t0, 0x20
   1dd04: 93 d3 02 02  	srli	t2, t0, 0x20
   1dd08: 93 d8 08 02  	srli	a7, a7, 0x20
   1dd0c: 81 93        	srli	a5, a5, 0x20
   1dd0e: b6 9e        	add	t4, t4, a3
   1dd10: 93 d6 05 02  	srli	a3, a1, 0x20
   1dd14: 33 85 17 03  	mul	a0, a5, a7
   1dd18: b3 87 f3 02  	mul	a5, t2, a5
   1dd1c: 13 5e 05 02  	srli	t3, a0, 0x20
   1dd20: b3 83 d3 02  	mul	t2, t2, a3
   1dd24: b3 86 16 03  	mul	a3, a3, a7
   1dd28: be 96        	add	a3, a3, a5
   1dd2a: 36 9e        	add	t3, t3, a3
   1dd2c: 63 75 fe 00  	bgeu	t3, a5, 0x1dd36 <__multf3+0x29c>
   1dd30: 85 47        	li	a5, 0x1
   1dd32: 82 17        	slli	a5, a5, 0x20
   1dd34: be 93        	add	t2, t2, a5
   1dd36: 93 d7 04 02  	srli	a5, s1, 0x20
   1dd3a: 93 56 04 02  	srli	a3, s0, 0x20
   1dd3e: 82 14        	slli	s1, s1, 0x20
   1dd40: 02 14        	slli	s0, s0, 0x20
   1dd42: 81 90        	srli	s1, s1, 0x20
   1dd44: 01 90        	srli	s0, s0, 0x20
   1dd46: 33 0a 94 02  	mul	s4, s0, s1
   1dd4a: 02 15        	slli	a0, a0, 0x20
   1dd4c: 01 91        	srli	a0, a0, 0x20
   1dd4e: 93 58 0e 02  	srli	a7, t3, 0x20
   1dd52: 02 1e        	slli	t3, t3, 0x20
   1dd54: 2a 9e        	add	t3, t3, a0
   1dd56: 33 84 87 02  	mul	s0, a5, s0
   1dd5a: b3 87 d7 02  	mul	a5, a5, a3
   1dd5e: b3 86 96 02  	mul	a3, a3, s1
   1dd62: 33 85 86 00  	add	a0, a3, s0
   1dd66: 93 56 0a 02  	srli	a3, s4, 0x20
   1dd6a: aa 96        	add	a3, a3, a0
   1dd6c: 63 f5 86 00  	bgeu	a3, s0, 0x1dd76 <__multf3+0x2dc>
   1dd70: 05 45        	li	a0, 0x1
   1dd72: 02 15        	slli	a0, a0, 0x20
   1dd74: aa 97        	add	a5, a5, a0
   1dd76: 13 d5 06 02  	srli	a0, a3, 0x20
   1dd7a: 3e 95        	add	a0, a0, a5
   1dd7c: 93 17 0a 02  	slli	a5, s4, 0x20
   1dd80: 81 93        	srli	a5, a5, 0x20
   1dd82: 82 16        	slli	a3, a3, 0x20
   1dd84: be 96        	add	a3, a3, a5
   1dd86: b3 07 f0 41  	neg	a5, t6
   1dd8a: b3 f7 f2 00  	and	a5, t0, a5
   1dd8e: b3 02 e0 41  	neg	t0, t5
   1dd92: b3 f5 55 00  	and	a1, a1, t0
   1dd96: b3 02 de 01  	add	t0, t3, t4
   1dd9a: 33 be c2 01  	sltu	t3, t0, t3
   1dd9e: f2 98        	add	a7, a7, t3
   1dda0: 9e 98        	add	a7, a7, t2
   1dda2: 33 7f ff 01  	and	t5, t5, t6
   1dda6: 33 be c8 01  	sltu	t3, a7, t3
   1ddaa: c6 97        	add	a5, a5, a7
   1ddac: 7a 9e        	add	t3, t3, t5
   1ddae: b3 b8 17 01  	sltu	a7, a5, a7
   1ddb2: ae 97        	add	a5, a5, a1
   1ddb4: f2 98        	add	a7, a7, t3
   1ddb6: b3 b5 b7 00  	sltu	a1, a5, a1
   1ddba: 33 8e 62 40  	sub	t3, t0, t1
   1ddbe: 33 bf c2 01  	sltu	t5, t0, t3
   1ddc2: c6 95        	add	a1, a1, a7
   1ddc4: b3 88 d7 41  	sub	a7, a5, t4
   1ddc8: b3 bf 17 01  	sltu	t6, a5, a7
   1ddcc: b3 88 e8 41  	sub	a7, a7, t5
   1ddd0: 01 4f        	li	t5, 0x0
   1ddd2: 63 f6 c2 01  	bgeu	t0, t3, 0x1ddde <__multf3+0x344>
   1ddd6: b3 8e fe 40  	sub	t4, t4, a5
   1ddda: 13 bf 1e 00  	seqz	t5, t4
   1ddde: b3 0e de 40  	sub	t4, t3, a3
   1dde2: 33 6f ff 01  	or	t5, t5, t6
   1dde6: aa 95        	add	a1, a1, a0
   1dde8: b3 3f de 01  	sltu	t6, t3, t4
   1ddec: 33 85 a8 40  	sub	a0, a7, a0
   1ddf0: b3 b8 a8 00  	sltu	a7, a7, a0
   1ddf4: b3 8f f6 41  	sub	t6, a3, t6
   1ddf8: 81 47        	li	a5, 0x0
   1ddfa: 63 74 de 01  	bgeu	t3, t4, 0x1de02 <__multf3+0x368>
   1ddfe: 93 37 15 00  	seqz	a5, a0
   1de02: 7e 95        	add	a0, a0, t6
   1de04: b3 36 d5 00  	sltu	a3, a0, a3
   1de08: ae 96        	add	a3, a3, a1
   1de0a: b3 e7 17 01  	or	a5, a5, a7
   1de0e: b3 86 e6 41  	sub	a3, a3, t5
   1de12: 9d 8e        	sub	a3, a3, a5
   1de14: 93 97 de 00  	slli	a5, t4, 0xd
   1de18: b3 e7 67 00  	or	a5, a5, t1
   1de1c: b6 06        	slli	a3, a3, 0xd
   1de1e: 93 d5 3e 03  	srli	a1, t4, 0x33
   1de22: b3 37 f0 00  	snez	a5, a5
   1de26: 13 54 35 03  	srli	s0, a0, 0x33
   1de2a: cd 8f        	or	a5, a5, a1
   1de2c: 36 05        	slli	a0, a0, 0xd
   1de2e: 93 95 b6 00  	slli	a1, a3, 0xb
   1de32: 55 8c        	or	s0, s0, a3
   1de34: c9 8f        	or	a5, a5, a0
   1de36: 63 d8 05 04  	bgez	a1, 0x1de86 <__multf3+0x3ec>
   1de3a: 13 d7 17 00  	srli	a4, a5, 0x1
   1de3e: 85 8b        	andi	a5, a5, 0x1
   1de40: 5d 8f        	or	a4, a4, a5
   1de42: 93 17 f4 03  	slli	a5, s0, 0x3f
   1de46: d9 8f        	or	a5, a5, a4
   1de48: 05 80        	srli	s0, s0, 0x1
   1de4a: 91 66        	lui	a3, 0x4
   1de4c: fd 16        	addi	a3, a3, -0x1
   1de4e: c2 96        	add	a3, a3, a6
   1de50: 63 55 d0 0c  	blez	a3, 0x1df1a <__multf3+0x480>
   1de54: 13 f7 77 00  	andi	a4, a5, 0x7
   1de58: 15 cf        	beqz	a4, 0x1de94 <__multf3+0x3fa>
   1de5a: 09 47        	li	a4, 0x2
   1de5c: 13 69 19 00  	ori	s2, s2, 0x1
   1de60: 63 89 e9 02  	beq	s3, a4, 0x1de92 <__multf3+0x3f8>
   1de64: 0d 47        	li	a4, 0x3
   1de66: 63 82 e9 02  	beq	s3, a4, 0x1de8a <__multf3+0x3f0>
   1de6a: 63 95 09 02  	bnez	s3, 0x1de94 <__multf3+0x3fa>
   1de6e: 13 f7 f7 00  	andi	a4, a5, 0xf
   1de72: 91 45        	li	a1, 0x4
   1de74: 63 00 b7 02  	beq	a4, a1, 0x1de94 <__multf3+0x3fa>
   1de78: 33 87 b7 00  	add	a4, a5, a1
   1de7c: b3 35 f7 00  	sltu	a1, a4, a5
   1de80: 2e 94        	add	s0, s0, a1
   1de82: ba 87        	mv	a5, a4
   1de84: 01 a8        	j	0x1de94 <__multf3+0x3fa>
   1de86: 3a 88        	mv	a6, a4
   1de88: c9 b7        	j	0x1de4a <__multf3+0x3b0>
   1de8a: 09 e6        	bnez	a2, 0x1de94 <__multf3+0x3fa>
   1de8c: 13 87 87 00  	addi	a4, a5, 0x8
   1de90: f5 b7        	j	0x1de7c <__multf3+0x3e2>
   1de92: 6d fe        	bnez	a2, 0x1de8c <__multf3+0x3f2>
   1de94: 13 17 b4 00  	slli	a4, s0, 0xb
   1de98: 63 58 07 00  	bgez	a4, 0x1dea8 <__multf3+0x40e>
   1de9c: 7d 57        	li	a4, -0x1
   1de9e: 52 17        	slli	a4, a4, 0x34
   1dea0: 7d 17        	addi	a4, a4, -0x1
   1dea2: 91 66        	lui	a3, 0x4
   1dea4: 79 8c        	and	s0, s0, a4
   1dea6: c2 96        	add	a3, a3, a6
   1dea8: a1 65        	lui	a1, 0x8
   1deaa: 13 87 e5 ff  	addi	a4, a1, -0x2
   1deae: 63 41 d7 04  	blt	a4, a3, 0x1def0 <__multf3+0x456>
   1deb2: 8d 83        	srli	a5, a5, 0x3
   1deb4: 13 15 d4 03  	slli	a0, s0, 0x3d
   1deb8: 5d 8d        	or	a0, a0, a5
   1deba: 13 57 34 00  	srli	a4, s0, 0x3
   1debe: 1b 16 f6 00  	slliw	a2, a2, 0xf
   1dec2: 93 15 07 01  	slli	a1, a4, 0x10
   1dec6: 55 8e        	or	a2, a2, a3
   1dec8: 42 16        	slli	a2, a2, 0x30
   1deca: c1 81        	srli	a1, a1, 0x10
   1decc: d1 8d        	or	a1, a1, a2
   1dece: 63 04 09 00  	beqz	s2, 0x1ded6 <__multf3+0x43c>
   1ded2: 73 20 19 00  	csrs	fflags, s2
   1ded6: e6 60        	ld	ra, 0x58(sp)
   1ded8: 46 64        	ld	s0, 0x50(sp)
   1deda: a6 64        	ld	s1, 0x48(sp)
   1dedc: 06 69        	ld	s2, 0x40(sp)
   1dede: e2 79        	ld	s3, 0x38(sp)
   1dee0: 42 7a        	ld	s4, 0x30(sp)
   1dee2: a2 7a        	ld	s5, 0x28(sp)
   1dee4: 02 7b        	ld	s6, 0x20(sp)
   1dee6: e2 6b        	ld	s7, 0x18(sp)
   1dee8: 42 6c        	ld	s8, 0x10(sp)
   1deea: a2 6c        	ld	s9, 0x8(sp)
   1deec: 25 61        	addi	sp, sp, 0x60
   1deee: 82 80        	ret
   1def0: 89 47        	li	a5, 0x2
   1def2: 63 82 f9 02  	beq	s3, a5, 0x1df16 <__multf3+0x47c>
   1def6: 8d 47        	li	a5, 0x3
   1def8: 63 88 f9 00  	beq	s3, a5, 0x1df08 <__multf3+0x46e>
   1defc: 63 97 09 00  	bnez	s3, 0x1df0a <__multf3+0x470>
   1df00: 01 45        	li	a0, 0x0
   1df02: 93 86 f5 ff  	addi	a3, a1, -0x1
   1df06: 21 a0        	j	0x1df0e <__multf3+0x474>
   1df08: 65 de        	beqz	a2, 0x1df00 <__multf3+0x466>
   1df0a: 7d 55        	li	a0, -0x1
   1df0c: ba 86        	mv	a3, a4
   1df0e: 13 69 59 00  	ori	s2, s2, 0x5
   1df12: 2a 87        	mv	a4, a0
   1df14: 6d b7        	j	0x1debe <__multf3+0x424>
   1df16: 6d f6        	bnez	a2, 0x1df00 <__multf3+0x466>
   1df18: cd bf        	j	0x1df0a <__multf3+0x470>
   1df1a: d1 ee        	bnez	a3, 0x1dfb6 <__multf3+0x51c>
   1df1c: 93 f6 77 00  	andi	a3, a5, 0x7
   1df20: 22 87        	mv	a4, s0
   1df22: 9d ca        	beqz	a3, 0x1df58 <__multf3+0x4be>
   1df24: 89 46        	li	a3, 0x2
   1df26: 13 69 19 00  	ori	s2, s2, 0x1
   1df2a: 63 86 d9 02  	beq	s3, a3, 0x1df56 <__multf3+0x4bc>
   1df2e: 8d 46        	li	a3, 0x3
   1df30: 63 8f d9 00  	beq	s3, a3, 0x1df4e <__multf3+0x4b4>
   1df34: 63 92 09 02  	bnez	s3, 0x1df58 <__multf3+0x4be>
   1df38: 93 f6 f7 00  	andi	a3, a5, 0xf
   1df3c: 91 45        	li	a1, 0x4
   1df3e: 63 8d b6 00  	beq	a3, a1, 0x1df58 <__multf3+0x4be>
   1df42: 13 b7 c7 ff  	sltiu	a4, a5, -0x4
   1df46: 13 47 17 00  	xori	a4, a4, 0x1
   1df4a: 22 97        	add	a4, a4, s0
   1df4c: 31 a0        	j	0x1df58 <__multf3+0x4be>
   1df4e: 09 e6        	bnez	a2, 0x1df58 <__multf3+0x4be>
   1df50: 13 b7 87 ff  	sltiu	a4, a5, -0x8
   1df54: cd bf        	j	0x1df46 <__multf3+0x4ac>
   1df56: 6d fe        	bnez	a2, 0x1df50 <__multf3+0x4b6>
   1df58: 51 93        	srli	a4, a4, 0x34
   1df5a: 05 8b        	andi	a4, a4, 0x1
   1df5c: 93 45 17 00  	xori	a1, a4, 0x1
   1df60: 05 47        	li	a4, 0x1
   1df62: 13 05 00 04  	li	a0, 0x40
   1df66: 19 9d        	subw	a0, a0, a4
   1df68: 33 d8 e7 00  	srl	a6, a5, a4
   1df6c: b3 16 a4 00  	sll	a3, s0, a0
   1df70: 33 95 a7 00  	sll	a0, a5, a0
   1df74: b3 e6 06 01  	or	a3, a3, a6
   1df78: 33 35 a0 00  	snez	a0, a0
   1df7c: b3 e7 a6 00  	or	a5, a3, a0
   1df80: 33 57 e4 00  	srl	a4, s0, a4
   1df84: 93 f6 77 00  	andi	a3, a5, 0x7
   1df88: bd ce        	beqz	a3, 0x1e006 <__multf3+0x56c>
   1df8a: 89 46        	li	a3, 0x2
   1df8c: 13 69 19 00  	ori	s2, s2, 0x1
   1df90: 63 8a d9 06  	beq	s3, a3, 0x1e004 <__multf3+0x56a>
   1df94: 8d 46        	li	a3, 0x3
   1df96: 63 83 d9 06  	beq	s3, a3, 0x1dffc <__multf3+0x562>
   1df9a: 63 96 09 06  	bnez	s3, 0x1e006 <__multf3+0x56c>
   1df9e: 93 f6 f7 00  	andi	a3, a5, 0xf
   1dfa2: 11 45        	li	a0, 0x4
   1dfa4: 63 81 a6 06  	beq	a3, a0, 0x1e006 <__multf3+0x56c>
   1dfa8: b3 86 a7 00  	add	a3, a5, a0
   1dfac: 33 b5 f6 00  	sltu	a0, a3, a5
   1dfb0: 2a 97        	add	a4, a4, a0
   1dfb2: b6 87        	mv	a5, a3
   1dfb4: 89 a8        	j	0x1e006 <__multf3+0x56c>
   1dfb6: 85 45        	li	a1, 0x1
   1dfb8: 33 87 d5 40  	sub	a4, a1, a3
   1dfbc: 93 06 40 07  	li	a3, 0x74
   1dfc0: 63 cc e6 06  	blt	a3, a4, 0x1e038 <__multf3+0x59e>
   1dfc4: 93 06 f0 03  	li	a3, 0x3f
   1dfc8: 1b 05 07 00  	sext.w	a0, a4
   1dfcc: e3 db e6 f8  	bge	a3, a4, 0x1df62 <__multf3+0x4c8>
   1dfd0: 9b 06 05 fc  	addiw	a3, a0, -0x40
   1dfd4: 13 08 00 04  	li	a6, 0x40
   1dfd8: b3 56 d4 00  	srl	a3, s0, a3
   1dfdc: 81 45        	li	a1, 0x0
   1dfde: 63 07 07 01  	beq	a4, a6, 0x1dfec <__multf3+0x552>
   1dfe2: 93 05 00 08  	li	a1, 0x80
   1dfe6: 89 9d        	subw	a1, a1, a0
   1dfe8: b3 15 b4 00  	sll	a1, s0, a1
   1dfec: dd 8d        	or	a1, a1, a5
   1dfee: b3 35 b0 00  	snez	a1, a1
   1dff2: b3 e7 b6 00  	or	a5, a3, a1
   1dff6: 01 47        	li	a4, 0x0
   1dff8: 85 45        	li	a1, 0x1
   1dffa: 69 b7        	j	0x1df84 <__multf3+0x4ea>
   1dffc: 09 e6        	bnez	a2, 0x1e006 <__multf3+0x56c>
   1dffe: 93 86 87 00  	addi	a3, a5, 0x8
   1e002: 6d b7        	j	0x1dfac <__multf3+0x512>
   1e004: 6d fe        	bnez	a2, 0x1dffe <__multf3+0x564>
   1e006: 93 16 c7 00  	slli	a3, a4, 0xc
   1e00a: 63 d0 06 02  	bgez	a3, 0x1e02a <__multf3+0x590>
   1e00e: 13 69 19 00  	ori	s2, s2, 0x1
   1e012: 01 47        	li	a4, 0x0
   1e014: 01 45        	li	a0, 0x0
   1e016: 85 46        	li	a3, 0x1
   1e018: e3 83 05 ea  	beqz	a1, 0x1debe <__multf3+0x424>
   1e01c: 93 77 19 00  	andi	a5, s2, 0x1
   1e020: 9b 97 17 00  	slliw	a5, a5, 0x1
   1e024: 33 69 f9 00  	or	s2, s2, a5
   1e028: 59 bd        	j	0x1debe <__multf3+0x424>
   1e02a: 13 15 d7 03  	slli	a0, a4, 0x3d
   1e02e: 8d 83        	srli	a5, a5, 0x3
   1e030: 5d 8d        	or	a0, a0, a5
   1e032: 0d 83        	srli	a4, a4, 0x3
   1e034: 81 46        	li	a3, 0x0
   1e036: cd b7        	j	0x1e018 <__multf3+0x57e>
   1e038: 33 e5 87 00  	or	a0, a5, s0
   1e03c: 11 cd        	beqz	a0, 0x1e058 <__multf3+0x5be>
   1e03e: 89 47        	li	a5, 0x2
   1e040: 13 69 19 00  	ori	s2, s2, 0x1
   1e044: 63 83 f9 02  	beq	s3, a5, 0x1e06a <__multf3+0x5d0>
   1e048: 8d 47        	li	a5, 0x3
   1e04a: 63 8c f9 00  	beq	s3, a5, 0x1e062 <__multf3+0x5c8>
   1e04e: 2e 85        	mv	a0, a1
   1e050: 63 93 09 00  	bnez	s3, 0x1e056 <__multf3+0x5bc>
   1e054: 15 45        	li	a0, 0x5
   1e056: 0d 81        	srli	a0, a0, 0x3
   1e058: 13 69 29 00  	ori	s2, s2, 0x2
   1e05c: 01 47        	li	a4, 0x0
   1e05e: 81 46        	li	a3, 0x0
   1e060: b9 bd        	j	0x1debe <__multf3+0x424>
   1e062: 25 45        	li	a0, 0x9
   1e064: 6d da        	beqz	a2, 0x1e056 <__multf3+0x5bc>
   1e066: 2e 85        	mv	a0, a1
   1e068: fd b7        	j	0x1e056 <__multf3+0x5bc>
   1e06a: 25 45        	li	a0, 0x9
   1e06c: 6d f6        	bnez	a2, 0x1e056 <__multf3+0x5bc>
   1e06e: e5 bf        	j	0x1e066 <__multf3+0x5cc>
   1e070: 05 47        	li	a4, 0x1
   1e072: a1 66        	lui	a3, 0x8
   1e074: 3e 17        	slli	a4, a4, 0x2f
   1e076: fd 16        	addi	a3, a3, -0x1
   1e078: 01 46        	li	a2, 0x0
   1e07a: 41 49        	li	s2, 0x10
   1e07c: 89 b5        	j	0x1debe <__multf3+0x424>
   1e07e: a1 66        	lui	a3, 0x8
   1e080: 01 47        	li	a4, 0x0
   1e082: 01 45        	li	a0, 0x0
   1e084: fd 16        	addi	a3, a3, -0x1
   1e086: 25 bd        	j	0x1debe <__multf3+0x424>
   1e088: 05 47        	li	a4, 0x1
   1e08a: a1 66        	lui	a3, 0x8
   1e08c: 3e 17        	slli	a4, a4, 0x2f
   1e08e: 01 45        	li	a0, 0x0
   1e090: fd 16        	addi	a3, a3, -0x1
   1e092: 01 46        	li	a2, 0x0
   1e094: 2d b5        	j	0x1debe <__multf3+0x424>

000000000001e096 <__subtf3>:
   1e096: 79 71        	addi	sp, sp, -0x30
   1e098: 06 f4        	sd	ra, 0x28(sp)
   1e09a: 22 f0        	sd	s0, 0x20(sp)
   1e09c: 26 ec        	sd	s1, 0x18(sp)
   1e09e: 4a e8        	sd	s2, 0x10(sp)
   1e0a0: 4e e4        	sd	s3, 0x8(sp)
   1e0a2: 52 e0        	sd	s4, 0x0(sp)
   1e0a4: b6 87        	mv	a5, a3
   1e0a6: 73 29 20 00  	frrm	s2
   1e0aa: 7d 57        	li	a4, -0x1
   1e0ac: 41 83        	srli	a4, a4, 0x10
   1e0ae: a1 6e        	lui	t4, 0x8
   1e0b0: 13 d8 05 03  	srli	a6, a1, 0x30
   1e0b4: fd 1e        	addi	t4, t4, -0x1
   1e0b6: 13 de 06 03  	srli	t3, a3, 0x30
   1e0ba: f9 8f        	and	a5, a5, a4
   1e0bc: 93 d9 f5 03  	srli	s3, a1, 0x3f
   1e0c0: f9 8d        	and	a1, a1, a4
   1e0c2: 13 53 d5 03  	srli	t1, a0, 0x3d
   1e0c6: 13 97 37 00  	slli	a4, a5, 0x3
   1e0ca: 33 78 d8 01  	and	a6, a6, t4
   1e0ce: 93 57 d6 03  	srli	a5, a2, 0x3d
   1e0d2: 8e 05        	slli	a1, a1, 0x3
   1e0d4: 33 7e de 01  	and	t3, t3, t4
   1e0d8: 01 29        	sext.w	s2, s2
   1e0da: c2 84        	mv	s1, a6
   1e0dc: 33 63 b3 00  	or	t1, t1, a1
   1e0e0: 0e 05        	slli	a0, a0, 0x3
   1e0e2: fd 92        	srli	a3, a3, 0x3f
   1e0e4: b3 e8 e7 00  	or	a7, a5, a4
   1e0e8: 0e 06        	slli	a2, a2, 0x3
   1e0ea: 63 15 de 01  	bne	t3, t4, 0x1e0f4 <__subtf3+0x5e>
   1e0ee: b3 e7 c8 00  	or	a5, a7, a2
   1e0f2: 99 e3        	bnez	a5, 0x1e0f8 <__subtf3+0x62>
   1e0f4: 93 c6 16 00  	xori	a3, a3, 0x1
   1e0f8: a1 65        	lui	a1, 0x8
   1e0fa: bb 07 c8 41  	subw	a5, a6, t3
   1e0fe: fd 15        	addi	a1, a1, -0x1
   1e100: 63 94 36 35  	bne	a3, s3, 0x1e448 <__subtf3+0x3b2>
   1e104: 63 5b f0 0e  	blez	a5, 0x1e1fa <__subtf3+0x164>
   1e108: 63 1b 0e 06  	bnez	t3, 0x1e17e <__subtf3+0xe8>
   1e10c: 33 e7 c8 00  	or	a4, a7, a2
   1e110: 11 e7        	bnez	a4, 0x1e11c <__subtf3+0x86>
   1e112: 63 08 b8 04  	beq	a6, a1, 0x1e162 <__subtf3+0xcc>
   1e116: 9a 88        	mv	a7, t1
   1e118: 2a 86        	mv	a2, a0
   1e11a: b5 af        	j	0x1e896 <__subtf3+0x800>
   1e11c: fd 37        	addiw	a5, a5, -0x1
   1e11e: a1 e3        	bnez	a5, 0x1e15e <__subtf3+0xc8>
   1e120: 2a 96        	add	a2, a2, a0
   1e122: 46 93        	add	t1, t1, a7
   1e124: 33 35 a6 00  	sltu	a0, a2, a0
   1e128: b3 08 a3 00  	add	a7, t1, a0
   1e12c: 93 97 c8 00  	slli	a5, a7, 0xc
   1e130: 63 d5 07 02  	bgez	a5, 0x1e15a <__subtf3+0xc4>
   1e134: a1 67        	lui	a5, 0x8
   1e136: 85 04        	addi	s1, s1, 0x1
   1e138: fd 17        	addi	a5, a5, -0x1
   1e13a: 63 8e f4 2c  	beq	s1, a5, 0x1e416 <__subtf3+0x380>
   1e13e: fd 57        	li	a5, -0x1
   1e140: ce 17        	slli	a5, a5, 0x33
   1e142: fd 17        	addi	a5, a5, -0x1
   1e144: b3 f7 f8 00  	and	a5, a7, a5
   1e148: 13 57 16 00  	srli	a4, a2, 0x1
   1e14c: 05 8a        	andi	a2, a2, 0x1
   1e14e: 51 8f        	or	a4, a4, a2
   1e150: 13 96 f7 03  	slli	a2, a5, 0x3f
   1e154: 59 8e        	or	a2, a2, a4
   1e156: 93 d8 17 00  	srli	a7, a5, 0x1
   1e15a: 81 47        	li	a5, 0x0
   1e15c: a5 a4        	j	0x1e3c4 <__subtf3+0x32e>
   1e15e: 63 16 b8 02  	bne	a6, a1, 0x1e18a <__subtf3+0xf4>
   1e162: 33 66 a3 00  	or	a2, t1, a0
   1e166: 63 02 06 72  	beqz	a2, 0x1e88a <__subtf3+0x7f4>
   1e16a: 93 57 23 03  	srli	a5, t1, 0x32
   1e16e: 85 8b        	andi	a5, a5, 0x1
   1e170: 93 c7 17 00  	xori	a5, a5, 0x1
   1e174: 9b 97 47 00  	slliw	a5, a5, 0x4
   1e178: 9a 88        	mv	a7, t1
   1e17a: 2a 86        	mv	a2, a0
   1e17c: 71 a2        	j	0x1e308 <__subtf3+0x272>
   1e17e: e3 02 b8 fe  	beq	a6, a1, 0x1e162 <__subtf3+0xcc>
   1e182: 05 47        	li	a4, 0x1
   1e184: 4e 17        	slli	a4, a4, 0x33
   1e186: b3 e8 e8 00  	or	a7, a7, a4
   1e18a: 13 07 40 07  	li	a4, 0x74
   1e18e: 63 41 f7 06  	blt	a4, a5, 0x1e1f0 <__subtf3+0x15a>
   1e192: 13 07 f0 03  	li	a4, 0x3f
   1e196: 63 49 f7 02  	blt	a4, a5, 0x1e1c8 <__subtf3+0x132>
   1e19a: 93 06 00 04  	li	a3, 0x40
   1e19e: 9d 9e        	subw	a3, a3, a5
   1e1a0: 33 97 d8 00  	sll	a4, a7, a3
   1e1a4: b3 55 f6 00  	srl	a1, a2, a5
   1e1a8: b3 16 d6 00  	sll	a3, a2, a3
   1e1ac: 4d 8f        	or	a4, a4, a1
   1e1ae: b3 36 d0 00  	snez	a3, a3
   1e1b2: 55 8f        	or	a4, a4, a3
   1e1b4: b3 d7 f8 00  	srl	a5, a7, a5
   1e1b8: 3a 95        	add	a0, a0, a4
   1e1ba: 9a 97        	add	a5, a5, t1
   1e1bc: 33 37 e5 00  	sltu	a4, a0, a4
   1e1c0: 2a 86        	mv	a2, a0
   1e1c2: b3 88 e7 00  	add	a7, a5, a4
   1e1c6: 9d b7        	j	0x1e12c <__subtf3+0x96>
   1e1c8: 1b 87 07 fc  	addiw	a4, a5, -0x40
   1e1cc: 93 05 00 04  	li	a1, 0x40
   1e1d0: 33 d7 e8 00  	srl	a4, a7, a4
   1e1d4: 81 46        	li	a3, 0x0
   1e1d6: 63 87 b7 00  	beq	a5, a1, 0x1e1e4 <__subtf3+0x14e>
   1e1da: 93 06 00 08  	li	a3, 0x80
   1e1de: 9d 9e        	subw	a3, a3, a5
   1e1e0: b3 96 d8 00  	sll	a3, a7, a3
   1e1e4: d1 8e        	or	a3, a3, a2
   1e1e6: b3 36 d0 00  	snez	a3, a3
   1e1ea: 55 8f        	or	a4, a4, a3
   1e1ec: 81 47        	li	a5, 0x0
   1e1ee: e9 b7        	j	0x1e1b8 <__subtf3+0x122>
   1e1f0: 33 e7 c8 00  	or	a4, a7, a2
   1e1f4: 33 37 e0 00  	snez	a4, a4
   1e1f8: d5 bf        	j	0x1e1ec <__subtf3+0x156>
   1e1fa: f9 c3        	beqz	a5, 0x1e2c0 <__subtf3+0x22a>
   1e1fc: 63 10 08 08  	bnez	a6, 0x1e27c <__subtf3+0x1e6>
   1e200: 33 67 a3 00  	or	a4, t1, a0
   1e204: 05 e3        	bnez	a4, 0x1e224 <__subtf3+0x18e>
   1e206: 63 17 be 68  	bne	t3, a1, 0x1e894 <__subtf3+0x7fe>
   1e20a: b3 e7 c8 00  	or	a5, a7, a2
   1e20e: 63 81 07 68  	beqz	a5, 0x1e890 <__subtf3+0x7fa>
   1e212: 93 d7 28 03  	srli	a5, a7, 0x32
   1e216: 85 8b        	andi	a5, a5, 0x1
   1e218: 93 c7 17 00  	xori	a5, a5, 0x1
   1e21c: 9b 97 47 00  	slliw	a5, a5, 0x4
   1e220: f2 84        	mv	s1, t3
   1e222: dd a0        	j	0x1e308 <__subtf3+0x272>
   1e224: 13 c7 f7 ff  	not	a4, a5
   1e228: 01 27        	sext.w	a4, a4
   1e22a: 09 eb        	bnez	a4, 0x1e23c <__subtf3+0x1a6>
   1e22c: 2a 96        	add	a2, a2, a0
   1e22e: 46 93        	add	t1, t1, a7
   1e230: 33 35 a6 00  	sltu	a0, a2, a0
   1e234: b3 08 a3 00  	add	a7, t1, a0
   1e238: f2 84        	mv	s1, t3
   1e23a: cd bd        	j	0x1e12c <__subtf3+0x96>
   1e23c: e3 07 be fc  	beq	t3, a1, 0x1e20a <__subtf3+0x174>
   1e240: 93 07 40 07  	li	a5, 0x74
   1e244: 63 c9 e7 06  	blt	a5, a4, 0x1e2b6 <__subtf3+0x220>
   1e248: 93 07 f0 03  	li	a5, 0x3f
   1e24c: 63 c1 e7 04  	blt	a5, a4, 0x1e28e <__subtf3+0x1f8>
   1e250: 93 06 00 04  	li	a3, 0x40
   1e254: 99 9e        	subw	a3, a3, a4
   1e256: b3 17 d3 00  	sll	a5, t1, a3
   1e25a: b3 55 e5 00  	srl	a1, a0, a4
   1e25e: b3 16 d5 00  	sll	a3, a0, a3
   1e262: cd 8f        	or	a5, a5, a1
   1e264: b3 36 d0 00  	snez	a3, a3
   1e268: d5 8f        	or	a5, a5, a3
   1e26a: 33 57 e3 00  	srl	a4, t1, a4
   1e26e: 3e 96        	add	a2, a2, a5
   1e270: 46 97        	add	a4, a4, a7
   1e272: b3 37 f6 00  	sltu	a5, a2, a5
   1e276: b3 08 f7 00  	add	a7, a4, a5
   1e27a: 7d bf        	j	0x1e238 <__subtf3+0x1a2>
   1e27c: e3 07 be f8  	beq	t3, a1, 0x1e20a <__subtf3+0x174>
   1e280: 3b 07 f0 40  	negw	a4, a5
   1e284: 85 47        	li	a5, 0x1
   1e286: ce 17        	slli	a5, a5, 0x33
   1e288: 33 63 f3 00  	or	t1, t1, a5
   1e28c: 55 bf        	j	0x1e240 <__subtf3+0x1aa>
   1e28e: 9b 07 07 fc  	addiw	a5, a4, -0x40
   1e292: 93 05 00 04  	li	a1, 0x40
   1e296: b3 57 f3 00  	srl	a5, t1, a5
   1e29a: 81 46        	li	a3, 0x0
   1e29c: 63 07 b7 00  	beq	a4, a1, 0x1e2aa <__subtf3+0x214>
   1e2a0: 93 06 00 08  	li	a3, 0x80
   1e2a4: 99 9e        	subw	a3, a3, a4
   1e2a6: b3 16 d3 00  	sll	a3, t1, a3
   1e2aa: c9 8e        	or	a3, a3, a0
   1e2ac: b3 36 d0 00  	snez	a3, a3
   1e2b0: d5 8f        	or	a5, a5, a3
   1e2b2: 01 47        	li	a4, 0x0
   1e2b4: 6d bf        	j	0x1e26e <__subtf3+0x1d8>
   1e2b6: b3 67 a3 00  	or	a5, t1, a0
   1e2ba: b3 37 f0 00  	snez	a5, a5
   1e2be: d5 bf        	j	0x1e2b2 <__subtf3+0x21c>
   1e2c0: 13 07 18 00  	addi	a4, a6, 0x1
   1e2c4: 93 1e 17 03  	slli	t4, a4, 0x31
   1e2c8: a1 66        	lui	a3, 0x8
   1e2ca: 93 de 2e 03  	srli	t4, t4, 0x32
   1e2ce: f9 16        	addi	a3, a3, -0x2
   1e2d0: 63 9c 0e 0c  	bnez	t4, 0x1e3a8 <__subtf3+0x312>
   1e2d4: 33 67 a3 00  	or	a4, t1, a0
   1e2d8: 63 12 08 08  	bnez	a6, 0x1e35c <__subtf3+0x2c6>
   1e2dc: 63 0f 07 42  	beqz	a4, 0x1e71a <__subtf3+0x684>
   1e2e0: 33 e7 c8 00  	or	a4, a7, a2
   1e2e4: 63 0b 07 4e  	beqz	a4, 0x1e7da <__subtf3+0x744>
   1e2e8: 2a 96        	add	a2, a2, a0
   1e2ea: 46 93        	add	t1, t1, a7
   1e2ec: 33 35 a6 00  	sltu	a0, a2, a0
   1e2f0: b3 08 a3 00  	add	a7, t1, a0
   1e2f4: 13 97 c8 00  	slli	a4, a7, 0xc
   1e2f8: 63 51 07 42  	bgez	a4, 0x1e71a <__subtf3+0x684>
   1e2fc: 7d 57        	li	a4, -0x1
   1e2fe: 4e 17        	slli	a4, a4, 0x33
   1e300: 7d 17        	addi	a4, a4, -0x1
   1e302: b3 f8 e8 00  	and	a7, a7, a4
   1e306: 85 44        	li	s1, 0x1
   1e308: 21 67        	lui	a4, 0x8
   1e30a: 13 95 d8 03  	slli	a0, a7, 0x3d
   1e30e: 0d 82        	srli	a2, a2, 0x3
   1e310: 7d 17        	addi	a4, a4, -0x1
   1e312: 51 8d        	or	a0, a0, a2
   1e314: 93 d8 38 00  	srli	a7, a7, 0x3
   1e318: 63 9a e4 00  	bne	s1, a4, 0x1e32c <__subtf3+0x296>
   1e31c: 33 65 15 01  	or	a0, a0, a7
   1e320: 81 48        	li	a7, 0x0
   1e322: 09 c5        	beqz	a0, 0x1e32c <__subtf3+0x296>
   1e324: 85 48        	li	a7, 0x1
   1e326: be 18        	slli	a7, a7, 0x2f
   1e328: 01 45        	li	a0, 0x0
   1e32a: 81 49        	li	s3, 0x0
   1e32c: 13 97 14 03  	slli	a4, s1, 0x31
   1e330: 9b 99 f9 00  	slliw	s3, s3, 0xf
   1e334: 45 93        	srli	a4, a4, 0x31
   1e336: 93 95 08 01  	slli	a1, a7, 0x10
   1e33a: b3 e9 e9 00  	or	s3, s3, a4
   1e33e: c2 19        	slli	s3, s3, 0x30
   1e340: c1 81        	srli	a1, a1, 0x10
   1e342: b3 e5 35 01  	or	a1, a1, s3
   1e346: 99 c3        	beqz	a5, 0x1e34c <__subtf3+0x2b6>
   1e348: 73 a0 17 00  	csrs	fflags, a5
   1e34c: a2 70        	ld	ra, 0x28(sp)
   1e34e: 02 74        	ld	s0, 0x20(sp)
   1e350: e2 64        	ld	s1, 0x18(sp)
   1e352: 42 69        	ld	s2, 0x10(sp)
   1e354: a2 69        	ld	s3, 0x8(sp)
   1e356: 02 6a        	ld	s4, 0x0(sp)
   1e358: 45 61        	addi	sp, sp, 0x30
   1e35a: 82 80        	ret
   1e35c: 63 15 b8 02  	bne	a6, a1, 0x1e386 <__subtf3+0x2f0>
   1e360: 1d c3        	beqz	a4, 0x1e386 <__subtf3+0x2f0>
   1e362: 93 57 23 03  	srli	a5, t1, 0x32
   1e366: 85 8b        	andi	a5, a5, 0x1
   1e368: 93 c7 17 00  	xori	a5, a5, 0x1
   1e36c: 9b 97 47 00  	slliw	a5, a5, 0x4
   1e370: 63 11 0e 03  	bne	t3, a6, 0x1e392 <__subtf3+0x2fc>
   1e374: b3 e6 c8 00  	or	a3, a7, a2
   1e378: 99 ca        	beqz	a3, 0x1e38e <__subtf3+0x2f8>
   1e37a: 93 96 d8 00  	slli	a3, a7, 0xd
   1e37e: 63 c8 06 00  	bltz	a3, 0x1e38e <__subtf3+0x2f8>
   1e382: c1 47        	li	a5, 0x10
   1e384: 29 a0        	j	0x1e38e <__subtf3+0x2f8>
   1e386: a1 66        	lui	a3, 0x8
   1e388: fd 16        	addi	a3, a3, -0x1
   1e38a: e3 05 de fe  	beq	t3, a3, 0x1e374 <__subtf3+0x2de>
   1e38e: 63 0f 07 2e  	beqz	a4, 0x1e68c <__subtf3+0x5f6>
   1e392: a1 64        	lui	s1, 0x8
   1e394: b3 e8 c8 00  	or	a7, a7, a2
   1e398: 13 87 f4 ff  	addi	a4, s1, -0x1
   1e39c: 63 9d 08 4c  	bnez	a7, 0x1e876 <__subtf3+0x7e0>
   1e3a0: 9a 88        	mv	a7, t1
   1e3a2: 2a 86        	mv	a2, a0
   1e3a4: ba 84        	mv	s1, a4
   1e3a6: 8d b7        	j	0x1e308 <__subtf3+0x272>
   1e3a8: 63 00 b7 02  	beq	a4, a1, 0x1e3c8 <__subtf3+0x332>
   1e3ac: 2a 96        	add	a2, a2, a0
   1e3ae: 46 93        	add	t1, t1, a7
   1e3b0: 33 35 a6 00  	sltu	a0, a2, a0
   1e3b4: 2a 93        	add	t1, t1, a0
   1e3b6: 93 16 f3 03  	slli	a3, t1, 0x3f
   1e3ba: 05 82        	srli	a2, a2, 0x1
   1e3bc: 55 8e        	or	a2, a2, a3
   1e3be: 93 58 13 00  	srli	a7, t1, 0x1
   1e3c2: ba 84        	mv	s1, a4
   1e3c4: 01 47        	li	a4, 0x0
   1e3c6: 71 ae        	j	0x1e762 <__subtf3+0x6cc>
   1e3c8: 63 0c 09 4a  	beqz	s2, 0x1e880 <__subtf3+0x7ea>
   1e3cc: 0d 46        	li	a2, 0x3
   1e3ce: 63 19 c9 02  	bne	s2, a2, 0x1e400 <__subtf3+0x36a>
   1e3d2: 63 87 09 4a  	beqz	s3, 0x1e880 <__subtf3+0x7ea>
   1e3d6: 7d 56        	li	a2, -0x1
   1e3d8: b2 88        	mv	a7, a2
   1e3da: b6 84        	mv	s1, a3
   1e3dc: 15 47        	li	a4, 0x5
   1e3de: 8d 46        	li	a3, 0x3
   1e3e0: 63 0f d9 40  	beq	s2, a3, 0x1e7fe <__subtf3+0x768>
   1e3e4: 63 15 09 42  	bnez	s2, 0x1e80e <__subtf3+0x778>
   1e3e8: 93 76 f6 00  	andi	a3, a2, 0xf
   1e3ec: 91 45        	li	a1, 0x4
   1e3ee: 63 80 b6 42  	beq	a3, a1, 0x1e80e <__subtf3+0x778>
   1e3f2: b3 06 b6 00  	add	a3, a2, a1
   1e3f6: b3 b5 c6 00  	sltu	a1, a3, a2
   1e3fa: ae 98        	add	a7, a7, a1
   1e3fc: 36 86        	mv	a2, a3
   1e3fe: 01 a9        	j	0x1e80e <__subtf3+0x778>
   1e400: 89 47        	li	a5, 0x2
   1e402: b6 84        	mv	s1, a3
   1e404: 63 1e f9 42  	bne	s2, a5, 0x1e840 <__subtf3+0x7aa>
   1e408: 63 9c 09 46  	bnez	s3, 0x1e880 <__subtf3+0x7ea>
   1e40c: 7d 56        	li	a2, -0x1
   1e40e: b2 88        	mv	a7, a2
   1e410: 15 47        	li	a4, 0x5
   1e412: ba 87        	mv	a5, a4
   1e414: 21 a1        	j	0x1e81c <__subtf3+0x786>
   1e416: 63 06 09 46  	beqz	s2, 0x1e882 <__subtf3+0x7ec>
   1e41a: 8d 47        	li	a5, 0x3
   1e41c: 63 1b f9 00  	bne	s2, a5, 0x1e432 <__subtf3+0x39c>
   1e420: 63 81 09 46  	beqz	s3, 0x1e882 <__subtf3+0x7ec>
   1e424: 7d 56        	li	a2, -0x1
   1e426: 21 67        	lui	a4, 0x8
   1e428: b2 88        	mv	a7, a2
   1e42a: 93 04 e7 ff  	addi	s1, a4, -0x2
   1e42e: 81 47        	li	a5, 0x0
   1e430: 75 b7        	j	0x1e3dc <__subtf3+0x346>
   1e432: 89 47        	li	a5, 0x2
   1e434: 63 13 f9 40  	bne	s2, a5, 0x1e83a <__subtf3+0x7a4>
   1e438: 63 95 09 44  	bnez	s3, 0x1e882 <__subtf3+0x7ec>
   1e43c: 7d 56        	li	a2, -0x1
   1e43e: 21 67        	lui	a4, 0x8
   1e440: b2 88        	mv	a7, a2
   1e442: 93 04 e7 ff  	addi	s1, a4, -0x2
   1e446: e9 b7        	j	0x1e410 <__subtf3+0x37a>
   1e448: 63 5e f0 0a  	blez	a5, 0x1e504 <__subtf3+0x46e>
   1e44c: 63 1c 0e 06  	bnez	t3, 0x1e4c4 <__subtf3+0x42e>
   1e450: 33 e7 c8 00  	or	a4, a7, a2
   1e454: e3 0f 07 ca  	beqz	a4, 0x1e112 <__subtf3+0x7c>
   1e458: fd 37        	addiw	a5, a5, -0x1
   1e45a: 95 e3        	bnez	a5, 0x1e47e <__subtf3+0x3e8>
   1e45c: 33 06 c5 40  	sub	a2, a0, a2
   1e460: 33 03 13 41  	sub	t1, t1, a7
   1e464: 33 35 c5 00  	sltu	a0, a0, a2
   1e468: b3 08 a3 40  	sub	a7, t1, a0
   1e46c: 93 97 c8 00  	slli	a5, a7, 0xc
   1e470: e3 d5 07 ce  	bgez	a5, 0x1e15a <__subtf3+0xc4>
   1e474: 13 94 d8 00  	slli	s0, a7, 0xd
   1e478: 35 80        	srli	s0, s0, 0xd
   1e47a: 32 8a        	mv	s4, a2
   1e47c: b9 a4        	j	0x1e6ca <__subtf3+0x634>
   1e47e: e3 02 b8 ce  	beq	a6, a1, 0x1e162 <__subtf3+0xcc>
   1e482: 13 07 40 07  	li	a4, 0x74
   1e486: 63 4a f7 06  	blt	a4, a5, 0x1e4fa <__subtf3+0x464>
   1e48a: 13 07 f0 03  	li	a4, 0x3f
   1e48e: 63 42 f7 04  	blt	a4, a5, 0x1e4d2 <__subtf3+0x43c>
   1e492: 93 06 00 04  	li	a3, 0x40
   1e496: 9d 9e        	subw	a3, a3, a5
   1e498: 33 97 d8 00  	sll	a4, a7, a3
   1e49c: b3 55 f6 00  	srl	a1, a2, a5
   1e4a0: b3 16 d6 00  	sll	a3, a2, a3
   1e4a4: 4d 8f        	or	a4, a4, a1
   1e4a6: b3 36 d0 00  	snez	a3, a3
   1e4aa: 55 8f        	or	a4, a4, a3
   1e4ac: b3 d7 f8 00  	srl	a5, a7, a5
   1e4b0: 33 07 e5 40  	sub	a4, a0, a4
   1e4b4: b3 07 f3 40  	sub	a5, t1, a5
   1e4b8: 33 35 e5 00  	sltu	a0, a0, a4
   1e4bc: 3a 86        	mv	a2, a4
   1e4be: b3 88 a7 40  	sub	a7, a5, a0
   1e4c2: 6d b7        	j	0x1e46c <__subtf3+0x3d6>
   1e4c4: e3 0f b8 c8  	beq	a6, a1, 0x1e162 <__subtf3+0xcc>
   1e4c8: 05 47        	li	a4, 0x1
   1e4ca: 4e 17        	slli	a4, a4, 0x33
   1e4cc: b3 e8 e8 00  	or	a7, a7, a4
   1e4d0: 4d bf        	j	0x1e482 <__subtf3+0x3ec>
   1e4d2: 1b 87 07 fc  	addiw	a4, a5, -0x40
   1e4d6: 93 05 00 04  	li	a1, 0x40
   1e4da: 33 d7 e8 00  	srl	a4, a7, a4
   1e4de: 81 46        	li	a3, 0x0
   1e4e0: 63 87 b7 00  	beq	a5, a1, 0x1e4ee <__subtf3+0x458>
   1e4e4: 93 06 00 08  	li	a3, 0x80
   1e4e8: 9d 9e        	subw	a3, a3, a5
   1e4ea: b3 96 d8 00  	sll	a3, a7, a3
   1e4ee: d1 8e        	or	a3, a3, a2
   1e4f0: b3 36 d0 00  	snez	a3, a3
   1e4f4: 55 8f        	or	a4, a4, a3
   1e4f6: 81 47        	li	a5, 0x0
   1e4f8: 65 bf        	j	0x1e4b0 <__subtf3+0x41a>
   1e4fa: 33 e7 c8 00  	or	a4, a7, a2
   1e4fe: 33 37 e0 00  	snez	a4, a4
   1e502: d5 bf        	j	0x1e4f6 <__subtf3+0x460>
   1e504: e1 cf        	beqz	a5, 0x1e5dc <__subtf3+0x546>
   1e506: 63 19 08 08  	bnez	a6, 0x1e598 <__subtf3+0x502>
   1e50a: 33 67 a3 00  	or	a4, t1, a0
   1e50e: 0d e3        	bnez	a4, 0x1e530 <__subtf3+0x49a>
   1e510: b6 89        	mv	s3, a3
   1e512: 63 11 be 38  	bne	t3, a1, 0x1e894 <__subtf3+0x7fe>
   1e516: b3 e7 c8 00  	or	a5, a7, a2
   1e51a: 63 8a 07 36  	beqz	a5, 0x1e88e <__subtf3+0x7f8>
   1e51e: 93 d7 28 03  	srli	a5, a7, 0x32
   1e522: 85 8b        	andi	a5, a5, 0x1
   1e524: 93 c7 17 00  	xori	a5, a5, 0x1
   1e528: 9b 97 47 00  	slliw	a5, a5, 0x4
   1e52c: b6 89        	mv	s3, a3
   1e52e: cd b9        	j	0x1e220 <__subtf3+0x18a>
   1e530: 13 c7 f7 ff  	not	a4, a5
   1e534: 01 27        	sext.w	a4, a4
   1e536: 09 ef        	bnez	a4, 0x1e550 <__subtf3+0x4ba>
   1e538: 33 05 a6 40  	sub	a0, a2, a0
   1e53c: b3 37 a6 00  	sltu	a5, a2, a0
   1e540: 33 83 68 40  	sub	t1, a7, t1
   1e544: 2a 86        	mv	a2, a0
   1e546: b3 08 f3 40  	sub	a7, t1, a5
   1e54a: f2 84        	mv	s1, t3
   1e54c: b6 89        	mv	s3, a3
   1e54e: 39 bf        	j	0x1e46c <__subtf3+0x3d6>
   1e550: e3 03 be fc  	beq	t3, a1, 0x1e516 <__subtf3+0x480>
   1e554: 93 07 40 07  	li	a5, 0x74
   1e558: 63 cd e7 06  	blt	a5, a4, 0x1e5d2 <__subtf3+0x53c>
   1e55c: 93 07 f0 03  	li	a5, 0x3f
   1e560: 63 c5 e7 04  	blt	a5, a4, 0x1e5aa <__subtf3+0x514>
   1e564: 93 05 00 04  	li	a1, 0x40
   1e568: 99 9d        	subw	a1, a1, a4
   1e56a: b3 17 b3 00  	sll	a5, t1, a1
   1e56e: 33 58 e5 00  	srl	a6, a0, a4
   1e572: b3 15 b5 00  	sll	a1, a0, a1
   1e576: b3 e7 07 01  	or	a5, a5, a6
   1e57a: b3 35 b0 00  	snez	a1, a1
   1e57e: cd 8f        	or	a5, a5, a1
   1e580: 33 57 e3 00  	srl	a4, t1, a4
   1e584: b3 07 f6 40  	sub	a5, a2, a5
   1e588: b3 35 f6 00  	sltu	a1, a2, a5
   1e58c: 33 87 e8 40  	sub	a4, a7, a4
   1e590: 3e 86        	mv	a2, a5
   1e592: b3 08 b7 40  	sub	a7, a4, a1
   1e596: 55 bf        	j	0x1e54a <__subtf3+0x4b4>
   1e598: e3 0f be f6  	beq	t3, a1, 0x1e516 <__subtf3+0x480>
   1e59c: 3b 07 f0 40  	negw	a4, a5
   1e5a0: 85 47        	li	a5, 0x1
   1e5a2: ce 17        	slli	a5, a5, 0x33
   1e5a4: 33 63 f3 00  	or	t1, t1, a5
   1e5a8: 75 b7        	j	0x1e554 <__subtf3+0x4be>
   1e5aa: 9b 07 07 fc  	addiw	a5, a4, -0x40
   1e5ae: 13 08 00 04  	li	a6, 0x40
   1e5b2: b3 57 f3 00  	srl	a5, t1, a5
   1e5b6: 81 45        	li	a1, 0x0
   1e5b8: 63 07 07 01  	beq	a4, a6, 0x1e5c6 <__subtf3+0x530>
   1e5bc: 93 05 00 08  	li	a1, 0x80
   1e5c0: 99 9d        	subw	a1, a1, a4
   1e5c2: b3 15 b3 00  	sll	a1, t1, a1
   1e5c6: c9 8d        	or	a1, a1, a0
   1e5c8: b3 35 b0 00  	snez	a1, a1
   1e5cc: cd 8f        	or	a5, a5, a1
   1e5ce: 01 47        	li	a4, 0x0
   1e5d0: 55 bf        	j	0x1e584 <__subtf3+0x4ee>
   1e5d2: b3 67 a3 00  	or	a5, t1, a0
   1e5d6: b3 37 f0 00  	snez	a5, a5
   1e5da: d5 bf        	j	0x1e5ce <__subtf3+0x538>
   1e5dc: 13 07 18 00  	addi	a4, a6, 0x1
   1e5e0: 93 1e 17 03  	slli	t4, a4, 0x31
   1e5e4: 93 de 2e 03  	srli	t4, t4, 0x32
   1e5e8: 63 9d 0e 0a  	bnez	t4, 0x1e6a2 <__subtf3+0x60c>
   1e5ec: 33 e7 c8 00  	or	a4, a7, a2
   1e5f0: b3 6e a3 00  	or	t4, t1, a0
   1e5f4: 63 1f 08 04  	bnez	a6, 0x1e652 <__subtf3+0x5bc>
   1e5f8: 63 9a 0e 00  	bnez	t4, 0x1e60c <__subtf3+0x576>
   1e5fc: 1d ef        	bnez	a4, 0x1e63a <__subtf3+0x5a4>
   1e5fe: 93 09 e9 ff  	addi	s3, s2, -0x2
   1e602: 93 b9 19 00  	seqz	s3, s3
   1e606: 81 48        	li	a7, 0x0
   1e608: 01 46        	li	a2, 0x0
   1e60a: fd b9        	j	0x1e308 <__subtf3+0x272>
   1e60c: 63 07 07 1c  	beqz	a4, 0x1e7da <__subtf3+0x744>
   1e610: b3 05 c5 40  	sub	a1, a0, a2
   1e614: 33 38 b5 00  	sltu	a6, a0, a1
   1e618: 33 07 13 41  	sub	a4, t1, a7
   1e61c: 33 07 07 41  	sub	a4, a4, a6
   1e620: 13 18 c7 00  	slli	a6, a4, 0xc
   1e624: 63 5d 08 00  	bgez	a6, 0x1e63e <__subtf3+0x5a8>
   1e628: 33 05 a6 40  	sub	a0, a2, a0
   1e62c: b3 37 a6 00  	sltu	a5, a2, a0
   1e630: 33 83 68 40  	sub	t1, a7, t1
   1e634: 2a 86        	mv	a2, a0
   1e636: b3 08 f3 40  	sub	a7, t1, a5
   1e63a: b6 89        	mv	s3, a3
   1e63c: f9 a8        	j	0x1e71a <__subtf3+0x684>
   1e63e: 33 e6 e5 00  	or	a2, a1, a4
   1e642: 63 1f 06 18  	bnez	a2, 0x1e7e0 <__subtf3+0x74a>
   1e646: 93 09 e9 ff  	addi	s3, s2, -0x2
   1e64a: 93 b9 19 00  	seqz	s3, s3
   1e64e: 81 48        	li	a7, 0x0
   1e650: 65 b9        	j	0x1e308 <__subtf3+0x272>
   1e652: 63 16 b8 02  	bne	a6, a1, 0x1e67e <__subtf3+0x5e8>
   1e656: 63 83 0e 26  	beqz	t4, 0x1e8bc <__subtf3+0x826>
   1e65a: 93 57 23 03  	srli	a5, t1, 0x32
   1e65e: 85 8b        	andi	a5, a5, 0x1
   1e660: 93 c7 17 00  	xori	a5, a5, 0x1
   1e664: 9b 97 47 00  	slliw	a5, a5, 0x4
   1e668: 63 16 0e 03  	bne	t3, a6, 0x1e694 <__subtf3+0x5fe>
   1e66c: 19 cb        	beqz	a4, 0x1e682 <__subtf3+0x5ec>
   1e66e: 93 95 d8 00  	slli	a1, a7, 0xd
   1e672: 63 c8 05 00  	bltz	a1, 0x1e682 <__subtf3+0x5ec>
   1e676: c1 47        	li	a5, 0x10
   1e678: 63 89 0e 00  	beqz	t4, 0x1e68a <__subtf3+0x5f4>
   1e67c: 31 a8        	j	0x1e698 <__subtf3+0x602>
   1e67e: e3 07 be fe  	beq	t3, a1, 0x1e66c <__subtf3+0x5d6>
   1e682: 63 99 0e 00  	bnez	t4, 0x1e694 <__subtf3+0x5fe>
   1e686: 63 0a 07 20  	beqz	a4, 0x1e89a <__subtf3+0x804>
   1e68a: b6 89        	mv	s3, a3
   1e68c: 21 67        	lui	a4, 0x8
   1e68e: 93 04 f7 ff  	addi	s1, a4, -0x1
   1e692: 9d b9        	j	0x1e308 <__subtf3+0x272>
   1e694: 63 0d 07 20  	beqz	a4, 0x1e8ae <__subtf3+0x818>
   1e698: 85 48        	li	a7, 0x1
   1e69a: 81 49        	li	s3, 0x0
   1e69c: ca 18        	slli	a7, a7, 0x32
   1e69e: 01 46        	li	a2, 0x0
   1e6a0: f5 b7        	j	0x1e68c <__subtf3+0x5f6>
   1e6a2: 33 07 c5 40  	sub	a4, a0, a2
   1e6a6: b3 35 e5 00  	sltu	a1, a0, a4
   1e6aa: 33 04 13 41  	sub	s0, t1, a7
   1e6ae: 0d 8c        	sub	s0, s0, a1
   1e6b0: 93 15 c4 00  	slli	a1, s0, 0xc
   1e6b4: 3a 8a        	mv	s4, a4
   1e6b6: 63 de 05 0a  	bgez	a1, 0x1e772 <__subtf3+0x6dc>
   1e6ba: 33 0a a6 40  	sub	s4, a2, a0
   1e6be: 33 84 68 40  	sub	s0, a7, t1
   1e6c2: 33 36 46 01  	sltu	a2, a2, s4
   1e6c6: 11 8c        	sub	s0, s0, a2
   1e6c8: b6 89        	mv	s3, a3
   1e6ca: 55 cc        	beqz	s0, 0x1e786 <__subtf3+0x6f0>
   1e6cc: 22 85        	mv	a0, s0
   1e6ce: ef 00 20 5d  	jal	0x1eca0 <__clzdi2>
   1e6d2: 1b 06 45 ff  	addiw	a2, a0, -0xc
   1e6d6: 93 07 00 04  	li	a5, 0x40
   1e6da: 91 9f        	subw	a5, a5, a2
   1e6dc: 33 14 c4 00  	sll	s0, s0, a2
   1e6e0: b3 57 fa 00  	srl	a5, s4, a5
   1e6e4: c1 8f        	or	a5, a5, s0
   1e6e6: 33 14 ca 00  	sll	s0, s4, a2
   1e6ea: 63 40 96 0e  	blt	a2, s1, 0x1e7ca <__subtf3+0x734>
   1e6ee: 05 9e        	subw	a2, a2, s1
   1e6f0: 9b 06 16 00  	addiw	a3, a2, 0x1
   1e6f4: 13 07 f0 03  	li	a4, 0x3f
   1e6f8: 63 45 d7 0a  	blt	a4, a3, 0x1e7a2 <__subtf3+0x70c>
   1e6fc: 13 07 00 04  	li	a4, 0x40
   1e700: 15 9f        	subw	a4, a4, a3
   1e702: 33 96 e7 00  	sll	a2, a5, a4
   1e706: b3 55 d4 00  	srl	a1, s0, a3
   1e70a: 33 17 e4 00  	sll	a4, s0, a4
   1e70e: 4d 8e        	or	a2, a2, a1
   1e710: 33 37 e0 00  	snez	a4, a4
   1e714: 59 8e        	or	a2, a2, a4
   1e716: b3 d8 d7 00  	srl	a7, a5, a3
   1e71a: b3 67 16 01  	or	a5, a2, a7
   1e71e: 63 8b 07 18  	beqz	a5, 0x1e8b4 <__subtf3+0x81e>
   1e722: 93 16 16 00  	slli	a3, a2, 0x1
   1e726: 13 57 f6 03  	srli	a4, a2, 0x3f
   1e72a: 93 97 18 00  	slli	a5, a7, 0x1
   1e72e: 93 f5 76 00  	andi	a1, a3, 0x7
   1e732: ba 97        	add	a5, a5, a4
   1e734: 01 47        	li	a4, 0x0
   1e736: 8d c1        	beqz	a1, 0x1e758 <__subtf3+0x6c2>
   1e738: 09 47        	li	a4, 0x2
   1e73a: 63 0e e9 0a  	beq	s2, a4, 0x1e7f6 <__subtf3+0x760>
   1e73e: 0d 47        	li	a4, 0x3
   1e740: 63 03 e9 0a  	beq	s2, a4, 0x1e7e6 <__subtf3+0x750>
   1e744: 05 47        	li	a4, 0x1
   1e746: 63 19 09 00  	bnez	s2, 0x1e758 <__subtf3+0x6c2>
   1e74a: 93 f5 f6 00  	andi	a1, a3, 0xf
   1e74e: 11 45        	li	a0, 0x4
   1e750: 93 b6 c6 ff  	sltiu	a3, a3, -0x4
   1e754: 63 9e a5 08  	bne	a1, a0, 0x1e7f0 <__subtf3+0x75a>
   1e758: d1 93        	srli	a5, a5, 0x34
   1e75a: 85 8b        	andi	a5, a5, 0x1
   1e75c: 93 c7 17 00  	xori	a5, a5, 0x1
   1e760: 81 44        	li	s1, 0x0
   1e762: 93 76 76 00  	andi	a3, a2, 0x7
   1e766: c5 c6        	beqz	a3, 0x1e80e <__subtf3+0x778>
   1e768: 09 47        	li	a4, 0x2
   1e76a: 63 0f e9 08  	beq	s2, a4, 0x1e808 <__subtf3+0x772>
   1e76e: 05 47        	li	a4, 0x1
   1e770: bd b1        	j	0x1e3de <__subtf3+0x348>
   1e772: 33 66 87 00  	or	a2, a4, s0
   1e776: 31 fa        	bnez	a2, 0x1e6ca <__subtf3+0x634>
   1e778: 93 09 e9 ff  	addi	s3, s2, -0x2
   1e77c: 93 b9 19 00  	seqz	s3, s3
   1e780: 81 48        	li	a7, 0x0
   1e782: 81 44        	li	s1, 0x0
   1e784: 51 b6        	j	0x1e308 <__subtf3+0x272>
   1e786: 52 85        	mv	a0, s4
   1e788: ef 00 80 51  	jal	0x1eca0 <__clzdi2>
   1e78c: 1b 06 45 03  	addiw	a2, a0, 0x34
   1e790: 93 07 f0 03  	li	a5, 0x3f
   1e794: e3 d1 c7 f4  	bge	a5, a2, 0x1e6d6 <__subtf3+0x640>
   1e798: 9b 07 45 ff  	addiw	a5, a0, -0xc
   1e79c: b3 17 fa 00  	sll	a5, s4, a5
   1e7a0: a9 b7        	j	0x1e6ea <__subtf3+0x654>
   1e7a2: 1b 06 16 fc  	addiw	a2, a2, -0x3f
   1e7a6: 93 05 00 04  	li	a1, 0x40
   1e7aa: 33 d6 c7 00  	srl	a2, a5, a2
   1e7ae: 01 47        	li	a4, 0x0
   1e7b0: 63 87 b6 00  	beq	a3, a1, 0x1e7be <__subtf3+0x728>
   1e7b4: 13 07 00 08  	li	a4, 0x80
   1e7b8: 15 9f        	subw	a4, a4, a3
   1e7ba: 33 97 e7 00  	sll	a4, a5, a4
   1e7be: 41 8f        	or	a4, a4, s0
   1e7c0: 33 37 e0 00  	snez	a4, a4
   1e7c4: 59 8e        	or	a2, a2, a4
   1e7c6: 81 48        	li	a7, 0x0
   1e7c8: 89 bf        	j	0x1e71a <__subtf3+0x684>
   1e7ca: 7d 57        	li	a4, -0x1
   1e7cc: 4e 17        	slli	a4, a4, 0x33
   1e7ce: 7d 17        	addi	a4, a4, -0x1
   1e7d0: 91 8c        	sub	s1, s1, a2
   1e7d2: b3 f8 e7 00  	and	a7, a5, a4
   1e7d6: 22 86        	mv	a2, s0
   1e7d8: 49 b2        	j	0x1e15a <__subtf3+0xc4>
   1e7da: 9a 88        	mv	a7, t1
   1e7dc: 2a 86        	mv	a2, a0
   1e7de: 35 bf        	j	0x1e71a <__subtf3+0x684>
   1e7e0: ba 88        	mv	a7, a4
   1e7e2: 2e 86        	mv	a2, a1
   1e7e4: 1d bf        	j	0x1e71a <__subtf3+0x684>
   1e7e6: 05 47        	li	a4, 0x1
   1e7e8: e3 98 09 f6  	bnez	s3, 0x1e758 <__subtf3+0x6c2>
   1e7ec: 93 b6 86 ff  	sltiu	a3, a3, -0x8
   1e7f0: b9 8e        	xor	a3, a3, a4
   1e7f2: b6 97        	add	a5, a5, a3
   1e7f4: 95 b7        	j	0x1e758 <__subtf3+0x6c2>
   1e7f6: 05 47        	li	a4, 0x1
   1e7f8: e3 80 09 f6  	beqz	s3, 0x1e758 <__subtf3+0x6c2>
   1e7fc: c5 bf        	j	0x1e7ec <__subtf3+0x756>
   1e7fe: 63 98 09 00  	bnez	s3, 0x1e80e <__subtf3+0x778>
   1e802: 93 06 86 00  	addi	a3, a2, 0x8
   1e806: c5 be        	j	0x1e3f6 <__subtf3+0x360>
   1e808: 05 47        	li	a4, 0x1
   1e80a: e3 9c 09 fe  	bnez	s3, 0x1e802 <__subtf3+0x76c>
   1e80e: e3 82 07 c0  	beqz	a5, 0x1e412 <__subtf3+0x37c>
   1e812: 93 77 17 00  	andi	a5, a4, 0x1
   1e816: 9b 97 17 00  	slliw	a5, a5, 0x1
   1e81a: d9 8f        	or	a5, a5, a4
   1e81c: 13 97 c8 00  	slli	a4, a7, 0xc
   1e820: e3 54 07 ae  	bgez	a4, 0x1e308 <__subtf3+0x272>
   1e824: 21 67        	lui	a4, 0x8
   1e826: 85 04        	addi	s1, s1, 0x1
   1e828: 7d 17        	addi	a4, a4, -0x1
   1e82a: 63 8f e4 00  	beq	s1, a4, 0x1e848 <__subtf3+0x7b2>
   1e82e: 7d 57        	li	a4, -0x1
   1e830: 4e 17        	slli	a4, a4, 0x33
   1e832: 7d 17        	addi	a4, a4, -0x1
   1e834: b3 f8 e8 00  	and	a7, a7, a4
   1e838: c1 bc        	j	0x1e308 <__subtf3+0x272>
   1e83a: 21 67        	lui	a4, 0x8
   1e83c: 93 04 e7 ff  	addi	s1, a4, -0x2
   1e840: fd 58        	li	a7, -0x1
   1e842: 46 86        	mv	a2, a7
   1e844: 95 47        	li	a5, 0x5
   1e846: d9 bf        	j	0x1e81c <__subtf3+0x786>
   1e848: 01 46        	li	a2, 0x0
   1e84a: 63 01 09 02  	beqz	s2, 0x1e86c <__subtf3+0x7d6>
   1e84e: 0d 47        	li	a4, 0x3
   1e850: 63 19 e9 00  	bne	s2, a4, 0x1e862 <__subtf3+0x7cc>
   1e854: 63 8c 09 00  	beqz	s3, 0x1e86c <__subtf3+0x7d6>
   1e858: 21 67        	lui	a4, 0x8
   1e85a: 7d 56        	li	a2, -0x1
   1e85c: 93 04 e7 ff  	addi	s1, a4, -0x2
   1e860: 31 a0        	j	0x1e86c <__subtf3+0x7d6>
   1e862: 09 47        	li	a4, 0x2
   1e864: e3 1a e9 fe  	bne	s2, a4, 0x1e858 <__subtf3+0x7c2>
   1e868: e3 88 09 fe  	beqz	s3, 0x1e858 <__subtf3+0x7c2>
   1e86c: 93 e7 57 00  	ori	a5, a5, 0x5
   1e870: 81 27        	sext.w	a5, a5
   1e872: b2 88        	mv	a7, a2
   1e874: 51 bc        	j	0x1e308 <__subtf3+0x272>
   1e876: 85 48        	li	a7, 0x1
   1e878: 81 49        	li	s3, 0x0
   1e87a: ca 18        	slli	a7, a7, 0x32
   1e87c: 01 46        	li	a2, 0x0
   1e87e: 1d b6        	j	0x1e3a4 <__subtf3+0x30e>
   1e880: ba 84        	mv	s1, a4
   1e882: 81 48        	li	a7, 0x0
   1e884: 01 46        	li	a2, 0x0
   1e886: 95 47        	li	a5, 0x5
   1e888: 41 b4        	j	0x1e308 <__subtf3+0x272>
   1e88a: 81 48        	li	a7, 0x0
   1e88c: 29 a0        	j	0x1e896 <__subtf3+0x800>
   1e88e: b6 89        	mv	s3, a3
   1e890: 81 48        	li	a7, 0x0
   1e892: 01 46        	li	a2, 0x0
   1e894: f2 84        	mv	s1, t3
   1e896: 81 47        	li	a5, 0x0
   1e898: 85 bc        	j	0x1e308 <__subtf3+0x272>
   1e89a: 85 47        	li	a5, 0x1
   1e89c: 21 67        	lui	a4, 0x8
   1e89e: 93 98 27 03  	slli	a7, a5, 0x32
   1e8a2: 81 49        	li	s3, 0x0
   1e8a4: 01 46        	li	a2, 0x0
   1e8a6: 93 04 f7 ff  	addi	s1, a4, -0x1
   1e8aa: c1 47        	li	a5, 0x10
   1e8ac: b1 bc        	j	0x1e308 <__subtf3+0x272>
   1e8ae: 9a 88        	mv	a7, t1
   1e8b0: 2a 86        	mv	a2, a0
   1e8b2: e9 bb        	j	0x1e68c <__subtf3+0x5f6>
   1e8b4: 81 48        	li	a7, 0x0
   1e8b6: 01 46        	li	a2, 0x0
   1e8b8: 81 44        	li	s1, 0x0
   1e8ba: f1 bf        	j	0x1e896 <__subtf3+0x800>
   1e8bc: e3 15 0e dd  	bne	t3, a6, 0x1e686 <__subtf3+0x5f0>
   1e8c0: 75 b3        	j	0x1e66c <__subtf3+0x5d6>

000000000001e8c2 <__fixtfsi>:
   1e8c2: 2a 86        	mv	a2, a0
   1e8c4: f3 27 20 00  	frrm	a5
   1e8c8: 11 67        	lui	a4, 0x4
   1e8ca: 93 96 15 00  	slli	a3, a1, 0x1
   1e8ce: 93 97 05 01  	slli	a5, a1, 0x10
   1e8d2: c5 92        	srli	a3, a3, 0x31
   1e8d4: 79 17        	addi	a4, a4, -0x2
   1e8d6: c1 83        	srli	a5, a5, 0x10
   1e8d8: fd 91        	srli	a1, a1, 0x3f
   1e8da: 63 48 d7 00  	blt	a4, a3, 0x1e8ea <__fixtfsi+0x28>
   1e8de: a5 e2        	bnez	a3, 0x1e93e <__fixtfsi+0x7c>
   1e8e0: 33 66 f5 00  	or	a2, a0, a5
   1e8e4: 01 45        	li	a0, 0x0
   1e8e6: 31 ea        	bnez	a2, 0x1e93a <__fixtfsi+0x78>
   1e8e8: 82 80        	ret
   1e8ea: 11 67        	lui	a4, 0x4
   1e8ec: 75 07        	addi	a4, a4, 0x1d
   1e8ee: 63 50 d7 02  	bge	a4, a3, 0x1e90e <__fixtfsi+0x4c>
   1e8f2: 37 05 00 80  	lui	a0, 0x80000
   1e8f6: b1 c5        	beqz	a1, 0x1e942 <__fixtfsi+0x80>
   1e8f8: 11 67        	lui	a4, 0x4
   1e8fa: 79 07        	addi	a4, a4, 0x1e
   1e8fc: 63 95 e6 04  	bne	a3, a4, 0x1e946 <__fixtfsi+0x84>
   1e900: 13 d7 17 01  	srli	a4, a5, 0x11
   1e904: 29 e3        	bnez	a4, 0x1e946 <__fixtfsi+0x84>
   1e906: be 17        	slli	a5, a5, 0x2f
   1e908: d1 8f        	or	a5, a5, a2
   1e90a: 85 eb        	bnez	a5, 0x1e93a <__fixtfsi+0x78>
   1e90c: 82 80        	ret
   1e90e: 05 47        	li	a4, 0x1
   1e910: 42 17        	slli	a4, a4, 0x30
   1e912: d9 8f        	or	a5, a5, a4
   1e914: 11 66        	lui	a2, 0x4
   1e916: 71 77        	lui	a4, 0xffffc
   1e918: 45 27        	addiw	a4, a4, 0x11
   1e91a: 1b 06 f6 02  	addiw	a2, a2, 0x2f
   1e91e: 35 9f        	addw	a4, a4, a3
   1e920: bb 06 d6 40  	subw	a3, a2, a3
   1e924: 33 97 e7 00  	sll	a4, a5, a4
   1e928: b3 d7 d7 00  	srl	a5, a5, a3
   1e92c: 49 8f        	or	a4, a4, a0
   1e92e: 1b 85 07 00  	sext.w	a0, a5
   1e932: 99 c1        	beqz	a1, 0x1e938 <__fixtfsi+0x76>
   1e934: 3b 05 a0 40  	negw	a0, a0
   1e938: 11 cb        	beqz	a4, 0x1e94c <__fixtfsi+0x8a>
   1e93a: 85 47        	li	a5, 0x1
   1e93c: 31 a0        	j	0x1e948 <__fixtfsi+0x86>
   1e93e: 01 45        	li	a0, 0x0
   1e940: ed bf        	j	0x1e93a <__fixtfsi+0x78>
   1e942: 13 45 f5 ff  	not	a0, a0
   1e946: c1 47        	li	a5, 0x10
   1e948: 73 a0 17 00  	csrs	fflags, a5
   1e94c: 82 80        	ret

000000000001e94e <__floatsitf>:
   1e94e: 01 11        	addi	sp, sp, -0x20
   1e950: 06 ec        	sd	ra, 0x18(sp)
   1e952: 22 e8        	sd	s0, 0x10(sp)
   1e954: 26 e4        	sd	s1, 0x8(sp)
   1e956: 29 c1        	beqz	a0, 0x1e998 <__floatsitf+0x4a>
   1e958: 9b 57 f5 41  	sraiw	a5, a0, 0x1f
   1e95c: 33 44 f5 00  	xor	s0, a0, a5
   1e960: 1d 9c        	subw	s0, s0, a5
   1e962: 02 14        	slli	s0, s0, 0x20
   1e964: 01 90        	srli	s0, s0, 0x20
   1e966: 9b 54 f5 01  	srliw	s1, a0, 0x1f
   1e96a: 22 85        	mv	a0, s0
   1e96c: ef 00 40 33  	jal	0x1eca0 <__clzdi2>
   1e970: 91 67        	lui	a5, 0x4
   1e972: 9b 87 e7 03  	addiw	a5, a5, 0x3e
   1e976: 89 9f        	subw	a5, a5, a0
   1e978: 45 35        	addiw	a0, a0, -0xf
   1e97a: 33 14 a4 00  	sll	s0, s0, a0
   1e97e: 9b 95 f4 00  	slliw	a1, s1, 0xf
   1e982: 42 04        	slli	s0, s0, 0x10
   1e984: dd 8d        	or	a1, a1, a5
   1e986: 41 80        	srli	s0, s0, 0x10
   1e988: c2 15        	slli	a1, a1, 0x30
   1e98a: e2 60        	ld	ra, 0x18(sp)
   1e98c: c1 8d        	or	a1, a1, s0
   1e98e: 42 64        	ld	s0, 0x10(sp)
   1e990: a2 64        	ld	s1, 0x8(sp)
   1e992: 01 45        	li	a0, 0x0
   1e994: 05 61        	addi	sp, sp, 0x20
   1e996: 82 80        	ret
   1e998: 81 44        	li	s1, 0x0
   1e99a: 01 44        	li	s0, 0x0
   1e99c: 81 47        	li	a5, 0x0
   1e99e: c5 b7        	j	0x1e97e <__floatsitf+0x30>

000000000001e9a0 <__extenddftf2>:
   1e9a0: 01 11        	addi	sp, sp, -0x20
   1e9a2: d3 07 05 e2  	fmv.x.d	a5, fa0
   1e9a6: 06 ec        	sd	ra, 0x18(sp)
   1e9a8: 22 e8        	sd	s0, 0x10(sp)
   1e9aa: 26 e4        	sd	s1, 0x8(sp)
   1e9ac: 73 27 20 00  	frrm	a4
   1e9b0: 13 d5 47 03  	srli	a0, a5, 0x34
   1e9b4: 13 75 f5 7f  	andi	a0, a0, 0x7ff
   1e9b8: 13 94 c7 00  	slli	s0, a5, 0xc
   1e9bc: 93 d4 f7 03  	srli	s1, a5, 0x3f
   1e9c0: 93 07 15 00  	addi	a5, a0, 0x1
   1e9c4: 93 f7 e7 7f  	andi	a5, a5, 0x7fe
   1e9c8: 31 80        	srli	s0, s0, 0xc
   1e9ca: 91 cb        	beqz	a5, 0x1e9de <__extenddftf2+0x3e>
   1e9cc: 91 67        	lui	a5, 0x4
   1e9ce: 93 87 07 c0  	addi	a5, a5, -0x400
   1e9d2: 3e 95        	add	a0, a0, a5
   1e9d4: 93 57 44 00  	srli	a5, s0, 0x4
   1e9d8: 72 14        	slli	s0, s0, 0x3c
   1e9da: 01 47        	li	a4, 0x0
   1e9dc: b9 a8        	j	0x1ea3a <__extenddftf2+0x9a>
   1e9de: 1d ed        	bnez	a0, 0x1ea1c <__extenddftf2+0x7c>
   1e9e0: 81 47        	li	a5, 0x0
   1e9e2: 65 dc        	beqz	s0, 0x1e9da <__extenddftf2+0x3a>
   1e9e4: 22 85        	mv	a0, s0
   1e9e6: ef 00 a0 2b  	jal	0x1eca0 <__clzdi2>
   1e9ea: 1b 07 05 00  	sext.w	a4, a0
   1e9ee: b9 47        	li	a5, 0xe
   1e9f0: 63 c0 e7 02  	blt	a5, a4, 0x1ea10 <__extenddftf2+0x70>
   1e9f4: bd 47        	li	a5, 0xf
   1e9f6: 89 9f        	subw	a5, a5, a0
   1e9f8: 1b 07 15 03  	addiw	a4, a0, 0x31
   1e9fc: b3 57 f4 00  	srl	a5, s0, a5
   1ea00: 33 14 e4 00  	sll	s0, s0, a4
   1ea04: 11 67        	lui	a4, 0x4
   1ea06: 1b 07 c7 c0  	addiw	a4, a4, -0x3f4
   1ea0a: 3b 05 a7 40  	subw	a0, a4, a0
   1ea0e: f1 b7        	j	0x1e9da <__extenddftf2+0x3a>
   1ea10: 9b 07 15 ff  	addiw	a5, a0, -0xf
   1ea14: b3 17 f4 00  	sll	a5, s0, a5
   1ea18: 01 44        	li	s0, 0x0
   1ea1a: ed b7        	j	0x1ea04 <__extenddftf2+0x64>
   1ea1c: 21 c0        	beqz	s0, 0x1ea5c <__extenddftf2+0xbc>
   1ea1e: 05 47        	li	a4, 0x1
   1ea20: 4e 17        	slli	a4, a4, 0x33
   1ea22: 85 46        	li	a3, 0x1
   1ea24: 33 37 e4 00  	sltu	a4, s0, a4
   1ea28: 93 57 44 00  	srli	a5, s0, 0x4
   1ea2c: be 16        	slli	a3, a3, 0x2f
   1ea2e: 21 65        	lui	a0, 0x8
   1ea30: 1b 17 47 00  	slliw	a4, a4, 0x4
   1ea34: 72 14        	slli	s0, s0, 0x3c
   1ea36: d5 8f        	or	a5, a5, a3
   1ea38: 7d 15        	addi	a0, a0, -0x1
   1ea3a: 93 95 07 01  	slli	a1, a5, 0x10
   1ea3e: 9b 97 f4 00  	slliw	a5, s1, 0xf
   1ea42: c9 8f        	or	a5, a5, a0
   1ea44: c2 17        	slli	a5, a5, 0x30
   1ea46: c1 81        	srli	a1, a1, 0x10
   1ea48: dd 8d        	or	a1, a1, a5
   1ea4a: 19 c3        	beqz	a4, 0x1ea50 <__extenddftf2+0xb0>
   1ea4c: 73 60 18 00  	csrsi	fflags, 0x10
   1ea50: e2 60        	ld	ra, 0x18(sp)
   1ea52: 22 85        	mv	a0, s0
   1ea54: 42 64        	ld	s0, 0x10(sp)
   1ea56: a2 64        	ld	s1, 0x8(sp)
   1ea58: 05 61        	addi	sp, sp, 0x20
   1ea5a: 82 80        	ret
   1ea5c: 21 65        	lui	a0, 0x8
   1ea5e: 81 47        	li	a5, 0x0
   1ea60: 7d 15        	addi	a0, a0, -0x1
   1ea62: a5 bf        	j	0x1e9da <__extenddftf2+0x3a>

000000000001ea64 <__trunctfdf2>:
   1ea64: 73 28 20 00  	frrm	a6
   1ea68: fd 57        	li	a5, -0x1
   1ea6a: 93 d6 07 01  	srli	a3, a5, 0x10
   1ea6e: 21 63        	lui	t1, 0x8
   1ea70: 13 d7 05 03  	srli	a4, a1, 0x30
   1ea74: 7d 13        	addi	t1, t1, -0x1
   1ea76: 13 d6 f5 03  	srli	a2, a1, 0x3f
   1ea7a: f5 8d        	and	a1, a1, a3
   1ea7c: 8e 05        	slli	a1, a1, 0x3
   1ea7e: 33 77 67 00  	and	a4, a4, t1
   1ea82: 93 56 d5 03  	srli	a3, a0, 0x3d
   1ea86: cd 8e        	or	a3, a3, a1
   1ea88: 93 05 17 00  	addi	a1, a4, 0x1
   1ea8c: 13 9e 15 03  	slli	t3, a1, 0x31
   1ea90: 13 5e 2e 03  	srli	t3, t3, 0x32
   1ea94: 01 28        	sext.w	a6, a6
   1ea96: 93 18 35 00  	slli	a7, a0, 0x3
   1ea9a: 63 08 0e 12  	beqz	t3, 0x1ebca <__trunctfdf2+0x166>
   1ea9e: f1 75        	lui	a1, 0xffffc
   1eaa0: 93 85 05 40  	addi	a1, a1, 0x400
   1eaa4: 2e 97        	add	a4, a4, a1
   1eaa6: 93 05 e0 7f  	li	a1, 0x7fe
   1eaaa: 63 da e5 06  	bge	a1, a4, 0x1eb1e <__trunctfdf2+0xba>
   1eaae: 63 04 08 1e  	beqz	a6, 0x1ec96 <__trunctfdf2+0x232>
   1eab2: 0d 47        	li	a4, 0x3
   1eab4: 63 19 e8 04  	bne	a6, a4, 0x1eb06 <__trunctfdf2+0xa2>
   1eab8: 63 0f 06 1c  	beqz	a2, 0x1ec96 <__trunctfdf2+0x232>
   1eabc: 2e 87        	mv	a4, a1
   1eabe: 81 46        	li	a3, 0x0
   1eac0: 95 45        	li	a1, 0x5
   1eac2: 0d 45        	li	a0, 0x3
   1eac4: 63 0b a8 16  	beq	a6, a0, 0x1ec3a <__trunctfdf2+0x1d6>
   1eac8: 63 18 08 00  	bnez	a6, 0x1ead8 <__trunctfdf2+0x74>
   1eacc: 13 f5 f7 00  	andi	a0, a5, 0xf
   1ead0: 91 48        	li	a7, 0x4
   1ead2: 63 03 15 01  	beq	a0, a7, 0x1ead8 <__trunctfdf2+0x74>
   1ead6: c6 97        	add	a5, a5, a7
   1ead8: 91 c6        	beqz	a3, 0x1eae4 <__trunctfdf2+0x80>
   1eada: 93 f6 15 00  	andi	a3, a1, 0x1
   1eade: 9b 96 16 00  	slliw	a3, a3, 0x1
   1eae2: d5 8d        	or	a1, a1, a3
   1eae4: 93 96 87 00  	slli	a3, a5, 0x8
   1eae8: 63 c2 06 16  	bltz	a3, 0x1ec4c <__trunctfdf2+0x1e8>
   1eaec: 8d 83        	srli	a5, a5, 0x3
   1eaee: b2 07        	slli	a5, a5, 0xc
   1eaf0: 52 17        	slli	a4, a4, 0x34
   1eaf2: b1 83        	srli	a5, a5, 0xc
   1eaf4: d9 8f        	or	a5, a5, a4
   1eaf6: 7e 16        	slli	a2, a2, 0x3f
   1eaf8: d1 8f        	or	a5, a5, a2
   1eafa: 99 c1        	beqz	a1, 0x1eb00 <__trunctfdf2+0x9c>
   1eafc: 73 a0 15 00  	csrs	fflags, a1
   1eb00: 53 85 07 f2  	fmv.d.x	fa0, a5
   1eb04: 82 80        	ret
   1eb06: 09 47        	li	a4, 0x2
   1eb08: 63 1f e8 12  	bne	a6, a4, 0x1ec46 <__trunctfdf2+0x1e2>
   1eb0c: 63 15 06 18  	bnez	a2, 0x1ec96 <__trunctfdf2+0x232>
   1eb10: 2e 87        	mv	a4, a1
   1eb12: 81 46        	li	a3, 0x0
   1eb14: 95 45        	li	a1, 0x5
   1eb16: 13 15 36 00  	slli	a0, a2, 0x3
   1eb1a: aa 97        	add	a5, a5, a0
   1eb1c: 75 bf        	j	0x1ead8 <__trunctfdf2+0x74>
   1eb1e: 63 4a e0 08  	bgtz	a4, 0x1ebb2 <__trunctfdf2+0x14e>
   1eb22: 93 05 c0 fc  	li	a1, -0x34
   1eb26: 85 47        	li	a5, 0x1
   1eb28: 63 4c b7 02  	blt	a4, a1, 0x1eb60 <__trunctfdf2+0xfc>
   1eb2c: ce 17        	slli	a5, a5, 0x33
   1eb2e: 93 05 d0 03  	li	a1, 0x3d
   1eb32: dd 8e        	or	a3, a3, a5
   1eb34: 33 85 e5 40  	sub	a0, a1, a4
   1eb38: 93 07 f0 03  	li	a5, 0x3f
   1eb3c: 01 27        	sext.w	a4, a4
   1eb3e: 63 c7 a7 04  	blt	a5, a0, 0x1eb8c <__trunctfdf2+0x128>
   1eb42: 1b 05 37 00  	addiw	a0, a4, 0x3
   1eb46: bb 87 e5 40  	subw	a5, a1, a4
   1eb4a: b3 d7 f8 00  	srl	a5, a7, a5
   1eb4e: b3 98 a8 00  	sll	a7, a7, a0
   1eb52: b3 38 10 01  	snez	a7, a7
   1eb56: b3 e7 17 01  	or	a5, a5, a7
   1eb5a: b3 96 a6 00  	sll	a3, a3, a0
   1eb5e: d5 8f        	or	a5, a5, a3
   1eb60: 93 96 17 00  	slli	a3, a5, 0x1
   1eb64: 13 f7 76 00  	andi	a4, a3, 0x7
   1eb68: 71 c7        	beqz	a4, 0x1ec34 <__trunctfdf2+0x1d0>
   1eb6a: 09 47        	li	a4, 0x2
   1eb6c: 63 0f e8 0a  	beq	a6, a4, 0x1ec2a <__trunctfdf2+0x1c6>
   1eb70: 0d 47        	li	a4, 0x3
   1eb72: 63 0b e8 08  	beq	a6, a4, 0x1ec08 <__trunctfdf2+0x1a4>
   1eb76: 63 1b 08 0a  	bnez	a6, 0x1ec2c <__trunctfdf2+0x1c8>
   1eb7a: 13 f7 f6 00  	andi	a4, a3, 0xf
   1eb7e: 91 45        	li	a1, 0x4
   1eb80: ae 96        	add	a3, a3, a1
   1eb82: 63 15 b7 08  	bne	a4, a1, 0x1ec0c <__trunctfdf2+0x1a8>
   1eb86: 01 47        	li	a4, 0x0
   1eb88: 85 46        	li	a3, 0x1
   1eb8a: 71 a0        	j	0x1ec16 <__trunctfdf2+0x1b2>
   1eb8c: f5 57        	li	a5, -0x3
   1eb8e: 99 9f        	subw	a5, a5, a4
   1eb90: 13 03 00 04  	li	t1, 0x40
   1eb94: b3 d7 f6 00  	srl	a5, a3, a5
   1eb98: 81 45        	li	a1, 0x0
   1eb9a: 63 06 65 00  	beq	a0, t1, 0x1eba6 <__trunctfdf2+0x142>
   1eb9e: 1b 07 37 04  	addiw	a4, a4, 0x43
   1eba2: b3 95 e6 00  	sll	a1, a3, a4
   1eba6: b3 e5 15 01  	or	a1, a1, a7
   1ebaa: b3 35 b0 00  	snez	a1, a1
   1ebae: cd 8f        	or	a5, a5, a1
   1ebb0: 45 bf        	j	0x1eb60 <__trunctfdf2+0xfc>
   1ebb2: 1e 05        	slli	a0, a0, 0x7
   1ebb4: 93 d7 c8 03  	srli	a5, a7, 0x3c
   1ebb8: 33 35 a0 00  	snez	a0, a0
   1ebbc: 92 06        	slli	a3, a3, 0x4
   1ebbe: 5d 8d        	or	a0, a0, a5
   1ebc0: b3 e7 a6 00  	or	a5, a3, a0
   1ebc4: 81 46        	li	a3, 0x0
   1ebc6: 81 45        	li	a1, 0x0
   1ebc8: 81 a8        	j	0x1ec18 <__trunctfdf2+0x1b4>
   1ebca: b3 e7 16 01  	or	a5, a3, a7
   1ebce: 81 45        	li	a1, 0x0
   1ebd0: 01 e7        	bnez	a4, 0x1ebd8 <__trunctfdf2+0x174>
   1ebd2: 91 df        	beqz	a5, 0x1eaee <__trunctfdf2+0x8a>
   1ebd4: 85 47        	li	a5, 0x1
   1ebd6: 69 b7        	j	0x1eb60 <__trunctfdf2+0xfc>
   1ebd8: e9 c3        	beqz	a5, 0x1ec9a <__trunctfdf2+0x236>
   1ebda: 63 18 67 00  	bne	a4, t1, 0x1ebea <__trunctfdf2+0x186>
   1ebde: 93 d5 26 03  	srli	a1, a3, 0x32
   1ebe2: 93 c5 15 00  	xori	a1, a1, 0x1
   1ebe6: 9b 95 45 00  	slliw	a1, a1, 0x4
   1ebea: 93 d7 c8 03  	srli	a5, a7, 0x3c
   1ebee: 92 06        	slli	a3, a3, 0x4
   1ebf0: dd 8e        	or	a3, a3, a5
   1ebf2: 85 47        	li	a5, 0x1
   1ebf4: 8d 82        	srli	a3, a3, 0x3
   1ebf6: ce 17        	slli	a5, a5, 0x33
   1ebf8: d5 8f        	or	a5, a5, a3
   1ebfa: c5 c3        	beqz	a5, 0x1ec9a <__trunctfdf2+0x236>
   1ebfc: 85 47        	li	a5, 0x1
   1ebfe: 01 46        	li	a2, 0x0
   1ec00: 13 07 f0 7f  	li	a4, 0x7ff
   1ec04: ce 17        	slli	a5, a5, 0x33
   1ec06: e5 b5        	j	0x1eaee <__trunctfdf2+0x8a>
   1ec08: 15 e2        	bnez	a2, 0x1ec2c <__trunctfdf2+0x1c8>
   1ec0a: a1 06        	addi	a3, a3, 0x8
   1ec0c: e1 92        	srli	a3, a3, 0x38
   1ec0e: 85 8a        	andi	a3, a3, 0x1
   1ec10: 93 c6 16 00  	xori	a3, a3, 0x1
   1ec14: 01 47        	li	a4, 0x0
   1ec16: 85 45        	li	a1, 0x1
   1ec18: 13 f5 77 00  	andi	a0, a5, 0x7
   1ec1c: e3 0e 05 ea  	beqz	a0, 0x1ead8 <__trunctfdf2+0x74>
   1ec20: 89 45        	li	a1, 0x2
   1ec22: 63 00 b8 02  	beq	a6, a1, 0x1ec42 <__trunctfdf2+0x1de>
   1ec26: 85 45        	li	a1, 0x1
   1ec28: 69 bd        	j	0x1eac2 <__trunctfdf2+0x5e>
   1ec2a: 65 f2        	bnez	a2, 0x1ec0a <__trunctfdf2+0x1a6>
   1ec2c: 85 46        	li	a3, 0x1
   1ec2e: 01 47        	li	a4, 0x0
   1ec30: b6 85        	mv	a1, a3
   1ec32: dd b7        	j	0x1ec18 <__trunctfdf2+0x1b4>
   1ec34: 01 47        	li	a4, 0x0
   1ec36: 85 46        	li	a3, 0x1
   1ec38: 79 b7        	j	0x1ebc6 <__trunctfdf2+0x162>
   1ec3a: e3 1f 06 e8  	bnez	a2, 0x1ead8 <__trunctfdf2+0x74>
   1ec3e: a1 07        	addi	a5, a5, 0x8
   1ec40: 61 bd        	j	0x1ead8 <__trunctfdf2+0x74>
   1ec42: 85 45        	li	a1, 0x1
   1ec44: c9 bd        	j	0x1eb16 <__trunctfdf2+0xb2>
   1ec46: 2e 87        	mv	a4, a1
   1ec48: 95 45        	li	a1, 0x5
   1ec4a: 69 bd        	j	0x1eae4 <__trunctfdf2+0x80>
   1ec4c: 05 07        	addi	a4, a4, 0x1
   1ec4e: 93 06 f0 7f  	li	a3, 0x7ff
   1ec52: 63 09 d7 00  	beq	a4, a3, 0x1ec64 <__trunctfdf2+0x200>
   1ec56: 93 06 f0 1f  	li	a3, 0x1ff
   1ec5a: d2 16        	slli	a3, a3, 0x34
   1ec5c: 8d 83        	srli	a5, a5, 0x3
   1ec5e: fd 16        	addi	a3, a3, -0x1
   1ec60: f5 8f        	and	a5, a5, a3
   1ec62: 71 b5        	j	0x1eaee <__trunctfdf2+0x8a>
   1ec64: 81 47        	li	a5, 0x0
   1ec66: 63 0e 08 00  	beqz	a6, 0x1ec82 <__trunctfdf2+0x21e>
   1ec6a: 8d 46        	li	a3, 0x3
   1ec6c: 63 17 d8 00  	bne	a6, a3, 0x1ec7a <__trunctfdf2+0x216>
   1ec70: 09 ca        	beqz	a2, 0x1ec82 <__trunctfdf2+0x21e>
   1ec72: fd 57        	li	a5, -0x1
   1ec74: 13 07 e0 7f  	li	a4, 0x7fe
   1ec78: 29 a0        	j	0x1ec82 <__trunctfdf2+0x21e>
   1ec7a: 89 46        	li	a3, 0x2
   1ec7c: e3 1b d8 fe  	bne	a6, a3, 0x1ec72 <__trunctfdf2+0x20e>
   1ec80: 6d da        	beqz	a2, 0x1ec72 <__trunctfdf2+0x20e>
   1ec82: 93 06 f0 7f  	li	a3, 0x7ff
   1ec86: 93 e5 55 00  	ori	a1, a1, 0x5
   1ec8a: 8d 83        	srli	a5, a5, 0x3
   1ec8c: e3 07 d7 f6  	beq	a4, a3, 0x1ebfa <__trunctfdf2+0x196>
   1ec90: 13 07 e0 7f  	li	a4, 0x7fe
   1ec94: a9 bd        	j	0x1eaee <__trunctfdf2+0x8a>
   1ec96: 81 47        	li	a5, 0x0
   1ec98: 95 45        	li	a1, 0x5
   1ec9a: 13 07 f0 7f  	li	a4, 0x7ff
   1ec9e: 81 bd        	j	0x1eaee <__trunctfdf2+0x8a>

000000000001eca0 <__clzdi2>:
   1eca0: 93 07 80 03  	li	a5, 0x38
   1eca4: 33 57 f5 00  	srl	a4, a0, a5
   1eca8: 93 76 f7 0f  	andi	a3, a4, 0xff
   1ecac: 8d e2        	bnez	a3, 0x1ecce <__clzdi2+0x2e>
   1ecae: e1 17        	addi	a5, a5, -0x8
   1ecb0: f5 fb        	bnez	a5, 0x1eca4 <__clzdi2+0x4>
   1ecb2: 13 07 00 04  	li	a4, 0x40
   1ecb6: b3 07 f7 40  	sub	a5, a4, a5
   1ecba: 17 17 00 00  	auipc	a4, 0x1
   1ecbe: 13 07 e7 f9  	addi	a4, a4, -0x62
   1ecc2: 2a 97        	add	a4, a4, a0
   1ecc4: 03 45 07 00  	lbu	a0, 0x0(a4)
   1ecc8: 3b 85 a7 40  	subw	a0, a5, a0
   1eccc: 82 80        	ret
   1ecce: 3a 85        	mv	a0, a4
   1ecd0: cd b7        	j	0x1ecb2 <__clzdi2+0x12>
