
bin/vector_scalar_dep:	file format elf64-littleriscv

Disassembly of section .text:

0000000000010120 <exit>:
   10120: 41 11        	addi	sp, sp, -0x10
   10122: 81 45        	li	a1, 0x0
   10124: 22 e0        	sd	s0, 0x0(sp)
   10126: 06 e4        	sd	ra, 0x8(sp)
   10128: 2a 84        	mv	s0, a0
   1012a: ef 20 90 7d  	jal	0x13102 <__call_exitprocs>
   1012e: 03 b5 81 67  	ld	a0, 0x678(gp)
   10132: 3c 6d        	ld	a5, 0x58(a0)
   10134: 91 c3        	beqz	a5, 0x10138 <exit+0x18>
   10136: 82 97        	jalr	a5
   10138: 22 85        	mv	a0, s0
   1013a: ef d0 60 13  	jal	0x1d270 <_exit>

000000000001013e <register_fini>:
   1013e: 93 07 00 00  	li	a5, 0x0
   10142: 99 c7        	beqz	a5, 0x10150 <register_fini+0x12>
   10144: 17 35 00 00  	auipc	a0, 0x3
   10148: 13 05 65 6a  	addi	a0, a0, 0x6a6
   1014c: 6f 30 e0 09  	j	0x131ea <atexit>
   10150: 82 80        	ret

0000000000010152 <_start>:
   10152: 97 11 01 00  	auipc	gp, 0x11
   10156: 93 81 61 4f  	addi	gp, gp, 0x4f6
   1015a: 13 85 81 72  	addi	a0, gp, 0x728
   1015e: 17 26 01 00  	auipc	a2, 0x12
   10162: 13 06 a6 ce  	addi	a2, a2, -0x316
   10166: 09 8e        	sub	a2, a2, a0
   10168: 81 45        	li	a1, 0x0
   1016a: ef 00 70 15  	jal	0x10ac0 <memset>
   1016e: 17 35 00 00  	auipc	a0, 0x3
   10172: 13 05 c5 07  	addi	a0, a0, 0x7c
   10176: 19 c5        	beqz	a0, 0x10184 <_start+0x32>
   10178: 17 35 00 00  	auipc	a0, 0x3
   1017c: 13 05 25 67  	addi	a0, a0, 0x672
   10180: ef 30 a0 06  	jal	0x131ea <atexit>
   10184: ef 00 30 0d  	jal	0x10a56 <__libc_init_array>
   10188: 02 45        	lw	a0, 0x0(sp)
   1018a: 2c 00        	addi	a1, sp, 0x8
   1018c: 01 46        	li	a2, 0x0
   1018e: ef 00 b0 07  	jal	0x10a08 <main>
   10192: 79 b7        	j	0x10120 <exit>

0000000000010194 <__do_global_dtors_aux>:
   10194: 83 c7 01 7a  	lbu	a5, 0x7a0(gp)
   10198: 85 eb        	bnez	a5, 0x101c8 <__do_global_dtors_aux+0x34>
   1019a: 93 07 00 00  	li	a5, 0x0
   1019e: 8d c3        	beqz	a5, 0x101c0 <__do_global_dtors_aux+0x2c>
   101a0: 41 11        	addi	sp, sp, -0x10
   101a2: 17 05 01 00  	auipc	a0, 0x10
   101a6: 13 05 65 88  	addi	a0, a0, -0x77a
   101aa: 06 e4        	sd	ra, 0x8(sp)
   101ac: 97 00 00 00  	auipc	ra, 0x0
   101b0: e7 00 00 00  	jalr	zero
   101b4: a2 60        	ld	ra, 0x8(sp)
   101b6: 85 47        	li	a5, 0x1
   101b8: 23 80 f1 7a  	sb	a5, 0x7a0(gp)
   101bc: 41 01        	addi	sp, sp, 0x10
   101be: 82 80        	ret
   101c0: 85 47        	li	a5, 0x1
   101c2: 23 80 f1 7a  	sb	a5, 0x7a0(gp)
   101c6: 82 80        	ret
   101c8: 82 80        	ret

00000000000101ca <frame_dummy>:
   101ca: 93 07 00 00  	li	a5, 0x0
   101ce: 99 cb        	beqz	a5, 0x101e4 <frame_dummy+0x1a>
   101d0: 93 85 81 7a  	addi	a1, gp, 0x7a8
   101d4: 17 05 01 00  	auipc	a0, 0x10
   101d8: 13 05 45 85  	addi	a0, a0, -0x7ac
   101dc: 17 03 00 00  	auipc	t1, 0x0
   101e0: 67 00 00 00  	jr	zero
   101e4: 82 80        	ret

00000000000101e6 <test_vector_depends_on_scalar>:
   101e6: 65 71        	addi	sp, sp, -0x190
   101e8: 06 e7        	sd	ra, 0x188(sp)
   101ea: 22 e3        	sd	s0, 0x180(sp)
   101ec: a6 fe        	sd	s1, 0x178(sp)
   101ee: ca fa        	sd	s2, 0x170(sp)
   101f0: ce f6        	sd	s3, 0x168(sp)
   101f2: d2 f2        	sd	s4, 0x160(sp)
   101f4: d6 ee        	sd	s5, 0x158(sp)
   101f6: da ea        	sd	s6, 0x150(sp)
   101f8: de e6        	sd	s7, 0x148(sp)
   101fa: e2 e2        	sd	s8, 0x140(sp)
   101fc: 66 fe        	sd	s9, 0x138(sp)
   101fe: 6a fa        	sd	s10, 0x130(sp)
   10200: 6e f6        	sd	s11, 0x128(sp)
   10202: 22 b2        	fsd	fs0, 0x120(sp)
   10204: 26 ae        	fsd	fs1, 0x118(sp)
   10206: 4a aa        	fsd	fs2, 0x110(sp)
   10208: 4e a6        	fsd	fs3, 0x108(sp)
   1020a: 37 f5 01 00  	lui	a0, 0x1f
   1020e: 13 05 e5 a1  	addi	a0, a0, -0x5e2
   10212: ef 00 b0 26  	jal	0x10c7c <puts>
   10216: 13 05 f0 3f  	li	a0, 0x3ff
   1021a: 52 15        	slli	a0, a0, 0x34
   1021c: 2a e1        	sd	a0, 0x80(sp)
   1021e: 05 45        	li	a0, 0x1
   10220: 7a 15        	slli	a0, a0, 0x3e
   10222: 2a e5        	sd	a0, 0x88(sp)
   10224: 37 15 80 00  	lui	a0, 0x801
   10228: 1e 15        	slli	a0, a0, 0x27
   1022a: 2a e9        	sd	a0, 0x90(sp)
   1022c: 13 05 10 40  	li	a0, 0x401
   10230: 52 15        	slli	a0, a0, 0x34
   10232: 2a ed        	sd	a0, 0x98(sp)
   10234: 37 55 00 01  	lui	a0, 0x1005
   10238: 1a 15        	slli	a0, a0, 0x26
   1023a: 2a f1        	sd	a0, 0xa0(sp)
   1023c: 37 35 80 00  	lui	a0, 0x803
   10240: 1e 15        	slli	a0, a0, 0x27
   10242: 2a f5        	sd	a0, 0xa8(sp)
   10244: 37 75 00 01  	lui	a0, 0x1007
   10248: 1a 15        	slli	a0, a0, 0x26
   1024a: 2a f9        	sd	a0, 0xb0(sp)
   1024c: 13 05 10 20  	li	a0, 0x201
   10250: 56 15        	slli	a0, a0, 0x35
   10252: 2a fd        	sd	a0, 0xb8(sp)
   10254: 37 15 01 02  	lui	a0, 0x2011
   10258: 16 15        	slli	a0, a0, 0x25
   1025a: aa e1        	sd	a0, 0xc0(sp)
   1025c: 37 95 00 01  	lui	a0, 0x1009
   10260: 1a 15        	slli	a0, a0, 0x26
   10262: aa e5        	sd	a0, 0xc8(sp)
   10264: 37 35 01 02  	lui	a0, 0x2013
   10268: 16 15        	slli	a0, a0, 0x25
   1026a: aa e9        	sd	a0, 0xd0(sp)
   1026c: 37 55 80 00  	lui	a0, 0x805
   10270: 1e 15        	slli	a0, a0, 0x27
   10272: aa ed        	sd	a0, 0xd8(sp)
   10274: 37 55 01 02  	lui	a0, 0x2015
   10278: 16 15        	slli	a0, a0, 0x25
   1027a: aa f1        	sd	a0, 0xe0(sp)
   1027c: 37 b5 00 01  	lui	a0, 0x100b
   10280: 1a 15        	slli	a0, a0, 0x26
   10282: aa f5        	sd	a0, 0xe8(sp)
   10284: 37 75 01 02  	lui	a0, 0x2017
   10288: 16 15        	slli	a0, a0, 0x25
   1028a: aa f9        	sd	a0, 0xf0(sp)
   1028c: 13 05 30 40  	li	a0, 0x403
   10290: 52 15        	slli	a0, a0, 0x34
   10292: aa fd        	sd	a0, 0xf8(sp)
   10294: 37 f5 01 00  	lui	a0, 0x1f
   10298: 03 b6 81 68  	ld	a2, 0x688(gp)
   1029c: 83 b6 01 69  	ld	a3, 0x690(gp)
   102a0: 13 05 05 8a  	addi	a0, a0, -0x760
   102a4: b7 15 00 01  	lui	a1, 0x1001
   102a8: 9a 15        	slli	a1, a1, 0x26
   102aa: ef 00 90 0e  	jal	0x10b92 <printf>
   102ae: 57 70 88 cd  	vsetivli	zero, 0x10, e64, m1, ta, ma
   102b2: 93 09 01 08  	addi	s3, sp, 0x80
   102b6: 07 f4 09 02  	vle64.v	v8, (s3)
   102ba: 07 b4 01 69  	fld	fs0, 0x690(gp)
   102be: 57 54 84 92  	vfmul.vf	v8, v8, fs0
   102c2: 0a 8a        	mv	s4, sp
   102c4: 27 74 0a 02  	vse64.v	v8, (s4)
   102c8: 37 f5 01 00  	lui	a0, 0x1f
   102cc: 13 05 f5 a5  	addi	a0, a0, -0x5a1
   102d0: ef 00 d0 1a  	jal	0x10c7c <puts>
   102d4: 01 4d        	li	s10, 0x0
   102d6: 01 4b        	li	s6, 0x0
   102d8: 37 f5 01 00  	lui	a0, 0x1f
   102dc: 93 0a 55 91  	addi	s5, a0, -0x6eb
   102e0: 87 b4 81 69  	fld	fs1, 0x698(gp)
   102e4: 37 f5 01 00  	lui	a0, 0x1f
   102e8: 13 09 f5 c2  	addi	s2, a0, -0x3d1
   102ec: c1 4b        	li	s7, 0x10
   102ee: 07 b9 01 6a  	fld	fs2, 0x6a0(gp)
   102f2: 37 f5 01 00  	lui	a0, 0x1f
   102f6: 93 0c 95 c2  	addi	s9, a0, -0x3d7
   102fa: 45 4c        	li	s8, 0x11
   102fc: 13 14 3d 00  	slli	s0, s10, 0x3
   10300: ea 8d        	mv	s11, s10
   10302: 05 0d        	addi	s10, s10, 0x1
   10304: b3 04 8a 00  	add	s1, s4, s0
   10308: 4e 94        	add	s0, s0, s3
   1030a: 1c 20        	fld	fa5, 0x0(s0)
   1030c: 98 20        	fld	fa4, 0x0(s1)
   1030e: d3 f6 87 12  	fmul.d	fa3, fa5, fs0
   10312: d3 79 d7 0a  	fsub.d	fs3, fa4, fa3
   10316: d3 87 06 e2  	fmv.x.d	a5, fa3
   1031a: 9b 85 0d 00  	sext.w	a1, s11
   1031e: 53 86 07 e2  	fmv.x.d	a2, fa5
   10322: 53 07 07 e2  	fmv.x.d	a4, fa4
   10326: 56 85        	mv	a0, s5
   10328: ae 86        	mv	a3, a1
   1032a: ef 00 90 06  	jal	0x10b92 <printf>
   1032e: 53 95 99 a2  	flt.d	a0, fs3, fs1
   10332: 11 ed        	bnez	a0, 0x1034e <test_vector_depends_on_scalar+0x168>
   10334: 53 15 39 a3  	flt.d	a0, fs2, fs3
   10338: 19 e9        	bnez	a0, 0x1034e <test_vector_depends_on_scalar+0x168>
   1033a: 66 85        	mv	a0, s9
   1033c: ef 00 10 14  	jal	0x10c7c <puts>
   10340: 05 0d        	addi	s10, s10, 0x1
   10342: 85 0d        	addi	s11, s11, 0x1
   10344: a1 04        	addi	s1, s1, 0x8
   10346: 21 04        	addi	s0, s0, 0x8
   10348: e3 11 8d fd  	bne	s10, s8, 0x1030a <test_vector_depends_on_scalar+0x124>
   1034c: 01 a8        	j	0x1035c <test_vector_depends_on_scalar+0x176>
   1034e: 4a 85        	mv	a0, s2
   10350: ef 00 d0 12  	jal	0x10c7c <puts>
   10354: 05 4b        	li	s6, 0x1
   10356: e3 13 7d fb  	bne	s10, s7, 0x102fc <test_vector_depends_on_scalar+0x116>
   1035a: 21 a0        	j	0x10362 <test_vector_depends_on_scalar+0x17c>
   1035c: 13 75 1b 00  	andi	a0, s6, 0x1
   10360: 11 c5        	beqz	a0, 0x1036c <test_vector_depends_on_scalar+0x186>
   10362: 37 f5 01 00  	lui	a0, 0x1f
   10366: 13 05 25 a8  	addi	a0, a0, -0x57e
   1036a: 29 a0        	j	0x10374 <test_vector_depends_on_scalar+0x18e>
   1036c: 37 f5 01 00  	lui	a0, 0x1f
   10370: 13 05 55 a9  	addi	a0, a0, -0x56b
   10374: ba 60        	ld	ra, 0x188(sp)
   10376: 1a 64        	ld	s0, 0x180(sp)
   10378: f6 74        	ld	s1, 0x178(sp)
   1037a: 56 79        	ld	s2, 0x170(sp)
   1037c: b6 79        	ld	s3, 0x168(sp)
   1037e: 16 7a        	ld	s4, 0x160(sp)
   10380: f6 6a        	ld	s5, 0x158(sp)
   10382: 56 6b        	ld	s6, 0x150(sp)
   10384: b6 6b        	ld	s7, 0x148(sp)
   10386: 16 6c        	ld	s8, 0x140(sp)
   10388: f2 7c        	ld	s9, 0x138(sp)
   1038a: 52 7d        	ld	s10, 0x130(sp)
   1038c: b2 7d        	ld	s11, 0x128(sp)
   1038e: 12 34        	fld	fs0, 0x120(sp)
   10390: f2 24        	fld	fs1, 0x118(sp)
   10392: 52 29        	fld	fs2, 0x110(sp)
   10394: b2 29        	fld	fs3, 0x108(sp)
   10396: 59 61        	addi	sp, sp, 0x190
   10398: 6f 00 50 0e  	j	0x10c7c <puts>

000000000001039c <test_vector_memory_depends_on_scalar_address>:
   1039c: 13 01 01 df  	addi	sp, sp, -0x210
   103a0: 23 34 11 20  	sd	ra, 0x208(sp)
   103a4: 23 30 81 20  	sd	s0, 0x200(sp)
   103a8: a6 ff        	sd	s1, 0x1f8(sp)
   103aa: ca fb        	sd	s2, 0x1f0(sp)
   103ac: ce f7        	sd	s3, 0x1e8(sp)
   103ae: d2 f3        	sd	s4, 0x1e0(sp)
   103b0: d6 ef        	sd	s5, 0x1d8(sp)
   103b2: da eb        	sd	s6, 0x1d0(sp)
   103b4: de e7        	sd	s7, 0x1c8(sp)
   103b6: e2 e3        	sd	s8, 0x1c0(sp)
   103b8: 66 ff        	sd	s9, 0x1b8(sp)
   103ba: 6a fb        	sd	s10, 0x1b0(sp)
   103bc: 6e f7        	sd	s11, 0x1a8(sp)
   103be: 22 b3        	fsd	fs0, 0x1a0(sp)
   103c0: 26 af        	fsd	fs1, 0x198(sp)
   103c2: 4a ab        	fsd	fs2, 0x190(sp)
   103c4: 4e a7        	fsd	fs3, 0x188(sp)
   103c6: 37 f5 01 00  	lui	a0, 0x1f
   103ca: 13 05 85 aa  	addi	a0, a0, -0x558
   103ce: ef 00 f0 0a  	jal	0x10c7c <puts>
   103d2: 87 b7 81 6a  	fld	fa5, 0x6a8(gp)
   103d6: 08 01        	addi	a0, sp, 0x80
   103d8: 85 45        	li	a1, 0x1
   103da: 10 03        	addi	a2, sp, 0x180
   103dc: 53 87 05 d2  	fcvt.d.w	fa4, a1
   103e0: 53 77 f7 12  	fmul.d	fa4, fa4, fa5
   103e4: 18 a1        	fsd	fa4, 0x0(a0)
   103e6: 21 05        	addi	a0, a0, 0x8
   103e8: 85 05        	addi	a1, a1, 0x1
   103ea: e3 19 c5 fe  	bne	a0, a2, 0x103dc <test_vector_memory_depends_on_scalar_address+0x40>
   103ee: 37 f5 01 00  	lui	a0, 0x1f
   103f2: 13 05 85 8d  	addi	a0, a0, -0x728
   103f6: 91 45        	li	a1, 0x4
   103f8: 09 46        	li	a2, 0x2
   103fa: 99 46        	li	a3, 0x6
   103fc: ef 00 60 79  	jal	0x10b92 <printf>
   10400: 57 70 88 cd  	vsetivli	zero, 0x10, e64, m1, ta, ma
   10404: 13 0a 01 0b  	addi	s4, sp, 0xb0
   10408: 07 74 0a 02  	vle64.v	v8, (s4)
   1040c: 07 b4 01 6b  	fld	fs0, 0x6b0(gp)
   10410: 57 54 84 02  	vfadd.vf	v8, v8, fs0
   10414: 0a 8c        	mv	s8, sp
   10416: 27 74 0c 02  	vse64.v	v8, (s8)
   1041a: 37 f5 01 00  	lui	a0, 0x1f
   1041e: 13 05 35 af  	addi	a0, a0, -0x50d
   10422: ef 00 b0 05  	jal	0x10c7c <puts>
   10426: 01 4d        	li	s10, 0x0
   10428: 81 4b        	li	s7, 0x0
   1042a: 81 4d        	li	s11, 0x0
   1042c: 37 f5 01 00  	lui	a0, 0x1f
   10430: 93 09 25 91  	addi	s3, a0, -0x6ee
   10434: 87 b4 81 6b  	fld	fs1, 0x6b8(gp)
   10438: 37 f5 01 00  	lui	a0, 0x1f
   1043c: 13 09 f5 c2  	addi	s2, a0, -0x3d1
   10440: 07 b9 01 6c  	fld	fs2, 0x6c0(gp)
   10444: 37 f5 01 00  	lui	a0, 0x1f
   10448: 13 0b 95 c2  	addi	s6, a0, -0x3d7
   1044c: c5 4c        	li	s9, 0x11
   1044e: 93 1a 3d 00  	slli	s5, s10, 0x3
   10452: ea 84        	mv	s1, s10
   10454: 05 0d        	addi	s10, s10, 0x1
   10456: 33 04 5a 01  	add	s0, s4, s5
   1045a: e2 9a        	add	s5, s5, s8
   1045c: 99 2d        	addiw	s11, s11, 0x6
   1045e: 1c 20        	fld	fa5, 0x0(s0)
   10460: 07 b7 0a 00  	fld	fa4, 0x0(s5)
   10464: d3 f6 87 02  	fadd.d	fa3, fa5, fs0
   10468: d3 79 d7 0a  	fsub.d	fs3, fa4, fa3
   1046c: d3 87 06 e2  	fmv.x.d	a5, fa3
   10470: 9b 86 04 00  	sext.w	a3, s1
   10474: 53 86 07 e2  	fmv.x.d	a2, fa5
   10478: 53 07 07 e2  	fmv.x.d	a4, fa4
   1047c: 4e 85        	mv	a0, s3
   1047e: ee 85        	mv	a1, s11
   10480: ef 00 20 71  	jal	0x10b92 <printf>
   10484: 53 95 99 a2  	flt.d	a0, fs3, fs1
   10488: 19 ed        	bnez	a0, 0x104a6 <test_vector_memory_depends_on_scalar_address+0x10a>
   1048a: 53 15 39 a3  	flt.d	a0, fs2, fs3
   1048e: 01 ed        	bnez	a0, 0x104a6 <test_vector_memory_depends_on_scalar_address+0x10a>
   10490: 5a 85        	mv	a0, s6
   10492: ef 00 a0 7e  	jal	0x10c7c <puts>
   10496: 05 0d        	addi	s10, s10, 0x1
   10498: 85 04        	addi	s1, s1, 0x1
   1049a: 21 04        	addi	s0, s0, 0x8
   1049c: a1 0a        	addi	s5, s5, 0x8
   1049e: 85 2d        	addiw	s11, s11, 0x1
   104a0: e3 1f 9d fb  	bne	s10, s9, 0x1045e <test_vector_memory_depends_on_scalar_address+0xc2>
   104a4: 11 a8        	j	0x104b8 <test_vector_memory_depends_on_scalar_address+0x11c>
   104a6: 4a 85        	mv	a0, s2
   104a8: ef 00 40 7d  	jal	0x10c7c <puts>
   104ac: ed 1d        	addi	s11, s11, -0x5
   104ae: 85 4b        	li	s7, 0x1
   104b0: 41 45        	li	a0, 0x10
   104b2: e3 1e ad f8  	bne	s10, a0, 0x1044e <test_vector_memory_depends_on_scalar_address+0xb2>
   104b6: 21 a0        	j	0x104be <test_vector_memory_depends_on_scalar_address+0x122>
   104b8: 13 f5 1b 00  	andi	a0, s7, 0x1
   104bc: 11 c5        	beqz	a0, 0x104c8 <test_vector_memory_depends_on_scalar_address+0x12c>
   104be: 37 f5 01 00  	lui	a0, 0x1f
   104c2: 13 05 45 b1  	addi	a0, a0, -0x4ec
   104c6: 29 a0        	j	0x104d0 <test_vector_memory_depends_on_scalar_address+0x134>
   104c8: 37 f5 01 00  	lui	a0, 0x1f
   104cc: 13 05 75 b2  	addi	a0, a0, -0x4d9
   104d0: 83 30 81 20  	ld	ra, 0x208(sp)
   104d4: 03 34 01 20  	ld	s0, 0x200(sp)
   104d8: fe 74        	ld	s1, 0x1f8(sp)
   104da: 5e 79        	ld	s2, 0x1f0(sp)
   104dc: be 79        	ld	s3, 0x1e8(sp)
   104de: 1e 7a        	ld	s4, 0x1e0(sp)
   104e0: fe 6a        	ld	s5, 0x1d8(sp)
   104e2: 5e 6b        	ld	s6, 0x1d0(sp)
   104e4: be 6b        	ld	s7, 0x1c8(sp)
   104e6: 1e 6c        	ld	s8, 0x1c0(sp)
   104e8: fa 7c        	ld	s9, 0x1b8(sp)
   104ea: 5a 7d        	ld	s10, 0x1b0(sp)
   104ec: ba 7d        	ld	s11, 0x1a8(sp)
   104ee: 1a 34        	fld	fs0, 0x1a0(sp)
   104f0: fa 24        	fld	fs1, 0x198(sp)
   104f2: 5a 29        	fld	fs2, 0x190(sp)
   104f4: ba 29        	fld	fs3, 0x188(sp)
   104f6: 13 01 01 21  	addi	sp, sp, 0x210
   104fa: 6f 00 20 78  	j	0x10c7c <puts>

00000000000104fe <test_mixed_scalar_vector_dependency_chain>:
   104fe: 13 01 01 d6  	addi	sp, sp, -0x2a0
   10502: 23 3c 11 28  	sd	ra, 0x298(sp)
   10506: 23 38 81 28  	sd	s0, 0x290(sp)
   1050a: 23 34 91 28  	sd	s1, 0x288(sp)
   1050e: 23 30 21 29  	sd	s2, 0x280(sp)
   10512: 23 3c 31 27  	sd	s3, 0x278(sp)
   10516: 23 38 41 27  	sd	s4, 0x270(sp)
   1051a: 23 34 51 27  	sd	s5, 0x268(sp)
   1051e: 23 30 61 27  	sd	s6, 0x260(sp)
   10522: 23 3c 71 25  	sd	s7, 0x258(sp)
   10526: 23 38 81 25  	sd	s8, 0x250(sp)
   1052a: 23 34 91 25  	sd	s9, 0x248(sp)
   1052e: 23 30 a1 25  	sd	s10, 0x240(sp)
   10532: 23 3c b1 23  	sd	s11, 0x238(sp)
   10536: 27 38 81 22  	fsd	fs0, 0x230(sp)
   1053a: 27 34 91 22  	fsd	fs1, 0x228(sp)
   1053e: 27 30 21 23  	fsd	fs2, 0x220(sp)
   10542: 27 3c 31 21  	fsd	fs3, 0x218(sp)
   10546: 27 38 41 21  	fsd	fs4, 0x210(sp)
   1054a: 73 25 20 c2  	csrr	a0, vlenb
   1054e: 06 05        	slli	a0, a0, 0x1
   10550: 33 01 a1 40  	sub	sp, sp, a0
   10554: 37 f5 01 00  	lui	a0, 0x1f
   10558: 13 05 a5 b3  	addi	a0, a0, -0x4c6
   1055c: ef 00 00 72  	jal	0x10c7c <puts>
   10560: 13 05 f0 3f  	li	a0, 0x3ff
   10564: 52 15        	slli	a0, a0, 0x34
   10566: 2a eb        	sd	a0, 0x190(sp)
   10568: 93 05 f0 1f  	li	a1, 0x1ff
   1056c: d6 15        	slli	a1, a1, 0x35
   1056e: 2e ea        	sd	a1, 0x110(sp)
   10570: 05 46        	li	a2, 0x1
   10572: 7a 16        	slli	a2, a2, 0x3e
   10574: 32 ef        	sd	a2, 0x198(sp)
   10576: 2a ee        	sd	a0, 0x118(sp)
   10578: b7 15 80 00  	lui	a1, 0x801
   1057c: 9e 15        	slli	a1, a1, 0x27
   1057e: 2e f3        	sd	a1, 0x1a0(sp)
   10580: 13 05 f0 7f  	li	a0, 0x7ff
   10584: 4e 15        	slli	a0, a0, 0x33
   10586: 2a f2        	sd	a0, 0x120(sp)
   10588: 13 05 10 40  	li	a0, 0x401
   1058c: 52 15        	slli	a0, a0, 0x34
   1058e: 2a f7        	sd	a0, 0x1a8(sp)
   10590: 32 f6        	sd	a2, 0x128(sp)
   10592: b7 56 00 01  	lui	a3, 0x1005
   10596: 13 97 66 02  	slli	a4, a3, 0x26
   1059a: 3a fb        	sd	a4, 0x1b0(sp)
   1059c: b7 16 00 01  	lui	a3, 0x1001
   105a0: 9a 16        	slli	a3, a3, 0x26
   105a2: 36 fa        	sd	a3, 0x130(sp)
   105a4: b7 36 80 00  	lui	a3, 0x803
   105a8: 9e 16        	slli	a3, a3, 0x27
   105aa: 36 ff        	sd	a3, 0x1b8(sp)
   105ac: 2e fe        	sd	a1, 0x138(sp)
   105ae: b7 77 00 01  	lui	a5, 0x1007
   105b2: 9a 17        	slli	a5, a5, 0x26
   105b4: be e3        	sd	a5, 0x1c0(sp)
   105b6: b7 34 00 01  	lui	s1, 0x1003
   105ba: 9a 14        	slli	s1, s1, 0x26
   105bc: a6 e2        	sd	s1, 0x140(sp)
   105be: 93 04 10 20  	li	s1, 0x201
   105c2: d6 14        	slli	s1, s1, 0x35
   105c4: a6 e7        	sd	s1, 0x1c8(sp)
   105c6: aa e6        	sd	a0, 0x148(sp)
   105c8: 37 15 01 02  	lui	a0, 0x2011
   105cc: 16 15        	slli	a0, a0, 0x25
   105ce: aa eb        	sd	a0, 0x1d0(sp)
   105d0: 37 95 00 02  	lui	a0, 0x2009
   105d4: 16 15        	slli	a0, a0, 0x25
   105d6: aa ea        	sd	a0, 0x150(sp)
   105d8: 37 95 00 01  	lui	a0, 0x1009
   105dc: 1a 15        	slli	a0, a0, 0x26
   105de: aa ef        	sd	a0, 0x1d8(sp)
   105e0: ba ee        	sd	a4, 0x158(sp)
   105e2: 37 35 01 02  	lui	a0, 0x2013
   105e6: 16 15        	slli	a0, a0, 0x25
   105e8: aa f3        	sd	a0, 0x1e0(sp)
   105ea: 37 b5 00 02  	lui	a0, 0x200b
   105ee: 16 15        	slli	a0, a0, 0x25
   105f0: aa f2        	sd	a0, 0x160(sp)
   105f2: 37 55 80 00  	lui	a0, 0x805
   105f6: 1e 15        	slli	a0, a0, 0x27
   105f8: aa f7        	sd	a0, 0x1e8(sp)
   105fa: b6 f6        	sd	a3, 0x168(sp)
   105fc: 37 55 01 02  	lui	a0, 0x2015
   10600: 16 15        	slli	a0, a0, 0x25
   10602: aa fb        	sd	a0, 0x1f0(sp)
   10604: 37 d5 00 02  	lui	a0, 0x200d
   10608: 16 15        	slli	a0, a0, 0x25
   1060a: aa fa        	sd	a0, 0x170(sp)
   1060c: 37 b5 00 01  	lui	a0, 0x100b
   10610: 1a 15        	slli	a0, a0, 0x26
   10612: aa ff        	sd	a0, 0x1f8(sp)
   10614: be fe        	sd	a5, 0x178(sp)
   10616: 37 75 01 02  	lui	a0, 0x2017
   1061a: 16 15        	slli	a0, a0, 0x25
   1061c: 23 30 a1 20  	sd	a0, 0x200(sp)
   10620: 37 f5 00 02  	lui	a0, 0x200f
   10624: 16 15        	slli	a0, a0, 0x25
   10626: 2a e3        	sd	a0, 0x180(sp)
   10628: 13 05 30 40  	li	a0, 0x403
   1062c: 52 15        	slli	a0, a0, 0x34
   1062e: 23 34 a1 20  	sd	a0, 0x208(sp)
   10632: 26 e7        	sd	s1, 0x188(sp)
   10634: 37 f5 01 00  	lui	a0, 0x1f
   10638: 13 05 65 94  	addi	a0, a0, -0x6ba
   1063c: ef 00 60 55  	jal	0x10b92 <printf>
   10640: 57 70 88 cd  	vsetivli	zero, 0x10, e64, m1, ta, ma
   10644: 13 0c 01 19  	addi	s8, sp, 0x190
   10648: 07 74 0c 02  	vle64.v	v8, (s8)
   1064c: 0c 0a        	addi	a1, sp, 0x110
   1064e: 07 b4 81 6c  	fld	fs0, 0x6c8(gp)
   10652: 87 f4 05 02  	vle64.v	v9, (a1)
   10656: 57 54 84 92  	vfmul.vf	v8, v8, fs0
   1065a: 57 94 84 02  	vfadd.vv	v8, v8, v9
   1065e: 08 0c        	addi	a0, sp, 0x210
   10660: 27 04 85 02  	vs1r.v	v8, (a0)
   10664: 08 08        	addi	a0, sp, 0x10
   10666: 27 74 05 02  	vse64.v	v8, (a0)
   1066a: c2 27        	fld	fa5, 0x10(sp)
   1066c: 53 07 00 f2  	fmv.d.x	fa4, zero
   10670: e2 26        	fld	fa3, 0x18(sp)
   10672: 02 36        	fld	fa2, 0x20(sp)
   10674: a2 35        	fld	fa1, 0x28(sp)
   10676: d3 f7 e7 02  	fadd.d	fa5, fa5, fa4
   1067a: d3 f7 d7 02  	fadd.d	fa5, fa5, fa3
   1067e: d3 f7 c7 02  	fadd.d	fa5, fa5, fa2
   10682: d3 f7 b7 02  	fadd.d	fa5, fa5, fa1
   10686: 42 37        	fld	fa4, 0x30(sp)
   10688: e2 36        	fld	fa3, 0x38(sp)
   1068a: 06 26        	fld	fa2, 0x40(sp)
   1068c: a6 25        	fld	fa1, 0x48(sp)
   1068e: d3 f7 e7 02  	fadd.d	fa5, fa5, fa4
   10692: d3 f7 d7 02  	fadd.d	fa5, fa5, fa3
   10696: d3 f7 c7 02  	fadd.d	fa5, fa5, fa2
   1069a: d3 f7 b7 02  	fadd.d	fa5, fa5, fa1
   1069e: 46 27        	fld	fa4, 0x50(sp)
   106a0: e6 26        	fld	fa3, 0x58(sp)
   106a2: 06 36        	fld	fa2, 0x60(sp)
   106a4: a6 35        	fld	fa1, 0x68(sp)
   106a6: d3 f7 e7 02  	fadd.d	fa5, fa5, fa4
   106aa: d3 f7 d7 02  	fadd.d	fa5, fa5, fa3
   106ae: d3 f7 c7 02  	fadd.d	fa5, fa5, fa2
   106b2: d3 f7 b7 02  	fadd.d	fa5, fa5, fa1
   106b6: 46 37        	fld	fa4, 0x70(sp)
   106b8: e6 36        	fld	fa3, 0x78(sp)
   106ba: 0a 26        	fld	fa2, 0x80(sp)
   106bc: aa 25        	fld	fa1, 0x88(sp)
   106be: d3 f7 e7 02  	fadd.d	fa5, fa5, fa4
   106c2: d3 f7 d7 02  	fadd.d	fa5, fa5, fa3
   106c6: d3 f7 c7 02  	fadd.d	fa5, fa5, fa2
   106ca: d3 f4 b7 02  	fadd.d	fs1, fa5, fa1
   106ce: d3 85 04 e2  	fmv.x.d	a1, fs1
   106d2: 37 f5 01 00  	lui	a0, 0x1f
   106d6: 13 05 65 97  	addi	a0, a0, -0x68a
   106da: ef 00 80 4b  	jal	0x10b92 <printf>
   106de: 87 b7 01 6d  	fld	fa5, 0x6d0(gp)
   106e2: 07 b7 81 6d  	fld	fa4, 0x6d8(gp)
   106e6: d3 f7 f4 12  	fmul.d	fa5, fs1, fa5
   106ea: d3 f4 e7 12  	fmul.d	fs1, fa5, fa4
   106ee: d3 85 07 e2  	fmv.x.d	a1, fa5
   106f2: 53 86 04 e2  	fmv.x.d	a2, fs1
   106f6: 37 f5 01 00  	lui	a0, 0x1f
   106fa: 13 05 b5 99  	addi	a0, a0, -0x665
   106fe: ef 00 40 49  	jal	0x10b92 <printf>
   10702: 57 70 88 cd  	vsetivli	zero, 0x10, e64, m1, ta, ma
   10706: 08 0c        	addi	a0, sp, 0x210
   10708: 07 04 85 02  	vl1r.v	v8, (a0)
   1070c: 57 d4 84 92  	vfmul.vf	v8, v8, fs1
   10710: 93 0a 01 09  	addi	s5, sp, 0x90
   10714: 27 f4 0a 02  	vse64.v	v8, (s5)
   10718: 37 f5 01 00  	lui	a0, 0x1f
   1071c: 13 05 f5 b6  	addi	a0, a0, -0x491
   10720: ef 00 c0 55  	jal	0x10c7c <puts>
   10724: 81 4d        	li	s11, 0x0
   10726: 81 4b        	li	s7, 0x0
   10728: 37 f5 01 00  	lui	a0, 0x1f
   1072c: 13 0b d5 9b  	addi	s6, a0, -0x643
   10730: 07 b9 01 6e  	fld	fs2, 0x6e0(gp)
   10734: 37 f5 01 00  	lui	a0, 0x1f
   10738: 13 09 f5 c2  	addi	s2, a0, -0x3d1
   1073c: 87 b9 81 6e  	fld	fs3, 0x6e8(gp)
   10740: 37 f5 01 00  	lui	a0, 0x1f
   10744: 13 0d 95 c2  	addi	s10, a0, -0x3d7
   10748: c5 4c        	li	s9, 0x11
   1074a: 93 99 3d 00  	slli	s3, s11, 0x3
   1074e: 6e 84        	mv	s0, s11
   10750: 85 0d        	addi	s11, s11, 0x1
   10752: b3 84 3a 01  	add	s1, s5, s3
   10756: 13 0a 01 11  	addi	s4, sp, 0x110
   1075a: 4e 9a        	add	s4, s4, s3
   1075c: e2 99        	add	s3, s3, s8
   1075e: 87 b7 09 00  	fld	fa5, 0x0(s3)
   10762: 07 37 0a 00  	fld	fa4, 0x0(s4)
   10766: 94 20        	fld	fa3, 0x0(s1)
   10768: c3 f7 87 72  	fmadd.d	fa5, fa5, fs0, fa4
   1076c: d3 f7 f4 12  	fmul.d	fa5, fs1, fa5
   10770: 53 fa f6 0a  	fsub.d	fs4, fa3, fa5
   10774: d3 86 07 e2  	fmv.x.d	a3, fa5
   10778: 9b 05 04 00  	sext.w	a1, s0
   1077c: 53 86 06 e2  	fmv.x.d	a2, fa3
   10780: 5a 85        	mv	a0, s6
   10782: ef 00 00 41  	jal	0x10b92 <printf>
   10786: 53 15 2a a3  	flt.d	a0, fs4, fs2
   1078a: 19 ed        	bnez	a0, 0x107a8 <test_mixed_scalar_vector_dependency_chain+0x2aa>
   1078c: 53 95 49 a3  	flt.d	a0, fs3, fs4
   10790: 01 ed        	bnez	a0, 0x107a8 <test_mixed_scalar_vector_dependency_chain+0x2aa>
   10792: 6a 85        	mv	a0, s10
   10794: ef 00 80 4e  	jal	0x10c7c <puts>
   10798: 85 0d        	addi	s11, s11, 0x1
   1079a: 05 04        	addi	s0, s0, 0x1
   1079c: a1 04        	addi	s1, s1, 0x8
   1079e: 21 0a        	addi	s4, s4, 0x8
   107a0: a1 09        	addi	s3, s3, 0x8
   107a2: e3 9e 9d fb  	bne	s11, s9, 0x1075e <test_mixed_scalar_vector_dependency_chain+0x260>
   107a6: 19 a8        	j	0x107bc <test_mixed_scalar_vector_dependency_chain+0x2be>
   107a8: 4a 85        	mv	a0, s2
   107aa: ef 00 20 4d  	jal	0x10c7c <puts>
   107ae: 85 4b        	li	s7, 0x1
   107b0: 13 0c 01 19  	addi	s8, sp, 0x190
   107b4: 41 45        	li	a0, 0x10
   107b6: e3 9a ad f8  	bne	s11, a0, 0x1074a <test_mixed_scalar_vector_dependency_chain+0x24c>
   107ba: 21 a0        	j	0x107c2 <test_mixed_scalar_vector_dependency_chain+0x2c4>
   107bc: 13 f5 1b 00  	andi	a0, s7, 0x1
   107c0: 11 c5        	beqz	a0, 0x107cc <test_mixed_scalar_vector_dependency_chain+0x2ce>
   107c2: 37 f5 01 00  	lui	a0, 0x1f
   107c6: 13 05 e5 b7  	addi	a0, a0, -0x482
   107ca: 29 a0        	j	0x107d4 <test_mixed_scalar_vector_dependency_chain+0x2d6>
   107cc: 37 f5 01 00  	lui	a0, 0x1f
   107d0: 13 05 15 b9  	addi	a0, a0, -0x46f
   107d4: f3 25 20 c2  	csrr	a1, vlenb
   107d8: 86 05        	slli	a1, a1, 0x1
   107da: 2e 91        	add	sp, sp, a1
   107dc: 83 30 81 29  	ld	ra, 0x298(sp)
   107e0: 03 34 01 29  	ld	s0, 0x290(sp)
   107e4: 83 34 81 28  	ld	s1, 0x288(sp)
   107e8: 03 39 01 28  	ld	s2, 0x280(sp)
   107ec: 83 39 81 27  	ld	s3, 0x278(sp)
   107f0: 03 3a 01 27  	ld	s4, 0x270(sp)
   107f4: 83 3a 81 26  	ld	s5, 0x268(sp)
   107f8: 03 3b 01 26  	ld	s6, 0x260(sp)
   107fc: 83 3b 81 25  	ld	s7, 0x258(sp)
   10800: 03 3c 01 25  	ld	s8, 0x250(sp)
   10804: 83 3c 81 24  	ld	s9, 0x248(sp)
   10808: 03 3d 01 24  	ld	s10, 0x240(sp)
   1080c: 83 3d 81 23  	ld	s11, 0x238(sp)
   10810: 07 34 01 23  	fld	fs0, 0x230(sp)
   10814: 87 34 81 22  	fld	fs1, 0x228(sp)
   10818: 07 39 01 22  	fld	fs2, 0x220(sp)
   1081c: 87 39 81 21  	fld	fs3, 0x218(sp)
   10820: 07 3a 01 21  	fld	fs4, 0x210(sp)
   10824: 13 01 01 2a  	addi	sp, sp, 0x2a0
   10828: 91 a9        	j	0x10c7c <puts>

000000000001082a <test_conditional_scalar_vector_dependency>:
   1082a: 61 71        	addi	sp, sp, -0x1b0
   1082c: 06 f7        	sd	ra, 0x1a8(sp)
   1082e: 22 f3        	sd	s0, 0x1a0(sp)
   10830: 26 ef        	sd	s1, 0x198(sp)
   10832: 4a eb        	sd	s2, 0x190(sp)
   10834: 4e e7        	sd	s3, 0x188(sp)
   10836: 52 e3        	sd	s4, 0x180(sp)
   10838: d6 fe        	sd	s5, 0x178(sp)
   1083a: da fa        	sd	s6, 0x170(sp)
   1083c: de f6        	sd	s7, 0x168(sp)
   1083e: e2 f2        	sd	s8, 0x160(sp)
   10840: e6 ee        	sd	s9, 0x158(sp)
   10842: ea ea        	sd	s10, 0x150(sp)
   10844: ee e6        	sd	s11, 0x148(sp)
   10846: a2 a2        	fsd	fs0, 0x140(sp)
   10848: 26 be        	fsd	fs1, 0x138(sp)
   1084a: 4a ba        	fsd	fs2, 0x130(sp)
   1084c: 4e b6        	fsd	fs3, 0x128(sp)
   1084e: 73 25 20 c2  	csrr	a0, vlenb
   10852: 06 05        	slli	a0, a0, 0x1
   10854: 33 01 a1 40  	sub	sp, sp, a0
   10858: 37 f5 01 00  	lui	a0, 0x1f
   1085c: 13 05 45 ba  	addi	a0, a0, -0x45c
   10860: ef 00 c0 41  	jal	0x10c7c <puts>
   10864: 13 05 f0 3f  	li	a0, 0x3ff
   10868: 52 15        	slli	a0, a0, 0x34
   1086a: 2a e9        	sd	a0, 0x90(sp)
   1086c: 05 45        	li	a0, 0x1
   1086e: 7a 15        	slli	a0, a0, 0x3e
   10870: 2a ed        	sd	a0, 0x98(sp)
   10872: 37 15 80 00  	lui	a0, 0x801
   10876: 1e 15        	slli	a0, a0, 0x27
   10878: 2a f1        	sd	a0, 0xa0(sp)
   1087a: 13 05 10 40  	li	a0, 0x401
   1087e: 52 15        	slli	a0, a0, 0x34
   10880: 2a f5        	sd	a0, 0xa8(sp)
   10882: 37 55 00 01  	lui	a0, 0x1005
   10886: 1a 15        	slli	a0, a0, 0x26
   10888: 2a f9        	sd	a0, 0xb0(sp)
   1088a: 37 35 80 00  	lui	a0, 0x803
   1088e: 1e 15        	slli	a0, a0, 0x27
   10890: 2a fd        	sd	a0, 0xb8(sp)
   10892: 37 75 00 01  	lui	a0, 0x1007
   10896: 1a 15        	slli	a0, a0, 0x26
   10898: aa e1        	sd	a0, 0xc0(sp)
   1089a: 13 05 10 20  	li	a0, 0x201
   1089e: 56 15        	slli	a0, a0, 0x35
   108a0: aa e5        	sd	a0, 0xc8(sp)
   108a2: 37 15 01 02  	lui	a0, 0x2011
   108a6: 16 15        	slli	a0, a0, 0x25
   108a8: aa e9        	sd	a0, 0xd0(sp)
   108aa: b7 95 00 01  	lui	a1, 0x1009
   108ae: 9a 15        	slli	a1, a1, 0x26
   108b0: ae ed        	sd	a1, 0xd8(sp)
   108b2: 37 35 01 02  	lui	a0, 0x2013
   108b6: 16 15        	slli	a0, a0, 0x25
   108b8: aa f1        	sd	a0, 0xe0(sp)
   108ba: 37 55 80 00  	lui	a0, 0x805
   108be: 1e 15        	slli	a0, a0, 0x27
   108c0: aa f5        	sd	a0, 0xe8(sp)
   108c2: 37 55 01 02  	lui	a0, 0x2015
   108c6: 16 15        	slli	a0, a0, 0x25
   108c8: aa f9        	sd	a0, 0xf0(sp)
   108ca: 37 b5 00 01  	lui	a0, 0x100b
   108ce: 1a 15        	slli	a0, a0, 0x26
   108d0: aa fd        	sd	a0, 0xf8(sp)
   108d2: 37 75 01 02  	lui	a0, 0x2017
   108d6: 16 15        	slli	a0, a0, 0x25
   108d8: 2a e2        	sd	a0, 0x100(sp)
   108da: 13 05 30 40  	li	a0, 0x403
   108de: 52 15        	slli	a0, a0, 0x34
   108e0: 2a e6        	sd	a0, 0x108(sp)
   108e2: 37 f5 01 00  	lui	a0, 0x1f
   108e6: 13 05 05 9e  	addi	a0, a0, -0x620
   108ea: 37 f6 01 00  	lui	a2, 0x1f
   108ee: 13 06 96 a0  	addi	a2, a2, -0x5f7
   108f2: ef 00 00 2a  	jal	0x10b92 <printf>
   108f6: 57 70 88 cd  	vsetivli	zero, 0x10, e64, m1, ta, ma
   108fa: 93 09 01 09  	addi	s3, sp, 0x90
   108fe: 07 f4 09 02  	vle64.v	v8, (s3)
   10902: 08 12        	addi	a0, sp, 0x120
   10904: 27 04 85 02  	vs1r.v	v8, (a0)
   10908: 37 f5 01 00  	lui	a0, 0x1f
   1090c: 13 05 95 bd  	addi	a0, a0, -0x427
   10910: ef 00 c0 36  	jal	0x10c7c <puts>
   10914: 07 b4 01 6f  	fld	fs0, 0x6f0(gp)
   10918: 57 70 88 cd  	vsetivli	zero, 0x10, e64, m1, ta, ma
   1091c: 08 12        	addi	a0, sp, 0x120
   1091e: 07 04 85 02  	vl1r.v	v8, (a0)
   10922: 57 54 84 92  	vfmul.vf	v8, v8, fs0
   10926: 13 0a 01 01  	addi	s4, sp, 0x10
   1092a: 27 74 0a 02  	vse64.v	v8, (s4)
   1092e: 37 f5 01 00  	lui	a0, 0x1f
   10932: 13 05 a5 bf  	addi	a0, a0, -0x406
   10936: ef 00 60 34  	jal	0x10c7c <puts>
   1093a: 01 4d        	li	s10, 0x0
   1093c: 01 4b        	li	s6, 0x0
   1093e: 37 f5 01 00  	lui	a0, 0x1f
   10942: 93 0a 55 91  	addi	s5, a0, -0x6eb
   10946: 87 b4 81 6f  	fld	fs1, 0x6f8(gp)
   1094a: 37 f5 01 00  	lui	a0, 0x1f
   1094e: 13 09 f5 c2  	addi	s2, a0, -0x3d1
   10952: c1 4b        	li	s7, 0x10
   10954: 07 b9 01 70  	fld	fs2, 0x700(gp)
   10958: 37 f5 01 00  	lui	a0, 0x1f
   1095c: 93 0c 95 c2  	addi	s9, a0, -0x3d7
   10960: 45 4c        	li	s8, 0x11
   10962: 13 14 3d 00  	slli	s0, s10, 0x3
   10966: ea 8d        	mv	s11, s10
   10968: 05 0d        	addi	s10, s10, 0x1
   1096a: b3 84 89 00  	add	s1, s3, s0
   1096e: 52 94        	add	s0, s0, s4
   10970: 9c 20        	fld	fa5, 0x0(s1)
   10972: 18 20        	fld	fa4, 0x0(s0)
   10974: d3 f6 87 12  	fmul.d	fa3, fa5, fs0
   10978: d3 79 d7 0a  	fsub.d	fs3, fa4, fa3
   1097c: d3 87 06 e2  	fmv.x.d	a5, fa3
   10980: 9b 85 0d 00  	sext.w	a1, s11
   10984: 53 86 07 e2  	fmv.x.d	a2, fa5
   10988: 53 07 07 e2  	fmv.x.d	a4, fa4
   1098c: 56 85        	mv	a0, s5
   1098e: ae 86        	mv	a3, a1
   10990: ef 00 20 20  	jal	0x10b92 <printf>
   10994: 53 95 99 a2  	flt.d	a0, fs3, fs1
   10998: 11 ed        	bnez	a0, 0x109b4 <test_conditional_scalar_vector_dependency+0x18a>
   1099a: 53 15 39 a3  	flt.d	a0, fs2, fs3
   1099e: 19 e9        	bnez	a0, 0x109b4 <test_conditional_scalar_vector_dependency+0x18a>
   109a0: 66 85        	mv	a0, s9
   109a2: ef 00 a0 2d  	jal	0x10c7c <puts>
   109a6: 05 0d        	addi	s10, s10, 0x1
   109a8: 85 0d        	addi	s11, s11, 0x1
   109aa: a1 04        	addi	s1, s1, 0x8
   109ac: 21 04        	addi	s0, s0, 0x8
   109ae: e3 11 8d fd  	bne	s10, s8, 0x10970 <test_conditional_scalar_vector_dependency+0x146>
   109b2: 01 a8        	j	0x109c2 <test_conditional_scalar_vector_dependency+0x198>
   109b4: 4a 85        	mv	a0, s2
   109b6: ef 00 60 2c  	jal	0x10c7c <puts>
   109ba: 05 4b        	li	s6, 0x1
   109bc: e3 13 7d fb  	bne	s10, s7, 0x10962 <test_conditional_scalar_vector_dependency+0x138>
   109c0: 21 a0        	j	0x109c8 <test_conditional_scalar_vector_dependency+0x19e>
   109c2: 13 75 1b 00  	andi	a0, s6, 0x1
   109c6: 11 c5        	beqz	a0, 0x109d2 <test_conditional_scalar_vector_dependency+0x1a8>
   109c8: 37 f5 01 00  	lui	a0, 0x1f
   109cc: 13 05 35 c0  	addi	a0, a0, -0x3fd
   109d0: 29 a0        	j	0x109da <test_conditional_scalar_vector_dependency+0x1b0>
   109d2: 37 f5 01 00  	lui	a0, 0x1f
   109d6: 13 05 65 c1  	addi	a0, a0, -0x3ea
   109da: f3 25 20 c2  	csrr	a1, vlenb
   109de: 86 05        	slli	a1, a1, 0x1
   109e0: 2e 91        	add	sp, sp, a1
   109e2: ba 70        	ld	ra, 0x1a8(sp)
   109e4: 1a 74        	ld	s0, 0x1a0(sp)
   109e6: fa 64        	ld	s1, 0x198(sp)
   109e8: 5a 69        	ld	s2, 0x190(sp)
   109ea: ba 69        	ld	s3, 0x188(sp)
   109ec: 1a 6a        	ld	s4, 0x180(sp)
   109ee: f6 7a        	ld	s5, 0x178(sp)
   109f0: 56 7b        	ld	s6, 0x170(sp)
   109f2: b6 7b        	ld	s7, 0x168(sp)
   109f4: 16 7c        	ld	s8, 0x160(sp)
   109f6: f6 6c        	ld	s9, 0x158(sp)
   109f8: 56 6d        	ld	s10, 0x150(sp)
   109fa: b6 6d        	ld	s11, 0x148(sp)
   109fc: 16 24        	fld	fs0, 0x140(sp)
   109fe: f2 34        	fld	fs1, 0x138(sp)
   10a00: 52 39        	fld	fs2, 0x130(sp)
   10a02: b2 39        	fld	fs3, 0x128(sp)
   10a04: 5d 61        	addi	sp, sp, 0x1b0
   10a06: 9d ac        	j	0x10c7c <puts>

0000000000010a08 <main>:
   10a08: 41 11        	addi	sp, sp, -0x10
   10a0a: 06 e4        	sd	ra, 0x8(sp)
   10a0c: 37 f5 01 00  	lui	a0, 0x1f
   10a10: 13 05 75 c3  	addi	a0, a0, -0x3c9
   10a14: ef 00 80 26  	jal	0x10c7c <puts>
   10a18: 37 f5 01 00  	lui	a0, 0x1f
   10a1c: 13 05 a5 c6  	addi	a0, a0, -0x396
   10a20: ef 00 c0 25  	jal	0x10c7c <puts>
   10a24: 37 f5 01 00  	lui	a0, 0x1f
   10a28: 13 05 d5 a0  	addi	a0, a0, -0x5f3
   10a2c: c1 45        	li	a1, 0x10
   10a2e: ef 00 40 16  	jal	0x10b92 <printf>
   10a32: ef f0 4f fb  	jal	0x101e6 <test_vector_depends_on_scalar>
   10a36: ef f0 7f 96  	jal	0x1039c <test_vector_memory_depends_on_scalar_address>
   10a3a: ef f0 5f ac  	jal	0x104fe <test_mixed_scalar_vector_dependency_chain>
   10a3e: ef f0 df de  	jal	0x1082a <test_conditional_scalar_vector_dependency>
   10a42: 37 f5 01 00  	lui	a0, 0x1f
   10a46: 13 05 c5 cb  	addi	a0, a0, -0x344
   10a4a: ef 00 20 23  	jal	0x10c7c <puts>
   10a4e: 01 45        	li	a0, 0x0
   10a50: a2 60        	ld	ra, 0x8(sp)
   10a52: 41 01        	addi	sp, sp, 0x10
   10a54: 82 80        	ret

0000000000010a56 <__libc_init_array>:
   10a56: 01 11        	addi	sp, sp, -0x20
   10a58: 22 e8        	sd	s0, 0x10(sp)
   10a5a: 4a e0        	sd	s2, 0x0(sp)
   10a5c: 97 07 01 00  	auipc	a5, 0x10
   10a60: 93 87 47 10  	addi	a5, a5, 0x104
   10a64: 17 04 01 00  	auipc	s0, 0x10
   10a68: 13 04 c4 0f  	addi	s0, s0, 0xfc
   10a6c: 06 ec        	sd	ra, 0x18(sp)
   10a6e: 26 e4        	sd	s1, 0x8(sp)
   10a70: 33 89 87 40  	sub	s2, a5, s0
   10a74: 63 8b 87 00  	beq	a5, s0, 0x10a8a <__libc_init_array+0x34>
   10a78: 13 59 39 40  	srai	s2, s2, 0x3
   10a7c: 81 44        	li	s1, 0x0
   10a7e: 1c 60        	ld	a5, 0x0(s0)
   10a80: 85 04        	addi	s1, s1, 0x1
   10a82: 21 04        	addi	s0, s0, 0x8
   10a84: 82 97        	jalr	a5
   10a86: e3 ec 24 ff  	bltu	s1, s2, 0x10a7e <__libc_init_array+0x28>
   10a8a: 97 07 01 00  	auipc	a5, 0x10
   10a8e: 93 87 67 0e  	addi	a5, a5, 0xe6
   10a92: 17 04 01 00  	auipc	s0, 0x10
   10a96: 13 04 e4 0c  	addi	s0, s0, 0xce
   10a9a: 33 89 87 40  	sub	s2, a5, s0
   10a9e: 13 59 39 40  	srai	s2, s2, 0x3
   10aa2: 63 89 87 00  	beq	a5, s0, 0x10ab4 <__libc_init_array+0x5e>
   10aa6: 81 44        	li	s1, 0x0
   10aa8: 1c 60        	ld	a5, 0x0(s0)
   10aaa: 85 04        	addi	s1, s1, 0x1
   10aac: 21 04        	addi	s0, s0, 0x8
   10aae: 82 97        	jalr	a5
   10ab0: e3 ec 24 ff  	bltu	s1, s2, 0x10aa8 <__libc_init_array+0x52>
   10ab4: e2 60        	ld	ra, 0x18(sp)
   10ab6: 42 64        	ld	s0, 0x10(sp)
   10ab8: a2 64        	ld	s1, 0x8(sp)
   10aba: 02 69        	ld	s2, 0x0(sp)
   10abc: 05 61        	addi	sp, sp, 0x20
   10abe: 82 80        	ret

0000000000010ac0 <memset>:
   10ac0: 3d 43        	li	t1, 0xf
   10ac2: 2a 87        	mv	a4, a0
   10ac4: 63 71 c3 02  	bgeu	t1, a2, 0x10ae6 <memset+0x26>
   10ac8: 93 77 f7 00  	andi	a5, a4, 0xf
   10acc: c1 e3        	bnez	a5, 0x10b4c <memset+0x8c>
   10ace: bd e1        	bnez	a1, 0x10b34 <memset+0x74>
   10ad0: 93 76 06 ff  	andi	a3, a2, -0x10
   10ad4: 3d 8a        	andi	a2, a2, 0xf
   10ad6: ba 96        	add	a3, a3, a4
   10ad8: 0c e3        	sd	a1, 0x0(a4)
   10ada: 0c e7        	sd	a1, 0x8(a4)
   10adc: 41 07        	addi	a4, a4, 0x10
   10ade: e3 6d d7 fe  	bltu	a4, a3, 0x10ad8 <memset+0x18>
   10ae2: 11 e2        	bnez	a2, 0x10ae6 <memset+0x26>
   10ae4: 82 80        	ret
   10ae6: b3 06 c3 40  	sub	a3, t1, a2
   10aea: 8a 06        	slli	a3, a3, 0x2
   10aec: 97 02 00 00  	auipc	t0, 0x0
   10af0: 96 96        	add	a3, a3, t0
   10af2: 67 80 a6 00  	jr	0xa(a3)
   10af6: 23 07 b7 00  	sb	a1, 0xe(a4)
   10afa: a3 06 b7 00  	sb	a1, 0xd(a4)
   10afe: 23 06 b7 00  	sb	a1, 0xc(a4)
   10b02: a3 05 b7 00  	sb	a1, 0xb(a4)
   10b06: 23 05 b7 00  	sb	a1, 0xa(a4)
   10b0a: a3 04 b7 00  	sb	a1, 0x9(a4)
   10b0e: 23 04 b7 00  	sb	a1, 0x8(a4)
   10b12: a3 03 b7 00  	sb	a1, 0x7(a4)
   10b16: 23 03 b7 00  	sb	a1, 0x6(a4)
   10b1a: a3 02 b7 00  	sb	a1, 0x5(a4)
   10b1e: 23 02 b7 00  	sb	a1, 0x4(a4)
   10b22: a3 01 b7 00  	sb	a1, 0x3(a4)
   10b26: 23 01 b7 00  	sb	a1, 0x2(a4)
   10b2a: a3 00 b7 00  	sb	a1, 0x1(a4)
   10b2e: 23 00 b7 00  	sb	a1, 0x0(a4)
   10b32: 82 80        	ret
   10b34: 93 f5 f5 0f  	andi	a1, a1, 0xff
   10b38: 93 96 85 00  	slli	a3, a1, 0x8
   10b3c: d5 8d        	or	a1, a1, a3
   10b3e: 93 96 05 01  	slli	a3, a1, 0x10
   10b42: d5 8d        	or	a1, a1, a3
   10b44: 93 96 05 02  	slli	a3, a1, 0x20
   10b48: d5 8d        	or	a1, a1, a3
   10b4a: 59 b7        	j	0x10ad0 <memset+0x10>
   10b4c: 93 96 27 00  	slli	a3, a5, 0x2
   10b50: 97 02 00 00  	auipc	t0, 0x0
   10b54: 96 96        	add	a3, a3, t0
   10b56: 86 82        	mv	t0, ra
   10b58: e7 80 26 fa  	jalr	-0x5e(a3)
   10b5c: 96 80        	mv	ra, t0
   10b5e: c1 17        	addi	a5, a5, -0x10
   10b60: 1d 8f        	sub	a4, a4, a5
   10b62: 3e 96        	add	a2, a2, a5
   10b64: e3 71 c3 f8  	bgeu	t1, a2, 0x10ae6 <memset+0x26>
   10b68: 9d b7        	j	0x10ace <memset+0xe>

0000000000010b6a <_printf_r>:
   10b6a: 5d 71        	addi	sp, sp, -0x50
   10b6c: 2e 8e        	mv	t3, a1
   10b6e: 0c 69        	ld	a1, 0x10(a0)
   10b70: 13 03 01 02  	addi	t1, sp, 0x20
   10b74: 32 f0        	sd	a2, 0x20(sp)
   10b76: 36 f4        	sd	a3, 0x28(sp)
   10b78: 72 86        	mv	a2, t3
   10b7a: 9a 86        	mv	a3, t1
   10b7c: 06 ec        	sd	ra, 0x18(sp)
   10b7e: 3a f8        	sd	a4, 0x30(sp)
   10b80: 3e fc        	sd	a5, 0x38(sp)
   10b82: c2 e0        	sd	a6, 0x40(sp)
   10b84: c6 e4        	sd	a7, 0x48(sp)
   10b86: 1a e4        	sd	t1, 0x8(sp)
   10b88: ef 00 60 19  	jal	0x10d1e <_vfprintf_r>
   10b8c: e2 60        	ld	ra, 0x18(sp)
   10b8e: 61 61        	addi	sp, sp, 0x50
   10b90: 82 80        	ret

0000000000010b92 <printf>:
   10b92: 03 b3 81 70  	ld	t1, 0x708(gp)
   10b96: 1d 71        	addi	sp, sp, -0x60
   10b98: 32 f8        	sd	a2, 0x30(sp)
   10b9a: 36 fc        	sd	a3, 0x38(sp)
   10b9c: 2e f4        	sd	a1, 0x28(sp)
   10b9e: ba e0        	sd	a4, 0x40(sp)
   10ba0: be e4        	sd	a5, 0x48(sp)
   10ba2: c2 e8        	sd	a6, 0x50(sp)
   10ba4: c6 ec        	sd	a7, 0x58(sp)
   10ba6: 83 35 03 01  	ld	a1, 0x10(t1)
   10baa: 34 10        	addi	a3, sp, 0x28
   10bac: 2a 86        	mv	a2, a0
   10bae: 1a 85        	mv	a0, t1
   10bb0: 06 ec        	sd	ra, 0x18(sp)
   10bb2: 36 e4        	sd	a3, 0x8(sp)
   10bb4: ef 00 a0 16  	jal	0x10d1e <_vfprintf_r>
   10bb8: e2 60        	ld	ra, 0x18(sp)
   10bba: 25 61        	addi	sp, sp, 0x60
   10bbc: 82 80        	ret

0000000000010bbe <_puts_r>:
   10bbe: 1d 71        	addi	sp, sp, -0x60
   10bc0: a6 e4        	sd	s1, 0x48(sp)
   10bc2: aa 84        	mv	s1, a0
   10bc4: 2e 85        	mv	a0, a1
   10bc6: a2 e8        	sd	s0, 0x50(sp)
   10bc8: 86 ec        	sd	ra, 0x58(sp)
   10bca: 2e 84        	mv	s0, a1
   10bcc: ef 00 80 0b  	jal	0x10c84 <strlen>
   10bd0: bc 48        	lw	a5, 0x50(s1)
   10bd2: 13 08 15 00  	addi	a6, a0, 0x1
   10bd6: 97 e5 00 00  	auipc	a1, 0xe
   10bda: 93 85 25 10  	addi	a1, a1, 0x102
   10bde: 05 46        	li	a2, 0x1
   10be0: 14 10        	addi	a3, sp, 0x20
   10be2: 09 47        	li	a4, 0x2
   10be4: 22 f0        	sd	s0, 0x20(sp)
   10be6: 2a f4        	sd	a0, 0x28(sp)
   10be8: 42 ec        	sd	a6, 0x18(sp)
   10bea: 2e f8        	sd	a1, 0x30(sp)
   10bec: 32 fc        	sd	a2, 0x38(sp)
   10bee: 36 e4        	sd	a3, 0x8(sp)
   10bf0: 3a c8        	sw	a4, 0x10(sp)
   10bf2: 80 68        	ld	s0, 0x10(s1)
   10bf4: b9 cf        	beqz	a5, 0x10c52 <_puts_r+0x94>
   10bf6: 03 27 04 0b  	lw	a4, 0xb0(s0)
   10bfa: 83 17 04 01  	lh	a5, 0x10(s0)
   10bfe: 05 8b        	andi	a4, a4, 0x1
   10c00: 01 e7        	bnez	a4, 0x10c08 <_puts_r+0x4a>
   10c02: 13 f7 07 20  	andi	a4, a5, 0x200
   10c06: 3d c3        	beqz	a4, 0x10c6c <_puts_r+0xae>
   10c08: 13 97 27 03  	slli	a4, a5, 0x32
   10c0c: 09 66        	lui	a2, 0x2
   10c0e: 63 4c 07 00  	bltz	a4, 0x10c26 <_puts_r+0x68>
   10c12: 03 27 04 0b  	lw	a4, 0xb0(s0)
   10c16: f9 76        	lui	a3, 0xffffe
   10c18: fd 16        	addi	a3, a3, -0x1
   10c1a: d1 8f        	or	a5, a5, a2
   10c1c: 75 8f        	and	a4, a4, a3
   10c1e: 23 18 f4 00  	sh	a5, 0x10(s0)
   10c22: 23 28 e4 0a  	sw	a4, 0xb0(s0)
   10c26: 26 85        	mv	a0, s1
   10c28: 30 00        	addi	a2, sp, 0x8
   10c2a: a2 85        	mv	a1, s0
   10c2c: ef 20 30 71  	jal	0x13b3e <__sfvwrite_r>
   10c30: a9 44        	li	s1, 0xa
   10c32: 39 e1        	bnez	a0, 0x10c78 <_puts_r+0xba>
   10c34: 83 27 04 0b  	lw	a5, 0xb0(s0)
   10c38: 85 8b        	andi	a5, a5, 0x1
   10c3a: 91 e7        	bnez	a5, 0x10c46 <_puts_r+0x88>
   10c3c: 83 57 04 01  	lhu	a5, 0x10(s0)
   10c40: 93 f7 07 20  	andi	a5, a5, 0x200
   10c44: 99 cb        	beqz	a5, 0x10c5a <_puts_r+0x9c>
   10c46: e6 60        	ld	ra, 0x58(sp)
   10c48: 46 64        	ld	s0, 0x50(sp)
   10c4a: 26 85        	mv	a0, s1
   10c4c: a6 64        	ld	s1, 0x48(sp)
   10c4e: 25 61        	addi	sp, sp, 0x60
   10c50: 82 80        	ret
   10c52: 26 85        	mv	a0, s1
   10c54: ef 20 b0 0f  	jal	0x1354e <__sinit>
   10c58: 79 bf        	j	0x10bf6 <_puts_r+0x38>
   10c5a: 48 70        	ld	a0, 0xa0(s0)
   10c5c: ef 50 40 69  	jal	0x162f0 <__retarget_lock_release_recursive>
   10c60: e6 60        	ld	ra, 0x58(sp)
   10c62: 46 64        	ld	s0, 0x50(sp)
   10c64: 26 85        	mv	a0, s1
   10c66: a6 64        	ld	s1, 0x48(sp)
   10c68: 25 61        	addi	sp, sp, 0x60
   10c6a: 82 80        	ret
   10c6c: 48 70        	ld	a0, 0xa0(s0)
   10c6e: ef 50 60 67  	jal	0x162e4 <__retarget_lock_acquire_recursive>
   10c72: 83 17 04 01  	lh	a5, 0x10(s0)
   10c76: 49 bf        	j	0x10c08 <_puts_r+0x4a>
   10c78: fd 54        	li	s1, -0x1
   10c7a: 6d bf        	j	0x10c34 <_puts_r+0x76>

0000000000010c7c <puts>:
   10c7c: aa 85        	mv	a1, a0
   10c7e: 03 b5 81 70  	ld	a0, 0x708(gp)
   10c82: 35 bf        	j	0x10bbe <_puts_r>

0000000000010c84 <strlen>:
   10c84: 93 77 75 00  	andi	a5, a0, 0x7
   10c88: 2a 87        	mv	a4, a0
   10c8a: b1 ef        	bnez	a5, 0x10ce6 <strlen+0x62>
   10c8c: b7 87 7f 7f  	lui	a5, 0x7f7f8
   10c90: 93 87 f7 f7  	addi	a5, a5, -0x81
   10c94: 93 96 07 02  	slli	a3, a5, 0x20
   10c98: be 96        	add	a3, a3, a5
   10c9a: fd 55        	li	a1, -0x1
   10c9c: 10 63        	ld	a2, 0x0(a4)
   10c9e: 21 07        	addi	a4, a4, 0x8
   10ca0: b3 77 d6 00  	and	a5, a2, a3
   10ca4: b6 97        	add	a5, a5, a3
   10ca6: d1 8f        	or	a5, a5, a2
   10ca8: d5 8f        	or	a5, a5, a3
   10caa: e3 89 b7 fe  	beq	a5, a1, 0x10c9c <strlen+0x18>
   10cae: 83 46 87 ff  	lbu	a3, -0x8(a4)
   10cb2: b3 07 a7 40  	sub	a5, a4, a0
   10cb6: a9 c6        	beqz	a3, 0x10d00 <strlen+0x7c>
   10cb8: 83 46 97 ff  	lbu	a3, -0x7(a4)
   10cbc: 9d ce        	beqz	a3, 0x10cfa <strlen+0x76>
   10cbe: 83 46 a7 ff  	lbu	a3, -0x6(a4)
   10cc2: a9 c6        	beqz	a3, 0x10d0c <strlen+0x88>
   10cc4: 83 46 b7 ff  	lbu	a3, -0x5(a4)
   10cc8: 9d ce        	beqz	a3, 0x10d06 <strlen+0x82>
   10cca: 83 46 c7 ff  	lbu	a3, -0x4(a4)
   10cce: b1 c2        	beqz	a3, 0x10d12 <strlen+0x8e>
   10cd0: 83 46 d7 ff  	lbu	a3, -0x3(a4)
   10cd4: b1 c2        	beqz	a3, 0x10d18 <strlen+0x94>
   10cd6: 03 45 e7 ff  	lbu	a0, -0x2(a4)
   10cda: 33 35 a0 00  	snez	a0, a0
   10cde: 3e 95        	add	a0, a0, a5
   10ce0: 79 15        	addi	a0, a0, -0x2
   10ce2: 82 80        	ret
   10ce4: c5 d6        	beqz	a3, 0x10c8c <strlen+0x8>
   10ce6: 83 47 07 00  	lbu	a5, 0x0(a4)
   10cea: 05 07        	addi	a4, a4, 0x1
   10cec: 93 76 77 00  	andi	a3, a4, 0x7
   10cf0: f5 fb        	bnez	a5, 0x10ce4 <strlen+0x60>
   10cf2: 09 8f        	sub	a4, a4, a0
   10cf4: 13 05 f7 ff  	addi	a0, a4, -0x1
   10cf8: 82 80        	ret
   10cfa: 13 85 97 ff  	addi	a0, a5, -0x7
   10cfe: 82 80        	ret
   10d00: 13 85 87 ff  	addi	a0, a5, -0x8
   10d04: 82 80        	ret
   10d06: 13 85 b7 ff  	addi	a0, a5, -0x5
   10d0a: 82 80        	ret
   10d0c: 13 85 a7 ff  	addi	a0, a5, -0x6
   10d10: 82 80        	ret
   10d12: 13 85 c7 ff  	addi	a0, a5, -0x4
   10d16: 82 80        	ret
   10d18: 13 85 d7 ff  	addi	a0, a5, -0x3
   10d1c: 82 80        	ret

0000000000010d1e <_vfprintf_r>:
   10d1e: 13 01 01 dc  	addi	sp, sp, -0x240
   10d22: 23 3c 11 22  	sd	ra, 0x238(sp)
   10d26: 23 38 81 22  	sd	s0, 0x230(sp)
   10d2a: 23 30 21 23  	sd	s2, 0x220(sp)
   10d2e: e2 fb        	sd	s8, 0x1f0(sp)
   10d30: 2e 89        	mv	s2, a1
   10d32: 32 8c        	mv	s8, a2
   10d34: 36 ec        	sd	a3, 0x18(sp)
   10d36: 2a 84        	mv	s0, a0
   10d38: 2a e0        	sd	a0, 0x0(sp)
   10d3a: ef 50 40 59  	jal	0x162ce <_localeconv_r>
   10d3e: 1c 61        	ld	a5, 0x0(a0)
   10d40: 3e 85        	mv	a0, a5
   10d42: be e4        	sd	a5, 0x48(sp)
   10d44: ef f0 1f f4  	jal	0x10c84 <strlen>
   10d48: aa e0        	sd	a0, 0x40(sp)
   10d4a: 82 e1        	sd	zero, 0xc0(sp)
   10d4c: 82 e5        	sd	zero, 0xc8(sp)
   10d4e: 01 c4        	beqz	s0, 0x10d56 <_vfprintf_r+0x38>
   10d50: 38 48        	lw	a4, 0x50(s0)
   10d52: 63 03 07 76  	beqz	a4, 0x114b8 <_vfprintf_r+0x79a>
   10d56: 83 26 09 0b  	lw	a3, 0xb0(s2)
   10d5a: 03 17 09 01  	lh	a4, 0x10(s2)
   10d5e: 85 8a        	andi	a3, a3, 0x1
   10d60: 91 e6        	bnez	a3, 0x10d6c <_vfprintf_r+0x4e>
   10d62: 93 76 07 20  	andi	a3, a4, 0x200
   10d66: 99 e2        	bnez	a3, 0x10d6c <_vfprintf_r+0x4e>
   10d68: 6f 10 a0 10  	j	0x11e72 <_vfprintf_r+0x1154>
   10d6c: 93 16 27 03  	slli	a3, a4, 0x32
   10d70: 89 65        	lui	a1, 0x2
   10d72: 63 cc 06 00  	bltz	a3, 0x10d8a <_vfprintf_r+0x6c>
   10d76: 83 26 09 0b  	lw	a3, 0xb0(s2)
   10d7a: 79 76        	lui	a2, 0xffffe
   10d7c: 7d 16        	addi	a2, a2, -0x1
   10d7e: 4d 8f        	or	a4, a4, a1
   10d80: f1 8e        	and	a3, a3, a2
   10d82: 23 18 e9 00  	sh	a4, 0x10(s2)
   10d86: 23 28 d9 0a  	sw	a3, 0xb0(s2)
   10d8a: 93 76 87 00  	andi	a3, a4, 0x8
   10d8e: 63 86 06 24  	beqz	a3, 0x10fda <_vfprintf_r+0x2bc>
   10d92: 83 36 89 01  	ld	a3, 0x18(s2)
   10d96: 63 82 06 24  	beqz	a3, 0x10fda <_vfprintf_r+0x2bc>
   10d9a: 93 76 a7 01  	andi	a3, a4, 0x1a
   10d9e: 29 46        	li	a2, 0xa
   10da0: 63 8b c6 24  	beq	a3, a2, 0x10ff6 <_vfprintf_r+0x2d8>
   10da4: 23 34 91 22  	sd	s1, 0x228(sp)
   10da8: 23 3c 31 21  	sd	s3, 0x218(sp)
   10dac: ea f3        	sd	s10, 0x1e0(sp)
   10dae: 23 38 41 21  	sd	s4, 0x210(sp)
   10db2: 23 34 51 21  	sd	s5, 0x208(sp)
   10db6: 23 30 61 21  	sd	s6, 0x200(sp)
   10dba: de ff        	sd	s7, 0x1f8(sp)
   10dbc: e6 f7        	sd	s9, 0x1e8(sp)
   10dbe: ee ef        	sd	s11, 0x1d8(sp)
   10dc0: 62 8d        	mv	s10, s8
   10dc2: 03 47 0d 00  	lbu	a4, 0x0(s10)
   10dc6: 9c 0a        	addi	a5, sp, 0x150
   10dc8: 82 f1        	sd	zero, 0xe0(sp)
   10dca: 82 cd        	sw	zero, 0xd8(sp)
   10dcc: be e9        	sd	a5, 0xd0(sp)
   10dce: 02 f4        	sd	zero, 0x28(sp)
   10dd0: 82 e8        	sd	zero, 0x50(sp)
   10dd2: 82 f0        	sd	zero, 0x60(sp)
   10dd4: 82 f8        	sd	zero, 0x70(sp)
   10dd6: 82 ec        	sd	zero, 0x58(sp)
   10dd8: 02 e4        	sd	zero, 0x8(sp)
   10dda: 13 04 50 02  	li	s0, 0x25
   10dde: c1 44        	li	s1, 0x10
   10de0: be 89        	mv	s3, a5
   10de2: 63 0b 07 18  	beqz	a4, 0x10f78 <_vfprintf_r+0x25a>
   10de6: ea 8a        	mv	s5, s10
   10de8: 63 06 87 24  	beq	a4, s0, 0x11034 <_vfprintf_r+0x316>
   10dec: 03 c7 1a 00  	lbu	a4, 0x1(s5)
   10df0: 85 0a        	addi	s5, s5, 0x1
   10df2: 7d fb        	bnez	a4, 0x10de8 <_vfprintf_r+0xca>
   10df4: 3b 8a aa 41  	subw	s4, s5, s10
   10df8: 63 00 0a 18  	beqz	s4, 0x10f78 <_vfprintf_r+0x25a>
   10dfc: 8e 76        	ld	a3, 0xe0(sp)
   10dfe: 6e 47        	lw	a4, 0xd8(sp)
   10e00: 23 b0 a9 01  	sd	s10, 0x0(s3)
   10e04: d2 96        	add	a3, a3, s4
   10e06: 05 27        	addiw	a4, a4, 0x1
   10e08: 23 b4 49 01  	sd	s4, 0x8(s3)
   10e0c: b6 f1        	sd	a3, 0xe0(sp)
   10e0e: ba cd        	sw	a4, 0xd8(sp)
   10e10: 9d 46        	li	a3, 0x7
   10e12: c1 09        	addi	s3, s3, 0x10
   10e14: 63 c7 e6 22  	blt	a3, a4, 0x11042 <_vfprintf_r+0x324>
   10e18: a2 67        	ld	a5, 0x8(sp)
   10e1a: 03 c7 0a 00  	lbu	a4, 0x0(s5)
   10e1e: bb 87 47 01  	addw	a5, a5, s4
   10e22: 3e e4        	sd	a5, 0x8(sp)
   10e24: 63 0a 07 14  	beqz	a4, 0x10f78 <_vfprintf_r+0x25a>
   10e28: 7d 53        	li	t1, -0x1
   10e2a: 01 4f        	li	t5, 0x0
   10e2c: 03 ce 1a 00  	lbu	t3, 0x1(s5)
   10e30: a3 0f 01 08  	sb	zero, 0x9f(sp)
   10e34: 85 0a        	addi	s5, s5, 0x1
   10e36: 81 4b        	li	s7, 0x0
   10e38: 13 0a a0 05  	li	s4, 0x5a
   10e3c: 7a 8b        	mv	s6, t5
   10e3e: 1a 8c        	mv	s8, t1
   10e40: 85 0a        	addi	s5, s5, 0x1
   10e42: 9b 07 0e fe  	addiw	a5, t3, -0x20
   10e46: 63 67 fa 04  	bltu	s4, a5, 0x10e94 <_vfprintf_r+0x176>
   10e4a: 13 97 07 02  	slli	a4, a5, 0x20
   10e4e: 93 57 e7 01  	srli	a5, a4, 0x1e
   10e52: 17 e7 00 00  	auipc	a4, 0xe
   10e56: 13 07 a7 fc  	addi	a4, a4, -0x36
   10e5a: ba 97        	add	a5, a5, a4
   10e5c: 9c 43        	lw	a5, 0x0(a5)
   10e5e: ba 97        	add	a5, a5, a4
   10e60: 82 87        	jr	a5
   10e62: 81 4b        	li	s7, 0x0
   10e64: a5 46        	li	a3, 0x9
   10e66: 03 c7 0a 00  	lbu	a4, 0x0(s5)
   10e6a: 9b 97 2b 00  	slliw	a5, s7, 0x2
   10e6e: bb 8b 77 01  	addw	s7, a5, s7
   10e72: 1b 0e 0e fd  	addiw	t3, t3, -0x30
   10e76: 9b 9b 1b 00  	slliw	s7, s7, 0x1
   10e7a: 9b 07 07 fd  	addiw	a5, a4, -0x30
   10e7e: 85 0a        	addi	s5, s5, 0x1
   10e80: bb 0b 7e 01  	addw	s7, t3, s7
   10e84: 1b 0e 07 00  	sext.w	t3, a4
   10e88: e3 ff f6 fc  	bgeu	a3, a5, 0x10e66 <_vfprintf_r+0x148>
   10e8c: 9b 07 0e fe  	addiw	a5, t3, -0x20
   10e90: e3 7d fa fa  	bgeu	s4, a5, 0x10e4a <_vfprintf_r+0x12c>
   10e94: 5a 8f        	mv	t5, s6
   10e96: 63 01 0e 0e  	beqz	t3, 0x10f78 <_vfprintf_r+0x25a>
   10e9a: 05 4c        	li	s8, 0x1
   10e9c: 23 04 c1 0f  	sb	t3, 0xe8(sp)
   10ea0: a3 0f 01 08  	sb	zero, 0x9f(sp)
   10ea4: e2 8d        	mv	s11, s8
   10ea6: 02 e8        	sd	zero, 0x10(sp)
   10ea8: 01 43        	li	t1, 0x0
   10eaa: 02 fc        	sd	zero, 0x38(sp)
   10eac: 02 f8        	sd	zero, 0x30(sp)
   10eae: 02 f0        	sd	zero, 0x20(sp)
   10eb0: 13 0d 81 0e  	addi	s10, sp, 0xe8
   10eb4: 0e 7a        	ld	s4, 0xe0(sp)
   10eb6: 93 7c 4f 08  	andi	s9, t5, 0x84
   10eba: 52 86        	mv	a2, s4
   10ebc: 63 8c 0c 6c  	beqz	s9, 0x11594 <_vfprintf_r+0x876>
   10ec0: 03 47 f1 09  	lbu	a4, 0x9f(sp)
   10ec4: 31 c3        	beqz	a4, 0x10f08 <_vfprintf_r+0x1ea>
   10ec6: ee 45        	lw	a1, 0xd8(sp)
   10ec8: 01 47        	li	a4, 0x0
   10eca: 85 46        	li	a3, 0x1
   10ecc: 05 0a        	addi	s4, s4, 0x1
   10ece: 85 25        	addiw	a1, a1, 0x1
   10ed0: 13 06 f1 09  	addi	a2, sp, 0x9f
   10ed4: 23 b4 d9 00  	sd	a3, 0x8(s3)
   10ed8: 23 b0 c9 00  	sd	a2, 0x0(s3)
   10edc: d2 f1        	sd	s4, 0xe0(sp)
   10ede: ae cd        	sw	a1, 0xd8(sp)
   10ee0: 9d 46        	li	a3, 0x7
   10ee2: c1 09        	addi	s3, s3, 0x10
   10ee4: 63 c1 b6 4e  	blt	a3, a1, 0x113c6 <_vfprintf_r+0x6a8>
   10ee8: 05 c3        	beqz	a4, 0x10f08 <_vfprintf_r+0x1ea>
   10eea: ee 45        	lw	a1, 0xd8(sp)
   10eec: 09 47        	li	a4, 0x2
   10eee: 09 0a        	addi	s4, s4, 0x2
   10ef0: 85 25        	addiw	a1, a1, 0x1
   10ef2: 14 11        	addi	a3, sp, 0xa0
   10ef4: 23 b4 e9 00  	sd	a4, 0x8(s3)
   10ef8: 23 b0 d9 00  	sd	a3, 0x0(s3)
   10efc: d2 f1        	sd	s4, 0xe0(sp)
   10efe: ae cd        	sw	a1, 0xd8(sp)
   10f00: 1d 47        	li	a4, 0x7
   10f02: c1 09        	addi	s3, s3, 0x10
   10f04: e3 4d b7 46  	blt	a4, a1, 0x11b7e <_vfprintf_r+0xe60>
   10f08: 13 07 00 08  	li	a4, 0x80
   10f0c: e3 8a ec 38  	beq	s9, a4, 0x11aa0 <_vfprintf_r+0xd82>
   10f10: 3b 03 83 41  	subw	t1, t1, s8
   10f14: 63 4c 60 68  	bgtz	t1, 0x115ac <_vfprintf_r+0x88e>
   10f18: 13 77 0f 10  	andi	a4, t5, 0x100
   10f1c: 63 16 07 72  	bnez	a4, 0x11648 <_vfprintf_r+0x92a>
   10f20: 6e 47        	lw	a4, 0xd8(sp)
   10f22: 62 9a        	add	s4, s4, s8
   10f24: d2 f1        	sd	s4, 0xe0(sp)
   10f26: 05 27        	addiw	a4, a4, 0x1
   10f28: 23 b0 a9 01  	sd	s10, 0x0(s3)
   10f2c: 23 b4 89 01  	sd	s8, 0x8(s3)
   10f30: ba cd        	sw	a4, 0xd8(sp)
   10f32: 9d 47        	li	a5, 0x7
   10f34: 63 ca e7 54  	blt	a5, a4, 0x11488 <_vfprintf_r+0x76a>
   10f38: c1 09        	addi	s3, s3, 0x10
   10f3a: 13 7f 4f 00  	andi	t5, t5, 0x4
   10f3e: 63 06 0f 00  	beqz	t5, 0x10f4a <_vfprintf_r+0x22c>
   10f42: 3b 8c bb 41  	subw	s8, s7, s11
   10f46: e3 4d 80 45  	bgtz	s8, 0x11ba0 <_vfprintf_r+0xe82>
   10f4a: de 87        	mv	a5, s7
   10f4c: 63 d3 bb 01  	bge	s7, s11, 0x10f52 <_vfprintf_r+0x234>
   10f50: ee 87        	mv	a5, s11
   10f52: 22 67        	ld	a4, 0x8(sp)
   10f54: b9 9f        	addw	a5, a5, a4
   10f56: 3e e4        	sd	a5, 0x8(sp)
   10f58: e3 1d 0a 3e  	bnez	s4, 0x11b52 <_vfprintf_r+0xe34>
   10f5c: c2 67        	ld	a5, 0x10(sp)
   10f5e: 82 cd        	sw	zero, 0xd8(sp)
   10f60: 89 c7        	beqz	a5, 0x10f6a <_vfprintf_r+0x24c>
   10f62: c2 65        	ld	a1, 0x10(sp)
   10f64: 02 65        	ld	a0, 0x0(sp)
   10f66: ef 20 70 19  	jal	0x138fc <_free_r>
   10f6a: 93 09 01 15  	addi	s3, sp, 0x150
   10f6e: 56 8d        	mv	s10, s5
   10f70: 03 47 0d 00  	lbu	a4, 0x0(s10)
   10f74: e3 19 07 e6  	bnez	a4, 0x10de6 <_vfprintf_r+0xc8>
   10f78: 8e 77        	ld	a5, 0xe0(sp)
   10f7a: 99 c3        	beqz	a5, 0x10f80 <_vfprintf_r+0x262>
   10f7c: 6f 10 00 6c  	j	0x1263c <_vfprintf_r+0x191e>
   10f80: 82 cd        	sw	zero, 0xd8(sp)
   10f82: 03 27 09 0b  	lw	a4, 0xb0(s2)
   10f86: 83 17 09 01  	lh	a5, 0x10(s2)
   10f8a: 05 8b        	andi	a4, a4, 0x1
   10f8c: 63 0b 07 50  	beqz	a4, 0x114a2 <_vfprintf_r+0x784>
   10f90: 93 f7 07 04  	andi	a5, a5, 0x40
   10f94: 83 34 81 22  	ld	s1, 0x228(sp)
   10f98: 83 39 81 21  	ld	s3, 0x218(sp)
   10f9c: 03 3a 01 21  	ld	s4, 0x210(sp)
   10fa0: 83 3a 81 20  	ld	s5, 0x208(sp)
   10fa4: 03 3b 01 20  	ld	s6, 0x200(sp)
   10fa8: fe 7b        	ld	s7, 0x1f8(sp)
   10faa: be 7c        	ld	s9, 0x1e8(sp)
   10fac: 1e 7d        	ld	s10, 0x1e0(sp)
   10fae: fe 6d        	ld	s11, 0x1d8(sp)
   10fb0: 99 c3        	beqz	a5, 0x10fb6 <_vfprintf_r+0x298>
   10fb2: 6f 10 50 67  	j	0x12e26 <_vfprintf_r+0x2108>
   10fb6: 83 30 81 23  	ld	ra, 0x238(sp)
   10fba: 03 34 01 23  	ld	s0, 0x230(sp)
   10fbe: 22 65        	ld	a0, 0x8(sp)
   10fc0: 03 39 01 22  	ld	s2, 0x220(sp)
   10fc4: 5e 7c        	ld	s8, 0x1f0(sp)
   10fc6: 13 01 01 24  	addi	sp, sp, 0x240
   10fca: 82 80        	ret
   10fcc: 13 6f 0b 01  	ori	t5, s6, 0x10
   10fd0: 03 ce 0a 00  	lbu	t3, 0x0(s5)
   10fd4: 1b 0b 0f 00  	sext.w	s6, t5
   10fd8: a5 b5        	j	0x10e40 <_vfprintf_r+0x122>
   10fda: 02 65        	ld	a0, 0x0(sp)
   10fdc: ca 85        	mv	a1, s2
   10fde: ef 20 60 00  	jal	0x12fe4 <__swsetup_r>
   10fe2: 19 c1        	beqz	a0, 0x10fe8 <_vfprintf_r+0x2ca>
   10fe4: 6f 10 b0 63  	j	0x12e1e <_vfprintf_r+0x2100>
   10fe8: 03 17 09 01  	lh	a4, 0x10(s2)
   10fec: 29 46        	li	a2, 0xa
   10fee: 93 76 a7 01  	andi	a3, a4, 0x1a
   10ff2: e3 99 c6 da  	bne	a3, a2, 0x10da4 <_vfprintf_r+0x86>
   10ff6: 83 16 29 01  	lh	a3, 0x12(s2)
   10ffa: e3 c5 06 da  	bltz	a3, 0x10da4 <_vfprintf_r+0x86>
   10ffe: 83 26 09 0b  	lw	a3, 0xb0(s2)
   11002: 85 8a        	andi	a3, a3, 0x1
   11004: 91 e6        	bnez	a3, 0x11010 <_vfprintf_r+0x2f2>
   11006: 13 77 07 20  	andi	a4, a4, 0x200
   1100a: 19 e3        	bnez	a4, 0x11010 <_vfprintf_r+0x2f2>
   1100c: 6f 10 40 69  	j	0x126a0 <_vfprintf_r+0x1982>
   11010: e2 66        	ld	a3, 0x18(sp)
   11012: 02 65        	ld	a0, 0x0(sp)
   11014: 62 86        	mv	a2, s8
   11016: ca 85        	mv	a1, s2
   11018: ef 10 b0 71  	jal	0x12f32 <__sbprintf>
   1101c: 83 30 81 23  	ld	ra, 0x238(sp)
   11020: 03 34 01 23  	ld	s0, 0x230(sp)
   11024: 2a e4        	sd	a0, 0x8(sp)
   11026: 22 65        	ld	a0, 0x8(sp)
   11028: 03 39 01 22  	ld	s2, 0x220(sp)
   1102c: 5e 7c        	ld	s8, 0x1f0(sp)
   1102e: 13 01 01 24  	addi	sp, sp, 0x240
   11032: 82 80        	ret
   11034: 3b 8a aa 41  	subw	s4, s5, s10
   11038: e3 12 0a dc  	bnez	s4, 0x10dfc <_vfprintf_r+0xde>
   1103c: 03 c7 0a 00  	lbu	a4, 0x0(s5)
   11040: d5 b3        	j	0x10e24 <_vfprintf_r+0x106>
   11042: 02 65        	ld	a0, 0x0(sp)
   11044: 90 09        	addi	a2, sp, 0xd0
   11046: ca 85        	mv	a1, s2
   11048: ef 90 60 2a  	jal	0x1a2ee <__sprint_r>
   1104c: 1d f9        	bnez	a0, 0x10f82 <_vfprintf_r+0x264>
   1104e: 93 09 01 15  	addi	s3, sp, 0x150
   11052: d9 b3        	j	0x10e18 <_vfprintf_r+0xfa>
   11054: 13 77 8b 00  	andi	a4, s6, 0x8
   11058: 5a 8f        	mv	t5, s6
   1105a: 62 83        	mv	t1, s8
   1105c: e3 1f 07 72  	bnez	a4, 0x11f9a <_vfprintf_r+0x127c>
   11060: e2 67        	ld	a5, 0x18(sp)
   11062: 72 e8        	sd	t3, 0x10(sp)
   11064: 62 f8        	sd	s8, 0x30(sp)
   11066: 88 23        	fld	fa0, 0x0(a5)
   11068: 93 8c 87 00  	addi	s9, a5, 0x8
   1106c: 5a f0        	sd	s6, 0x20(sp)
   1106e: ef d0 a0 4f  	jal	0x1e568 <__extenddftf2>
   11072: 42 73        	ld	t1, 0x30(sp)
   11074: 02 7f        	ld	t5, 0x20(sp)
   11076: 42 6e        	ld	t3, 0x10(sp)
   11078: 66 ec        	sd	s9, 0x18(sp)
   1107a: 2a 87        	mv	a4, a0
   1107c: 88 01        	addi	a0, sp, 0xc0
   1107e: 1a f8        	sd	t1, 0x30(sp)
   11080: 7a f0        	sd	t5, 0x20(sp)
   11082: 72 e8        	sd	t3, 0x10(sp)
   11084: ba e1        	sd	a4, 0xc0(sp)
   11086: ae e5        	sd	a1, 0xc8(sp)
   11088: ef 50 e0 1f  	jal	0x16286 <_ldcheck>
   1108c: 2a d5        	sw	a0, 0xa8(sp)
   1108e: 09 47        	li	a4, 0x2
   11090: 42 6e        	ld	t3, 0x10(sp)
   11092: 02 7f        	ld	t5, 0x20(sp)
   11094: 42 73        	ld	t1, 0x30(sp)
   11096: 63 14 e5 00  	bne	a0, a4, 0x1109e <_vfprintf_r+0x380>
   1109a: 6f 10 80 22  	j	0x122c2 <_vfprintf_r+0x15a4>
   1109e: 85 46        	li	a3, 0x1
   110a0: 63 14 d5 00  	bne	a0, a3, 0x110a8 <_vfprintf_r+0x38a>
   110a4: 6f 10 20 3c  	j	0x12466 <_vfprintf_r+0x1748>
   110a8: 13 07 10 06  	li	a4, 0x61
   110ac: 63 14 ee 00  	bne	t3, a4, 0x110b4 <_vfprintf_r+0x396>
   110b0: 6f 10 60 05  	j	0x12106 <_vfprintf_r+0x13e8>
   110b4: 13 07 10 04  	li	a4, 0x41
   110b8: 93 07 80 05  	li	a5, 0x58
   110bc: 63 14 ee 00  	bne	t3, a4, 0x110c4 <_vfprintf_r+0x3a6>
   110c0: 6f 10 a0 04  	j	0x1210a <_vfprintf_r+0x13ec>
   110c4: 7d 57        	li	a4, -0x1
   110c6: 63 14 e3 00  	bne	t1, a4, 0x110ce <_vfprintf_r+0x3b0>
   110ca: 6f 10 70 3f  	j	0x12cc0 <_vfprintf_r+0x1fa2>
   110ce: 93 67 0f 10  	ori	a5, t5, 0x100
   110d2: 13 06 70 06  	li	a2, 0x67
   110d6: 0e 6c        	ld	s8, 0xc0(sp)
   110d8: 2e 6a        	ld	s4, 0xc8(sp)
   110da: 1b 8b 07 00  	sext.w	s6, a5
   110de: 63 14 ce 00  	bne	t3, a2, 0x110e6 <_vfprintf_r+0x3c8>
   110e2: 6f 10 b0 49  	j	0x12d7c <_vfprintf_r+0x205e>
   110e6: 13 06 70 04  	li	a2, 0x47
   110ea: 63 14 ce 00  	bne	t3, a2, 0x110f2 <_vfprintf_r+0x3d4>
   110ee: 6f 10 d0 37  	j	0x12c6a <_vfprintf_r+0x1f4c>
   110f2: 7a f8        	sd	t5, 0x30(sp)
   110f4: 63 54 0a 00  	bgez	s4, 0x110fc <_vfprintf_r+0x3de>
   110f8: 6f 10 10 55  	j	0x12e48 <_vfprintf_r+0x212a>
   110fc: 9b 06 fe fb  	addiw	a3, t3, -0x41
   11100: 5a 8f        	mv	t5, s6
   11102: 02 e8        	sd	zero, 0x10(sp)
   11104: 82 f4        	sd	zero, 0x68(sp)
   11106: 13 06 00 02  	li	a2, 0x20
   1110a: 13 17 06 02  	slli	a4, a2, 0x20
   1110e: 85 4d        	li	s11, 0x1
   11110: 32 97        	add	a4, a4, a2
   11112: b3 96 dd 00  	sll	a3, s11, a3
   11116: 75 8f        	and	a4, a4, a3
   11118: 19 c3        	beqz	a4, 0x1111e <_vfprintf_r+0x400>
   1111a: 6f 10 00 78  	j	0x1289a <_vfprintf_r+0x1b7c>
   1111e: 41 46        	li	a2, 0x10
   11120: 13 17 06 02  	slli	a4, a2, 0x20
   11124: 32 97        	add	a4, a4, a2
   11126: 75 8f        	and	a4, a4, a3
   11128: 19 c3        	beqz	a4, 0x1112e <_vfprintf_r+0x410>
   1112a: 6f 10 f0 29  	j	0x12bc8 <_vfprintf_r+0x1eaa>
   1112e: 13 97 0d 02  	slli	a4, s11, 0x20
   11132: 6e 97        	add	a4, a4, s11
   11134: 75 8f        	and	a4, a4, a3
   11136: 19 e3        	bnez	a4, 0x1113c <_vfprintf_r+0x41e>
   11138: 6f 10 f0 34  	j	0x12c86 <_vfprintf_r+0x1f68>
   1113c: d2 85        	mv	a1, s4
   1113e: 62 85        	mv	a0, s8
   11140: 1a f4        	sd	t1, 0x28(sp)
   11142: 72 f0        	sd	t3, 0x20(sp)
   11144: ef d0 80 4e  	jal	0x1e62c <__trunctfdf2>
   11148: 28 11        	addi	a0, sp, 0xa8
   1114a: ef 60 50 53  	jal	0x17e7e <frexp>
   1114e: ef d0 a0 41  	jal	0x1e568 <__extenddftf2>
   11152: 17 e7 00 00  	auipc	a4, 0xe
   11156: 13 07 e7 e5  	addi	a4, a4, -0x1a2
   1115a: 10 63        	ld	a2, 0x0(a4)
   1115c: 14 67        	ld	a3, 0x8(a4)
   1115e: ef c0 40 50  	jal	0x1d662 <__multf3>
   11162: 01 46        	li	a2, 0x0
   11164: 81 46        	li	a3, 0x0
   11166: aa 8c        	mv	s9, a0
   11168: 2e 8a        	mv	s4, a1
   1116a: ef c0 80 31  	jal	0x1d482 <__netf2>
   1116e: 02 7e        	ld	t3, 0x20(sp)
   11170: 22 73        	ld	t1, 0x28(sp)
   11172: 11 e1        	bnez	a0, 0x11176 <_vfprintf_r+0x458>
   11174: 6e d5        	sw	s11, 0xa8(sp)
   11176: 13 07 10 06  	li	a4, 0x61
   1117a: 17 ec 00 00  	auipc	s8, 0xe
   1117e: 13 0c ec b9  	addi	s8, s8, -0x462
   11182: 63 16 ee 00  	bne	t3, a4, 0x1118e <_vfprintf_r+0x470>
   11186: 17 ec 00 00  	auipc	s8, 0xe
   1118a: 13 0c ac b7  	addi	s8, s8, -0x486
   1118e: 97 e6 00 00  	auipc	a3, 0xe
   11192: 93 86 26 e3  	addi	a3, a3, -0x1ce
   11196: 9c 62        	ld	a5, 0x0(a3)
   11198: 13 17 03 02  	slli	a4, t1, 0x20
   1119c: 01 93        	srli	a4, a4, 0x20
   1119e: 3e f0        	sd	a5, 0x20(sp)
   111a0: 9c 66        	ld	a5, 0x8(a3)
   111a2: 05 07        	addi	a4, a4, 0x1
   111a4: ce e8        	sd	s3, 0x50(sp)
   111a6: 3e f4        	sd	a5, 0x28(sp)
   111a8: b3 07 ed 00  	add	a5, s10, a4
   111ac: ea 89        	mv	s3, s10
   111ae: ea 8d        	mv	s11, s10
   111b0: 56 fc        	sd	s5, 0x38(sp)
   111b2: 4a 8d        	mv	s10, s2
   111b4: f2 fc        	sd	t3, 0x78(sp)
   111b6: 1a 8b        	mv	s6, t1
   111b8: 3e 89        	mv	s2, a5
   111ba: 01 a8        	j	0x111ca <_vfprintf_r+0x4ac>
   111bc: 01 46        	li	a2, 0x0
   111be: 81 46        	li	a3, 0x0
   111c0: ef c0 20 2c  	jal	0x1d482 <__netf2>
   111c4: 19 e1        	bnez	a0, 0x111ca <_vfprintf_r+0x4ac>
   111c6: 6f 10 10 3f  	j	0x12db6 <_vfprintf_r+0x2098>
   111ca: 02 76        	ld	a2, 0x20(sp)
   111cc: a2 76        	ld	a3, 0x28(sp)
   111ce: 66 85        	mv	a0, s9
   111d0: d2 85        	mv	a1, s4
   111d2: ef c0 00 49  	jal	0x1d662 <__multf3>
   111d6: 2e 8a        	mv	s4, a1
   111d8: aa 8c        	mv	s9, a0
   111da: ef d0 00 2b  	jal	0x1e48a <__fixtfsi>
   111de: 9b 0a 05 00  	sext.w	s5, a0
   111e2: 56 85        	mv	a0, s5
   111e4: ef d0 20 33  	jal	0x1e516 <__floatsitf>
   111e8: ae 86        	mv	a3, a1
   111ea: 2a 86        	mv	a2, a0
   111ec: d2 85        	mv	a1, s4
   111ee: 66 85        	mv	a0, s9
   111f0: ef c0 f0 26  	jal	0x1dc5e <__subtf3>
   111f4: b3 07 5c 01  	add	a5, s8, s5
   111f8: 83 c6 07 00  	lbu	a3, 0x0(a5)
   111fc: ce 87        	mv	a5, s3
   111fe: 85 09        	addi	s3, s3, 0x1
   11200: a3 8f d9 fe  	sb	a3, -0x1(s3)
   11204: aa 8c        	mv	s9, a0
   11206: 2e 8a        	mv	s4, a1
   11208: e3 1a 39 fb  	bne	s2, s3, 0x111bc <_vfprintf_r+0x49e>
   1120c: 97 e6 00 00  	auipc	a3, 0xe
   11210: 93 86 46 dc  	addi	a3, a3, -0x23c
   11214: 66 7e        	ld	t3, 0x78(sp)
   11216: 90 62        	ld	a2, 0x0(a3)
   11218: 94 66        	ld	a3, 0x8(a3)
   1121a: 72 f4        	sd	t3, 0x28(sp)
   1121c: 3e f0        	sd	a5, 0x20(sp)
   1121e: 4e 8b        	mv	s6, s3
   11220: 6a 89        	mv	s2, s10
   11222: c6 69        	ld	s3, 0x50(sp)
   11224: 6e 8d        	mv	s10, s11
   11226: b2 e8        	sd	a2, 0x50(sp)
   11228: d6 8d        	mv	s11, s5
   1122a: e2 7a        	ld	s5, 0x38(sp)
   1122c: 36 fc        	sd	a3, 0x38(sp)
   1122e: ef c0 80 2f  	jal	0x1d526 <__gttf2>
   11232: 82 77        	ld	a5, 0x20(sp)
   11234: 22 7e        	ld	t3, 0x28(sp)
   11236: 63 40 a0 02  	bgtz	a0, 0x11256 <_vfprintf_r+0x538>
   1123a: 46 66        	ld	a2, 0x50(sp)
   1123c: e2 76        	ld	a3, 0x38(sp)
   1123e: 66 85        	mv	a0, s9
   11240: d2 85        	mv	a1, s4
   11242: 72 f0        	sd	t3, 0x20(sp)
   11244: 3e f4        	sd	a5, 0x28(sp)
   11246: ef c0 c0 23  	jal	0x1d482 <__netf2>
   1124a: 02 7e        	ld	t3, 0x20(sp)
   1124c: 21 e5        	bnez	a0, 0x11294 <_vfprintf_r+0x576>
   1124e: 13 f7 1d 00  	andi	a4, s11, 0x1
   11252: a2 77        	ld	a5, 0x28(sp)
   11254: 21 c3        	beqz	a4, 0x11294 <_vfprintf_r+0x576>
   11256: 3e fd        	sd	a5, 0xb8(sp)
   11258: 83 46 fb ff  	lbu	a3, -0x1(s6)
   1125c: 03 46 fc 00  	lbu	a2, 0xf(s8)
   11260: 5a 87        	mv	a4, s6
   11262: 63 1e d6 00  	bne	a2, a3, 0x1127e <_vfprintf_r+0x560>
   11266: 93 05 00 03  	li	a1, 0x30
   1126a: a3 0f b7 fe  	sb	a1, -0x1(a4)
   1126e: 6a 77        	ld	a4, 0xb8(sp)
   11270: 93 07 f7 ff  	addi	a5, a4, -0x1
   11274: 3e fd        	sd	a5, 0xb8(sp)
   11276: 83 46 f7 ff  	lbu	a3, -0x1(a4)
   1127a: e3 88 c6 fe  	beq	a3, a2, 0x1126a <_vfprintf_r+0x54c>
   1127e: 13 06 90 03  	li	a2, 0x39
   11282: 63 94 c6 00  	bne	a3, a2, 0x1128a <_vfprintf_r+0x56c>
   11286: 6f 10 70 40  	j	0x12e8c <_vfprintf_r+0x216e>
   1128a: 85 26        	addiw	a3, a3, 0x1
   1128c: 93 f6 f6 0f  	andi	a3, a3, 0xff
   11290: a3 0f d7 fe  	sb	a3, -0x1(a4)
   11294: aa 57        	lw	a5, 0xa8(sp)
   11296: 3b 07 ab 41  	subw	a4, s6, s10
   1129a: 3a f4        	sd	a4, 0x28(sp)
   1129c: 9b 86 f7 ff  	addiw	a3, a5, -0x1
   112a0: 3e f0        	sd	a5, 0x20(sp)
   112a2: 13 06 10 06  	li	a2, 0x61
   112a6: 36 d5        	sw	a3, 0xa8(sp)
   112a8: 36 87        	mv	a4, a3
   112aa: 63 14 ce 00  	bne	t3, a2, 0x112b2 <_vfprintf_r+0x594>
   112ae: 6f 10 10 38  	j	0x12e2e <_vfprintf_r+0x2110>
   112b2: 93 05 10 04  	li	a1, 0x41
   112b6: 13 06 00 05  	li	a2, 0x50
   112ba: 63 04 be 00  	beq	t3, a1, 0x112c2 <_vfprintf_r+0x5a4>
   112be: 6f 10 e0 66  	j	0x1292c <_vfprintf_r+0x1c0e>
   112c2: 23 08 c1 0a  	sb	a2, 0xb0(sp)
   112c6: 63 d4 06 00  	bgez	a3, 0x112ce <_vfprintf_r+0x5b0>
   112ca: 6f 10 80 41  	j	0x126e2 <_vfprintf_r+0x19c4>
   112ce: 13 06 b0 02  	li	a2, 0x2b
   112d2: a3 08 c1 0a  	sb	a2, 0xb1(sp)
   112d6: 25 46        	li	a2, 0x9
   112d8: 63 44 d6 00  	blt	a2, a3, 0x112e0 <_vfprintf_r+0x5c2>
   112dc: 6f 10 e0 41  	j	0x126fa <_vfprintf_r+0x19dc>
   112e0: 37 d5 0c 00  	lui	a0, 0xcd
   112e4: 13 05 d5 cc  	addi	a0, a0, -0x333
   112e8: 32 05        	slli	a0, a0, 0xc
   112ea: 93 08 f1 0b  	addi	a7, sp, 0xbf
   112ee: 13 05 d5 cc  	addi	a0, a0, -0x333
   112f2: c6 85        	mv	a1, a7
   112f4: 13 03 30 06  	li	t1, 0x63
   112f8: 93 17 07 02  	slli	a5, a4, 0x20
   112fc: 81 93        	srli	a5, a5, 0x20
   112fe: b3 87 a7 02  	mul	a5, a5, a0
   11302: 3a 88        	mv	a6, a4
   11304: 2e 86        	mv	a2, a1
   11306: fd 15        	addi	a1, a1, -0x1
   11308: 8d 93        	srli	a5, a5, 0x23
   1130a: 9b 96 27 00  	slliw	a3, a5, 0x2
   1130e: bd 9e        	addw	a3, a3, a5
   11310: 9b 96 16 00  	slliw	a3, a3, 0x1
   11314: 15 9f        	subw	a4, a4, a3
   11316: 1b 07 07 03  	addiw	a4, a4, 0x30
   1131a: a3 0f e6 fe  	sb	a4, -0x1(a2)
   1131e: 3e 87        	mv	a4, a5
   11320: e3 4c 03 fd  	blt	t1, a6, 0x112f8 <_vfprintf_r+0x5da>
   11324: 1b 87 07 03  	addiw	a4, a5, 0x30
   11328: a3 8f e5 fe  	sb	a4, -0x1(a1)
   1132c: 13 07 e6 ff  	addi	a4, a2, -0x2
   11330: 63 64 17 01  	bltu	a4, a7, 0x11338 <_vfprintf_r+0x61a>
   11334: 6f 10 10 36  	j	0x12e94 <_vfprintf_r+0x2176>
   11338: 13 05 21 0b  	addi	a0, sp, 0xb2
   1133c: aa 86        	mv	a3, a0
   1133e: 83 47 07 00  	lbu	a5, 0x0(a4)
   11342: 05 07        	addi	a4, a4, 0x1
   11344: 85 06        	addi	a3, a3, 0x1
   11346: a3 8f f6 fe  	sb	a5, -0x1(a3)
   1134a: e3 1a 17 ff  	bne	a4, a7, 0x1133e <_vfprintf_r+0x620>
   1134e: 2a 97        	add	a4, a4, a0
   11350: 09 07        	addi	a4, a4, 0x2
   11352: 11 8f        	sub	a4, a4, a2
   11354: 14 19        	addi	a3, sp, 0xb0
   11356: bb 07 d7 40  	subw	a5, a4, a3
   1135a: be e8        	sd	a5, 0x50(sp)
   1135c: a2 77        	ld	a5, 0x28(sp)
   1135e: 46 67        	ld	a4, 0x50(sp)
   11360: 85 46        	li	a3, 0x1
   11362: 3d 9f        	addw	a4, a4, a5
   11364: 3a 8c        	mv	s8, a4
   11366: 63 c4 f6 00  	blt	a3, a5, 0x1136e <_vfprintf_r+0x650>
   1136a: 6f 10 30 0f  	j	0x12c5c <_vfprintf_r+0x1f3e>
   1136e: 86 67        	ld	a5, 0x40(sp)
   11370: 3b 8c e7 00  	addw	s8, a5, a4
   11374: c2 77        	ld	a5, 0x30(sp)
   11376: 62 88        	mv	a6, s8
   11378: 13 ff f7 bf  	andi	t5, a5, -0x401
   1137c: 01 2f        	sext.w	t5, t5
   1137e: 13 6f 0f 10  	ori	t5, t5, 0x100
   11382: 63 53 0c 00  	bgez	s8, 0x11388 <_vfprintf_r+0x66a>
   11386: 01 48        	li	a6, 0x0
   11388: c2 8d        	mv	s11, a6
   1138a: 02 fc        	sd	zero, 0x38(sp)
   1138c: 02 f8        	sd	zero, 0x30(sp)
   1138e: 02 f0        	sd	zero, 0x20(sp)
   11390: a6 77        	ld	a5, 0x68(sp)
   11392: 13 76 2f 00  	andi	a2, t5, 0x2
   11396: 99 e3        	bnez	a5, 0x1139c <_vfprintf_r+0x67e>
   11398: 6f 10 e0 37  	j	0x12716 <_vfprintf_r+0x19f8>
   1139c: 13 05 d0 02  	li	a0, 0x2d
   113a0: a3 0f a1 08  	sb	a0, 0x9f(sp)
   113a4: 85 2d        	addiw	s11, s11, 0x1
   113a6: 01 43        	li	t1, 0x0
   113a8: e3 06 06 b0  	beqz	a2, 0x10eb4 <_vfprintf_r+0x196>
   113ac: 0e 7a        	ld	s4, 0xe0(sp)
   113ae: ee 45        	lw	a1, 0xd8(sp)
   113b0: 93 7c 4f 08  	andi	s9, t5, 0x84
   113b4: 89 2d        	addiw	s11, s11, 0x2
   113b6: 52 86        	mv	a2, s4
   113b8: ae 86        	mv	a3, a1
   113ba: e3 8c 0c 58  	beqz	s9, 0x12152 <_vfprintf_r+0x1434>
   113be: 09 47        	li	a4, 0x2
   113c0: e3 15 05 b0  	bnez	a0, 0x10eca <_vfprintf_r+0x1ac>
   113c4: 25 b6        	j	0x10eec <_vfprintf_r+0x1ce>
   113c6: 02 65        	ld	a0, 0x0(sp)
   113c8: 90 09        	addi	a2, sp, 0xd0
   113ca: ca 85        	mv	a1, s2
   113cc: 1a e5        	sd	t1, 0x88(sp)
   113ce: 7a e1        	sd	t5, 0x80(sp)
   113d0: f2 fc        	sd	t3, 0x78(sp)
   113d2: ba f4        	sd	a4, 0x68(sp)
   113d4: ef 80 b0 71  	jal	0x1a2ee <__sprint_r>
   113d8: 63 14 05 78  	bnez	a0, 0x11b60 <_vfprintf_r+0xe42>
   113dc: 0e 7a        	ld	s4, 0xe0(sp)
   113de: 2a 63        	ld	t1, 0x88(sp)
   113e0: 0a 6f        	ld	t5, 0x80(sp)
   113e2: 66 7e        	ld	t3, 0x78(sp)
   113e4: 26 77        	ld	a4, 0x68(sp)
   113e6: 93 09 01 15  	addi	s3, sp, 0x150
   113ea: fd bc        	j	0x10ee8 <_vfprintf_r+0x1ca>
   113ec: 6e 4c        	lw	s8, 0xd8(sp)
   113ee: a2 77        	ld	a5, 0x28(sp)
   113f0: 85 46        	li	a3, 0x1
   113f2: 05 2c        	addiw	s8, s8, 0x1
   113f4: 36 9a        	add	s4, s4, a3
   113f6: 62 87        	mv	a4, s8
   113f8: 93 88 09 01  	addi	a7, s3, 0x10
   113fc: e3 df f6 12  	bge	a3, a5, 0x11d3a <_vfprintf_r+0x101c>
   11400: 85 46        	li	a3, 0x1
   11402: 23 b4 d9 00  	sd	a3, 0x8(s3)
   11406: 23 b0 a9 01  	sd	s10, 0x0(s3)
   1140a: d2 f1        	sd	s4, 0xe0(sp)
   1140c: ba cd        	sw	a4, 0xd8(sp)
   1140e: 9d 46        	li	a3, 0x7
   11410: e3 c6 e6 5a  	blt	a3, a4, 0x121bc <_vfprintf_r+0x149e>
   11414: 86 67        	ld	a5, 0x40(sp)
   11416: 26 67        	ld	a4, 0x48(sp)
   11418: 05 2c        	addiw	s8, s8, 0x1
   1141a: 3e 9a        	add	s4, s4, a5
   1141c: 23 b0 e8 00  	sd	a4, 0x0(a7)
   11420: 23 b4 f8 00  	sd	a5, 0x8(a7)
   11424: d2 f1        	sd	s4, 0xe0(sp)
   11426: e2 cd        	sw	s8, 0xd8(sp)
   11428: 1d 47        	li	a4, 0x7
   1142a: c1 08        	addi	a7, a7, 0x10
   1142c: e3 47 87 5b  	blt	a4, s8, 0x121da <_vfprintf_r+0x14bc>
   11430: a2 77        	ld	a5, 0x28(sp)
   11432: 0e 65        	ld	a0, 0xc0(sp)
   11434: ae 65        	ld	a1, 0xc8(sp)
   11436: 01 46        	li	a2, 0x0
   11438: 81 46        	li	a3, 0x0
   1143a: 7a f8        	sd	t5, 0x30(sp)
   1143c: 46 f0        	sd	a7, 0x20(sp)
   1143e: 9b 89 f7 ff  	addiw	s3, a5, -0x1
   11442: ef c0 00 04  	jal	0x1d482 <__netf2>
   11446: 82 78        	ld	a7, 0x20(sp)
   11448: 42 7f        	ld	t5, 0x30(sp)
   1144a: e3 00 05 1c  	beqz	a0, 0x11e0a <_vfprintf_r+0x10ec>
   1144e: 93 07 1d 00  	addi	a5, s10, 0x1
   11452: 05 2c        	addiw	s8, s8, 0x1
   11454: 4e 9a        	add	s4, s4, s3
   11456: 23 b0 f8 00  	sd	a5, 0x0(a7)
   1145a: e2 cd        	sw	s8, 0xd8(sp)
   1145c: d2 f1        	sd	s4, 0xe0(sp)
   1145e: 23 b4 38 01  	sd	s3, 0x8(a7)
   11462: 9d 47        	li	a5, 0x7
   11464: e3 c8 87 0f  	blt	a5, s8, 0x11d54 <_vfprintf_r+0x1036>
   11468: c1 08        	addi	a7, a7, 0x10
   1146a: 46 67        	ld	a4, 0x50(sp)
   1146c: 1c 19        	addi	a5, sp, 0xb0
   1146e: 05 2c        	addiw	s8, s8, 0x1
   11470: 3a 9a        	add	s4, s4, a4
   11472: 23 b0 f8 00  	sd	a5, 0x0(a7)
   11476: d2 f1        	sd	s4, 0xe0(sp)
   11478: e2 cd        	sw	s8, 0xd8(sp)
   1147a: 23 b4 e8 00  	sd	a4, 0x8(a7)
   1147e: 9d 47        	li	a5, 0x7
   11480: 93 89 08 01  	addi	s3, a7, 0x10
   11484: e3 db 87 ab  	bge	a5, s8, 0x10f3a <_vfprintf_r+0x21c>
   11488: 02 65        	ld	a0, 0x0(sp)
   1148a: 90 09        	addi	a2, sp, 0xd0
   1148c: ca 85        	mv	a1, s2
   1148e: 7a f0        	sd	t5, 0x20(sp)
   11490: ef 80 f0 65  	jal	0x1a2ee <__sprint_r>
   11494: 63 16 05 6c  	bnez	a0, 0x11b60 <_vfprintf_r+0xe42>
   11498: 0e 7a        	ld	s4, 0xe0(sp)
   1149a: 02 7f        	ld	t5, 0x20(sp)
   1149c: 93 09 01 15  	addi	s3, sp, 0x150
   114a0: 69 bc        	j	0x10f3a <_vfprintf_r+0x21c>
   114a2: 13 f7 07 20  	andi	a4, a5, 0x200
   114a6: e3 15 07 ae  	bnez	a4, 0x10f90 <_vfprintf_r+0x272>
   114aa: 03 35 09 0a  	ld	a0, 0xa0(s2)
   114ae: ef 40 30 64  	jal	0x162f0 <__retarget_lock_release_recursive>
   114b2: 83 17 09 01  	lh	a5, 0x10(s2)
   114b6: e9 bc        	j	0x10f90 <_vfprintf_r+0x272>
   114b8: 02 65        	ld	a0, 0x0(sp)
   114ba: ef 20 40 09  	jal	0x1354e <__sinit>
   114be: 61 b8        	j	0x10d56 <_vfprintf_r+0x38>
   114c0: e2 67        	ld	a5, 0x18(sp)
   114c2: 13 77 0b 02  	andi	a4, s6, 0x20
   114c6: 5a 8f        	mv	t5, s6
   114c8: 62 83        	mv	t1, s8
   114ca: a1 07        	addi	a5, a5, 0x8
   114cc: 63 1b 07 24  	bnez	a4, 0x11722 <_vfprintf_r+0xa04>
   114d0: 13 77 0b 01  	andi	a4, s6, 0x10
   114d4: 19 c3        	beqz	a4, 0x114da <_vfprintf_r+0x7bc>
   114d6: 6f 10 40 6b  	j	0x12b8a <_vfprintf_r+0x1e6c>
   114da: e2 66        	ld	a3, 0x18(sp)
   114dc: 13 77 0b 04  	andi	a4, s6, 0x40
   114e0: 03 aa 06 00  	lw	s4, 0x0(a3)
   114e4: e3 09 07 74  	beqz	a4, 0x12436 <_vfprintf_r+0x1718>
   114e8: 1b 1a 0a 01  	slliw	s4, s4, 0x10
   114ec: 1b 5a 0a 41  	sraiw	s4, s4, 0x10
   114f0: 3e ec        	sd	a5, 0x18(sp)
   114f2: 52 87        	mv	a4, s4
   114f4: 63 4d 07 22  	bltz	a4, 0x1172e <_vfprintf_r+0xa10>
   114f8: 63 46 03 24  	bltz	t1, 0x11744 <_vfprintf_r+0xa26>
   114fc: 13 7f ff f7  	andi	t5, t5, -0x81
   11500: 01 2f        	sext.w	t5, t5
   11502: 63 11 0a 24  	bnez	s4, 0x11744 <_vfprintf_r+0xa26>
   11506: 63 14 03 00  	bnez	t1, 0x1150e <_vfprintf_r+0x7f0>
   1150a: 6f 10 00 06  	j	0x1256a <_vfprintf_r+0x184c>
   1150e: 93 07 00 03  	li	a5, 0x30
   11512: 81 a4        	j	0x11752 <_vfprintf_r+0xa34>
   11514: 62 67        	ld	a4, 0x18(sp)
   11516: 5a 8f        	mv	t5, s6
   11518: 05 4c        	li	s8, 0x1
   1151a: 1c 43        	lw	a5, 0x0(a4)
   1151c: a3 0f 01 08  	sb	zero, 0x9f(sp)
   11520: 23 04 f1 0e  	sb	a5, 0xe8(sp)
   11524: 93 07 87 00  	addi	a5, a4, 0x8
   11528: 3e ec        	sd	a5, 0x18(sp)
   1152a: ad ba        	j	0x10ea4 <_vfprintf_r+0x186>
   1152c: e2 67        	ld	a5, 0x18(sp)
   1152e: a3 0f 01 08  	sb	zero, 0x9f(sp)
   11532: 5a 8f        	mv	t5, s6
   11534: 03 bd 07 00  	ld	s10, 0x0(a5)
   11538: 93 8c 87 00  	addi	s9, a5, 0x8
   1153c: e3 02 0d 3a  	beqz	s10, 0x120e0 <_vfprintf_r+0x13c2>
   11540: e3 49 0c 60  	bltz	s8, 0x12352 <_vfprintf_r+0x1634>
   11544: 62 86        	mv	a2, s8
   11546: 81 45        	li	a1, 0x0
   11548: 6a 85        	mv	a0, s10
   1154a: 72 f0        	sd	t3, 0x20(sp)
   1154c: 5a f8        	sd	s6, 0x30(sp)
   1154e: 62 ec        	sd	s8, 0x18(sp)
   11550: ef 50 a0 58  	jal	0x16ada <memchr>
   11554: 2a e8        	sd	a0, 0x10(sp)
   11556: 03 47 f1 09  	lbu	a4, 0x9f(sp)
   1155a: 62 63        	ld	t1, 0x18(sp)
   1155c: 02 7e        	ld	t3, 0x20(sp)
   1155e: 42 7f        	ld	t5, 0x30(sp)
   11560: 19 e1        	bnez	a0, 0x11566 <_vfprintf_r+0x848>
   11562: 6f 10 c0 56  	j	0x12ace <_vfprintf_r+0x1db0>
   11566: 3b 0c a5 41  	subw	s8, a0, s10
   1156a: e2 86        	mv	a3, s8
   1156c: 63 54 0c 00  	bgez	s8, 0x11574 <_vfprintf_r+0x856>
   11570: 6f 10 60 09  	j	0x12606 <_vfprintf_r+0x18e8>
   11574: b6 8d        	mv	s11, a3
   11576: 19 c3        	beqz	a4, 0x1157c <_vfprintf_r+0x85e>
   11578: 6f 10 60 02  	j	0x1259e <_vfprintf_r+0x1880>
   1157c: 66 ec        	sd	s9, 0x18(sp)
   1157e: 0e 7a        	ld	s4, 0xe0(sp)
   11580: 02 e8        	sd	zero, 0x10(sp)
   11582: 02 fc        	sd	zero, 0x38(sp)
   11584: 02 f8        	sd	zero, 0x30(sp)
   11586: 02 f0        	sd	zero, 0x20(sp)
   11588: 93 7c 4f 08  	andi	s9, t5, 0x84
   1158c: 01 43        	li	t1, 0x0
   1158e: 52 86        	mv	a2, s4
   11590: e3 98 0c 92  	bnez	s9, 0x10ec0 <_vfprintf_r+0x1a2>
   11594: 3b 87 bb 41  	subw	a4, s7, s11
   11598: 63 4d e0 7c  	bgtz	a4, 0x11d72 <_vfprintf_r+0x1054>
   1159c: 03 47 f1 09  	lbu	a4, 0x9f(sp)
   115a0: e3 13 07 92  	bnez	a4, 0x10ec6 <_vfprintf_r+0x1a8>
   115a4: 3b 03 83 41  	subw	t1, t1, s8
   115a8: e3 58 60 96  	blez	t1, 0x10f18 <_vfprintf_r+0x1fa>
   115ac: 6e 46        	lw	a2, 0xd8(sp)
   115ae: 97 ec 00 00  	auipc	s9, 0xe
   115b2: 93 8c ac 9d  	addi	s9, s9, -0x626
   115b6: 63 db 64 04  	bge	s1, t1, 0x1160c <_vfprintf_r+0x8ee>
   115ba: ce 87        	mv	a5, s3
   115bc: 52 87        	mv	a4, s4
   115be: 66 8b        	mv	s6, s9
   115c0: 9d 46        	li	a3, 0x7
   115c2: f2 89        	mv	s3, t3
   115c4: 7a 8a        	mv	s4, t5
   115c6: 9a 8c        	mv	s9, t1
   115c8: 21 a0        	j	0x115d0 <_vfprintf_r+0x8b2>
   115ca: c1 3c        	addiw	s9, s9, -0x10
   115cc: 63 da 94 03  	bge	s1, s9, 0x11600 <_vfprintf_r+0x8e2>
   115d0: 41 07        	addi	a4, a4, 0x10
   115d2: 05 26        	addiw	a2, a2, 0x1
   115d4: 23 b0 67 01  	sd	s6, 0x0(a5)
   115d8: 84 e7        	sd	s1, 0x8(a5)
   115da: ba f1        	sd	a4, 0xe0(sp)
   115dc: b2 cd        	sw	a2, 0xd8(sp)
   115de: c1 07        	addi	a5, a5, 0x10
   115e0: e3 d5 c6 fe  	bge	a3, a2, 0x115ca <_vfprintf_r+0x8ac>
   115e4: 02 65        	ld	a0, 0x0(sp)
   115e6: 90 09        	addi	a2, sp, 0xd0
   115e8: ca 85        	mv	a1, s2
   115ea: ef 80 50 50  	jal	0x1a2ee <__sprint_r>
   115ee: 63 19 05 56  	bnez	a0, 0x11b60 <_vfprintf_r+0xe42>
   115f2: c1 3c        	addiw	s9, s9, -0x10
   115f4: 0e 77        	ld	a4, 0xe0(sp)
   115f6: 6e 46        	lw	a2, 0xd8(sp)
   115f8: 9c 0a        	addi	a5, sp, 0x150
   115fa: 9d 46        	li	a3, 0x7
   115fc: e3 ca 94 fd  	blt	s1, s9, 0x115d0 <_vfprintf_r+0x8b2>
   11600: 66 83        	mv	t1, s9
   11602: 4e 8e        	mv	t3, s3
   11604: 52 8f        	mv	t5, s4
   11606: be 89        	mv	s3, a5
   11608: 3a 8a        	mv	s4, a4
   1160a: da 8c        	mv	s9, s6
   1160c: 1a 9a        	add	s4, s4, t1
   1160e: 05 26        	addiw	a2, a2, 0x1
   11610: 23 b0 99 01  	sd	s9, 0x0(s3)
   11614: 23 b4 69 00  	sd	t1, 0x8(s3)
   11618: d2 f1        	sd	s4, 0xe0(sp)
   1161a: b2 cd        	sw	a2, 0xd8(sp)
   1161c: 1d 47        	li	a4, 0x7
   1161e: c1 09        	addi	s3, s3, 0x10
   11620: e3 5c c7 8e  	bge	a4, a2, 0x10f18 <_vfprintf_r+0x1fa>
   11624: 02 65        	ld	a0, 0x0(sp)
   11626: 90 09        	addi	a2, sp, 0xd0
   11628: ca 85        	mv	a1, s2
   1162a: fa fc        	sd	t5, 0x78(sp)
   1162c: f2 f4        	sd	t3, 0x68(sp)
   1162e: ef 80 10 4c  	jal	0x1a2ee <__sprint_r>
   11632: 63 17 05 52  	bnez	a0, 0x11b60 <_vfprintf_r+0xe42>
   11636: 66 7f        	ld	t5, 0x78(sp)
   11638: 0e 7a        	ld	s4, 0xe0(sp)
   1163a: 26 7e        	ld	t3, 0x68(sp)
   1163c: 13 77 0f 10  	andi	a4, t5, 0x100
   11640: 93 09 01 15  	addi	s3, sp, 0x150
   11644: e3 0e 07 8c  	beqz	a4, 0x10f20 <_vfprintf_r+0x202>
   11648: 13 07 50 06  	li	a4, 0x65
   1164c: e3 50 c7 db  	bge	a4, t3, 0x113ec <_vfprintf_r+0x6ce>
   11650: 0e 65        	ld	a0, 0xc0(sp)
   11652: ae 65        	ld	a1, 0xc8(sp)
   11654: 01 46        	li	a2, 0x0
   11656: 81 46        	li	a3, 0x0
   11658: fa f4        	sd	t5, 0x68(sp)
   1165a: ef b0 90 62  	jal	0x1d482 <__netf2>
   1165e: 26 7f        	ld	t5, 0x68(sp)
   11660: 63 1d 05 5a  	bnez	a0, 0x11c1a <_vfprintf_r+0xefc>
   11664: ee 47        	lw	a5, 0xd8(sp)
   11666: 05 47        	li	a4, 0x1
   11668: 05 0a        	addi	s4, s4, 0x1
   1166a: 97 d6 00 00  	auipc	a3, 0xd
   1166e: 93 86 e6 6c  	addi	a3, a3, 0x6ce
   11672: 85 27        	addiw	a5, a5, 0x1
   11674: 23 b4 e9 00  	sd	a4, 0x8(s3)
   11678: 23 b0 d9 00  	sd	a3, 0x0(s3)
   1167c: d2 f1        	sd	s4, 0xe0(sp)
   1167e: be cd        	sw	a5, 0xd8(sp)
   11680: 1d 47        	li	a4, 0x7
   11682: c1 09        	addi	s3, s3, 0x10
   11684: e3 4f f7 3e  	blt	a4, a5, 0x12282 <_vfprintf_r+0x1564>
   11688: aa 57        	lw	a5, 0xa8(sp)
   1168a: 22 77        	ld	a4, 0x28(sp)
   1168c: 63 dd e7 7c  	bge	a5, a4, 0x11e66 <_vfprintf_r+0x1148>
   11690: 06 67        	ld	a4, 0x40(sp)
   11692: ee 47        	lw	a5, 0xd8(sp)
   11694: a6 66        	ld	a3, 0x48(sp)
   11696: 3a 9a        	add	s4, s4, a4
   11698: 85 27        	addiw	a5, a5, 0x1
   1169a: 23 b4 e9 00  	sd	a4, 0x8(s3)
   1169e: 23 b0 d9 00  	sd	a3, 0x0(s3)
   116a2: d2 f1        	sd	s4, 0xe0(sp)
   116a4: be cd        	sw	a5, 0xd8(sp)
   116a6: 1d 47        	li	a4, 0x7
   116a8: c1 09        	addi	s3, s3, 0x10
   116aa: e3 4b f7 1e  	blt	a4, a5, 0x120a0 <_vfprintf_r+0x1382>
   116ae: a2 77        	ld	a5, 0x28(sp)
   116b0: 1b 8c f7 ff  	addiw	s8, a5, -0x1
   116b4: e3 53 80 89  	blez	s8, 0x10f3a <_vfprintf_r+0x21c>
   116b8: c1 46        	li	a3, 0x10
   116ba: ee 47        	lw	a5, 0xd8(sp)
   116bc: 97 ec 00 00  	auipc	s9, 0xe
   116c0: 93 8c cc 8c  	addi	s9, s9, -0x734
   116c4: e3 d0 86 3f  	bge	a3, s8, 0x122a4 <_vfprintf_r+0x1586>
   116c8: 66 8b        	mv	s6, s9
   116ca: 36 83        	mv	t1, a3
   116cc: e2 8c        	mv	s9, s8
   116ce: 1d 4d        	li	s10, 0x7
   116d0: 7a 8c        	mv	s8, t5
   116d2: 21 a0        	j	0x116da <_vfprintf_r+0x9bc>
   116d4: c1 3c        	addiw	s9, s9, -0x10
   116d6: e3 54 93 3d  	bge	t1, s9, 0x1229e <_vfprintf_r+0x1580>
   116da: 41 0a        	addi	s4, s4, 0x10
   116dc: 85 27        	addiw	a5, a5, 0x1
   116de: 23 b0 69 01  	sd	s6, 0x0(s3)
   116e2: 23 b4 d9 00  	sd	a3, 0x8(s3)
   116e6: d2 f1        	sd	s4, 0xe0(sp)
   116e8: be cd        	sw	a5, 0xd8(sp)
   116ea: c1 09        	addi	s3, s3, 0x10
   116ec: e3 54 fd fe  	bge	s10, a5, 0x116d4 <_vfprintf_r+0x9b6>
   116f0: 02 65        	ld	a0, 0x0(sp)
   116f2: 90 09        	addi	a2, sp, 0xd0
   116f4: ca 85        	mv	a1, s2
   116f6: ef 80 90 3f  	jal	0x1a2ee <__sprint_r>
   116fa: 63 13 05 46  	bnez	a0, 0x11b60 <_vfprintf_r+0xe42>
   116fe: 41 43        	li	t1, 0x10
   11700: 0e 7a        	ld	s4, 0xe0(sp)
   11702: ee 47        	lw	a5, 0xd8(sp)
   11704: 93 09 01 15  	addi	s3, sp, 0x150
   11708: 9a 86        	mv	a3, t1
   1170a: e9 b7        	j	0x116d4 <_vfprintf_r+0x9b6>
   1170c: 93 66 0b 01  	ori	a3, s6, 0x10
   11710: 13 7f 0b 02  	andi	t5, s6, 0x20
   11714: 62 83        	mv	t1, s8
   11716: 81 26        	sext.w	a3, a3
   11718: e3 0c 0f 08  	beqz	t5, 0x11fb0 <_vfprintf_r+0x1292>
   1171c: e2 67        	ld	a5, 0x18(sp)
   1171e: 36 8f        	mv	t5, a3
   11720: a1 07        	addi	a5, a5, 0x8
   11722: 62 67        	ld	a4, 0x18(sp)
   11724: 3e ec        	sd	a5, 0x18(sp)
   11726: 18 63        	ld	a4, 0x0(a4)
   11728: 3a 8a        	mv	s4, a4
   1172a: e3 57 07 dc  	bgez	a4, 0x114f8 <_vfprintf_r+0x7da>
   1172e: 93 07 d0 02  	li	a5, 0x2d
   11732: a3 0f f1 08  	sb	a5, 0x9f(sp)
   11736: 33 0a 40 41  	neg	s4, s4
   1173a: 63 45 03 00  	bltz	t1, 0x11744 <_vfprintf_r+0xa26>
   1173e: 13 7f ff f7  	andi	t5, t5, -0x81
   11742: 01 2f        	sext.w	t5, t5
   11744: a5 4d        	li	s11, 0x9
   11746: 63 e9 4d 7d  	bltu	s11, s4, 0x11f18 <_vfprintf_r+0x11fa>
   1174a: 9b 07 0a 03  	addiw	a5, s4, 0x30
   1174e: 93 f7 f7 0f  	andi	a5, a5, 0xff
   11752: a3 05 f1 14  	sb	a5, 0x14b(sp)
   11756: 1a 88        	mv	a6, t1
   11758: 63 43 60 00  	bgtz	t1, 0x1175e <_vfprintf_r+0xa40>
   1175c: 05 48        	li	a6, 0x1
   1175e: 03 47 f1 09  	lbu	a4, 0x9f(sp)
   11762: 9b 0d 08 00  	sext.w	s11, a6
   11766: 05 4c        	li	s8, 0x1
   11768: 13 0d b1 14  	addi	s10, sp, 0x14b
   1176c: 63 03 07 22  	beqz	a4, 0x11992 <_vfprintf_r+0xc74>
   11770: 85 2d        	addiw	s11, s11, 0x1
   11772: 02 e8        	sd	zero, 0x10(sp)
   11774: 02 fc        	sd	zero, 0x38(sp)
   11776: 02 f8        	sd	zero, 0x30(sp)
   11778: 02 f0        	sd	zero, 0x20(sp)
   1177a: 6f f0 af f3  	j	0x10eb4 <_vfprintf_r+0x196>
   1177e: e2 67        	ld	a5, 0x18(sp)
   11780: 83 ab 07 00  	lw	s7, 0x0(a5)
   11784: a1 07        	addi	a5, a5, 0x8
   11786: 63 de 0b 6e  	bgez	s7, 0x11e82 <_vfprintf_r+0x1164>
   1178a: bb 0b 70 41  	negw	s7, s7
   1178e: 3e ec        	sd	a5, 0x18(sp)
   11790: 13 6f 4b 00  	ori	t5, s6, 0x4
   11794: 03 ce 0a 00  	lbu	t3, 0x0(s5)
   11798: 1b 0b 0f 00  	sext.w	s6, t5
   1179c: 6f f0 4f ea  	j	0x10e40 <_vfprintf_r+0x122>
   117a0: 93 77 0b 02  	andi	a5, s6, 0x20
   117a4: 5a 8f        	mv	t5, s6
   117a6: 62 83        	mv	t1, s8
   117a8: 63 99 07 74  	bnez	a5, 0x11efa <_vfprintf_r+0x11dc>
   117ac: 93 77 0b 01  	andi	a5, s6, 0x10
   117b0: 63 95 07 74  	bnez	a5, 0x11efa <_vfprintf_r+0x11dc>
   117b4: e2 66        	ld	a3, 0x18(sp)
   117b6: 93 77 0b 04  	andi	a5, s6, 0x40
   117ba: 03 aa 06 00  	lw	s4, 0x0(a3)
   117be: 13 87 86 00  	addi	a4, a3, 0x8
   117c2: e3 86 07 48  	beqz	a5, 0x1244e <_vfprintf_r+0x1730>
   117c6: 42 1a        	slli	s4, s4, 0x30
   117c8: a3 0f 01 08  	sb	zero, 0x9f(sp)
   117cc: 13 5a 0a 03  	srli	s4, s4, 0x30
   117d0: 63 4a 0c 1e  	bltz	s8, 0x119c4 <_vfprintf_r+0xca6>
   117d4: 13 7f ff f7  	andi	t5, t5, -0x81
   117d8: 01 2f        	sext.w	t5, t5
   117da: 63 15 0a 1e  	bnez	s4, 0x119c4 <_vfprintf_r+0xca6>
   117de: 3a ec        	sd	a4, 0x18(sp)
   117e0: e3 0d 03 22  	beqz	t1, 0x1221a <_vfprintf_r+0x14fc>
   117e4: 01 4a        	li	s4, 0x0
   117e6: 95 b7        	j	0x1174a <_vfprintf_r+0xa2c>
   117e8: 13 6f 0b 02  	ori	t5, s6, 0x20
   117ec: 03 ce 0a 00  	lbu	t3, 0x0(s5)
   117f0: 1b 0b 0f 00  	sext.w	s6, t5
   117f4: 6f f0 cf e4  	j	0x10e40 <_vfprintf_r+0x122>
   117f8: e2 66        	ld	a3, 0x18(sp)
   117fa: a1 67        	lui	a5, 0x8
   117fc: 93 87 07 83  	addi	a5, a5, -0x7d0
   11800: 98 62        	ld	a4, 0x0(a3)
   11802: 23 10 f1 0a  	sh	a5, 0xa0(sp)
   11806: a3 0f 01 08  	sb	zero, 0x9f(sp)
   1180a: 3a e8        	sd	a4, 0x10(sp)
   1180c: 62 83        	mv	t1, s8
   1180e: 93 87 86 00  	addi	a5, a3, 0x8
   11812: 63 48 0c 7a  	bltz	s8, 0x11fc2 <_vfprintf_r+0x12a4>
   11816: 93 76 fb f7  	andi	a3, s6, -0x81
   1181a: 81 26        	sext.w	a3, a3
   1181c: 13 e5 26 00  	ori	a0, a3, 0x2
   11820: e3 14 07 2e  	bnez	a4, 0x12308 <_vfprintf_r+0x15ea>
   11824: e3 1b 0c 54  	bnez	s8, 0x1257a <_vfprintf_r+0x185c>
   11828: 0e 7a        	ld	s4, 0xe0(sp)
   1182a: ee 45        	lw	a1, 0xd8(sp)
   1182c: 13 77 4b 00  	andi	a4, s6, 0x4
   11830: 3a f8        	sd	a4, 0x30(sp)
   11832: 3e ec        	sd	a5, 0x18(sp)
   11834: 02 fc        	sd	zero, 0x38(sp)
   11836: 52 86        	mv	a2, s4
   11838: ae 86        	mv	a3, a1
   1183a: 2a 8f        	mv	t5, a0
   1183c: 01 4c        	li	s8, 0x0
   1183e: e3 03 07 10  	beqz	a4, 0x12144 <_vfprintf_r+0x1426>
   11842: 02 f8        	sd	zero, 0x30(sp)
   11844: 02 f0        	sd	zero, 0x20(sp)
   11846: 89 4d        	li	s11, 0x2
   11848: 13 0d c1 14  	addi	s10, sp, 0x14c
   1184c: 13 0e 80 07  	li	t3, 0x78
   11850: 91 4c        	li	s9, 0x4
   11852: 6f f0 af e9  	j	0x10eec <_vfprintf_r+0x1ce>
   11856: e2 67        	ld	a5, 0x18(sp)
   11858: 13 77 0b 02  	andi	a4, s6, 0x20
   1185c: 5a 8f        	mv	t5, s6
   1185e: 62 83        	mv	t1, s8
   11860: a1 07        	addi	a5, a5, 0x8
   11862: 63 1a 07 68  	bnez	a4, 0x11ef6 <_vfprintf_r+0x11d8>
   11866: 13 77 0b 01  	andi	a4, s6, 0x10
   1186a: 63 16 07 68  	bnez	a4, 0x11ef6 <_vfprintf_r+0x11d8>
   1186e: 62 67        	ld	a4, 0x18(sp)
   11870: 93 76 0b 04  	andi	a3, s6, 0x40
   11874: 18 43        	lw	a4, 0x0(a4)
   11876: e3 8f 06 38  	beqz	a3, 0x12414 <_vfprintf_r+0x16f6>
   1187a: 42 17        	slli	a4, a4, 0x30
   1187c: 41 93        	srli	a4, a4, 0x30
   1187e: 3e ec        	sd	a5, 0x18(sp)
   11880: 5a 88        	mv	a6, s6
   11882: 71 a0        	j	0x1190e <_vfprintf_r+0xbf0>
   11884: e2 66        	ld	a3, 0x18(sp)
   11886: 93 77 0b 02  	andi	a5, s6, 0x20
   1188a: 98 62        	ld	a4, 0x0(a3)
   1188c: a1 06        	addi	a3, a3, 0x8
   1188e: 36 ec        	sd	a3, 0x18(sp)
   11890: 63 9e 07 64  	bnez	a5, 0x11eec <_vfprintf_r+0x11ce>
   11894: 93 77 0b 01  	andi	a5, s6, 0x10
   11898: 63 9a 07 64  	bnez	a5, 0x11eec <_vfprintf_r+0x11ce>
   1189c: 93 77 0b 04  	andi	a5, s6, 0x40
   118a0: e3 9d 07 54  	bnez	a5, 0x125fa <_vfprintf_r+0x18dc>
   118a4: 13 7f 0b 20  	andi	t5, s6, 0x200
   118a8: a2 67        	ld	a5, 0x8(sp)
   118aa: 63 14 0f 00  	bnez	t5, 0x118b2 <_vfprintf_r+0xb94>
   118ae: 6f 10 a0 40  	j	0x12cb8 <_vfprintf_r+0x1f9a>
   118b2: 23 00 f7 00  	sb	a5, 0x0(a4)
   118b6: 56 8d        	mv	s10, s5
   118b8: 6f f0 8f eb  	j	0x10f70 <_vfprintf_r+0x252>
   118bc: 03 ce 0a 00  	lbu	t3, 0x0(s5)
   118c0: 93 07 c0 06  	li	a5, 0x6c
   118c4: 63 0c fe 7e  	beq	t3, a5, 0x120bc <_vfprintf_r+0x139e>
   118c8: 13 6f 0b 01  	ori	t5, s6, 0x10
   118cc: 1b 0b 0f 00  	sext.w	s6, t5
   118d0: 6f f0 0f d7  	j	0x10e40 <_vfprintf_r+0x122>
   118d4: 13 6f 8b 00  	ori	t5, s6, 0x8
   118d8: 03 ce 0a 00  	lbu	t3, 0x0(s5)
   118dc: 1b 0b 0f 00  	sext.w	s6, t5
   118e0: 6f f0 0f d6  	j	0x10e40 <_vfprintf_r+0x122>
   118e4: 03 ce 0a 00  	lbu	t3, 0x0(s5)
   118e8: 93 07 80 06  	li	a5, 0x68
   118ec: 63 01 fe 7e  	beq	t3, a5, 0x120ce <_vfprintf_r+0x13b0>
   118f0: 13 6f 0b 04  	ori	t5, s6, 0x40
   118f4: 1b 0b 0f 00  	sext.w	s6, t5
   118f8: 6f f0 8f d4  	j	0x10e40 <_vfprintf_r+0x122>
   118fc: e2 67        	ld	a5, 0x18(sp)
   118fe: 13 68 0b 01  	ori	a6, s6, 0x10
   11902: 62 83        	mv	t1, s8
   11904: 01 28        	sext.w	a6, a6
   11906: a1 07        	addi	a5, a5, 0x8
   11908: 62 67        	ld	a4, 0x18(sp)
   1190a: 18 63        	ld	a4, 0x0(a4)
   1190c: 3e ec        	sd	a5, 0x18(sp)
   1190e: a3 0f 01 08  	sb	zero, 0x9f(sp)
   11912: 63 44 03 02  	bltz	t1, 0x1193a <_vfprintf_r+0xc1c>
   11916: 13 7f f8 b7  	andi	t5, a6, -0x481
   1191a: 01 2f        	sext.w	t5, t5
   1191c: 1d e3        	bnez	a4, 0x11942 <_vfprintf_r+0xc24>
   1191e: 63 12 03 02  	bnez	t1, 0x11942 <_vfprintf_r+0xc24>
   11922: 93 7d 18 00  	andi	s11, a6, 0x1
   11926: e3 80 0d 10  	beqz	s11, 0x12226 <_vfprintf_r+0x1508>
   1192a: 93 07 00 03  	li	a5, 0x30
   1192e: a3 05 f1 14  	sb	a5, 0x14b(sp)
   11932: 6e 8c        	mv	s8, s11
   11934: 13 0d b1 14  	addi	s10, sp, 0x14b
   11938: a9 a8        	j	0x11992 <_vfprintf_r+0xc74>
   1193a: 13 78 f8 bf  	andi	a6, a6, -0x401
   1193e: 1b 0f 08 00  	sext.w	t5, a6
   11942: 93 0c c1 14  	addi	s9, sp, 0x14c
   11946: 66 8d        	mv	s10, s9
   11948: 93 76 77 00  	andi	a3, a4, 0x7
   1194c: 6a 86        	mv	a2, s10
   1194e: 93 86 06 03  	addi	a3, a3, 0x30
   11952: 0d 83        	srli	a4, a4, 0x3
   11954: a3 0f dd fe  	sb	a3, -0x1(s10)
   11958: 7d 1d        	addi	s10, s10, -0x1
   1195a: 7d f7        	bnez	a4, 0x11948 <_vfprintf_r+0xc2a>
   1195c: 13 77 1f 00  	andi	a4, t5, 0x1
   11960: 15 c3        	beqz	a4, 0x11984 <_vfprintf_r+0xc66>
   11962: 13 07 00 03  	li	a4, 0x30
   11966: 63 8f e6 00  	beq	a3, a4, 0x11984 <_vfprintf_r+0xc66>
   1196a: 79 16        	addi	a2, a2, -0x2
   1196c: 3b 8c cc 40  	subw	s8, s9, a2
   11970: a3 0f ed fe  	sb	a4, -0x1(s10)
   11974: 1a 88        	mv	a6, t1
   11976: 63 53 83 01  	bge	t1, s8, 0x1197c <_vfprintf_r+0xc5e>
   1197a: 62 88        	mv	a6, s8
   1197c: 9b 0d 08 00  	sext.w	s11, a6
   11980: 32 8d        	mv	s10, a2
   11982: 01 a8        	j	0x11992 <_vfprintf_r+0xc74>
   11984: 3b 8c ac 41  	subw	s8, s9, s10
   11988: 1a 88        	mv	a6, t1
   1198a: 63 4c 83 4d  	blt	t1, s8, 0x11e62 <_vfprintf_r+0x1144>
   1198e: 9b 0d 08 00  	sext.w	s11, a6
   11992: 02 e8        	sd	zero, 0x10(sp)
   11994: 02 fc        	sd	zero, 0x38(sp)
   11996: 02 f8        	sd	zero, 0x30(sp)
   11998: 02 f0        	sd	zero, 0x20(sp)
   1199a: 6f f0 af d1  	j	0x10eb4 <_vfprintf_r+0x196>
   1199e: e2 66        	ld	a3, 0x18(sp)
   119a0: 93 67 0b 01  	ori	a5, s6, 0x10
   119a4: a3 0f 01 08  	sb	zero, 0x9f(sp)
   119a8: 62 83        	mv	t1, s8
   119aa: 03 ba 06 00  	ld	s4, 0x0(a3)
   119ae: 81 27        	sext.w	a5, a5
   119b0: 13 87 86 00  	addi	a4, a3, 0x8
   119b4: 63 4d 03 54  	bltz	t1, 0x11f0e <_vfprintf_r+0x11f0>
   119b8: 93 f7 f7 f7  	andi	a5, a5, -0x81
   119bc: 1b 8f 07 00  	sext.w	t5, a5
   119c0: e3 0f 0a e0  	beqz	s4, 0x117de <_vfprintf_r+0xac0>
   119c4: 3a ec        	sd	a4, 0x18(sp)
   119c6: bd bb        	j	0x11744 <_vfprintf_r+0xa26>
   119c8: 82 6c        	ld	s9, 0x0(sp)
   119ca: 66 85        	mv	a0, s9
   119cc: ef 40 30 10  	jal	0x162ce <_localeconv_r>
   119d0: 1c 65        	ld	a5, 0x8(a0)
   119d2: 3e 85        	mv	a0, a5
   119d4: be ec        	sd	a5, 0x58(sp)
   119d6: ef f0 ef aa  	jal	0x10c84 <strlen>
   119da: aa 87        	mv	a5, a0
   119dc: 66 85        	mv	a0, s9
   119de: be f8        	sd	a5, 0x70(sp)
   119e0: be 8c        	mv	s9, a5
   119e2: ef 40 d0 0e  	jal	0x162ce <_localeconv_r>
   119e6: 1c 69        	ld	a5, 0x10(a0)
   119e8: 03 ce 0a 00  	lbu	t3, 0x0(s5)
   119ec: be f0        	sd	a5, 0x60(sp)
   119ee: 63 89 0c c4  	beqz	s9, 0x10e40 <_vfprintf_r+0x122>
   119f2: 63 87 07 c4  	beqz	a5, 0x10e40 <_vfprintf_r+0x122>
   119f6: 83 c7 07 00  	lbu	a5, 0x0(a5)
   119fa: 63 83 07 c4  	beqz	a5, 0x10e40 <_vfprintf_r+0x122>
   119fe: 13 6f 0b 40  	ori	t5, s6, 0x400
   11a02: 1b 0b 0f 00  	sext.w	s6, t5
   11a06: 6f f0 af c3  	j	0x10e40 <_vfprintf_r+0x122>
   11a0a: 13 6f 1b 00  	ori	t5, s6, 0x1
   11a0e: 03 ce 0a 00  	lbu	t3, 0x0(s5)
   11a12: 1b 0b 0f 00  	sext.w	s6, t5
   11a16: 6f f0 af c2  	j	0x10e40 <_vfprintf_r+0x122>
   11a1a: 83 47 f1 09  	lbu	a5, 0x9f(sp)
   11a1e: 03 ce 0a 00  	lbu	t3, 0x0(s5)
   11a22: 63 9f 07 c0  	bnez	a5, 0x10e40 <_vfprintf_r+0x122>
   11a26: 93 07 00 02  	li	a5, 0x20
   11a2a: a3 0f f1 08  	sb	a5, 0x9f(sp)
   11a2e: 6f f0 2f c1  	j	0x10e40 <_vfprintf_r+0x122>
   11a32: 13 6f 0b 08  	ori	t5, s6, 0x80
   11a36: 03 ce 0a 00  	lbu	t3, 0x0(s5)
   11a3a: 1b 0b 0f 00  	sext.w	s6, t5
   11a3e: 6f f0 2f c0  	j	0x10e40 <_vfprintf_r+0x122>
   11a42: 93 07 b0 02  	li	a5, 0x2b
   11a46: 03 ce 0a 00  	lbu	t3, 0x0(s5)
   11a4a: a3 0f f1 08  	sb	a5, 0x9f(sp)
   11a4e: 6f f0 2f bf  	j	0x10e40 <_vfprintf_r+0x122>
   11a52: 03 ce 0a 00  	lbu	t3, 0x0(s5)
   11a56: 93 07 a0 02  	li	a5, 0x2a
   11a5a: 13 86 1a 00  	addi	a2, s5, 0x1
   11a5e: 63 14 fe 00  	bne	t3, a5, 0x11a66 <_vfprintf_r+0xd48>
   11a62: 6f 10 e0 44  	j	0x12eb0 <_vfprintf_r+0x2192>
   11a66: 1b 07 0e fd  	addiw	a4, t3, -0x30
   11a6a: a5 45        	li	a1, 0x9
   11a6c: 81 46        	li	a3, 0x0
   11a6e: b2 8a        	mv	s5, a2
   11a70: 01 4c        	li	s8, 0x0
   11a72: 63 e8 e5 bc  	bltu	a1, a4, 0x10e42 <_vfprintf_r+0x124>
   11a76: 9b 97 26 00  	slliw	a5, a3, 0x2
   11a7a: 03 4e 06 00  	lbu	t3, 0x0(a2)
   11a7e: b5 9f        	addw	a5, a5, a3
   11a80: 9b 97 17 00  	slliw	a5, a5, 0x1
   11a84: bb 86 e7 00  	addw	a3, a5, a4
   11a88: 1b 07 0e fd  	addiw	a4, t3, -0x30
   11a8c: 05 06        	addi	a2, a2, 0x1
   11a8e: e3 f4 e5 fe  	bgeu	a1, a4, 0x11a76 <_vfprintf_r+0xd58>
   11a92: 36 83        	mv	t1, a3
   11a94: 63 cb 06 58  	bltz	a3, 0x1202a <_vfprintf_r+0x130c>
   11a98: 1a 8c        	mv	s8, t1
   11a9a: b2 8a        	mv	s5, a2
   11a9c: 6f f0 6f ba  	j	0x10e42 <_vfprintf_r+0x124>
   11aa0: bb 86 bb 41  	subw	a3, s7, s11
   11aa4: 63 56 d0 c6  	blez	a3, 0x10f10 <_vfprintf_r+0x1f2>
   11aa8: c1 4f        	li	t6, 0x10
   11aaa: 6e 46        	lw	a2, 0xd8(sp)
   11aac: 97 dc 00 00  	auipc	s9, 0xd
   11ab0: 93 8c cc 4d  	addi	s9, s9, 0x4dc
   11ab4: 63 d2 df 06  	bge	t6, a3, 0x11b18 <_vfprintf_r+0xdfa>
   11ab8: ce 87        	mv	a5, s3
   11aba: 52 87        	mv	a4, s4
   11abc: e6 89        	mv	s3, s9
   11abe: fe 83        	mv	t2, t6
   11ac0: e2 8c        	mv	s9, s8
   11ac2: 9d 42        	li	t0, 0x7
   11ac4: 36 8b        	mv	s6, a3
   11ac6: f2 f4        	sd	t3, 0x68(sp)
   11ac8: 7a 8a        	mv	s4, t5
   11aca: 1a 8c        	mv	s8, t1
   11acc: 21 a0        	j	0x11ad4 <_vfprintf_r+0xdb6>
   11ace: 41 3b        	addiw	s6, s6, -0x10
   11ad0: 63 dc 63 03  	bge	t2, s6, 0x11b08 <_vfprintf_r+0xdea>
   11ad4: 41 07        	addi	a4, a4, 0x10
   11ad6: 05 26        	addiw	a2, a2, 0x1
   11ad8: 23 b0 37 01  	sd	s3, 0x0(a5)
   11adc: 23 b4 f7 01  	sd	t6, 0x8(a5)
   11ae0: ba f1        	sd	a4, 0xe0(sp)
   11ae2: b2 cd        	sw	a2, 0xd8(sp)
   11ae4: c1 07        	addi	a5, a5, 0x10
   11ae6: e3 d4 c2 fe  	bge	t0, a2, 0x11ace <_vfprintf_r+0xdb0>
   11aea: 02 65        	ld	a0, 0x0(sp)
   11aec: 90 09        	addi	a2, sp, 0xd0
   11aee: ca 85        	mv	a1, s2
   11af0: ef 80 e0 7f  	jal	0x1a2ee <__sprint_r>
   11af4: 35 e5        	bnez	a0, 0x11b60 <_vfprintf_r+0xe42>
   11af6: c1 43        	li	t2, 0x10
   11af8: 41 3b        	addiw	s6, s6, -0x10
   11afa: 0e 77        	ld	a4, 0xe0(sp)
   11afc: 6e 46        	lw	a2, 0xd8(sp)
   11afe: 9c 0a        	addi	a5, sp, 0x150
   11b00: 9d 42        	li	t0, 0x7
   11b02: 9e 8f        	mv	t6, t2
   11b04: e3 c8 63 fd  	blt	t2, s6, 0x11ad4 <_vfprintf_r+0xdb6>
   11b08: 26 7e        	ld	t3, 0x68(sp)
   11b0a: 52 8f        	mv	t5, s4
   11b0c: 62 83        	mv	t1, s8
   11b0e: da 86        	mv	a3, s6
   11b10: 66 8c        	mv	s8, s9
   11b12: 3a 8a        	mv	s4, a4
   11b14: ce 8c        	mv	s9, s3
   11b16: be 89        	mv	s3, a5
   11b18: 36 9a        	add	s4, s4, a3
   11b1a: 05 26        	addiw	a2, a2, 0x1
   11b1c: 23 b0 99 01  	sd	s9, 0x0(s3)
   11b20: 23 b4 d9 00  	sd	a3, 0x8(s3)
   11b24: d2 f1        	sd	s4, 0xe0(sp)
   11b26: b2 cd        	sw	a2, 0xd8(sp)
   11b28: 1d 47        	li	a4, 0x7
   11b2a: c1 09        	addi	s3, s3, 0x10
   11b2c: 63 52 c7 be  	bge	a4, a2, 0x10f10 <_vfprintf_r+0x1f2>
   11b30: 02 65        	ld	a0, 0x0(sp)
   11b32: 90 09        	addi	a2, sp, 0xd0
   11b34: ca 85        	mv	a1, s2
   11b36: 1a e1        	sd	t1, 0x80(sp)
   11b38: fa fc        	sd	t5, 0x78(sp)
   11b3a: f2 f4        	sd	t3, 0x68(sp)
   11b3c: ef 80 20 7b  	jal	0x1a2ee <__sprint_r>
   11b40: 05 e1        	bnez	a0, 0x11b60 <_vfprintf_r+0xe42>
   11b42: 0e 7a        	ld	s4, 0xe0(sp)
   11b44: 26 7e        	ld	t3, 0x68(sp)
   11b46: 66 7f        	ld	t5, 0x78(sp)
   11b48: 0a 63        	ld	t1, 0x80(sp)
   11b4a: 93 09 01 15  	addi	s3, sp, 0x150
   11b4e: 6f f0 2f bc  	j	0x10f10 <_vfprintf_r+0x1f2>
   11b52: 02 65        	ld	a0, 0x0(sp)
   11b54: 90 09        	addi	a2, sp, 0xd0
   11b56: ca 85        	mv	a1, s2
   11b58: ef 80 60 79  	jal	0x1a2ee <__sprint_r>
   11b5c: 63 00 05 c0  	beqz	a0, 0x10f5c <_vfprintf_r+0x23e>
   11b60: c2 62        	ld	t0, 0x10(sp)
   11b62: 63 80 02 c2  	beqz	t0, 0x10f82 <_vfprintf_r+0x264>
   11b66: 02 65        	ld	a0, 0x0(sp)
   11b68: 96 85        	mv	a1, t0
   11b6a: ef 10 30 59  	jal	0x138fc <_free_r>
   11b6e: 03 27 09 0b  	lw	a4, 0xb0(s2)
   11b72: 83 17 09 01  	lh	a5, 0x10(s2)
   11b76: 05 8b        	andi	a4, a4, 0x1
   11b78: 63 1c 07 c0  	bnez	a4, 0x10f90 <_vfprintf_r+0x272>
   11b7c: 1d b2        	j	0x114a2 <_vfprintf_r+0x784>
   11b7e: 02 65        	ld	a0, 0x0(sp)
   11b80: 90 09        	addi	a2, sp, 0xd0
   11b82: ca 85        	mv	a1, s2
   11b84: 1a e1        	sd	t1, 0x80(sp)
   11b86: fa fc        	sd	t5, 0x78(sp)
   11b88: f2 f4        	sd	t3, 0x68(sp)
   11b8a: ef 80 40 76  	jal	0x1a2ee <__sprint_r>
   11b8e: 69 f9        	bnez	a0, 0x11b60 <_vfprintf_r+0xe42>
   11b90: 0e 7a        	ld	s4, 0xe0(sp)
   11b92: 0a 63        	ld	t1, 0x80(sp)
   11b94: 66 7f        	ld	t5, 0x78(sp)
   11b96: 26 7e        	ld	t3, 0x68(sp)
   11b98: 93 09 01 15  	addi	s3, sp, 0x150
   11b9c: 6f f0 cf b6  	j	0x10f08 <_vfprintf_r+0x1ea>
   11ba0: 41 47        	li	a4, 0x10
   11ba2: 97 d6 00 00  	auipc	a3, 0xd
   11ba6: 93 86 66 3f  	addi	a3, a3, 0x3f6
   11baa: ee 47        	lw	a5, 0xd8(sp)
   11bac: 3a 8d        	mv	s10, a4
   11bae: 1d 4b        	li	s6, 0x7
   11bb0: b6 8c        	mv	s9, a3
   11bb2: 63 46 87 01  	blt	a4, s8, 0x11bbe <_vfprintf_r+0xea0>
   11bb6: 35 a8        	j	0x11bf2 <_vfprintf_r+0xed4>
   11bb8: 41 3c        	addiw	s8, s8, -0x10
   11bba: 63 5b 8d 03  	bge	s10, s8, 0x11bf0 <_vfprintf_r+0xed2>
   11bbe: 41 0a        	addi	s4, s4, 0x10
   11bc0: 85 27        	addiw	a5, a5, 0x1
   11bc2: 23 b0 99 01  	sd	s9, 0x0(s3)
   11bc6: 23 b4 e9 00  	sd	a4, 0x8(s3)
   11bca: d2 f1        	sd	s4, 0xe0(sp)
   11bcc: be cd        	sw	a5, 0xd8(sp)
   11bce: c1 09        	addi	s3, s3, 0x10
   11bd0: e3 54 fb fe  	bge	s6, a5, 0x11bb8 <_vfprintf_r+0xe9a>
   11bd4: 02 65        	ld	a0, 0x0(sp)
   11bd6: 90 09        	addi	a2, sp, 0xd0
   11bd8: ca 85        	mv	a1, s2
   11bda: ef 80 40 71  	jal	0x1a2ee <__sprint_r>
   11bde: 49 f1        	bnez	a0, 0x11b60 <_vfprintf_r+0xe42>
   11be0: 41 3c        	addiw	s8, s8, -0x10
   11be2: 0e 7a        	ld	s4, 0xe0(sp)
   11be4: ee 47        	lw	a5, 0xd8(sp)
   11be6: 93 09 01 15  	addi	s3, sp, 0x150
   11bea: 41 47        	li	a4, 0x10
   11bec: e3 49 8d fd  	blt	s10, s8, 0x11bbe <_vfprintf_r+0xea0>
   11bf0: e6 86        	mv	a3, s9
   11bf2: 62 9a        	add	s4, s4, s8
   11bf4: 85 27        	addiw	a5, a5, 0x1
   11bf6: d2 f1        	sd	s4, 0xe0(sp)
   11bf8: be cd        	sw	a5, 0xd8(sp)
   11bfa: 23 b0 d9 00  	sd	a3, 0x0(s3)
   11bfe: 23 b4 89 01  	sd	s8, 0x8(s3)
   11c02: 1d 47        	li	a4, 0x7
   11c04: 63 53 f7 b4  	bge	a4, a5, 0x10f4a <_vfprintf_r+0x22c>
   11c08: 02 65        	ld	a0, 0x0(sp)
   11c0a: 90 09        	addi	a2, sp, 0xd0
   11c0c: ca 85        	mv	a1, s2
   11c0e: ef 80 00 6e  	jal	0x1a2ee <__sprint_r>
   11c12: 39 f5        	bnez	a0, 0x11b60 <_vfprintf_r+0xe42>
   11c14: 0e 7a        	ld	s4, 0xe0(sp)
   11c16: 6f f0 4f b3  	j	0x10f4a <_vfprintf_r+0x22c>
   11c1a: 2a 56        	lw	a2, 0xa8(sp)
   11c1c: 63 5c c0 26  	blez	a2, 0x11e94 <_vfprintf_r+0x1176>
   11c20: 82 77        	ld	a5, 0x20(sp)
   11c22: a2 76        	ld	a3, 0x28(sp)
   11c24: 3e 87        	mv	a4, a5
   11c26: 63 d3 f6 00  	bge	a3, a5, 0x11c2c <_vfprintf_r+0xf0e>
   11c2a: 36 87        	mv	a4, a3
   11c2c: 1b 0c 07 00  	sext.w	s8, a4
   11c30: 63 5f 80 01  	blez	s8, 0x11c4e <_vfprintf_r+0xf30>
   11c34: ee 46        	lw	a3, 0xd8(sp)
   11c36: 62 9a        	add	s4, s4, s8
   11c38: 23 b0 a9 01  	sd	s10, 0x0(s3)
   11c3c: 85 26        	addiw	a3, a3, 0x1
   11c3e: 23 b4 89 01  	sd	s8, 0x8(s3)
   11c42: d2 f1        	sd	s4, 0xe0(sp)
   11c44: b6 cd        	sw	a3, 0xd8(sp)
   11c46: 1d 46        	li	a2, 0x7
   11c48: c1 09        	addi	s3, s3, 0x10
   11c4a: e3 44 d6 52  	blt	a2, a3, 0x12972 <_vfprintf_r+0x1c54>
   11c4e: e2 86        	mv	a3, s8
   11c50: 63 53 0c 00  	bgez	s8, 0x11c56 <_vfprintf_r+0xf38>
   11c54: 81 46        	li	a3, 0x0
   11c56: 82 77        	ld	a5, 0x20(sp)
   11c58: 3b 8c d7 40  	subw	s8, a5, a3
   11c5c: 63 40 80 73  	bgtz	s8, 0x1237c <_vfprintf_r+0x165e>
   11c60: 82 77        	ld	a5, 0x20(sp)
   11c62: 13 77 0f 40  	andi	a4, t5, 0x400
   11c66: b3 0c fd 00  	add	s9, s10, a5
   11c6a: e3 1e 07 2a  	bnez	a4, 0x12726 <_vfprintf_r+0x1a08>
   11c6e: 2a 5c        	lw	s8, 0xa8(sp)
   11c70: a2 77        	ld	a5, 0x28(sp)
   11c72: 63 46 fc 00  	blt	s8, a5, 0x11c7e <_vfprintf_r+0xf60>
   11c76: 13 77 1f 00  	andi	a4, t5, 0x1
   11c7a: e3 0d 07 14  	beqz	a4, 0x125d4 <_vfprintf_r+0x18b6>
   11c7e: 6e 47        	lw	a4, 0xd8(sp)
   11c80: 86 67        	ld	a5, 0x40(sp)
   11c82: a6 66        	ld	a3, 0x48(sp)
   11c84: 05 27        	addiw	a4, a4, 0x1
   11c86: 3e 9a        	add	s4, s4, a5
   11c88: 23 b0 d9 00  	sd	a3, 0x0(s3)
   11c8c: 23 b4 f9 00  	sd	a5, 0x8(s3)
   11c90: d2 f1        	sd	s4, 0xe0(sp)
   11c92: ba cd        	sw	a4, 0xd8(sp)
   11c94: 9d 46        	li	a3, 0x7
   11c96: c1 09        	addi	s3, s3, 0x10
   11c98: e3 c8 e6 5e  	blt	a3, a4, 0x12a88 <_vfprintf_r+0x1d6a>
   11c9c: 22 77        	ld	a4, 0x28(sp)
   11c9e: b3 07 ed 00  	add	a5, s10, a4
   11ca2: b3 87 97 41  	sub	a5, a5, s9
   11ca6: bb 06 87 41  	subw	a3, a4, s8
   11caa: 1b 87 07 00  	sext.w	a4, a5
   11cae: 63 d3 e6 00  	bge	a3, a4, 0x11cb4 <_vfprintf_r+0xf96>
   11cb2: b6 87        	mv	a5, a3
   11cb4: 1b 8c 07 00  	sext.w	s8, a5
   11cb8: 63 5f 80 01  	blez	s8, 0x11cd6 <_vfprintf_r+0xfb8>
   11cbc: 6e 47        	lw	a4, 0xd8(sp)
   11cbe: 62 9a        	add	s4, s4, s8
   11cc0: 23 b0 99 01  	sd	s9, 0x0(s3)
   11cc4: 05 27        	addiw	a4, a4, 0x1
   11cc6: 23 b4 89 01  	sd	s8, 0x8(s3)
   11cca: d2 f1        	sd	s4, 0xe0(sp)
   11ccc: ba cd        	sw	a4, 0xd8(sp)
   11cce: 9d 47        	li	a5, 0x7
   11cd0: c1 09        	addi	s3, s3, 0x10
   11cd2: e3 ca e7 60  	blt	a5, a4, 0x12ae6 <_vfprintf_r+0x1dc8>
   11cd6: 62 87        	mv	a4, s8
   11cd8: 63 53 0c 00  	bgez	s8, 0x11cde <_vfprintf_r+0xfc0>
   11cdc: 01 47        	li	a4, 0x0
   11cde: 3b 8c e6 40  	subw	s8, a3, a4
   11ce2: 63 5c 80 a5  	blez	s8, 0x10f3a <_vfprintf_r+0x21c>
   11ce6: c1 46        	li	a3, 0x10
   11ce8: ee 47        	lw	a5, 0xd8(sp)
   11cea: 97 dc 00 00  	auipc	s9, 0xd
   11cee: 93 8c ec 29  	addi	s9, s9, 0x29e
   11cf2: 63 d9 86 5b  	bge	a3, s8, 0x122a4 <_vfprintf_r+0x1586>
   11cf6: 66 8b        	mv	s6, s9
   11cf8: 36 83        	mv	t1, a3
   11cfa: e2 8c        	mv	s9, s8
   11cfc: 1d 4d        	li	s10, 0x7
   11cfe: 7a 8c        	mv	s8, t5
   11d00: 21 a0        	j	0x11d08 <_vfprintf_r+0xfea>
   11d02: c1 3c        	addiw	s9, s9, -0x10
   11d04: 63 5d 93 59  	bge	t1, s9, 0x1229e <_vfprintf_r+0x1580>
   11d08: 41 0a        	addi	s4, s4, 0x10
   11d0a: 85 27        	addiw	a5, a5, 0x1
   11d0c: 23 b0 69 01  	sd	s6, 0x0(s3)
   11d10: 23 b4 d9 00  	sd	a3, 0x8(s3)
   11d14: d2 f1        	sd	s4, 0xe0(sp)
   11d16: be cd        	sw	a5, 0xd8(sp)
   11d18: c1 09        	addi	s3, s3, 0x10
   11d1a: e3 54 fd fe  	bge	s10, a5, 0x11d02 <_vfprintf_r+0xfe4>
   11d1e: 02 65        	ld	a0, 0x0(sp)
   11d20: 90 09        	addi	a2, sp, 0xd0
   11d22: ca 85        	mv	a1, s2
   11d24: ef 80 a0 5c  	jal	0x1a2ee <__sprint_r>
   11d28: e3 1c 05 e2  	bnez	a0, 0x11b60 <_vfprintf_r+0xe42>
   11d2c: 41 43        	li	t1, 0x10
   11d2e: 0e 7a        	ld	s4, 0xe0(sp)
   11d30: ee 47        	lw	a5, 0xd8(sp)
   11d32: 93 09 01 15  	addi	s3, sp, 0x150
   11d36: 9a 86        	mv	a3, t1
   11d38: e9 b7        	j	0x11d02 <_vfprintf_r+0xfe4>
   11d3a: 33 76 df 00  	and	a2, t5, a3
   11d3e: 63 11 06 ec  	bnez	a2, 0x11400 <_vfprintf_r+0x6e2>
   11d42: 23 b0 a9 01  	sd	s10, 0x0(s3)
   11d46: 23 b4 d9 00  	sd	a3, 0x8(s3)
   11d4a: d2 f1        	sd	s4, 0xe0(sp)
   11d4c: e2 cd        	sw	s8, 0xd8(sp)
   11d4e: 9d 47        	li	a5, 0x7
   11d50: 63 dd 87 f1  	bge	a5, s8, 0x1146a <_vfprintf_r+0x74c>
   11d54: 02 65        	ld	a0, 0x0(sp)
   11d56: 90 09        	addi	a2, sp, 0xd0
   11d58: ca 85        	mv	a1, s2
   11d5a: 7a f0        	sd	t5, 0x20(sp)
   11d5c: ef 80 20 59  	jal	0x1a2ee <__sprint_r>
   11d60: e3 10 05 e0  	bnez	a0, 0x11b60 <_vfprintf_r+0xe42>
   11d64: 0e 7a        	ld	s4, 0xe0(sp)
   11d66: 6e 4c        	lw	s8, 0xd8(sp)
   11d68: 02 7f        	ld	t5, 0x20(sp)
   11d6a: 93 08 01 15  	addi	a7, sp, 0x150
   11d6e: 6f f0 cf ef  	j	0x1146a <_vfprintf_r+0x74c>
   11d72: ee 46        	lw	a3, 0xd8(sp)
   11d74: 41 4a        	li	s4, 0x10
   11d76: b6 85        	mv	a1, a3
   11d78: 97 d6 00 00  	auipc	a3, 0xd
   11d7c: 93 86 06 22  	addi	a3, a3, 0x220
   11d80: 63 50 ea 06  	bge	s4, a4, 0x11de0 <_vfprintf_r+0x10c2>
   11d84: d6 f4        	sd	s5, 0x68(sp)
   11d86: ce 87        	mv	a5, s3
   11d88: d2 83        	mv	t2, s4
   11d8a: 9d 42        	li	t0, 0x7
   11d8c: ba 89        	mv	s3, a4
   11d8e: f2 fc        	sd	t3, 0x78(sp)
   11d90: 7a 8b        	mv	s6, t5
   11d92: 1a e1        	sd	t1, 0x80(sp)
   11d94: b6 8a        	mv	s5, a3
   11d96: 21 a0        	j	0x11d9e <_vfprintf_r+0x1080>
   11d98: c1 39        	addiw	s3, s3, -0x10
   11d9a: 63 dc 33 03  	bge	t2, s3, 0x11dd2 <_vfprintf_r+0x10b4>
   11d9e: 41 06        	addi	a2, a2, 0x10
   11da0: 85 25        	addiw	a1, a1, 0x1
   11da2: 23 b0 57 01  	sd	s5, 0x0(a5)
   11da6: 23 b4 47 01  	sd	s4, 0x8(a5)
   11daa: b2 f1        	sd	a2, 0xe0(sp)
   11dac: ae cd        	sw	a1, 0xd8(sp)
   11dae: c1 07        	addi	a5, a5, 0x10
   11db0: e3 d4 b2 fe  	bge	t0, a1, 0x11d98 <_vfprintf_r+0x107a>
   11db4: 02 65        	ld	a0, 0x0(sp)
   11db6: 90 09        	addi	a2, sp, 0xd0
   11db8: ca 85        	mv	a1, s2
   11dba: ef 80 40 53  	jal	0x1a2ee <__sprint_r>
   11dbe: e3 11 05 da  	bnez	a0, 0x11b60 <_vfprintf_r+0xe42>
   11dc2: c1 43        	li	t2, 0x10
   11dc4: c1 39        	addiw	s3, s3, -0x10
   11dc6: 0e 76        	ld	a2, 0xe0(sp)
   11dc8: ee 45        	lw	a1, 0xd8(sp)
   11dca: 9c 0a        	addi	a5, sp, 0x150
   11dcc: 9d 42        	li	t0, 0x7
   11dce: e3 c8 33 fd  	blt	t2, s3, 0x11d9e <_vfprintf_r+0x1080>
   11dd2: d6 86        	mv	a3, s5
   11dd4: 66 7e        	ld	t3, 0x78(sp)
   11dd6: 0a 63        	ld	t1, 0x80(sp)
   11dd8: a6 7a        	ld	s5, 0x68(sp)
   11dda: 4e 87        	mv	a4, s3
   11ddc: 5a 8f        	mv	t5, s6
   11dde: be 89        	mv	s3, a5
   11de0: 33 0a c7 00  	add	s4, a4, a2
   11de4: 85 25        	addiw	a1, a1, 0x1
   11de6: 23 b4 e9 00  	sd	a4, 0x8(s3)
   11dea: d2 f1        	sd	s4, 0xe0(sp)
   11dec: ae cd        	sw	a1, 0xd8(sp)
   11dee: 23 b0 d9 00  	sd	a3, 0x0(s3)
   11df2: 1d 47        	li	a4, 0x7
   11df4: 63 4e b7 42  	blt	a4, a1, 0x12230 <_vfprintf_r+0x1512>
   11df8: 03 47 f1 09  	lbu	a4, 0x9f(sp)
   11dfc: c1 09        	addi	s3, s3, 0x10
   11dfe: 59 e7        	bnez	a4, 0x11e8c <_vfprintf_r+0x116e>
   11e00: 63 88 0c 90  	beqz	s9, 0x10f10 <_vfprintf_r+0x1f2>
   11e04: 81 4c        	li	s9, 0x0
   11e06: 6f f0 6f 8e  	j	0x10eec <_vfprintf_r+0x1ce>
   11e0a: 22 77        	ld	a4, 0x28(sp)
   11e0c: 85 47        	li	a5, 0x1
   11e0e: 63 de e7 e4  	bge	a5, a4, 0x1146a <_vfprintf_r+0x74c>
   11e12: c5 47        	li	a5, 0x11
   11e14: 97 dc 00 00  	auipc	s9, 0xd
   11e18: 93 8c 4c 17  	addi	s9, s9, 0x174
   11e1c: 63 d7 e7 50  	bge	a5, a4, 0x1232a <_vfprintf_r+0x160c>
   11e20: 66 8b        	mv	s6, s9
   11e22: c1 47        	li	a5, 0x10
   11e24: ce 8c        	mv	s9, s3
   11e26: 1d 4d        	li	s10, 0x7
   11e28: fa 89        	mv	s3, t5
   11e2a: 21 a0        	j	0x11e32 <_vfprintf_r+0x1114>
   11e2c: c1 3c        	addiw	s9, s9, -0x10
   11e2e: 63 db 97 4f  	bge	a5, s9, 0x12324 <_vfprintf_r+0x1606>
   11e32: 41 0a        	addi	s4, s4, 0x10
   11e34: 05 2c        	addiw	s8, s8, 0x1
   11e36: 23 b0 68 01  	sd	s6, 0x0(a7)
   11e3a: 23 b4 f8 00  	sd	a5, 0x8(a7)
   11e3e: d2 f1        	sd	s4, 0xe0(sp)
   11e40: e2 cd        	sw	s8, 0xd8(sp)
   11e42: c1 08        	addi	a7, a7, 0x10
   11e44: e3 54 8d ff  	bge	s10, s8, 0x11e2c <_vfprintf_r+0x110e>
   11e48: 02 65        	ld	a0, 0x0(sp)
   11e4a: 90 09        	addi	a2, sp, 0xd0
   11e4c: ca 85        	mv	a1, s2
   11e4e: ef 80 00 4a  	jal	0x1a2ee <__sprint_r>
   11e52: e3 17 05 d0  	bnez	a0, 0x11b60 <_vfprintf_r+0xe42>
   11e56: 0e 7a        	ld	s4, 0xe0(sp)
   11e58: 6e 4c        	lw	s8, 0xd8(sp)
   11e5a: 93 08 01 15  	addi	a7, sp, 0x150
   11e5e: c1 47        	li	a5, 0x10
   11e60: f1 b7        	j	0x11e2c <_vfprintf_r+0x110e>
   11e62: 62 88        	mv	a6, s8
   11e64: 2d b6        	j	0x1198e <_vfprintf_r+0xc70>
   11e66: 93 77 1f 00  	andi	a5, t5, 0x1
   11e6a: 63 88 07 8c  	beqz	a5, 0x10f3a <_vfprintf_r+0x21c>
   11e6e: 6f f0 3f 82  	j	0x11690 <_vfprintf_r+0x972>
   11e72: 03 35 09 0a  	ld	a0, 0xa0(s2)
   11e76: ef 40 e0 46  	jal	0x162e4 <__retarget_lock_acquire_recursive>
   11e7a: 03 17 09 01  	lh	a4, 0x10(s2)
   11e7e: 6f e0 ff ee  	j	0x10d6c <_vfprintf_r+0x4e>
   11e82: 03 ce 0a 00  	lbu	t3, 0x0(s5)
   11e86: 3e ec        	sd	a5, 0x18(sp)
   11e88: 6f e0 9f fb  	j	0x10e40 <_vfprintf_r+0x122>
   11e8c: 66 87        	mv	a4, s9
   11e8e: 81 4c        	li	s9, 0x0
   11e90: 6f f0 af 83  	j	0x10eca <_vfprintf_r+0x1ac>
   11e94: 6e 47        	lw	a4, 0xd8(sp)
   11e96: 85 46        	li	a3, 0x1
   11e98: 05 0a        	addi	s4, s4, 0x1
   11e9a: 97 d5 00 00  	auipc	a1, 0xd
   11e9e: 93 85 e5 e9  	addi	a1, a1, -0x162
   11ea2: 05 27        	addiw	a4, a4, 0x1
   11ea4: 23 b4 d9 00  	sd	a3, 0x8(s3)
   11ea8: 23 b0 b9 00  	sd	a1, 0x0(s3)
   11eac: d2 f1        	sd	s4, 0xe0(sp)
   11eae: ba cd        	sw	a4, 0xd8(sp)
   11eb0: 9d 46        	li	a3, 0x7
   11eb2: c1 09        	addi	s3, s3, 0x10
   11eb4: 63 cd e6 68  	blt	a3, a4, 0x1254e <_vfprintf_r+0x1830>
   11eb8: 63 1d 06 50  	bnez	a2, 0x123d2 <_vfprintf_r+0x16b4>
   11ebc: a2 77        	ld	a5, 0x28(sp)
   11ebe: 13 77 1f 00  	andi	a4, t5, 0x1
   11ec2: 5d 8f        	or	a4, a4, a5
   11ec4: 01 27        	sext.w	a4, a4
   11ec6: 19 e3        	bnez	a4, 0x11ecc <_vfprintf_r+0x11ae>
   11ec8: 6f f0 2f 87  	j	0x10f3a <_vfprintf_r+0x21c>
   11ecc: ee 46        	lw	a3, 0xd8(sp)
   11ece: 86 67        	ld	a5, 0x40(sp)
   11ed0: 26 67        	ld	a4, 0x48(sp)
   11ed2: 85 26        	addiw	a3, a3, 0x1
   11ed4: 3e 9a        	add	s4, s4, a5
   11ed6: 23 b0 e9 00  	sd	a4, 0x0(s3)
   11eda: d2 f1        	sd	s4, 0xe0(sp)
   11edc: 23 b4 f9 00  	sd	a5, 0x8(s3)
   11ee0: b6 cd        	sw	a3, 0xd8(sp)
   11ee2: 1d 47        	li	a4, 0x7
   11ee4: 63 4f d7 78  	blt	a4, a3, 0x12682 <_vfprintf_r+0x1964>
   11ee8: c1 09        	addi	s3, s3, 0x10
   11eea: 29 a3        	j	0x123f4 <_vfprintf_r+0x16d6>
   11eec: a2 67        	ld	a5, 0x8(sp)
   11eee: 56 8d        	mv	s10, s5
   11ef0: 1c e3        	sd	a5, 0x0(a4)
   11ef2: 6f f0 ef 87  	j	0x10f70 <_vfprintf_r+0x252>
   11ef6: 7a 88        	mv	a6, t5
   11ef8: 01 bc        	j	0x11908 <_vfprintf_r+0xbea>
   11efa: e2 66        	ld	a3, 0x18(sp)
   11efc: a3 0f 01 08  	sb	zero, 0x9f(sp)
   11f00: fa 87        	mv	a5, t5
   11f02: 03 ba 06 00  	ld	s4, 0x0(a3)
   11f06: 13 87 86 00  	addi	a4, a3, 0x8
   11f0a: e3 57 03 aa  	bgez	t1, 0x119b8 <_vfprintf_r+0xc9a>
   11f0e: 3a ec        	sd	a4, 0x18(sp)
   11f10: a5 4d        	li	s11, 0x9
   11f12: 3e 8f        	mv	t5, a5
   11f14: e3 fb 4d 83  	bgeu	s11, s4, 0x1174a <_vfprintf_r+0xa2c>
   11f18: b7 d7 cc cc  	lui	a5, 0xccccd
   11f1c: 93 87 d7 cc  	addi	a5, a5, -0x333
   11f20: 13 9c 07 02  	slli	s8, a5, 0x20
   11f24: 93 0c c1 14  	addi	s9, sp, 0x14c
   11f28: 06 7b        	ld	s6, 0x60(sp)
   11f2a: 3e 9c        	add	s8, s8, a5
   11f2c: 66 86        	mv	a2, s9
   11f2e: 93 7f 0f 40  	andi	t6, t5, 0x400
   11f32: 81 46        	li	a3, 0x0
   11f34: 13 08 f0 0f  	li	a6, 0xff
   11f38: 09 a8        	j	0x11f4a <_vfprintf_r+0x122c>
   11f3a: d2 87        	mv	a5, s4
   11f3c: 33 3a 8a 03  	mulhu	s4, s4, s8
   11f40: 6a 86        	mv	a2, s10
   11f42: 13 5a 3a 00  	srli	s4, s4, 0x3
   11f46: 63 fc fd 02  	bgeu	s11, a5, 0x11f7e <_vfprintf_r+0x1260>
   11f4a: 33 37 8a 03  	mulhu	a4, s4, s8
   11f4e: 85 26        	addiw	a3, a3, 0x1
   11f50: 13 0d f6 ff  	addi	s10, a2, -0x1
   11f54: 0d 83        	srli	a4, a4, 0x3
   11f56: 93 17 27 00  	slli	a5, a4, 0x2
   11f5a: ba 97        	add	a5, a5, a4
   11f5c: 86 07        	slli	a5, a5, 0x1
   11f5e: b3 07 fa 40  	sub	a5, s4, a5
   11f62: 9b 87 07 03  	addiw	a5, a5, 0x30
   11f66: a3 0f f6 fe  	sb	a5, -0x1(a2)
   11f6a: e3 88 0f fc  	beqz	t6, 0x11f3a <_vfprintf_r+0x121c>
   11f6e: 83 47 0b 00  	lbu	a5, 0x0(s6)
   11f72: e3 94 d7 fc  	bne	a5, a3, 0x11f3a <_vfprintf_r+0x121c>
   11f76: e3 82 07 fd  	beq	a5, a6, 0x11f3a <_vfprintf_r+0x121c>
   11f7a: 63 ed 4d 57  	bltu	s11, s4, 0x124f4 <_vfprintf_r+0x17d6>
   11f7e: da f0        	sd	s6, 0x60(sp)
   11f80: 36 f4        	sd	a3, 0x28(sp)
   11f82: 3b 8c ac 41  	subw	s8, s9, s10
   11f86: 1a 88        	mv	a6, t1
   11f88: 63 53 83 01  	bge	t1, s8, 0x11f8e <_vfprintf_r+0x1270>
   11f8c: 62 88        	mv	a6, s8
   11f8e: 03 47 f1 09  	lbu	a4, 0x9f(sp)
   11f92: 9b 0d 08 00  	sext.w	s11, a6
   11f96: 6f f0 6f fd  	j	0x1176c <_vfprintf_r+0xa4e>
   11f9a: e2 67        	ld	a5, 0x18(sp)
   11f9c: 93 86 f7 00  	addi	a3, a5, 0xf
   11fa0: c1 9a        	andi	a3, a3, -0x10
   11fa2: 93 87 06 01  	addi	a5, a3, 0x10
   11fa6: 98 62        	ld	a4, 0x0(a3)
   11fa8: 8c 66        	ld	a1, 0x8(a3)
   11faa: 3e ec        	sd	a5, 0x18(sp)
   11fac: 6f f0 0f 8d  	j	0x1107c <_vfprintf_r+0x35e>
   11fb0: e2 67        	ld	a5, 0x18(sp)
   11fb2: a1 07        	addi	a5, a5, 0x8
   11fb4: 62 67        	ld	a4, 0x18(sp)
   11fb6: 36 8f        	mv	t5, a3
   11fb8: 3e ec        	sd	a5, 0x18(sp)
   11fba: 18 63        	ld	a4, 0x0(a4)
   11fbc: 3a 8a        	mv	s4, a4
   11fbe: 6f f0 6f d3  	j	0x114f4 <_vfprintf_r+0x7d6>
   11fc2: 42 66        	ld	a2, 0x10(sp)
   11fc4: 97 d5 00 00  	auipc	a1, 0xd
   11fc8: 93 85 c5 d3  	addi	a1, a1, -0x2c4
   11fcc: 13 6f 2b 00  	ori	t5, s6, 0x2
   11fd0: 13 77 f6 00  	andi	a4, a2, 0xf
   11fd4: 2e 97        	add	a4, a4, a1
   11fd6: 83 46 07 00  	lbu	a3, 0x0(a4)
   11fda: 3e ec        	sd	a5, 0x18(sp)
   11fdc: 13 57 46 00  	srli	a4, a2, 0x4
   11fe0: a3 05 d1 14  	sb	a3, 0x14b(sp)
   11fe4: 01 2f        	sext.w	t5, t5
   11fe6: 13 0e 80 07  	li	t3, 0x78
   11fea: 09 46        	li	a2, 0x2
   11fec: e3 0d 07 70  	beqz	a4, 0x12f06 <_vfprintf_r+0x21e8>
   11ff0: 13 0d b1 14  	addi	s10, sp, 0x14b
   11ff4: 93 77 f7 00  	andi	a5, a4, 0xf
   11ff8: ae 97        	add	a5, a5, a1
   11ffa: 83 c7 07 00  	lbu	a5, 0x0(a5)
   11ffe: 11 83        	srli	a4, a4, 0x4
   12000: 7d 1d        	addi	s10, s10, -0x1
   12002: 23 00 fd 00  	sb	a5, 0x0(s10)
   12006: 7d f7        	bnez	a4, 0x11ff4 <_vfprintf_r+0x12d6>
   12008: 93 08 c1 14  	addi	a7, sp, 0x14c
   1200c: 3b 8c a8 41  	subw	s8, a7, s10
   12010: 1a 88        	mv	a6, t1
   12012: 63 53 83 01  	bge	t1, s8, 0x12018 <_vfprintf_r+0x12fa>
   12016: 62 88        	mv	a6, s8
   12018: 9b 0d 08 00  	sext.w	s11, a6
   1201c: 02 e8        	sd	zero, 0x10(sp)
   1201e: 02 fc        	sd	zero, 0x38(sp)
   12020: 02 f8        	sd	zero, 0x30(sp)
   12022: 02 f0        	sd	zero, 0x20(sp)
   12024: 01 45        	li	a0, 0x0
   12026: 6f f0 2f b8  	j	0x113a8 <_vfprintf_r+0x68a>
   1202a: 7d 53        	li	t1, -0x1
   1202c: b5 b4        	j	0x11a98 <_vfprintf_r+0xd7a>
   1202e: 5a 8f        	mv	t5, s6
   12030: 62 83        	mv	t1, s8
   12032: 97 d5 00 00  	auipc	a1, 0xd
   12036: 93 85 65 ce  	addi	a1, a1, -0x31a
   1203a: e2 66        	ld	a3, 0x18(sp)
   1203c: 13 77 0f 02  	andi	a4, t5, 0x20
   12040: 93 87 86 00  	addi	a5, a3, 0x8
   12044: 63 04 07 12  	beqz	a4, 0x1216c <_vfprintf_r+0x144e>
   12048: 98 62        	ld	a4, 0x0(a3)
   1204a: 93 76 1f 00  	andi	a3, t5, 0x1
   1204e: 63 89 06 12  	beqz	a3, 0x12180 <_vfprintf_r+0x1462>
   12052: 63 07 07 20  	beqz	a4, 0x12260 <_vfprintf_r+0x1542>
   12056: 93 06 00 03  	li	a3, 0x30
   1205a: a3 00 c1 0b  	sb	t3, 0xa1(sp)
   1205e: a3 0f 01 08  	sb	zero, 0x9f(sp)
   12062: 23 00 d1 0a  	sb	a3, 0xa0(sp)
   12066: 63 49 03 18  	bltz	t1, 0x121f8 <_vfprintf_r+0x14da>
   1206a: 13 7f ff b7  	andi	t5, t5, -0x481
   1206e: 01 2f        	sext.w	t5, t5
   12070: 13 6f 2f 00  	ori	t5, t5, 0x2
   12074: 93 76 f7 00  	andi	a3, a4, 0xf
   12078: ae 96        	add	a3, a3, a1
   1207a: 83 c6 06 00  	lbu	a3, 0x0(a3)
   1207e: 13 76 2f 00  	andi	a2, t5, 0x2
   12082: 3e ec        	sd	a5, 0x18(sp)
   12084: a3 05 d1 14  	sb	a3, 0x14b(sp)
   12088: 11 83        	srli	a4, a4, 0x4
   1208a: 3d f3        	bnez	a4, 0x11ff0 <_vfprintf_r+0x12d2>
   1208c: 13 0d b1 14  	addi	s10, sp, 0x14b
   12090: a5 bf        	j	0x12008 <_vfprintf_r+0x12ea>
   12092: 5a 8f        	mv	t5, s6
   12094: 62 83        	mv	t1, s8
   12096: 97 d5 00 00  	auipc	a1, 0xd
   1209a: 93 85 a5 c6  	addi	a1, a1, -0x396
   1209e: 71 bf        	j	0x1203a <_vfprintf_r+0x131c>
   120a0: 02 65        	ld	a0, 0x0(sp)
   120a2: 90 09        	addi	a2, sp, 0xd0
   120a4: ca 85        	mv	a1, s2
   120a6: 7a f0        	sd	t5, 0x20(sp)
   120a8: ef 80 60 24  	jal	0x1a2ee <__sprint_r>
   120ac: e3 1a 05 aa  	bnez	a0, 0x11b60 <_vfprintf_r+0xe42>
   120b0: 0e 7a        	ld	s4, 0xe0(sp)
   120b2: 02 7f        	ld	t5, 0x20(sp)
   120b4: 93 09 01 15  	addi	s3, sp, 0x150
   120b8: 6f f0 6f df  	j	0x116ae <_vfprintf_r+0x990>
   120bc: 13 6f 0b 02  	ori	t5, s6, 0x20
   120c0: 03 ce 1a 00  	lbu	t3, 0x1(s5)
   120c4: 1b 0b 0f 00  	sext.w	s6, t5
   120c8: 85 0a        	addi	s5, s5, 0x1
   120ca: 6f e0 7f d7  	j	0x10e40 <_vfprintf_r+0x122>
   120ce: 13 6f 0b 20  	ori	t5, s6, 0x200
   120d2: 03 ce 1a 00  	lbu	t3, 0x1(s5)
   120d6: 1b 0b 0f 00  	sext.w	s6, t5
   120da: 85 0a        	addi	s5, s5, 0x1
   120dc: 6f e0 5f d6  	j	0x10e40 <_vfprintf_r+0x122>
   120e0: 99 47        	li	a5, 0x6
   120e2: 62 88        	mv	a6, s8
   120e4: 63 e1 87 4d  	bltu	a5, s8, 0x125a6 <_vfprintf_r+0x1888>
   120e8: 9b 0d 08 00  	sext.w	s11, a6
   120ec: 66 ec        	sd	s9, 0x18(sp)
   120ee: 6e 8c        	mv	s8, s11
   120f0: 02 e8        	sd	zero, 0x10(sp)
   120f2: 01 43        	li	t1, 0x0
   120f4: 02 fc        	sd	zero, 0x38(sp)
   120f6: 02 f8        	sd	zero, 0x30(sp)
   120f8: 02 f0        	sd	zero, 0x20(sp)
   120fa: 17 dd 00 00  	auipc	s10, 0xd
   120fe: 13 0d 6d c3  	addi	s10, s10, -0x3ca
   12102: 6f e0 3f db  	j	0x10eb4 <_vfprintf_r+0x196>
   12106: 93 07 80 07  	li	a5, 0x78
   1210a: a3 00 f1 0a  	sb	a5, 0xa1(sp)
   1210e: 93 67 2f 00  	ori	a5, t5, 0x2
   12112: 13 07 00 03  	li	a4, 0x30
   12116: 81 27        	sext.w	a5, a5
   12118: 23 00 e1 0a  	sb	a4, 0xa0(sp)
   1211c: 3e f8        	sd	a5, 0x30(sp)
   1211e: 13 07 30 06  	li	a4, 0x63
   12122: 63 45 67 58  	blt	a4, t1, 0x126ac <_vfprintf_r+0x198e>
   12126: 2e 6a        	ld	s4, 0xc8(sp)
   12128: 13 6f 2f 10  	ori	t5, t5, 0x102
   1212c: 0e 6c        	ld	s8, 0xc0(sp)
   1212e: 01 2f        	sext.w	t5, t5
   12130: e3 41 0a 2a  	bltz	s4, 0x12bd2 <_vfprintf_r+0x1eb4>
   12134: 9b 06 fe fb  	addiw	a3, t3, -0x41
   12138: 02 e8        	sd	zero, 0x10(sp)
   1213a: 13 0d 81 0e  	addi	s10, sp, 0xe8
   1213e: 82 f4        	sd	zero, 0x68(sp)
   12140: 6f e0 7f fc  	j	0x11106 <_vfprintf_r+0x3e8>
   12144: 02 f0        	sd	zero, 0x20(sp)
   12146: 13 0d c1 14  	addi	s10, sp, 0x14c
   1214a: 01 45        	li	a0, 0x0
   1214c: 13 0e 80 07  	li	t3, 0x78
   12150: 89 4d        	li	s11, 0x2
   12152: 3b 87 bb 41  	subw	a4, s7, s11
   12156: 63 49 e0 00  	bgtz	a4, 0x12168 <_vfprintf_r+0x144a>
   1215a: 81 4c        	li	s9, 0x0
   1215c: 19 e1        	bnez	a0, 0x12162 <_vfprintf_r+0x1444>
   1215e: 6f e0 ff d8  	j	0x10eec <_vfprintf_r+0x1ce>
   12162: 09 47        	li	a4, 0x2
   12164: 6f e0 7f d6  	j	0x10eca <_vfprintf_r+0x1ac>
   12168: 89 4c        	li	s9, 0x2
   1216a: 29 b1        	j	0x11d74 <_vfprintf_r+0x1056>
   1216c: 13 77 0f 01  	andi	a4, t5, 0x10
   12170: 63 00 07 10  	beqz	a4, 0x12270 <_vfprintf_r+0x1552>
   12174: 62 67        	ld	a4, 0x18(sp)
   12176: 93 76 1f 00  	andi	a3, t5, 0x1
   1217a: 18 63        	ld	a4, 0x0(a4)
   1217c: e3 9b 06 ec  	bnez	a3, 0x12052 <_vfprintf_r+0x1334>
   12180: a3 0f 01 08  	sb	zero, 0x9f(sp)
   12184: 63 4d 03 06  	bltz	t1, 0x121fe <_vfprintf_r+0x14e0>
   12188: 13 7f ff b7  	andi	t5, t5, -0x481
   1218c: 01 2f        	sext.w	t5, t5
   1218e: e3 13 07 ee  	bnez	a4, 0x12074 <_vfprintf_r+0x1356>
   12192: 63 03 03 08  	beqz	t1, 0x12218 <_vfprintf_r+0x14fa>
   12196: 03 c7 05 00  	lbu	a4, 0x0(a1)
   1219a: 1a 88        	mv	a6, t1
   1219c: a3 05 e1 14  	sb	a4, 0x14b(sp)
   121a0: 63 58 60 46  	blez	t1, 0x12610 <_vfprintf_r+0x18f2>
   121a4: 9b 0d 08 00  	sext.w	s11, a6
   121a8: 3e ec        	sd	a5, 0x18(sp)
   121aa: 02 e8        	sd	zero, 0x10(sp)
   121ac: 05 4c        	li	s8, 0x1
   121ae: 02 fc        	sd	zero, 0x38(sp)
   121b0: 02 f8        	sd	zero, 0x30(sp)
   121b2: 02 f0        	sd	zero, 0x20(sp)
   121b4: 13 0d b1 14  	addi	s10, sp, 0x14b
   121b8: 6f e0 df cf  	j	0x10eb4 <_vfprintf_r+0x196>
   121bc: 02 65        	ld	a0, 0x0(sp)
   121be: 90 09        	addi	a2, sp, 0xd0
   121c0: ca 85        	mv	a1, s2
   121c2: 7a f0        	sd	t5, 0x20(sp)
   121c4: ef 80 a0 12  	jal	0x1a2ee <__sprint_r>
   121c8: e3 1c 05 98  	bnez	a0, 0x11b60 <_vfprintf_r+0xe42>
   121cc: 0e 7a        	ld	s4, 0xe0(sp)
   121ce: 6e 4c        	lw	s8, 0xd8(sp)
   121d0: 02 7f        	ld	t5, 0x20(sp)
   121d2: 93 08 01 15  	addi	a7, sp, 0x150
   121d6: 6f f0 ef a3  	j	0x11414 <_vfprintf_r+0x6f6>
   121da: 02 65        	ld	a0, 0x0(sp)
   121dc: 90 09        	addi	a2, sp, 0xd0
   121de: ca 85        	mv	a1, s2
   121e0: 7a f0        	sd	t5, 0x20(sp)
   121e2: ef 80 c0 10  	jal	0x1a2ee <__sprint_r>
   121e6: e3 1d 05 96  	bnez	a0, 0x11b60 <_vfprintf_r+0xe42>
   121ea: 0e 7a        	ld	s4, 0xe0(sp)
   121ec: 6e 4c        	lw	s8, 0xd8(sp)
   121ee: 02 7f        	ld	t5, 0x20(sp)
   121f0: 93 08 01 15  	addi	a7, sp, 0x150
   121f4: 6f f0 cf a3  	j	0x11430 <_vfprintf_r+0x712>
   121f8: 13 6f 2f 00  	ori	t5, t5, 0x2
   121fc: 01 2f        	sext.w	t5, t5
   121fe: 93 76 f7 00  	andi	a3, a4, 0xf
   12202: ae 96        	add	a3, a3, a1
   12204: 13 75 ff bf  	andi	a0, t5, -0x401
   12208: 13 76 2f 00  	andi	a2, t5, 0x2
   1220c: 83 c6 06 00  	lbu	a3, 0x0(a3)
   12210: 3e ec        	sd	a5, 0x18(sp)
   12212: 1b 0f 05 00  	sext.w	t5, a0
   12216: bd b5        	j	0x12084 <_vfprintf_r+0x1366>
   12218: 3e ec        	sd	a5, 0x18(sp)
   1221a: 01 4c        	li	s8, 0x0
   1221c: 81 4d        	li	s11, 0x0
   1221e: 13 0d c1 14  	addi	s10, sp, 0x14c
   12222: 6f f0 0f f7  	j	0x11992 <_vfprintf_r+0xc74>
   12226: 01 4c        	li	s8, 0x0
   12228: 13 0d c1 14  	addi	s10, sp, 0x14c
   1222c: 6f f0 6f f6  	j	0x11992 <_vfprintf_r+0xc74>
   12230: 02 65        	ld	a0, 0x0(sp)
   12232: 90 09        	addi	a2, sp, 0xd0
   12234: ca 85        	mv	a1, s2
   12236: 1a e1        	sd	t1, 0x80(sp)
   12238: fa fc        	sd	t5, 0x78(sp)
   1223a: f2 f4        	sd	t3, 0x68(sp)
   1223c: ef 80 20 0b  	jal	0x1a2ee <__sprint_r>
   12240: e3 10 05 92  	bnez	a0, 0x11b60 <_vfprintf_r+0xe42>
   12244: 03 47 f1 09  	lbu	a4, 0x9f(sp)
   12248: 0e 7a        	ld	s4, 0xe0(sp)
   1224a: 26 7e        	ld	t3, 0x68(sp)
   1224c: 66 7f        	ld	t5, 0x78(sp)
   1224e: 0a 63        	ld	t1, 0x80(sp)
   12250: 6d cb        	beqz	a4, 0x12342 <_vfprintf_r+0x1624>
   12252: 66 87        	mv	a4, s9
   12254: ee 45        	lw	a1, 0xd8(sp)
   12256: 81 4c        	li	s9, 0x0
   12258: 93 09 01 15  	addi	s3, sp, 0x150
   1225c: 6f e0 ff c6  	j	0x10eca <_vfprintf_r+0x1ac>
   12260: a3 0f 01 08  	sb	zero, 0x9f(sp)
   12264: 63 4c 03 26  	bltz	t1, 0x124dc <_vfprintf_r+0x17be>
   12268: 13 7f ff b7  	andi	t5, t5, -0x481
   1226c: 01 2f        	sext.w	t5, t5
   1226e: 15 b7        	j	0x12192 <_vfprintf_r+0x1474>
   12270: 62 67        	ld	a4, 0x18(sp)
   12272: 93 76 0f 04  	andi	a3, t5, 0x40
   12276: 18 43        	lw	a4, 0x0(a4)
   12278: 63 88 06 1a  	beqz	a3, 0x12428 <_vfprintf_r+0x170a>
   1227c: 42 17        	slli	a4, a4, 0x30
   1227e: 41 93        	srli	a4, a4, 0x30
   12280: e9 b3        	j	0x1204a <_vfprintf_r+0x132c>
   12282: 02 65        	ld	a0, 0x0(sp)
   12284: 90 09        	addi	a2, sp, 0xd0
   12286: ca 85        	mv	a1, s2
   12288: 7a f0        	sd	t5, 0x20(sp)
   1228a: ef 80 40 06  	jal	0x1a2ee <__sprint_r>
   1228e: e3 19 05 8c  	bnez	a0, 0x11b60 <_vfprintf_r+0xe42>
   12292: 0e 7a        	ld	s4, 0xe0(sp)
   12294: 02 7f        	ld	t5, 0x20(sp)
   12296: 93 09 01 15  	addi	s3, sp, 0x150
   1229a: 6f f0 ef be  	j	0x11688 <_vfprintf_r+0x96a>
   1229e: 62 8f        	mv	t5, s8
   122a0: 66 8c        	mv	s8, s9
   122a2: da 8c        	mv	s9, s6
   122a4: 62 9a        	add	s4, s4, s8
   122a6: 85 27        	addiw	a5, a5, 0x1
   122a8: d2 f1        	sd	s4, 0xe0(sp)
   122aa: be cd        	sw	a5, 0xd8(sp)
   122ac: 23 b0 99 01  	sd	s9, 0x0(s3)
   122b0: 23 b4 89 01  	sd	s8, 0x8(s3)
   122b4: 1d 47        	li	a4, 0x7
   122b6: 63 44 f7 00  	blt	a4, a5, 0x122be <_vfprintf_r+0x15a0>
   122ba: 6f e0 ff c7  	j	0x10f38 <_vfprintf_r+0x21a>
   122be: 6f f0 af 9c  	j	0x11488 <_vfprintf_r+0x76a>
   122c2: 0e 65        	ld	a0, 0xc0(sp)
   122c4: ae 65        	ld	a1, 0xc8(sp)
   122c6: 13 7f ff f7  	andi	t5, t5, -0x81
   122ca: 01 2f        	sext.w	t5, t5
   122cc: 01 46        	li	a2, 0x0
   122ce: 81 46        	li	a3, 0x0
   122d0: 72 f0        	sd	t3, 0x20(sp)
   122d2: 7a e8        	sd	t5, 0x10(sp)
   122d4: ef b0 00 2f  	jal	0x1d5c4 <__lttf2>
   122d8: 42 6f        	ld	t5, 0x10(sp)
   122da: 02 7e        	ld	t3, 0x20(sp)
   122dc: 63 47 05 2c  	bltz	a0, 0x125aa <_vfprintf_r+0x188c>
   122e0: 93 06 70 04  	li	a3, 0x47
   122e4: 03 47 f1 09  	lbu	a4, 0x9f(sp)
   122e8: 17 dd 00 00  	auipc	s10, 0xd
   122ec: 13 0d 8d 9f  	addi	s10, s10, -0x608
   122f0: 63 d6 c6 01  	bge	a3, t3, 0x122fc <_vfprintf_r+0x15de>
   122f4: 17 dd 00 00  	auipc	s10, 0xd
   122f8: 13 0d 4d 9f  	addi	s10, s10, -0x60c
   122fc: e3 1d 07 32  	bnez	a4, 0x12e36 <_vfprintf_r+0x2118>
   12300: 0d 4c        	li	s8, 0x3
   12302: e2 8d        	mv	s11, s8
   12304: 6f f0 af a7  	j	0x1157e <_vfprintf_r+0x860>
   12308: 13 76 f7 00  	andi	a2, a4, 0xf
   1230c: 97 d5 00 00  	auipc	a1, 0xd
   12310: 93 85 45 9f  	addi	a1, a1, -0x60c
   12314: 2e 96        	add	a2, a2, a1
   12316: 83 46 06 00  	lbu	a3, 0x0(a2)
   1231a: 2a 8f        	mv	t5, a0
   1231c: 09 46        	li	a2, 0x2
   1231e: 13 0e 80 07  	li	t3, 0x78
   12322: 85 b3        	j	0x12082 <_vfprintf_r+0x1364>
   12324: 4e 8f        	mv	t5, s3
   12326: e6 89        	mv	s3, s9
   12328: da 8c        	mv	s9, s6
   1232a: 4e 9a        	add	s4, s4, s3
   1232c: 05 2c        	addiw	s8, s8, 0x1
   1232e: d2 f1        	sd	s4, 0xe0(sp)
   12330: e2 cd        	sw	s8, 0xd8(sp)
   12332: 23 b0 98 01  	sd	s9, 0x0(a7)
   12336: 23 b4 38 01  	sd	s3, 0x8(a7)
   1233a: 9d 47        	li	a5, 0x7
   1233c: 63 d6 87 93  	bge	a5, s8, 0x11468 <_vfprintf_r+0x74a>
   12340: 11 bc        	j	0x11d54 <_vfprintf_r+0x1036>
   12342: 63 88 0c 2a  	beqz	s9, 0x125f2 <_vfprintf_r+0x18d4>
   12346: ee 45        	lw	a1, 0xd8(sp)
   12348: 81 4c        	li	s9, 0x0
   1234a: 93 09 01 15  	addi	s3, sp, 0x150
   1234e: 6f e0 ff b9  	j	0x10eec <_vfprintf_r+0x1ce>
   12352: 6a 85        	mv	a0, s10
   12354: 72 e8        	sd	t3, 0x10(sp)
   12356: 5a ec        	sd	s6, 0x18(sp)
   12358: ef e0 df 92  	jal	0x10c84 <strlen>
   1235c: 1b 0c 05 00  	sext.w	s8, a0
   12360: 42 6e        	ld	t3, 0x10(sp)
   12362: 62 6f        	ld	t5, 0x18(sp)
   12364: 62 87        	mv	a4, s8
   12366: 63 43 0c 2a  	bltz	s8, 0x1260c <_vfprintf_r+0x18ee>
   1236a: 83 46 f1 09  	lbu	a3, 0x9f(sp)
   1236e: ba 8d        	mv	s11, a4
   12370: 63 86 06 a0  	beqz	a3, 0x1157c <_vfprintf_r+0x85e>
   12374: 9b 0d 17 00  	addiw	s11, a4, 0x1
   12378: 6f f0 4f a0  	j	0x1157c <_vfprintf_r+0x85e>
   1237c: c1 48        	li	a7, 0x10
   1237e: 6e 46        	lw	a2, 0xd8(sp)
   12380: 97 dc 00 00  	auipc	s9, 0xd
   12384: 93 8c 8c c0  	addi	s9, s9, -0x3f8
   12388: 63 d0 88 13  	bge	a7, s8, 0x124a8 <_vfprintf_r+0x178a>
   1238c: 66 8b        	mv	s6, s9
   1238e: 46 8e        	mv	t3, a7
   12390: e2 8c        	mv	s9, s8
   12392: 1d 43        	li	t1, 0x7
   12394: 7a 8c        	mv	s8, t5
   12396: 21 a0        	j	0x1239e <_vfprintf_r+0x1680>
   12398: c1 3c        	addiw	s9, s9, -0x10
   1239a: 63 54 9e 11  	bge	t3, s9, 0x124a2 <_vfprintf_r+0x1784>
   1239e: 41 0a        	addi	s4, s4, 0x10
   123a0: 05 26        	addiw	a2, a2, 0x1
   123a2: 23 b0 69 01  	sd	s6, 0x0(s3)
   123a6: 23 b4 19 01  	sd	a7, 0x8(s3)
   123aa: d2 f1        	sd	s4, 0xe0(sp)
   123ac: b2 cd        	sw	a2, 0xd8(sp)
   123ae: c1 09        	addi	s3, s3, 0x10
   123b0: e3 54 c3 fe  	bge	t1, a2, 0x12398 <_vfprintf_r+0x167a>
   123b4: 02 65        	ld	a0, 0x0(sp)
   123b6: 90 09        	addi	a2, sp, 0xd0
   123b8: ca 85        	mv	a1, s2
   123ba: ef 70 50 73  	jal	0x1a2ee <__sprint_r>
   123be: 63 11 05 fa  	bnez	a0, 0x11b60 <_vfprintf_r+0xe42>
   123c2: 41 4e        	li	t3, 0x10
   123c4: 0e 7a        	ld	s4, 0xe0(sp)
   123c6: 6e 46        	lw	a2, 0xd8(sp)
   123c8: 93 09 01 15  	addi	s3, sp, 0x150
   123cc: 1d 43        	li	t1, 0x7
   123ce: f2 88        	mv	a7, t3
   123d0: e1 b7        	j	0x12398 <_vfprintf_r+0x167a>
   123d2: ee 46        	lw	a3, 0xd8(sp)
   123d4: 86 67        	ld	a5, 0x40(sp)
   123d6: 26 67        	ld	a4, 0x48(sp)
   123d8: 85 26        	addiw	a3, a3, 0x1
   123da: 3e 9a        	add	s4, s4, a5
   123dc: 23 b0 e9 00  	sd	a4, 0x0(s3)
   123e0: 23 b4 f9 00  	sd	a5, 0x8(s3)
   123e4: d2 f1        	sd	s4, 0xe0(sp)
   123e6: b6 cd        	sw	a3, 0xd8(sp)
   123e8: 1d 47        	li	a4, 0x7
   123ea: c1 09        	addi	s3, s3, 0x10
   123ec: 63 4b d7 28  	blt	a4, a3, 0x12682 <_vfprintf_r+0x1964>
   123f0: 63 43 06 74  	bltz	a2, 0x12b36 <_vfprintf_r+0x1e18>
   123f4: a2 77        	ld	a5, 0x28(sp)
   123f6: 85 26        	addiw	a3, a3, 0x1
   123f8: b6 cd        	sw	a3, 0xd8(sp)
   123fa: 3e 9a        	add	s4, s4, a5
   123fc: 23 b4 f9 00  	sd	a5, 0x8(s3)
   12400: d2 f1        	sd	s4, 0xe0(sp)
   12402: 23 b0 a9 01  	sd	s10, 0x0(s3)
   12406: 9d 47        	li	a5, 0x7
   12408: 63 c4 d7 00  	blt	a5, a3, 0x12410 <_vfprintf_r+0x16f2>
   1240c: 6f e0 df b2  	j	0x10f38 <_vfprintf_r+0x21a>
   12410: 6f f0 8f 87  	j	0x11488 <_vfprintf_r+0x76a>
   12414: 93 76 0b 20  	andi	a3, s6, 0x200
   12418: 63 8c 06 20  	beqz	a3, 0x12630 <_vfprintf_r+0x1912>
   1241c: 13 77 f7 0f  	andi	a4, a4, 0xff
   12420: 3e ec        	sd	a5, 0x18(sp)
   12422: 5a 88        	mv	a6, s6
   12424: 6f f0 af ce  	j	0x1190e <_vfprintf_r+0xbf0>
   12428: 93 76 0f 20  	andi	a3, t5, 0x200
   1242c: 63 8f 06 1e  	beqz	a3, 0x1262a <_vfprintf_r+0x190c>
   12430: 13 77 f7 0f  	andi	a4, a4, 0xff
   12434: 19 b9        	j	0x1204a <_vfprintf_r+0x132c>
   12436: 13 77 0b 20  	andi	a4, s6, 0x200
   1243a: 63 04 07 1e  	beqz	a4, 0x12622 <_vfprintf_r+0x1904>
   1243e: 1b 1a 8a 01  	slliw	s4, s4, 0x18
   12442: 1b 5a 8a 41  	sraiw	s4, s4, 0x18
   12446: 3e ec        	sd	a5, 0x18(sp)
   12448: 52 87        	mv	a4, s4
   1244a: 6f f0 af 8a  	j	0x114f4 <_vfprintf_r+0x7d6>
   1244e: 93 77 0b 20  	andi	a5, s6, 0x200
   12452: a3 0f 01 08  	sb	zero, 0x9f(sp)
   12456: 63 8f 07 1a  	beqz	a5, 0x12614 <_vfprintf_r+0x18f6>
   1245a: 13 7a fa 0f  	andi	s4, s4, 0xff
   1245e: 63 5b 0c b6  	bgez	s8, 0x117d4 <_vfprintf_r+0xab6>
   12462: 6f f0 2f d6  	j	0x119c4 <_vfprintf_r+0xca6>
   12466: ae 67        	ld	a5, 0xc8(sp)
   12468: 13 7f ff f7  	andi	t5, t5, -0x81
   1246c: 01 2f        	sext.w	t5, t5
   1246e: 13 d7 f7 03  	srli	a4, a5, 0x3f
   12472: 3a f0        	sd	a4, 0x20(sp)
   12474: 63 df 07 1c  	bgez	a5, 0x12652 <_vfprintf_r+0x1934>
   12478: 93 07 d0 02  	li	a5, 0x2d
   1247c: a3 0f f1 08  	sb	a5, 0x9f(sp)
   12480: 02 e8        	sd	zero, 0x10(sp)
   12482: 93 07 70 04  	li	a5, 0x47
   12486: 02 fc        	sd	zero, 0x38(sp)
   12488: 02 f8        	sd	zero, 0x30(sp)
   1248a: 02 f0        	sd	zero, 0x20(sp)
   1248c: 0d 4c        	li	s8, 0x3
   1248e: 01 43        	li	t1, 0x0
   12490: e3 dc c7 05  	bge	a5, t3, 0x12ce8 <_vfprintf_r+0x1fca>
   12494: 17 dd 00 00  	auipc	s10, 0xd
   12498: 13 0d 4d 86  	addi	s10, s10, -0x79c
   1249c: 91 4d        	li	s11, 0x4
   1249e: 6f e0 7f a1  	j	0x10eb4 <_vfprintf_r+0x196>
   124a2: 62 8f        	mv	t5, s8
   124a4: 66 8c        	mv	s8, s9
   124a6: da 8c        	mv	s9, s6
   124a8: 62 9a        	add	s4, s4, s8
   124aa: 05 26        	addiw	a2, a2, 0x1
   124ac: 23 b0 99 01  	sd	s9, 0x0(s3)
   124b0: 23 b4 89 01  	sd	s8, 0x8(s3)
   124b4: d2 f1        	sd	s4, 0xe0(sp)
   124b6: b2 cd        	sw	a2, 0xd8(sp)
   124b8: 1d 47        	li	a4, 0x7
   124ba: c1 09        	addi	s3, s3, 0x10
   124bc: 63 52 c7 fa  	bge	a4, a2, 0x11c60 <_vfprintf_r+0xf42>
   124c0: 02 65        	ld	a0, 0x0(sp)
   124c2: 90 09        	addi	a2, sp, 0xd0
   124c4: ca 85        	mv	a1, s2
   124c6: fa f4        	sd	t5, 0x68(sp)
   124c8: ef 70 70 62  	jal	0x1a2ee <__sprint_r>
   124cc: 63 1a 05 e8  	bnez	a0, 0x11b60 <_vfprintf_r+0xe42>
   124d0: 0e 7a        	ld	s4, 0xe0(sp)
   124d2: 26 7f        	ld	t5, 0x68(sp)
   124d4: 93 09 01 15  	addi	s3, sp, 0x150
   124d8: 6f f0 8f f8  	j	0x11c60 <_vfprintf_r+0xf42>
   124dc: 03 c7 05 00  	lbu	a4, 0x0(a1)
   124e0: 13 7f ff bf  	andi	t5, t5, -0x401
   124e4: 01 2f        	sext.w	t5, t5
   124e6: a3 05 e1 14  	sb	a4, 0x14b(sp)
   124ea: 3e ec        	sd	a5, 0x18(sp)
   124ec: 01 46        	li	a2, 0x0
   124ee: 13 0d b1 14  	addi	s10, sp, 0x14b
   124f2: 19 be        	j	0x12008 <_vfprintf_r+0x12ea>
   124f4: 33 3a 8a 03  	mulhu	s4, s4, s8
   124f8: 46 76        	ld	a2, 0x70(sp)
   124fa: e6 65        	ld	a1, 0x58(sp)
   124fc: 7e fc        	sd	t6, 0x38(sp)
   124fe: b3 08 cd 40  	sub	a7, s10, a2
   12502: 46 85        	mv	a0, a7
   12504: 1a f8        	sd	t1, 0x30(sp)
   12506: 7a f4        	sd	t5, 0x28(sp)
   12508: 72 f0        	sd	t3, 0x20(sp)
   1250a: 46 e8        	sd	a7, 0x10(sp)
   1250c: 13 5a 3a 00  	srli	s4, s4, 0x3
   12510: ef 50 b0 41  	jal	0x1812a <strncpy>
   12514: 33 37 8a 03  	mulhu	a4, s4, s8
   12518: 83 47 1b 00  	lbu	a5, 0x1(s6)
   1251c: c2 68        	ld	a7, 0x10(sp)
   1251e: 02 7e        	ld	t3, 0x20(sp)
   12520: b3 37 f0 00  	snez	a5, a5
   12524: 3e 9b        	add	s6, s6, a5
   12526: 22 7f        	ld	t5, 0x28(sp)
   12528: 42 73        	ld	t1, 0x30(sp)
   1252a: e2 7f        	ld	t6, 0x38(sp)
   1252c: 13 8d f8 ff  	addi	s10, a7, -0x1
   12530: 0d 83        	srli	a4, a4, 0x3
   12532: 93 17 27 00  	slli	a5, a4, 0x2
   12536: ba 97        	add	a5, a5, a4
   12538: 86 07        	slli	a5, a5, 0x1
   1253a: b3 07 fa 40  	sub	a5, s4, a5
   1253e: 9b 87 07 03  	addiw	a5, a5, 0x30
   12542: 85 46        	li	a3, 0x1
   12544: a3 8f f8 fe  	sb	a5, -0x1(a7)
   12548: 13 08 f0 0f  	li	a6, 0xff
   1254c: 0d b4        	j	0x11f6e <_vfprintf_r+0x1250>
   1254e: 02 65        	ld	a0, 0x0(sp)
   12550: 90 09        	addi	a2, sp, 0xd0
   12552: ca 85        	mv	a1, s2
   12554: 7a f0        	sd	t5, 0x20(sp)
   12556: ef 70 90 59  	jal	0x1a2ee <__sprint_r>
   1255a: 63 13 05 e0  	bnez	a0, 0x11b60 <_vfprintf_r+0xe42>
   1255e: 2a 56        	lw	a2, 0xa8(sp)
   12560: 0e 7a        	ld	s4, 0xe0(sp)
   12562: 02 7f        	ld	t5, 0x20(sp)
   12564: 93 09 01 15  	addi	s3, sp, 0x150
   12568: 81 ba        	j	0x11eb8 <_vfprintf_r+0x119a>
   1256a: 03 47 f1 09  	lbu	a4, 0x9f(sp)
   1256e: 81 4d        	li	s11, 0x0
   12570: 01 4c        	li	s8, 0x0
   12572: 13 0d c1 14  	addi	s10, sp, 0x14c
   12576: 6f f0 6f 9f  	j	0x1176c <_vfprintf_r+0xa4e>
   1257a: 13 07 00 03  	li	a4, 0x30
   1257e: 2a 8f        	mv	t5, a0
   12580: e2 8d        	mv	s11, s8
   12582: 3e ec        	sd	a5, 0x18(sp)
   12584: a3 05 e1 14  	sb	a4, 0x14b(sp)
   12588: 02 f8        	sd	zero, 0x30(sp)
   1258a: 02 fc        	sd	zero, 0x38(sp)
   1258c: 05 4c        	li	s8, 0x1
   1258e: 02 f0        	sd	zero, 0x20(sp)
   12590: 13 0d b1 14  	addi	s10, sp, 0x14b
   12594: 13 0e 80 07  	li	t3, 0x78
   12598: 01 45        	li	a0, 0x0
   1259a: 6f e0 3f e1  	j	0x113ac <_vfprintf_r+0x68e>
   1259e: 9b 8d 16 00  	addiw	s11, a3, 0x1
   125a2: 6f e0 bf fd  	j	0x1157c <_vfprintf_r+0x85e>
   125a6: 3e 88        	mv	a6, a5
   125a8: 81 b6        	j	0x120e8 <_vfprintf_r+0x13ca>
   125aa: 93 07 d0 02  	li	a5, 0x2d
   125ae: a3 0f f1 08  	sb	a5, 0x9f(sp)
   125b2: 02 e8        	sd	zero, 0x10(sp)
   125b4: 93 07 70 04  	li	a5, 0x47
   125b8: 02 fc        	sd	zero, 0x38(sp)
   125ba: 02 f8        	sd	zero, 0x30(sp)
   125bc: 02 f0        	sd	zero, 0x20(sp)
   125be: 0d 4c        	li	s8, 0x3
   125c0: 01 43        	li	t1, 0x0
   125c2: 63 dc c7 71  	bge	a5, t3, 0x12cda <_vfprintf_r+0x1fbc>
   125c6: 17 cd 00 00  	auipc	s10, 0xc
   125ca: 13 0d 2d 72  	addi	s10, s10, 0x722
   125ce: 91 4d        	li	s11, 0x4
   125d0: 6f e0 5f 8e  	j	0x10eb4 <_vfprintf_r+0x196>
   125d4: 3e 87        	mv	a4, a5
   125d6: ea 97        	add	a5, a5, s10
   125d8: b3 87 97 41  	sub	a5, a5, s9
   125dc: bb 06 87 41  	subw	a3, a4, s8
   125e0: 1b 87 07 00  	sext.w	a4, a5
   125e4: 63 d3 e6 00  	bge	a3, a4, 0x125ea <_vfprintf_r+0x18cc>
   125e8: b6 87        	mv	a5, a3
   125ea: 1b 8c 07 00  	sext.w	s8, a5
   125ee: 6f f0 8f ee  	j	0x11cd6 <_vfprintf_r+0xfb8>
   125f2: 93 09 01 15  	addi	s3, sp, 0x150
   125f6: 6f e0 bf 91  	j	0x10f10 <_vfprintf_r+0x1f2>
   125fa: a2 67        	ld	a5, 0x8(sp)
   125fc: 56 8d        	mv	s10, s5
   125fe: 23 10 f7 00  	sh	a5, 0x0(a4)
   12602: 6f e0 ff 96  	j	0x10f70 <_vfprintf_r+0x252>
   12606: 81 46        	li	a3, 0x0
   12608: 6f e0 df f6  	j	0x11574 <_vfprintf_r+0x856>
   1260c: 01 47        	li	a4, 0x0
   1260e: b1 bb        	j	0x1236a <_vfprintf_r+0x164c>
   12610: 05 48        	li	a6, 0x1
   12612: 49 be        	j	0x121a4 <_vfprintf_r+0x1486>
   12614: 02 1a        	slli	s4, s4, 0x20
   12616: 13 5a 0a 02  	srli	s4, s4, 0x20
   1261a: 63 5d 0c 9a  	bgez	s8, 0x117d4 <_vfprintf_r+0xab6>
   1261e: 6f f0 6f ba  	j	0x119c4 <_vfprintf_r+0xca6>
   12622: 3e ec        	sd	a5, 0x18(sp)
   12624: 52 87        	mv	a4, s4
   12626: 6f e0 ff ec  	j	0x114f4 <_vfprintf_r+0x7d6>
   1262a: 02 17        	slli	a4, a4, 0x20
   1262c: 01 93        	srli	a4, a4, 0x20
   1262e: 31 bc        	j	0x1204a <_vfprintf_r+0x132c>
   12630: 02 17        	slli	a4, a4, 0x20
   12632: 01 93        	srli	a4, a4, 0x20
   12634: 3e ec        	sd	a5, 0x18(sp)
   12636: 5a 88        	mv	a6, s6
   12638: 6f f0 6f ad  	j	0x1190e <_vfprintf_r+0xbf0>
   1263c: 02 65        	ld	a0, 0x0(sp)
   1263e: 90 09        	addi	a2, sp, 0xd0
   12640: ca 85        	mv	a1, s2
   12642: ef 70 d0 4a  	jal	0x1a2ee <__sprint_r>
   12646: 19 c1        	beqz	a0, 0x1264c <_vfprintf_r+0x192e>
   12648: 6f e0 bf 93  	j	0x10f82 <_vfprintf_r+0x264>
   1264c: 82 cd        	sw	zero, 0xd8(sp)
   1264e: 6f e0 5f 93  	j	0x10f82 <_vfprintf_r+0x264>
   12652: 93 06 70 04  	li	a3, 0x47
   12656: 03 47 f1 09  	lbu	a4, 0x9f(sp)
   1265a: 17 cd 00 00  	auipc	s10, 0xc
   1265e: 13 0d 6d 69  	addi	s10, s10, 0x696
   12662: 63 d6 c6 01  	bge	a3, t3, 0x1266e <_vfprintf_r+0x1950>
   12666: 17 cd 00 00  	auipc	s10, 0xc
   1266a: 13 0d 2d 69  	addi	s10, s10, 0x692
   1266e: e3 11 07 08  	bnez	a4, 0x12ef0 <_vfprintf_r+0x21d2>
   12672: 0d 4c        	li	s8, 0x3
   12674: e2 8d        	mv	s11, s8
   12676: 01 43        	li	t1, 0x0
   12678: 02 fc        	sd	zero, 0x38(sp)
   1267a: 02 f8        	sd	zero, 0x30(sp)
   1267c: 02 e8        	sd	zero, 0x10(sp)
   1267e: 6f e0 7f 83  	j	0x10eb4 <_vfprintf_r+0x196>
   12682: 02 65        	ld	a0, 0x0(sp)
   12684: 90 09        	addi	a2, sp, 0xd0
   12686: ca 85        	mv	a1, s2
   12688: 7a f0        	sd	t5, 0x20(sp)
   1268a: ef 70 50 46  	jal	0x1a2ee <__sprint_r>
   1268e: 63 19 05 cc  	bnez	a0, 0x11b60 <_vfprintf_r+0xe42>
   12692: 2a 56        	lw	a2, 0xa8(sp)
   12694: 0e 7a        	ld	s4, 0xe0(sp)
   12696: ee 46        	lw	a3, 0xd8(sp)
   12698: 02 7f        	ld	t5, 0x20(sp)
   1269a: 93 09 01 15  	addi	s3, sp, 0x150
   1269e: 89 bb        	j	0x123f0 <_vfprintf_r+0x16d2>
   126a0: 03 35 09 0a  	ld	a0, 0xa0(s2)
   126a4: ef 30 d0 44  	jal	0x162f0 <__retarget_lock_release_recursive>
   126a8: 6f e0 9f 96  	j	0x11010 <_vfprintf_r+0x2f2>
   126ac: 02 65        	ld	a0, 0x0(sp)
   126ae: 9b 05 13 00  	addiw	a1, t1, 0x1
   126b2: 7a fc        	sd	t5, 0x38(sp)
   126b4: 72 f4        	sd	t3, 0x28(sp)
   126b6: 1a f0        	sd	t1, 0x20(sp)
   126b8: ef 30 50 5d  	jal	0x1648c <_malloc_r>
   126bc: 2a e8        	sd	a0, 0x10(sp)
   126be: 02 73        	ld	t1, 0x20(sp)
   126c0: 22 7e        	ld	t3, 0x28(sp)
   126c2: 62 7f        	ld	t5, 0x38(sp)
   126c4: e3 0e 05 00  	beqz	a0, 0x12ee0 <_vfprintf_r+0x21c2>
   126c8: 2e 6a        	ld	s4, 0xc8(sp)
   126ca: 13 6f 2f 10  	ori	t5, t5, 0x102
   126ce: 0e 6c        	ld	s8, 0xc0(sp)
   126d0: 01 2f        	sext.w	t5, t5
   126d2: 63 4e 0a 76  	bltz	s4, 0x12e4e <_vfprintf_r+0x2130>
   126d6: 42 6d        	ld	s10, 0x10(sp)
   126d8: 9b 06 fe fb  	addiw	a3, t3, -0x41
   126dc: 82 f4        	sd	zero, 0x68(sp)
   126de: 6f e0 9f a2  	j	0x11106 <_vfprintf_r+0x3e8>
   126e2: 82 77        	ld	a5, 0x20(sp)
   126e4: 93 06 d0 02  	li	a3, 0x2d
   126e8: 05 47        	li	a4, 0x1
   126ea: a3 08 d1 0a  	sb	a3, 0xb1(sp)
   126ee: 1d 9f        	subw	a4, a4, a5
   126f0: a5 46        	li	a3, 0x9
   126f2: 63 d4 e6 00  	bge	a3, a4, 0x126fa <_vfprintf_r+0x19dc>
   126f6: 6f e0 bf be  	j	0x112e0 <_vfprintf_r+0x5c2>
   126fa: 93 06 21 0b  	addi	a3, sp, 0xb2
   126fe: 9c 0b        	addi	a5, sp, 0x1d0
   12700: 33 86 f6 40  	sub	a2, a3, a5
   12704: 1b 07 07 03  	addiw	a4, a4, 0x30
   12708: 9b 07 16 12  	addiw	a5, a2, 0x121
   1270c: 23 80 e6 00  	sb	a4, 0x0(a3)
   12710: be e8        	sd	a5, 0x50(sp)
   12712: 6f e0 bf c4  	j	0x1135c <_vfprintf_r+0x63e>
   12716: 03 45 f1 09  	lbu	a0, 0x9f(sp)
   1271a: 19 c1        	beqz	a0, 0x12720 <_vfprintf_r+0x1a02>
   1271c: 6f e0 9f c8  	j	0x113a4 <_vfprintf_r+0x686>
   12720: 01 43        	li	t1, 0x0
   12722: 6f e0 7f c8  	j	0x113a8 <_vfprintf_r+0x68a>
   12726: a2 77        	ld	a5, 0x28(sp)
   12728: d6 f4        	sd	s5, 0x68(sp)
   1272a: de fc        	sd	s7, 0x78(sp)
   1272c: b3 05 fd 00  	add	a1, s10, a5
   12730: ce 87        	mv	a5, s3
   12732: c2 79        	ld	s3, 0x30(sp)
   12734: 7a e1        	sd	t5, 0x80(sp)
   12736: 6e f8        	sd	s11, 0x30(sp)
   12738: e2 7d        	ld	s11, 0x38(sp)
   1273a: 6a fc        	sd	s10, 0x38(sp)
   1273c: e6 8b        	mv	s7, s9
   1273e: 02 6b        	ld	s6, 0x0(sp)
   12740: c6 7c        	ld	s9, 0x70(sp)
   12742: 06 7d        	ld	s10, 0x60(sp)
   12744: 9d 46        	li	a3, 0x7
   12746: 41 47        	li	a4, 0x10
   12748: 17 dc 00 00  	auipc	s8, 0xd
   1274c: 13 0c 0c 84  	addi	s8, s8, -0x7c0
   12750: 52 86        	mv	a2, s4
   12752: ae 8a        	mv	s5, a1
   12754: 63 59 30 07  	blez	s3, 0x127c6 <_vfprintf_r+0x1aa8>
   12758: 63 53 b0 11  	blez	s11, 0x1285e <_vfprintf_r+0x1b40>
   1275c: fd 3d        	addiw	s11, s11, -0x1
   1275e: ee 45        	lw	a1, 0xd8(sp)
   12760: 66 65        	ld	a0, 0x58(sp)
   12762: 66 96        	add	a2, a2, s9
   12764: 85 25        	addiw	a1, a1, 0x1
   12766: 88 e3        	sd	a0, 0x0(a5)
   12768: 23 b4 97 01  	sd	s9, 0x8(a5)
   1276c: b2 f1        	sd	a2, 0xe0(sp)
   1276e: ae cd        	sw	a1, 0xd8(sp)
   12770: c1 07        	addi	a5, a5, 0x10
   12772: 63 c9 b6 0e  	blt	a3, a1, 0x12864 <_vfprintf_r+0x1b46>
   12776: 83 45 0d 00  	lbu	a1, 0x0(s10)
   1277a: b3 88 7a 41  	sub	a7, s5, s7
   1277e: 1b 85 08 00  	sext.w	a0, a7
   12782: 2e 88        	mv	a6, a1
   12784: 63 d3 a5 00  	bge	a1, a0, 0x1278a <_vfprintf_r+0x1a6c>
   12788: ae 88        	mv	a7, a1
   1278a: 1b 8a 08 00  	sext.w	s4, a7
   1278e: 63 51 40 03  	blez	s4, 0x127b0 <_vfprintf_r+0x1a92>
   12792: ee 45        	lw	a1, 0xd8(sp)
   12794: 52 96        	add	a2, a2, s4
   12796: b2 f1        	sd	a2, 0xe0(sp)
   12798: 85 25        	addiw	a1, a1, 0x1
   1279a: 23 b0 77 01  	sd	s7, 0x0(a5)
   1279e: 23 b4 47 01  	sd	s4, 0x8(a5)
   127a2: ae cd        	sw	a1, 0xd8(sp)
   127a4: 63 cc b6 0c  	blt	a3, a1, 0x1287c <_vfprintf_r+0x1b5e>
   127a8: 83 45 0d 00  	lbu	a1, 0x0(s10)
   127ac: c1 07        	addi	a5, a5, 0x10
   127ae: 2e 88        	mv	a6, a1
   127b0: 52 85        	mv	a0, s4
   127b2: 63 53 0a 00  	bgez	s4, 0x127b8 <_vfprintf_r+0x1a9a>
   127b6: 01 45        	li	a0, 0x0
   127b8: 3b 0a a8 40  	subw	s4, a6, a0
   127bc: 63 48 40 03  	bgtz	s4, 0x127ec <_vfprintf_r+0x1ace>
   127c0: ae 9b        	add	s7, s7, a1
   127c2: e3 4b 30 f9  	bgtz	s3, 0x12758 <_vfprintf_r+0x1a3a>
   127c6: e3 4b b0 f9  	bgtz	s11, 0x1275c <_vfprintf_r+0x1a3e>
   127ca: ea f0        	sd	s10, 0x60(sp)
   127cc: be 89        	mv	s3, a5
   127ce: 62 7d        	ld	s10, 0x38(sp)
   127d0: a2 77        	ld	a5, 0x28(sp)
   127d2: de 8c        	mv	s9, s7
   127d4: a6 7a        	ld	s5, 0x68(sp)
   127d6: 33 07 fd 00  	add	a4, s10, a5
   127da: e6 7b        	ld	s7, 0x78(sp)
   127dc: 0a 6f        	ld	t5, 0x80(sp)
   127de: c2 7d        	ld	s11, 0x30(sp)
   127e0: 32 8a        	mv	s4, a2
   127e2: 63 76 97 c9  	bgeu	a4, s9, 0x11c6e <_vfprintf_r+0xf50>
   127e6: ba 8c        	mv	s9, a4
   127e8: 6f f0 6f c8  	j	0x11c6e <_vfprintf_r+0xf50>
   127ec: ee 45        	lw	a1, 0xd8(sp)
   127ee: 97 c8 00 00  	auipc	a7, 0xc
   127f2: 93 88 a8 79  	addi	a7, a7, 0x79a
   127f6: 63 55 47 05  	bge	a4, s4, 0x12840 <_vfprintf_r+0x1b22>
   127fa: 4e f0        	sd	s3, 0x20(sp)
   127fc: d2 89        	mv	s3, s4
   127fe: 46 8a        	mv	s4, a7
   12800: 21 a0        	j	0x12808 <_vfprintf_r+0x1aea>
   12802: c1 39        	addiw	s3, s3, -0x10
   12804: 63 5b 37 03  	bge	a4, s3, 0x1283a <_vfprintf_r+0x1b1c>
   12808: 41 06        	addi	a2, a2, 0x10
   1280a: 85 25        	addiw	a1, a1, 0x1
   1280c: 23 b0 87 01  	sd	s8, 0x0(a5)
   12810: 98 e7        	sd	a4, 0x8(a5)
   12812: b2 f1        	sd	a2, 0xe0(sp)
   12814: ae cd        	sw	a1, 0xd8(sp)
   12816: c1 07        	addi	a5, a5, 0x10
   12818: e3 d5 b6 fe  	bge	a3, a1, 0x12802 <_vfprintf_r+0x1ae4>
   1281c: 90 09        	addi	a2, sp, 0xd0
   1281e: ca 85        	mv	a1, s2
   12820: 5a 85        	mv	a0, s6
   12822: ef 70 d0 2c  	jal	0x1a2ee <__sprint_r>
   12826: 63 1d 05 b2  	bnez	a0, 0x11b60 <_vfprintf_r+0xe42>
   1282a: 41 47        	li	a4, 0x10
   1282c: c1 39        	addiw	s3, s3, -0x10
   1282e: 0e 76        	ld	a2, 0xe0(sp)
   12830: ee 45        	lw	a1, 0xd8(sp)
   12832: 9c 0a        	addi	a5, sp, 0x150
   12834: 9d 46        	li	a3, 0x7
   12836: e3 49 37 fd  	blt	a4, s3, 0x12808 <_vfprintf_r+0x1aea>
   1283a: d2 88        	mv	a7, s4
   1283c: 4e 8a        	mv	s4, s3
   1283e: 82 79        	ld	s3, 0x20(sp)
   12840: 52 96        	add	a2, a2, s4
   12842: 85 25        	addiw	a1, a1, 0x1
   12844: b2 f1        	sd	a2, 0xe0(sp)
   12846: ae cd        	sw	a1, 0xd8(sp)
   12848: 23 b0 17 01  	sd	a7, 0x0(a5)
   1284c: 23 b4 47 01  	sd	s4, 0x8(a5)
   12850: 63 c2 b6 10  	blt	a3, a1, 0x12954 <_vfprintf_r+0x1c36>
   12854: 83 45 0d 00  	lbu	a1, 0x0(s10)
   12858: c1 07        	addi	a5, a5, 0x10
   1285a: ae 9b        	add	s7, s7, a1
   1285c: 9d b7        	j	0x127c2 <_vfprintf_r+0x1aa4>
   1285e: 7d 1d        	addi	s10, s10, -0x1
   12860: fd 39        	addiw	s3, s3, -0x1
   12862: f5 bd        	j	0x1275e <_vfprintf_r+0x1a40>
   12864: 90 09        	addi	a2, sp, 0xd0
   12866: ca 85        	mv	a1, s2
   12868: 5a 85        	mv	a0, s6
   1286a: ef 70 50 28  	jal	0x1a2ee <__sprint_r>
   1286e: 63 19 05 ae  	bnez	a0, 0x11b60 <_vfprintf_r+0xe42>
   12872: 0e 76        	ld	a2, 0xe0(sp)
   12874: 9c 0a        	addi	a5, sp, 0x150
   12876: 41 47        	li	a4, 0x10
   12878: 9d 46        	li	a3, 0x7
   1287a: f5 bd        	j	0x12776 <_vfprintf_r+0x1a58>
   1287c: 90 09        	addi	a2, sp, 0xd0
   1287e: ca 85        	mv	a1, s2
   12880: 5a 85        	mv	a0, s6
   12882: ef 70 d0 26  	jal	0x1a2ee <__sprint_r>
   12886: 63 1d 05 ac  	bnez	a0, 0x11b60 <_vfprintf_r+0xe42>
   1288a: 83 45 0d 00  	lbu	a1, 0x0(s10)
   1288e: 0e 76        	ld	a2, 0xe0(sp)
   12890: 9c 0a        	addi	a5, sp, 0x150
   12892: 2e 88        	mv	a6, a1
   12894: 41 47        	li	a4, 0x10
   12896: 9d 46        	li	a3, 0x7
   12898: 21 bf        	j	0x127b0 <_vfprintf_r+0x1a92>
   1289a: 1a f4        	sd	t1, 0x28(sp)
   1289c: 8d 46        	li	a3, 0x3
   1289e: 22 77        	ld	a4, 0x28(sp)
   128a0: 02 65        	ld	a0, 0x0(sp)
   128a2: 93 08 81 0b  	addi	a7, sp, 0xb8
   128a6: 13 08 c1 0a  	addi	a6, sp, 0xac
   128aa: 3c 11        	addi	a5, sp, 0xa8
   128ac: e2 85        	mv	a1, s8
   128ae: 52 86        	mv	a2, s4
   128b0: 9a fc        	sd	t1, 0x78(sp)
   128b2: 7a fc        	sd	t5, 0x38(sp)
   128b4: 72 f0        	sd	t3, 0x20(sp)
   128b6: ef 20 b0 26  	jal	0x15320 <_ldtoa_r>
   128ba: 02 7e        	ld	t3, 0x20(sp)
   128bc: 62 7f        	ld	t5, 0x38(sp)
   128be: 66 73        	ld	t1, 0x78(sp)
   128c0: 2a 8d        	mv	s10, a0
   128c2: a2 77        	ld	a5, 0x28(sp)
   128c4: 93 7c fe fd  	andi	s9, t3, -0x21
   128c8: 93 06 60 04  	li	a3, 0x46
   128cc: b3 0d fd 00  	add	s11, s10, a5
   128d0: 63 8f dc 12  	beq	s9, a3, 0x12a0e <_vfprintf_r+0x1cf0>
   128d4: 62 85        	mv	a0, s8
   128d6: d2 85        	mv	a1, s4
   128d8: 01 46        	li	a2, 0x0
   128da: 81 46        	li	a3, 0x0
   128dc: 9a fc        	sd	t1, 0x78(sp)
   128de: 7a fc        	sd	t5, 0x38(sp)
   128e0: 72 f0        	sd	t3, 0x20(sp)
   128e2: ef a0 10 3a  	jal	0x1d482 <__netf2>
   128e6: 02 7e        	ld	t3, 0x20(sp)
   128e8: 62 7f        	ld	t5, 0x38(sp)
   128ea: 66 73        	ld	t1, 0x78(sp)
   128ec: 63 05 05 50  	beqz	a0, 0x12df6 <_vfprintf_r+0x20d8>
   128f0: ea 77        	ld	a5, 0xb8(sp)
   128f2: 63 fd b7 5d  	bgeu	a5, s11, 0x12ecc <_vfprintf_r+0x21ae>
   128f6: 13 06 00 03  	li	a2, 0x30
   128fa: 13 87 17 00  	addi	a4, a5, 0x1
   128fe: 3a fd        	sd	a4, 0xb8(sp)
   12900: 23 80 c7 00  	sb	a2, 0x0(a5)
   12904: ea 77        	ld	a5, 0xb8(sp)
   12906: e3 ea b7 ff  	bltu	a5, s11, 0x128fa <_vfprintf_r+0x1bdc>
   1290a: bb 87 a7 41  	subw	a5, a5, s10
   1290e: 3e f4        	sd	a5, 0x28(sp)
   12910: aa 57        	lw	a5, 0xa8(sp)
   12912: 13 07 70 04  	li	a4, 0x47
   12916: 3e f0        	sd	a5, 0x20(sp)
   12918: 63 84 ec 08  	beq	s9, a4, 0x129a0 <_vfprintf_r+0x1c82>
   1291c: 13 07 60 04  	li	a4, 0x46
   12920: 63 88 ec 12  	beq	s9, a4, 0x12a50 <_vfprintf_r+0x1d32>
   12924: 82 77        	ld	a5, 0x20(sp)
   12926: 1b 87 f7 ff  	addiw	a4, a5, -0x1
   1292a: 3a d5        	sw	a4, 0xa8(sp)
   1292c: 23 08 c1 0b  	sb	t3, 0xb0(sp)
   12930: 63 42 07 18  	bltz	a4, 0x12ab4 <_vfprintf_r+0x1d96>
   12934: 93 06 b0 02  	li	a3, 0x2b
   12938: a3 08 d1 0a  	sb	a3, 0xb1(sp)
   1293c: a5 46        	li	a3, 0x9
   1293e: 63 d4 e6 00  	bge	a3, a4, 0x12946 <_vfprintf_r+0x1c28>
   12942: 6f e0 ff 99  	j	0x112e0 <_vfprintf_r+0x5c2>
   12946: 93 06 00 03  	li	a3, 0x30
   1294a: 23 09 d1 0a  	sb	a3, 0xb2(sp)
   1294e: 93 06 31 0b  	addi	a3, sp, 0xb3
   12952: 75 b3        	j	0x126fe <_vfprintf_r+0x19e0>
   12954: 90 09        	addi	a2, sp, 0xd0
   12956: ca 85        	mv	a1, s2
   12958: 5a 85        	mv	a0, s6
   1295a: ef 70 50 19  	jal	0x1a2ee <__sprint_r>
   1295e: 63 11 05 a0  	bnez	a0, 0x11b60 <_vfprintf_r+0xe42>
   12962: 83 45 0d 00  	lbu	a1, 0x0(s10)
   12966: 0e 76        	ld	a2, 0xe0(sp)
   12968: 9c 0a        	addi	a5, sp, 0x150
   1296a: 41 47        	li	a4, 0x10
   1296c: 9d 46        	li	a3, 0x7
   1296e: ae 9b        	add	s7, s7, a1
   12970: 89 bd        	j	0x127c2 <_vfprintf_r+0x1aa4>
   12972: 02 65        	ld	a0, 0x0(sp)
   12974: 90 09        	addi	a2, sp, 0xd0
   12976: ca 85        	mv	a1, s2
   12978: fa f4        	sd	t5, 0x68(sp)
   1297a: ef 70 50 17  	jal	0x1a2ee <__sprint_r>
   1297e: 63 11 05 9e  	bnez	a0, 0x11b60 <_vfprintf_r+0xe42>
   12982: 0e 7a        	ld	s4, 0xe0(sp)
   12984: 26 7f        	ld	t5, 0x68(sp)
   12986: 93 09 01 15  	addi	s3, sp, 0x150
   1298a: 6f f0 4f ac  	j	0x11c4e <_vfprintf_r+0xf30>
   1298e: aa 57        	lw	a5, 0xa8(sp)
   12990: 3e f0        	sd	a5, 0x20(sp)
   12992: bb 87 ad 41  	subw	a5, s11, s10
   12996: 93 06 70 04  	li	a3, 0x47
   1299a: 3e f4        	sd	a5, 0x28(sp)
   1299c: 63 9a dc 0a  	bne	s9, a3, 0x12a50 <_vfprintf_r+0x1d32>
   129a0: 82 77        	ld	a5, 0x20(sp)
   129a2: 75 57        	li	a4, -0x3
   129a4: 63 c1 e7 10  	blt	a5, a4, 0x12aa6 <_vfprintf_r+0x1d88>
   129a8: 82 77        	ld	a5, 0x20(sp)
   129aa: 63 52 f3 02  	bge	t1, a5, 0x129ce <_vfprintf_r+0x1cb0>
   129ae: 82 77        	ld	a5, 0x20(sp)
   129b0: 79 3e        	addiw	t3, t3, -0x2
   129b2: 23 08 c1 0b  	sb	t3, 0xb0(sp)
   129b6: 1b 87 f7 ff  	addiw	a4, a5, -0x1
   129ba: 3a d5        	sw	a4, 0xa8(sp)
   129bc: e3 5c 07 f6  	bgez	a4, 0x12934 <_vfprintf_r+0x1c16>
   129c0: 05 47        	li	a4, 0x1
   129c2: 93 06 d0 02  	li	a3, 0x2d
   129c6: 1d 9f        	subw	a4, a4, a5
   129c8: a3 08 d1 0a  	sb	a3, 0xb1(sp)
   129cc: ad bf        	j	0x12946 <_vfprintf_r+0x1c28>
   129ce: a2 77        	ld	a5, 0x28(sp)
   129d0: 02 77        	ld	a4, 0x20(sp)
   129d2: 63 4d f7 12  	blt	a4, a5, 0x12b0c <_vfprintf_r+0x1dee>
   129d6: c2 77        	ld	a5, 0x30(sp)
   129d8: 13 f7 17 00  	andi	a4, a5, 0x1
   129dc: 82 77        	ld	a5, 0x20(sp)
   129de: 3e 8c        	mv	s8, a5
   129e0: 01 c7        	beqz	a4, 0x129e8 <_vfprintf_r+0x1cca>
   129e2: 06 67        	ld	a4, 0x40(sp)
   129e4: 3b 0c f7 00  	addw	s8, a4, a5
   129e8: c2 77        	ld	a5, 0x30(sp)
   129ea: 13 f7 07 40  	andi	a4, a5, 0x400
   129ee: 01 c7        	beqz	a4, 0x129f6 <_vfprintf_r+0x1cd8>
   129f0: 82 77        	ld	a5, 0x20(sp)
   129f2: 63 44 f0 32  	bgtz	a5, 0x12d1a <_vfprintf_r+0x1ffc>
   129f6: 62 88        	mv	a6, s8
   129f8: 63 53 0c 00  	bgez	s8, 0x129fe <_vfprintf_r+0x1ce0>
   129fc: 01 48        	li	a6, 0x0
   129fe: 9b 0d 08 00  	sext.w	s11, a6
   12a02: 13 0e 70 06  	li	t3, 0x67
   12a06: 02 fc        	sd	zero, 0x38(sp)
   12a08: 02 f8        	sd	zero, 0x30(sp)
   12a0a: 6f e0 7f 98  	j	0x11390 <_vfprintf_r+0x672>
   12a0e: 03 46 0d 00  	lbu	a2, 0x0(s10)
   12a12: 93 06 00 03  	li	a3, 0x30
   12a16: 63 00 d6 2e  	beq	a2, a3, 0x12cf6 <_vfprintf_r+0x1fd8>
   12a1a: aa 56        	lw	a3, 0xa8(sp)
   12a1c: b6 9d        	add	s11, s11, a3
   12a1e: 62 85        	mv	a0, s8
   12a20: d2 85        	mv	a1, s4
   12a22: 01 46        	li	a2, 0x0
   12a24: 81 46        	li	a3, 0x0
   12a26: 1a fc        	sd	t1, 0x38(sp)
   12a28: 7a f4        	sd	t5, 0x28(sp)
   12a2a: 72 f0        	sd	t3, 0x20(sp)
   12a2c: ef a0 70 25  	jal	0x1d482 <__netf2>
   12a30: 02 7e        	ld	t3, 0x20(sp)
   12a32: 22 7f        	ld	t5, 0x28(sp)
   12a34: 62 73        	ld	t1, 0x38(sp)
   12a36: 21 dd        	beqz	a0, 0x1298e <_vfprintf_r+0x1c70>
   12a38: ea 77        	ld	a5, 0xb8(sp)
   12a3a: e3 ee b7 eb  	bltu	a5, s11, 0x128f6 <_vfprintf_r+0x1bd8>
   12a3e: bb 87 a7 41  	subw	a5, a5, s10
   12a42: 3e f4        	sd	a5, 0x28(sp)
   12a44: aa 57        	lw	a5, 0xa8(sp)
   12a46: 13 07 70 04  	li	a4, 0x47
   12a4a: 3e f0        	sd	a5, 0x20(sp)
   12a4c: e3 8a ec f4  	beq	s9, a4, 0x129a0 <_vfprintf_r+0x1c82>
   12a50: c2 77        	ld	a5, 0x30(sp)
   12a52: 13 f7 17 00  	andi	a4, a5, 0x1
   12a56: 82 77        	ld	a5, 0x20(sp)
   12a58: 33 67 e3 00  	or	a4, t1, a4
   12a5c: 63 5b f0 3e  	blez	a5, 0x12e52 <_vfprintf_r+0x2134>
   12a60: 63 12 07 3a  	bnez	a4, 0x12e04 <_vfprintf_r+0x20e6>
   12a64: 02 7c        	ld	s8, 0x20(sp)
   12a66: 13 0e 60 06  	li	t3, 0x66
   12a6a: c2 77        	ld	a5, 0x30(sp)
   12a6c: 13 f7 07 40  	andi	a4, a5, 0x400
   12a70: 63 17 07 2a  	bnez	a4, 0x12d1e <_vfprintf_r+0x2000>
   12a74: 62 88        	mv	a6, s8
   12a76: 63 45 0c 00  	bltz	s8, 0x12a80 <_vfprintf_r+0x1d62>
   12a7a: 9b 0d 08 00  	sext.w	s11, a6
   12a7e: 61 b7        	j	0x12a06 <_vfprintf_r+0x1ce8>
   12a80: 01 48        	li	a6, 0x0
   12a82: 9b 0d 08 00  	sext.w	s11, a6
   12a86: 41 b7        	j	0x12a06 <_vfprintf_r+0x1ce8>
   12a88: 02 65        	ld	a0, 0x0(sp)
   12a8a: 90 09        	addi	a2, sp, 0xd0
   12a8c: ca 85        	mv	a1, s2
   12a8e: 7a f0        	sd	t5, 0x20(sp)
   12a90: ef 70 f0 05  	jal	0x1a2ee <__sprint_r>
   12a94: 63 16 05 8c  	bnez	a0, 0x11b60 <_vfprintf_r+0xe42>
   12a98: 2a 5c        	lw	s8, 0xa8(sp)
   12a9a: 0e 7a        	ld	s4, 0xe0(sp)
   12a9c: 02 7f        	ld	t5, 0x20(sp)
   12a9e: 93 09 01 15  	addi	s3, sp, 0x150
   12aa2: 6f f0 af 9f  	j	0x11c9c <_vfprintf_r+0xf7e>
   12aa6: 82 77        	ld	a5, 0x20(sp)
   12aa8: 79 3e        	addiw	t3, t3, -0x2
   12aaa: 23 08 c1 0b  	sb	t3, 0xb0(sp)
   12aae: 1b 87 f7 ff  	addiw	a4, a5, -0x1
   12ab2: 3a d5        	sw	a4, 0xa8(sp)
   12ab4: 82 77        	ld	a5, 0x20(sp)
   12ab6: 93 06 d0 02  	li	a3, 0x2d
   12aba: 05 47        	li	a4, 0x1
   12abc: a3 08 d1 0a  	sb	a3, 0xb1(sp)
   12ac0: 1d 9f        	subw	a4, a4, a5
   12ac2: a5 46        	li	a3, 0x9
   12ac4: 63 d4 e6 00  	bge	a3, a4, 0x12acc <_vfprintf_r+0x1dae>
   12ac8: 6f e0 9f 81  	j	0x112e0 <_vfprintf_r+0x5c2>
   12acc: ad bd        	j	0x12946 <_vfprintf_r+0x1c28>
   12ace: 66 ec        	sd	s9, 0x18(sp)
   12ad0: 63 0e 07 16  	beqz	a4, 0x12c4c <_vfprintf_r+0x1f2e>
   12ad4: 9b 0d 13 00  	addiw	s11, t1, 0x1
   12ad8: 1a 8c        	mv	s8, t1
   12ada: 02 fc        	sd	zero, 0x38(sp)
   12adc: 01 43        	li	t1, 0x0
   12ade: 02 f8        	sd	zero, 0x30(sp)
   12ae0: 02 f0        	sd	zero, 0x20(sp)
   12ae2: 6f e0 2f bd  	j	0x10eb4 <_vfprintf_r+0x196>
   12ae6: 02 65        	ld	a0, 0x0(sp)
   12ae8: 90 09        	addi	a2, sp, 0xd0
   12aea: ca 85        	mv	a1, s2
   12aec: 7a f0        	sd	t5, 0x20(sp)
   12aee: ef 70 10 00  	jal	0x1a2ee <__sprint_r>
   12af2: 19 c1        	beqz	a0, 0x12af8 <_vfprintf_r+0x1dda>
   12af4: 6f f0 cf 86  	j	0x11b60 <_vfprintf_r+0xe42>
   12af8: aa 56        	lw	a3, 0xa8(sp)
   12afa: a2 77        	ld	a5, 0x28(sp)
   12afc: 0e 7a        	ld	s4, 0xe0(sp)
   12afe: 02 7f        	ld	t5, 0x20(sp)
   12b00: 93 09 01 15  	addi	s3, sp, 0x150
   12b04: bb 86 d7 40  	subw	a3, a5, a3
   12b08: 6f f0 ef 9c  	j	0x11cd6 <_vfprintf_r+0xfb8>
   12b0c: 86 67        	ld	a5, 0x40(sp)
   12b0e: 22 77        	ld	a4, 0x28(sp)
   12b10: 13 0e 70 06  	li	t3, 0x67
   12b14: 3b 8c e7 00  	addw	s8, a5, a4
   12b18: 82 77        	ld	a5, 0x20(sp)
   12b1a: e3 48 f0 f4  	bgtz	a5, 0x12a6a <_vfprintf_r+0x1d4c>
   12b1e: bb 08 fc 40  	subw	a7, s8, a5
   12b22: 1b 8c 18 00  	addiw	s8, a7, 0x1
   12b26: 62 88        	mv	a6, s8
   12b28: 63 53 0c 00  	bgez	s8, 0x12b2e <_vfprintf_r+0x1e10>
   12b2c: 01 48        	li	a6, 0x0
   12b2e: c2 8d        	mv	s11, a6
   12b30: 13 0e 70 06  	li	t3, 0x67
   12b34: c9 bd        	j	0x12a06 <_vfprintf_r+0x1ce8>
   12b36: 41 57        	li	a4, -0x10
   12b38: 3b 0c c0 40  	negw	s8, a2
   12b3c: 97 cc 00 00  	auipc	s9, 0xc
   12b40: 93 8c cc 44  	addi	s9, s9, 0x44c
   12b44: c1 48        	li	a7, 0x10
   12b46: 1d 43        	li	t1, 0x7
   12b48: 7a 8b        	mv	s6, t5
   12b4a: 63 46 e6 00  	blt	a2, a4, 0x12b56 <_vfprintf_r+0x1e38>
   12b4e: 91 a0        	j	0x12b92 <_vfprintf_r+0x1e74>
   12b50: 41 3c        	addiw	s8, s8, -0x10
   12b52: 63 df 88 03  	bge	a7, s8, 0x12b90 <_vfprintf_r+0x1e72>
   12b56: 41 0a        	addi	s4, s4, 0x10
   12b58: 85 26        	addiw	a3, a3, 0x1
   12b5a: 23 b0 99 01  	sd	s9, 0x0(s3)
   12b5e: 23 b4 19 01  	sd	a7, 0x8(s3)
   12b62: d2 f1        	sd	s4, 0xe0(sp)
   12b64: b6 cd        	sw	a3, 0xd8(sp)
   12b66: c1 09        	addi	s3, s3, 0x10
   12b68: e3 54 d3 fe  	bge	t1, a3, 0x12b50 <_vfprintf_r+0x1e32>
   12b6c: 02 65        	ld	a0, 0x0(sp)
   12b6e: 90 09        	addi	a2, sp, 0xd0
   12b70: ca 85        	mv	a1, s2
   12b72: ef 70 c0 77  	jal	0x1a2ee <__sprint_r>
   12b76: 19 c1        	beqz	a0, 0x12b7c <_vfprintf_r+0x1e5e>
   12b78: 6f e0 9f fe  	j	0x11b60 <_vfprintf_r+0xe42>
   12b7c: 0e 7a        	ld	s4, 0xe0(sp)
   12b7e: ee 46        	lw	a3, 0xd8(sp)
   12b80: 93 09 01 15  	addi	s3, sp, 0x150
   12b84: 1d 43        	li	t1, 0x7
   12b86: c1 48        	li	a7, 0x10
   12b88: e1 b7        	j	0x12b50 <_vfprintf_r+0x1e32>
   12b8a: da 86        	mv	a3, s6
   12b8c: 6f f0 8f c2  	j	0x11fb4 <_vfprintf_r+0x1296>
   12b90: 5a 8f        	mv	t5, s6
   12b92: 62 9a        	add	s4, s4, s8
   12b94: 85 26        	addiw	a3, a3, 0x1
   12b96: d2 f1        	sd	s4, 0xe0(sp)
   12b98: b6 cd        	sw	a3, 0xd8(sp)
   12b9a: 23 b0 99 01  	sd	s9, 0x0(s3)
   12b9e: 23 b4 89 01  	sd	s8, 0x8(s3)
   12ba2: 1d 47        	li	a4, 0x7
   12ba4: 63 52 d7 b4  	bge	a4, a3, 0x11ee8 <_vfprintf_r+0x11ca>
   12ba8: 02 65        	ld	a0, 0x0(sp)
   12baa: 90 09        	addi	a2, sp, 0xd0
   12bac: ca 85        	mv	a1, s2
   12bae: 7a f0        	sd	t5, 0x20(sp)
   12bb0: ef 70 e0 73  	jal	0x1a2ee <__sprint_r>
   12bb4: 19 c1        	beqz	a0, 0x12bba <_vfprintf_r+0x1e9c>
   12bb6: 6f e0 bf fa  	j	0x11b60 <_vfprintf_r+0xe42>
   12bba: 0e 7a        	ld	s4, 0xe0(sp)
   12bbc: ee 46        	lw	a3, 0xd8(sp)
   12bbe: 02 7f        	ld	t5, 0x20(sp)
   12bc0: 93 09 01 15  	addi	s3, sp, 0x150
   12bc4: 6f f0 1f 83  	j	0x123f4 <_vfprintf_r+0x16d6>
   12bc8: 9b 07 13 00  	addiw	a5, t1, 0x1
   12bcc: 3e f4        	sd	a5, 0x28(sp)
   12bce: 89 46        	li	a3, 0x2
   12bd0: f9 b1        	j	0x1289e <_vfprintf_r+0x1b80>
   12bd2: 02 e8        	sd	zero, 0x10(sp)
   12bd4: 13 0d 81 0e  	addi	s10, sp, 0xe8
   12bd8: 7d 57        	li	a4, -0x1
   12bda: 7e 17        	slli	a4, a4, 0x3f
   12bdc: 93 07 d0 02  	li	a5, 0x2d
   12be0: 33 4a ea 00  	xor	s4, s4, a4
   12be4: be f4        	sd	a5, 0x68(sp)
   12be6: 9b 06 fe fb  	addiw	a3, t3, -0x41
   12bea: 13 07 60 02  	li	a4, 0x26
   12bee: 63 84 e6 00  	beq	a3, a4, 0x12bf6 <_vfprintf_r+0x1ed8>
   12bf2: 6f e0 4f d1  	j	0x11106 <_vfprintf_r+0x3e8>
   12bf6: 02 65        	ld	a0, 0x0(sp)
   12bf8: 1a 87        	mv	a4, t1
   12bfa: 93 08 81 0b  	addi	a7, sp, 0xb8
   12bfe: 13 08 c1 0a  	addi	a6, sp, 0xac
   12c02: 3c 11        	addi	a5, sp, 0xa8
   12c04: 89 46        	li	a3, 0x2
   12c06: e2 85        	mv	a1, s8
   12c08: 52 86        	mv	a2, s4
   12c0a: 7a fc        	sd	t5, 0x38(sp)
   12c0c: 72 f4        	sd	t3, 0x28(sp)
   12c0e: 1a f0        	sd	t1, 0x20(sp)
   12c10: ef 20 00 71  	jal	0x15320 <_ldtoa_r>
   12c14: 02 73        	ld	t1, 0x20(sp)
   12c16: 22 7e        	ld	t3, 0x28(sp)
   12c18: 62 7f        	ld	t5, 0x38(sp)
   12c1a: 2a 8d        	mv	s10, a0
   12c1c: c2 77        	ld	a5, 0x30(sp)
   12c1e: 13 f7 17 00  	andi	a4, a5, 0x1
   12c22: 05 e3        	bnez	a4, 0x12c42 <_vfprintf_r+0x1f24>
   12c24: ea 77        	ld	a5, 0xb8(sp)
   12c26: aa 56        	lw	a3, 0xa8(sp)
   12c28: 75 57        	li	a4, -0x3
   12c2a: bb 87 a7 41  	subw	a5, a5, s10
   12c2e: 36 f0        	sd	a3, 0x20(sp)
   12c30: 3e f4        	sd	a5, 0x28(sp)
   12c32: e3 ca e6 e6  	blt	a3, a4, 0x12aa6 <_vfprintf_r+0x1d88>
   12c36: e3 4c d3 d6  	blt	t1, a3, 0x129ae <_vfprintf_r+0x1c90>
   12c3a: e3 c9 f6 ec  	blt	a3, a5, 0x12b0c <_vfprintf_r+0x1dee>
   12c3e: 02 7c        	ld	s8, 0x20(sp)
   12c40: 65 b3        	j	0x129e8 <_vfprintf_r+0x1cca>
   12c42: b3 0d 6d 00  	add	s11, s10, t1
   12c46: 93 0c 70 04  	li	s9, 0x47
   12c4a: d1 bb        	j	0x12a1e <_vfprintf_r+0x1d00>
   12c4c: 1a 8c        	mv	s8, t1
   12c4e: 9a 8d        	mv	s11, t1
   12c50: 02 fc        	sd	zero, 0x38(sp)
   12c52: 01 43        	li	t1, 0x0
   12c54: 02 f8        	sd	zero, 0x30(sp)
   12c56: 02 f0        	sd	zero, 0x20(sp)
   12c58: 6f e0 cf a5  	j	0x10eb4 <_vfprintf_r+0x196>
   12c5c: c2 77        	ld	a5, 0x30(sp)
   12c5e: fd 8e        	and	a3, a3, a5
   12c60: 99 e2        	bnez	a3, 0x12c66 <_vfprintf_r+0x1f48>
   12c62: 6f e0 2f f1  	j	0x11374 <_vfprintf_r+0x656>
   12c66: 6f e0 8f f0  	j	0x1136e <_vfprintf_r+0x650>
   12c6a: 63 13 03 00  	bnez	t1, 0x12c70 <_vfprintf_r+0x1f52>
   12c6e: 36 83        	mv	t1, a3
   12c70: 63 5b 0a 10  	bgez	s4, 0x12d86 <_vfprintf_r+0x2068>
   12c74: 7e 17        	slli	a4, a4, 0x3f
   12c76: 93 07 d0 02  	li	a5, 0x2d
   12c7a: 7a f8        	sd	t5, 0x30(sp)
   12c7c: 33 4a ea 00  	xor	s4, s4, a4
   12c80: 02 e8        	sd	zero, 0x10(sp)
   12c82: 5a 8f        	mv	t5, s6
   12c84: be f4        	sd	a5, 0x68(sp)
   12c86: 02 65        	ld	a0, 0x0(sp)
   12c88: 1a 87        	mv	a4, t1
   12c8a: 93 08 81 0b  	addi	a7, sp, 0xb8
   12c8e: 13 08 c1 0a  	addi	a6, sp, 0xac
   12c92: 3c 11        	addi	a5, sp, 0xa8
   12c94: 89 46        	li	a3, 0x2
   12c96: e2 85        	mv	a1, s8
   12c98: 52 86        	mv	a2, s4
   12c9a: 7a fc        	sd	t5, 0x38(sp)
   12c9c: 72 f4        	sd	t3, 0x28(sp)
   12c9e: 1a f0        	sd	t1, 0x20(sp)
   12ca0: ef 20 00 68  	jal	0x15320 <_ldtoa_r>
   12ca4: 22 7e        	ld	t3, 0x28(sp)
   12ca6: 13 07 70 04  	li	a4, 0x47
   12caa: 02 73        	ld	t1, 0x20(sp)
   12cac: 62 7f        	ld	t5, 0x38(sp)
   12cae: 2a 8d        	mv	s10, a0
   12cb0: e3 06 ee f6  	beq	t3, a4, 0x12c1c <_vfprintf_r+0x1efe>
   12cb4: 1a f4        	sd	t1, 0x28(sp)
   12cb6: 31 b1        	j	0x128c2 <_vfprintf_r+0x1ba4>
   12cb8: 1c c3        	sw	a5, 0x0(a4)
   12cba: 56 8d        	mv	s10, s5
   12cbc: 6f e0 4f ab  	j	0x10f70 <_vfprintf_r+0x252>
   12cc0: 2e 6a        	ld	s4, 0xc8(sp)
   12cc2: 13 67 0f 10  	ori	a4, t5, 0x100
   12cc6: 01 27        	sext.w	a4, a4
   12cc8: 7a f8        	sd	t5, 0x30(sp)
   12cca: 02 e8        	sd	zero, 0x10(sp)
   12ccc: 0e 6c        	ld	s8, 0xc0(sp)
   12cce: 3a 8f        	mv	t5, a4
   12cd0: 19 43        	li	t1, 0x6
   12cd2: e3 43 0a f0  	bltz	s4, 0x12bd8 <_vfprintf_r+0x1eba>
   12cd6: 82 f4        	sd	zero, 0x68(sp)
   12cd8: 39 b7        	j	0x12be6 <_vfprintf_r+0x1ec8>
   12cda: 17 cd 00 00  	auipc	s10, 0xc
   12cde: 13 0d 6d 00  	addi	s10, s10, 0x6
   12ce2: 91 4d        	li	s11, 0x4
   12ce4: 6f e0 0f 9d  	j	0x10eb4 <_vfprintf_r+0x196>
   12ce8: 17 cd 00 00  	auipc	s10, 0xc
   12cec: 13 0d 8d 00  	addi	s10, s10, 0x8
   12cf0: 91 4d        	li	s11, 0x4
   12cf2: 6f e0 2f 9c  	j	0x10eb4 <_vfprintf_r+0x196>
   12cf6: 01 46        	li	a2, 0x0
   12cf8: 81 46        	li	a3, 0x0
   12cfa: 62 85        	mv	a0, s8
   12cfc: d2 85        	mv	a1, s4
   12cfe: 9a fc        	sd	t1, 0x78(sp)
   12d00: 7a fc        	sd	t5, 0x38(sp)
   12d02: 72 f0        	sd	t3, 0x20(sp)
   12d04: ef a0 e0 77  	jal	0x1d482 <__netf2>
   12d08: 02 7e        	ld	t3, 0x20(sp)
   12d0a: 62 7f        	ld	t5, 0x38(sp)
   12d0c: 66 73        	ld	t1, 0x78(sp)
   12d0e: 63 13 05 10  	bnez	a0, 0x12e14 <_vfprintf_r+0x20f6>
   12d12: aa 57        	lw	a5, 0xa8(sp)
   12d14: 3e f0        	sd	a5, 0x20(sp)
   12d16: be 9d        	add	s11, s11, a5
   12d18: ad b9        	j	0x12992 <_vfprintf_r+0x1c74>
   12d1a: 13 0e 70 06  	li	t3, 0x67
   12d1e: 06 76        	ld	a2, 0x60(sp)
   12d20: 93 06 f0 0f  	li	a3, 0xff
   12d24: 03 47 06 00  	lbu	a4, 0x0(a2)
   12d28: 63 0c d7 1c  	beq	a4, a3, 0x12f00 <_vfprintf_r+0x21e2>
   12d2c: 82 77        	ld	a5, 0x20(sp)
   12d2e: 01 48        	li	a6, 0x0
   12d30: 01 45        	li	a0, 0x0
   12d32: ba 85        	mv	a1, a4
   12d34: 63 5a f7 00  	bge	a4, a5, 0x12d48 <_vfprintf_r+0x202a>
   12d38: 03 47 16 00  	lbu	a4, 0x1(a2)
   12d3c: 8d 9f        	subw	a5, a5, a1
   12d3e: 1d cb        	beqz	a4, 0x12d74 <_vfprintf_r+0x2056>
   12d40: 05 25        	addiw	a0, a0, 0x1
   12d42: 05 06        	addi	a2, a2, 0x1
   12d44: e3 17 d7 fe  	bne	a4, a3, 0x12d32 <_vfprintf_r+0x2014>
   12d48: b2 f0        	sd	a2, 0x60(sp)
   12d4a: 3e f0        	sd	a5, 0x20(sp)
   12d4c: 2a f8        	sd	a0, 0x30(sp)
   12d4e: 42 fc        	sd	a6, 0x38(sp)
   12d50: e2 77        	ld	a5, 0x38(sp)
   12d52: 42 77        	ld	a4, 0x30(sp)
   12d54: 3d 9f        	addw	a4, a4, a5
   12d56: c6 77        	ld	a5, 0x70(sp)
   12d58: 3b 07 f7 02  	mulw	a4, a4, a5
   12d5c: 3b 0c 87 01  	addw	s8, a4, s8
   12d60: 62 88        	mv	a6, s8
   12d62: 63 45 0c 00  	bltz	s8, 0x12d6c <_vfprintf_r+0x204e>
   12d66: c2 8d        	mv	s11, a6
   12d68: 6f e0 8f e2  	j	0x11390 <_vfprintf_r+0x672>
   12d6c: 01 48        	li	a6, 0x0
   12d6e: c2 8d        	mv	s11, a6
   12d70: 6f e0 0f e2  	j	0x11390 <_vfprintf_r+0x672>
   12d74: 03 47 06 00  	lbu	a4, 0x0(a2)
   12d78: 05 28        	addiw	a6, a6, 0x1
   12d7a: e9 b7        	j	0x12d44 <_vfprintf_r+0x2026>
   12d7c: 63 13 03 00  	bnez	t1, 0x12d82 <_vfprintf_r+0x2064>
   12d80: 36 83        	mv	t1, a3
   12d82: 63 4b 0a 0e  	bltz	s4, 0x12e78 <_vfprintf_r+0x215a>
   12d86: 02 65        	ld	a0, 0x0(sp)
   12d88: 1a 87        	mv	a4, t1
   12d8a: 93 08 81 0b  	addi	a7, sp, 0xb8
   12d8e: 13 08 c1 0a  	addi	a6, sp, 0xac
   12d92: 3c 11        	addi	a5, sp, 0xa8
   12d94: 89 46        	li	a3, 0x2
   12d96: e2 85        	mv	a1, s8
   12d98: 52 86        	mv	a2, s4
   12d9a: 7a e8        	sd	t5, 0x10(sp)
   12d9c: 72 f4        	sd	t3, 0x28(sp)
   12d9e: 1a f0        	sd	t1, 0x20(sp)
   12da0: ef 20 00 58  	jal	0x15320 <_ldtoa_r>
   12da4: 42 6f        	ld	t5, 0x10(sp)
   12da6: 02 73        	ld	t1, 0x20(sp)
   12da8: 22 7e        	ld	t3, 0x28(sp)
   12daa: 7a f8        	sd	t5, 0x30(sp)
   12dac: 2a 8d        	mv	s10, a0
   12dae: 5a 8f        	mv	t5, s6
   12db0: 82 f4        	sd	zero, 0x68(sp)
   12db2: 02 e8        	sd	zero, 0x10(sp)
   12db4: a5 b5        	j	0x12c1c <_vfprintf_r+0x1efe>
   12db6: 5a 83        	mv	t1, s6
   12db8: bb 86 6d 00  	addw	a3, s11, t1
   12dbc: 4e 8b        	mv	s6, s3
   12dbe: bb 86 66 41  	subw	a3, a3, s6
   12dc2: 6a 89        	mv	s2, s10
   12dc4: e2 7a        	ld	s5, 0x38(sp)
   12dc6: 66 7e        	ld	t3, 0x78(sp)
   12dc8: c6 69        	ld	s3, 0x50(sp)
   12dca: 6e 8d        	mv	s10, s11
   12dcc: 63 d4 06 00  	bgez	a3, 0x12dd4 <_vfprintf_r+0x20b6>
   12dd0: 6f e0 4f cc  	j	0x11294 <_vfprintf_r+0x576>
   12dd4: 13 86 16 00  	addi	a2, a3, 0x1
   12dd8: 5a 96        	add	a2, a2, s6
   12dda: 5a 87        	mv	a4, s6
   12ddc: 93 05 00 03  	li	a1, 0x30
   12de0: 05 07        	addi	a4, a4, 0x1
   12de2: a3 0f b7 fe  	sb	a1, -0x1(a4)
   12de6: e3 1d c7 fe  	bne	a4, a2, 0x12de0 <_vfprintf_r+0x20c2>
   12dea: 93 07 1b 00  	addi	a5, s6, 0x1
   12dee: 33 8b d7 00  	add	s6, a5, a3
   12df2: 6f e0 2f ca  	j	0x11294 <_vfprintf_r+0x576>
   12df6: aa 57        	lw	a5, 0xa8(sp)
   12df8: 13 07 70 04  	li	a4, 0x47
   12dfc: 3e f0        	sd	a5, 0x20(sp)
   12dfe: e3 93 ec b2  	bne	s9, a4, 0x12924 <_vfprintf_r+0x1c06>
   12e02: 79 be        	j	0x129a0 <_vfprintf_r+0x1c82>
   12e04: bb 08 f3 00  	addw	a7, t1, a5
   12e08: 86 67        	ld	a5, 0x40(sp)
   12e0a: 13 0e 60 06  	li	t3, 0x66
   12e0e: 3b 8c f8 00  	addw	s8, a7, a5
   12e12: a1 b9        	j	0x12a6a <_vfprintf_r+0x1d4c>
   12e14: a2 77        	ld	a5, 0x28(sp)
   12e16: 85 46        	li	a3, 0x1
   12e18: 9d 9e        	subw	a3, a3, a5
   12e1a: 36 d5        	sw	a3, 0xa8(sp)
   12e1c: 01 b1        	j	0x12a1c <_vfprintf_r+0x1cfe>
   12e1e: 83 27 09 0b  	lw	a5, 0xb0(s2)
   12e22: 85 8b        	andi	a5, a5, 0x1
   12e24: a5 cf        	beqz	a5, 0x12e9c <_vfprintf_r+0x217e>
   12e26: fd 57        	li	a5, -0x1
   12e28: 3e e4        	sd	a5, 0x8(sp)
   12e2a: 6f e0 cf 98  	j	0x10fb6 <_vfprintf_r+0x298>
   12e2e: 13 06 00 07  	li	a2, 0x70
   12e32: 6f e0 0f c9  	j	0x112c2 <_vfprintf_r+0x5a4>
   12e36: 02 e8        	sd	zero, 0x10(sp)
   12e38: 0d 4c        	li	s8, 0x3
   12e3a: 01 43        	li	t1, 0x0
   12e3c: 02 fc        	sd	zero, 0x38(sp)
   12e3e: 02 f8        	sd	zero, 0x30(sp)
   12e40: 02 f0        	sd	zero, 0x20(sp)
   12e42: 91 4d        	li	s11, 0x4
   12e44: 6f e0 0f 87  	j	0x10eb4 <_vfprintf_r+0x196>
   12e48: 02 e8        	sd	zero, 0x10(sp)
   12e4a: 5a 8f        	mv	t5, s6
   12e4c: 71 b3        	j	0x12bd8 <_vfprintf_r+0x1eba>
   12e4e: 42 6d        	ld	s10, 0x10(sp)
   12e50: 61 b3        	j	0x12bd8 <_vfprintf_r+0x1eba>
   12e52: 11 e7        	bnez	a4, 0x12e5e <_vfprintf_r+0x2140>
   12e54: 85 4d        	li	s11, 0x1
   12e56: 6e 8c        	mv	s8, s11
   12e58: 13 0e 60 06  	li	t3, 0x66
   12e5c: 6d b6        	j	0x12a06 <_vfprintf_r+0x1ce8>
   12e5e: 86 67        	ld	a5, 0x40(sp)
   12e60: 9b 88 17 00  	addiw	a7, a5, 0x1
   12e64: 3b 8c 68 00  	addw	s8, a7, t1
   12e68: 62 88        	mv	a6, s8
   12e6a: 63 53 0c 00  	bgez	s8, 0x12e70 <_vfprintf_r+0x2152>
   12e6e: 01 48        	li	a6, 0x0
   12e70: c2 8d        	mv	s11, a6
   12e72: 13 0e 60 06  	li	t3, 0x66
   12e76: 41 be        	j	0x12a06 <_vfprintf_r+0x1ce8>
   12e78: 7e 17        	slli	a4, a4, 0x3f
   12e7a: 93 07 d0 02  	li	a5, 0x2d
   12e7e: 7a f8        	sd	t5, 0x30(sp)
   12e80: 33 4a ea 00  	xor	s4, s4, a4
   12e84: 02 e8        	sd	zero, 0x10(sp)
   12e86: 5a 8f        	mv	t5, s6
   12e88: be f4        	sd	a5, 0x68(sp)
   12e8a: b5 b3        	j	0x12bf6 <_vfprintf_r+0x1ed8>
   12e8c: 83 46 ac 00  	lbu	a3, 0xa(s8)
   12e90: 6f e0 0f c0  	j	0x11290 <_vfprintf_r+0x572>
   12e94: 89 47        	li	a5, 0x2
   12e96: be e8        	sd	a5, 0x50(sp)
   12e98: 6f e0 4f cc  	j	0x1135c <_vfprintf_r+0x63e>
   12e9c: 83 57 09 01  	lhu	a5, 0x10(s2)
   12ea0: 93 f7 07 20  	andi	a5, a5, 0x200
   12ea4: c9 f3        	bnez	a5, 0x12e26 <_vfprintf_r+0x2108>
   12ea6: 03 35 09 0a  	ld	a0, 0xa0(s2)
   12eaa: ef 30 60 44  	jal	0x162f0 <__retarget_lock_release_recursive>
   12eae: a5 bf        	j	0x12e26 <_vfprintf_r+0x2108>
   12eb0: 62 67        	ld	a4, 0x18(sp)
   12eb2: 1c 43        	lw	a5, 0x0(a4)
   12eb4: 21 07        	addi	a4, a4, 0x8
   12eb6: 3e 83        	mv	t1, a5
   12eb8: 63 d3 07 00  	bgez	a5, 0x12ebe <_vfprintf_r+0x21a0>
   12ebc: 7d 53        	li	t1, -0x1
   12ebe: 03 ce 1a 00  	lbu	t3, 0x1(s5)
   12ec2: 1a 8c        	mv	s8, t1
   12ec4: 3a ec        	sd	a4, 0x18(sp)
   12ec6: b2 8a        	mv	s5, a2
   12ec8: 6f d0 9f f7  	j	0x10e40 <_vfprintf_r+0x122>
   12ecc: bb 87 a7 41  	subw	a5, a5, s10
   12ed0: 3e f4        	sd	a5, 0x28(sp)
   12ed2: aa 57        	lw	a5, 0xa8(sp)
   12ed4: 13 07 70 04  	li	a4, 0x47
   12ed8: 3e f0        	sd	a5, 0x20(sp)
   12eda: e3 95 ec a4  	bne	s9, a4, 0x12924 <_vfprintf_r+0x1c06>
   12ede: c9 b4        	j	0x129a0 <_vfprintf_r+0x1c82>
   12ee0: 83 57 09 01  	lhu	a5, 0x10(s2)
   12ee4: 93 e7 07 04  	ori	a5, a5, 0x40
   12ee8: 23 18 f9 00  	sh	a5, 0x10(s2)
   12eec: 6f e0 6f 89  	j	0x10f82 <_vfprintf_r+0x264>
   12ef0: 01 43        	li	t1, 0x0
   12ef2: 02 fc        	sd	zero, 0x38(sp)
   12ef4: 02 f8        	sd	zero, 0x30(sp)
   12ef6: 02 e8        	sd	zero, 0x10(sp)
   12ef8: 0d 4c        	li	s8, 0x3
   12efa: 91 4d        	li	s11, 0x4
   12efc: 6f d0 9f fb  	j	0x10eb4 <_vfprintf_r+0x196>
   12f00: 02 fc        	sd	zero, 0x38(sp)
   12f02: 02 f8        	sd	zero, 0x30(sp)
   12f04: b1 b5        	j	0x12d50 <_vfprintf_r+0x2032>
   12f06: 85 4d        	li	s11, 0x1
   12f08: 02 f8        	sd	zero, 0x30(sp)
   12f0a: 02 fc        	sd	zero, 0x38(sp)
   12f0c: 6e 8c        	mv	s8, s11
   12f0e: 02 e8        	sd	zero, 0x10(sp)
   12f10: 02 f0        	sd	zero, 0x20(sp)
   12f12: 13 0d b1 14  	addi	s10, sp, 0x14b
   12f16: 13 0e 80 07  	li	t3, 0x78
   12f1a: 01 45        	li	a0, 0x0
   12f1c: 6f e0 0f c9  	j	0x113ac <_vfprintf_r+0x68e>

0000000000012f20 <vfprintf>:
   12f20: 2a 87        	mv	a4, a0
   12f22: 03 b5 81 70  	ld	a0, 0x708(gp)
   12f26: ae 87        	mv	a5, a1
   12f28: b2 86        	mv	a3, a2
   12f2a: ba 85        	mv	a1, a4
   12f2c: 3e 86        	mv	a2, a5
   12f2e: 6f d0 1f df  	j	0x10d1e <_vfprintf_r>

0000000000012f32 <__sbprintf>:
   12f32: 83 d7 05 01  	lhu	a5, 0x10(a1)
   12f36: 03 ae 05 0b  	lw	t3, 0xb0(a1)
   12f3a: 03 d3 25 01  	lhu	t1, 0x12(a1)
   12f3e: 83 b8 05 03  	ld	a7, 0x30(a1)
   12f42: 03 b8 05 04  	ld	a6, 0x40(a1)
   12f46: 13 01 01 b1  	addi	sp, sp, -0x4f0
   12f4a: 13 07 00 40  	li	a4, 0x400
   12f4e: f5 9b        	andi	a5, a5, -0x3
   12f50: 23 30 81 4e  	sd	s0, 0x4e0(sp)
   12f54: 23 38 21 4d  	sd	s2, 0x4d0(sp)
   12f58: 2e 84        	mv	s0, a1
   12f5a: 2a 89        	mv	s2, a0
   12f5c: 8c 01        	addi	a1, sp, 0xc0
   12f5e: 28 11        	addi	a0, sp, 0xa8
   12f60: 23 34 11 4e  	sd	ra, 0x4e8(sp)
   12f64: 23 3c 91 4c  	sd	s1, 0x4d8(sp)
   12f68: 23 34 31 4d  	sd	s3, 0x4c8(sp)
   12f6c: b2 84        	mv	s1, a2
   12f6e: b6 89        	mv	s3, a3
   12f70: 23 1c f1 00  	sh	a5, 0x18(sp)
   12f74: 72 dd        	sw	t3, 0xb8(sp)
   12f76: 23 1d 61 00  	sh	t1, 0x1a(sp)
   12f7a: 46 fc        	sd	a7, 0x38(sp)
   12f7c: c2 e4        	sd	a6, 0x48(sp)
   12f7e: 2e e4        	sd	a1, 0x8(sp)
   12f80: 2e f0        	sd	a1, 0x20(sp)
   12f82: 3a ca        	sw	a4, 0x14(sp)
   12f84: 3a d4        	sw	a4, 0x28(sp)
   12f86: 02 d8        	sw	zero, 0x30(sp)
   12f88: ef 30 40 35  	jal	0x162dc <__retarget_lock_init_recursive>
   12f8c: 26 86        	mv	a2, s1
   12f8e: ce 86        	mv	a3, s3
   12f90: 2c 00        	addi	a1, sp, 0x8
   12f92: 4a 85        	mv	a0, s2
   12f94: ef d0 bf d8  	jal	0x10d1e <_vfprintf_r>
   12f98: aa 84        	mv	s1, a0
   12f9a: 63 5e 05 02  	bgez	a0, 0x12fd6 <__sbprintf+0xa4>
   12f9e: 83 57 81 01  	lhu	a5, 0x18(sp)
   12fa2: 93 f7 07 04  	andi	a5, a5, 0x40
   12fa6: 99 c7        	beqz	a5, 0x12fb4 <__sbprintf+0x82>
   12fa8: 83 57 04 01  	lhu	a5, 0x10(s0)
   12fac: 93 e7 07 04  	ori	a5, a5, 0x40
   12fb0: 23 18 f4 00  	sh	a5, 0x10(s0)
   12fb4: 2a 75        	ld	a0, 0xa8(sp)
   12fb6: ef 30 a0 32  	jal	0x162e0 <__retarget_lock_close_recursive>
   12fba: 83 30 81 4e  	ld	ra, 0x4e8(sp)
   12fbe: 03 34 01 4e  	ld	s0, 0x4e0(sp)
   12fc2: 03 39 01 4d  	ld	s2, 0x4d0(sp)
   12fc6: 83 39 81 4c  	ld	s3, 0x4c8(sp)
   12fca: 26 85        	mv	a0, s1
   12fcc: 83 34 81 4d  	ld	s1, 0x4d8(sp)
   12fd0: 13 01 01 4f  	addi	sp, sp, 0x4f0
   12fd4: 82 80        	ret
   12fd6: 2c 00        	addi	a1, sp, 0x8
   12fd8: 4a 85        	mv	a0, s2
   12fda: ef 00 40 3b  	jal	0x1338e <_fflush_r>
   12fde: 61 d1        	beqz	a0, 0x12f9e <__sbprintf+0x6c>
   12fe0: fd 54        	li	s1, -0x1
   12fe2: 75 bf        	j	0x12f9e <__sbprintf+0x6c>

0000000000012fe4 <__swsetup_r>:
   12fe4: 83 b7 81 70  	ld	a5, 0x708(gp)
   12fe8: 01 11        	addi	sp, sp, -0x20
   12fea: 22 e8        	sd	s0, 0x10(sp)
   12fec: 26 e4        	sd	s1, 0x8(sp)
   12fee: 06 ec        	sd	ra, 0x18(sp)
   12ff0: aa 84        	mv	s1, a0
   12ff2: 2e 84        	mv	s0, a1
   12ff4: 99 c3        	beqz	a5, 0x12ffa <__swsetup_r+0x16>
   12ff6: b8 4b        	lw	a4, 0x50(a5)
   12ff8: 41 c3        	beqz	a4, 0x13078 <__swsetup_r+0x94>
   12ffa: 83 17 04 01  	lh	a5, 0x10(s0)
   12ffe: 13 f7 87 00  	andi	a4, a5, 0x8
   13002: 15 c3        	beqz	a4, 0x13026 <__swsetup_r+0x42>
   13004: 18 6c        	ld	a4, 0x18(s0)
   13006: 05 cf        	beqz	a4, 0x1303e <__swsetup_r+0x5a>
   13008: 13 f7 17 00  	andi	a4, a5, 0x1
   1300c: 2d c3        	beqz	a4, 0x1306e <__swsetup_r+0x8a>
   1300e: 1c 50        	lw	a5, 0x20(s0)
   13010: 23 26 04 00  	sw	zero, 0xc(s0)
   13014: bb 07 f0 40  	negw	a5, a5
   13018: 1c d4        	sw	a5, 0x28(s0)
   1301a: 01 45        	li	a0, 0x0
   1301c: e2 60        	ld	ra, 0x18(sp)
   1301e: 42 64        	ld	s0, 0x10(sp)
   13020: a2 64        	ld	s1, 0x8(sp)
   13022: 05 61        	addi	sp, sp, 0x20
   13024: 82 80        	ret
   13026: 13 f7 07 01  	andi	a4, a5, 0x10
   1302a: 61 c7        	beqz	a4, 0x130f2 <__swsetup_r+0x10e>
   1302c: 13 f7 47 00  	andi	a4, a5, 0x4
   13030: 21 eb        	bnez	a4, 0x13080 <__swsetup_r+0x9c>
   13032: 18 6c        	ld	a4, 0x18(s0)
   13034: 93 e7 87 00  	ori	a5, a5, 0x8
   13038: 23 18 f4 00  	sh	a5, 0x10(s0)
   1303c: 71 f7        	bnez	a4, 0x13008 <__swsetup_r+0x24>
   1303e: 93 f6 07 28  	andi	a3, a5, 0x280
   13042: 13 06 00 20  	li	a2, 0x200
   13046: 63 94 c6 06  	bne	a3, a2, 0x130ae <__swsetup_r+0xca>
   1304a: 93 f6 17 00  	andi	a3, a5, 0x1
   1304e: d1 c2        	beqz	a3, 0x130d2 <__swsetup_r+0xee>
   13050: 18 50        	lw	a4, 0x20(s0)
   13052: 23 26 04 00  	sw	zero, 0xc(s0)
   13056: 3b 07 e0 40  	negw	a4, a4
   1305a: 18 d4        	sw	a4, 0x28(s0)
   1305c: 13 f7 07 08  	andi	a4, a5, 0x80
   13060: 4d df        	beqz	a4, 0x1301a <__swsetup_r+0x36>
   13062: 93 e7 07 04  	ori	a5, a5, 0x40
   13066: 23 18 f4 00  	sh	a5, 0x10(s0)
   1306a: 7d 55        	li	a0, -0x1
   1306c: 45 bf        	j	0x1301c <__swsetup_r+0x38>
   1306e: 89 8b        	andi	a5, a5, 0x2
   13070: 85 ef        	bnez	a5, 0x130a8 <__swsetup_r+0xc4>
   13072: 1c 50        	lw	a5, 0x20(s0)
   13074: 5c c4        	sw	a5, 0xc(s0)
   13076: 55 b7        	j	0x1301a <__swsetup_r+0x36>
   13078: 3e 85        	mv	a0, a5
   1307a: ef 00 40 4d  	jal	0x1354e <__sinit>
   1307e: b5 bf        	j	0x12ffa <__swsetup_r+0x16>
   13080: 2c 6c        	ld	a1, 0x58(s0)
   13082: 81 cd        	beqz	a1, 0x1309a <__swsetup_r+0xb6>
   13084: 13 07 44 07  	addi	a4, s0, 0x74
   13088: 63 87 e5 00  	beq	a1, a4, 0x13096 <__swsetup_r+0xb2>
   1308c: 26 85        	mv	a0, s1
   1308e: ef 00 f0 06  	jal	0x138fc <_free_r>
   13092: 83 17 04 01  	lh	a5, 0x10(s0)
   13096: 23 3c 04 04  	sd	zero, 0x58(s0)
   1309a: 18 6c        	ld	a4, 0x18(s0)
   1309c: 93 f7 b7 fd  	andi	a5, a5, -0x25
   130a0: 23 24 04 00  	sw	zero, 0x8(s0)
   130a4: 18 e0        	sd	a4, 0x0(s0)
   130a6: 79 b7        	j	0x13034 <__swsetup_r+0x50>
   130a8: 23 26 04 00  	sw	zero, 0xc(s0)
   130ac: bd b7        	j	0x1301a <__swsetup_r+0x36>
   130ae: 26 85        	mv	a0, s1
   130b0: a2 85        	mv	a1, s0
   130b2: ef 30 00 24  	jal	0x162f2 <__smakebuf_r>
   130b6: 83 17 04 01  	lh	a5, 0x10(s0)
   130ba: 18 6c        	ld	a4, 0x18(s0)
   130bc: 93 f6 17 00  	andi	a3, a5, 0x1
   130c0: 85 c2        	beqz	a3, 0x130e0 <__swsetup_r+0xfc>
   130c2: 14 50        	lw	a3, 0x20(s0)
   130c4: 23 26 04 00  	sw	zero, 0xc(s0)
   130c8: bb 06 d0 40  	negw	a3, a3
   130cc: 14 d4        	sw	a3, 0x28(s0)
   130ce: 59 d7        	beqz	a4, 0x1305c <__swsetup_r+0x78>
   130d0: a9 b7        	j	0x1301a <__swsetup_r+0x36>
   130d2: 93 f6 27 00  	andi	a3, a5, 0x2
   130d6: 99 ea        	bnez	a3, 0x130ec <__swsetup_r+0x108>
   130d8: 10 50        	lw	a2, 0x20(s0)
   130da: 50 c4        	sw	a2, 0xc(s0)
   130dc: 41 d3        	beqz	a4, 0x1305c <__swsetup_r+0x78>
   130de: 35 bf        	j	0x1301a <__swsetup_r+0x36>
   130e0: 93 f6 27 00  	andi	a3, a5, 0x2
   130e4: 01 46        	li	a2, 0x0
   130e6: f5 fa        	bnez	a3, 0x130da <__swsetup_r+0xf6>
   130e8: 10 50        	lw	a2, 0x20(s0)
   130ea: c5 bf        	j	0x130da <__swsetup_r+0xf6>
   130ec: 23 26 04 00  	sw	zero, 0xc(s0)
   130f0: b5 b7        	j	0x1305c <__swsetup_r+0x78>
   130f2: 25 47        	li	a4, 0x9
   130f4: 93 e7 07 04  	ori	a5, a5, 0x40
   130f8: 98 c0        	sw	a4, 0x0(s1)
   130fa: 23 18 f4 00  	sh	a5, 0x10(s0)
   130fe: 7d 55        	li	a0, -0x1
   13100: 31 bf        	j	0x1301c <__swsetup_r+0x38>

0000000000013102 <__call_exitprocs>:
   13102: 1d 71        	addi	sp, sp, -0x60
   13104: 5a f0        	sd	s6, 0x20(sp)
   13106: 13 8b 01 71  	addi	s6, gp, 0x710
   1310a: 56 f4        	sd	s5, 0x28(sp)
   1310c: aa 8a        	mv	s5, a0
   1310e: 03 35 0b 00  	ld	a0, 0x0(s6)
   13112: ca e0        	sd	s2, 0x40(sp)
   13114: 5e ec        	sd	s7, 0x18(sp)
   13116: 66 e4        	sd	s9, 0x8(sp)
   13118: 86 ec        	sd	ra, 0x58(sp)
   1311a: ae 8b        	mv	s7, a1
   1311c: ef 30 80 1c  	jal	0x162e4 <__retarget_lock_acquire_recursive>
   13120: 83 bc 81 67  	ld	s9, 0x678(gp)
   13124: 03 b9 8c 1f  	ld	s2, 0x1f8(s9)
   13128: 63 00 09 04  	beqz	s2, 0x13168 <__call_exitprocs+0x66>
   1312c: 4e fc        	sd	s3, 0x38(sp)
   1312e: 52 f8        	sd	s4, 0x30(sp)
   13130: a2 e8        	sd	s0, 0x50(sp)
   13132: a6 e4        	sd	s1, 0x48(sp)
   13134: 62 e8        	sd	s8, 0x10(sp)
   13136: fd 59        	li	s3, -0x1
   13138: 05 4a        	li	s4, 0x1
   1313a: 83 24 89 00  	lw	s1, 0x8(s2)
   1313e: 1b 84 f4 ff  	addiw	s0, s1, -0x1
   13142: 63 4e 04 00  	bltz	s0, 0x1315e <__call_exitprocs+0x5c>
   13146: 8e 04        	slli	s1, s1, 0x3
   13148: ca 94        	add	s1, s1, s2
   1314a: 63 8a 0b 02  	beqz	s7, 0x1317e <__call_exitprocs+0x7c>
   1314e: 83 b7 84 20  	ld	a5, 0x208(s1)
   13152: 63 86 77 03  	beq	a5, s7, 0x1317e <__call_exitprocs+0x7c>
   13156: 7d 34        	addiw	s0, s0, -0x1
   13158: e1 14        	addi	s1, s1, -0x8
   1315a: e3 1a 34 ff  	bne	s0, s3, 0x1314e <__call_exitprocs+0x4c>
   1315e: 46 64        	ld	s0, 0x50(sp)
   13160: a6 64        	ld	s1, 0x48(sp)
   13162: e2 79        	ld	s3, 0x38(sp)
   13164: 42 7a        	ld	s4, 0x30(sp)
   13166: 42 6c        	ld	s8, 0x10(sp)
   13168: 03 35 0b 00  	ld	a0, 0x0(s6)
   1316c: e6 60        	ld	ra, 0x58(sp)
   1316e: 06 69        	ld	s2, 0x40(sp)
   13170: a2 7a        	ld	s5, 0x28(sp)
   13172: 02 7b        	ld	s6, 0x20(sp)
   13174: e2 6b        	ld	s7, 0x18(sp)
   13176: a2 6c        	ld	s9, 0x8(sp)
   13178: 25 61        	addi	sp, sp, 0x60
   1317a: 6f 30 60 17  	j	0x162f0 <__retarget_lock_release_recursive>
   1317e: 83 27 89 00  	lw	a5, 0x8(s2)
   13182: 94 64        	ld	a3, 0x8(s1)
   13184: fd 37        	addiw	a5, a5, -0x1
   13186: 63 8c 87 04  	beq	a5, s0, 0x131de <__call_exitprocs+0xdc>
   1318a: 23 b4 04 00  	sd	zero, 0x8(s1)
   1318e: 95 c2        	beqz	a3, 0x131b2 <__call_exitprocs+0xb0>
   13190: 83 27 09 31  	lw	a5, 0x310(s2)
   13194: 3b 17 8a 00  	sllw	a4, s4, s0
   13198: 03 2c 89 00  	lw	s8, 0x8(s2)
   1319c: f9 8f        	and	a5, a5, a4
   1319e: 99 ef        	bnez	a5, 0x131bc <__call_exitprocs+0xba>
   131a0: 82 96        	jalr	a3
   131a2: 83 27 89 00  	lw	a5, 0x8(s2)
   131a6: 63 97 87 03  	bne	a5, s8, 0x131d4 <__call_exitprocs+0xd2>
   131aa: 83 b7 8c 1f  	ld	a5, 0x1f8(s9)
   131ae: 63 93 27 03  	bne	a5, s2, 0x131d4 <__call_exitprocs+0xd2>
   131b2: 7d 34        	addiw	s0, s0, -0x1
   131b4: e1 14        	addi	s1, s1, -0x8
   131b6: e3 1a 34 f9  	bne	s0, s3, 0x1314a <__call_exitprocs+0x48>
   131ba: 55 b7        	j	0x1315e <__call_exitprocs+0x5c>
   131bc: 83 27 49 31  	lw	a5, 0x314(s2)
   131c0: 83 b5 84 10  	ld	a1, 0x108(s1)
   131c4: 7d 8f        	and	a4, a4, a5
   131c6: 19 ef        	bnez	a4, 0x131e4 <__call_exitprocs+0xe2>
   131c8: 56 85        	mv	a0, s5
   131ca: 82 96        	jalr	a3
   131cc: 83 27 89 00  	lw	a5, 0x8(s2)
   131d0: e3 8d 87 fd  	beq	a5, s8, 0x131aa <__call_exitprocs+0xa8>
   131d4: 03 b9 8c 1f  	ld	s2, 0x1f8(s9)
   131d8: e3 11 09 f6  	bnez	s2, 0x1313a <__call_exitprocs+0x38>
   131dc: 49 b7        	j	0x1315e <__call_exitprocs+0x5c>
   131de: 23 24 89 00  	sw	s0, 0x8(s2)
   131e2: 75 b7        	j	0x1318e <__call_exitprocs+0x8c>
   131e4: 2e 85        	mv	a0, a1
   131e6: 82 96        	jalr	a3
   131e8: 6d bf        	j	0x131a2 <__call_exitprocs+0xa0>

00000000000131ea <atexit>:
   131ea: aa 85        	mv	a1, a0
   131ec: 81 46        	li	a3, 0x0
   131ee: 01 46        	li	a2, 0x0
   131f0: 01 45        	li	a0, 0x0
   131f2: 6f 80 e0 1d  	j	0x1b3d0 <__register_exitproc>

00000000000131f6 <__sflush_r>:
   131f6: 03 97 05 01  	lh	a4, 0x10(a1)
   131fa: 79 71        	addi	sp, sp, -0x30
   131fc: 22 f0        	sd	s0, 0x20(sp)
   131fe: 4e e4        	sd	s3, 0x8(sp)
   13200: 06 f4        	sd	ra, 0x28(sp)
   13202: 93 77 87 00  	andi	a5, a4, 0x8
   13206: 2e 84        	mv	s0, a1
   13208: aa 89        	mv	s3, a0
   1320a: e1 e7        	bnez	a5, 0x132d2 <__sflush_r+0xdc>
   1320c: 85 67        	lui	a5, 0x1
   1320e: 93 87 07 80  	addi	a5, a5, -0x800
   13212: 94 45        	lw	a3, 0x8(a1)
   13214: d9 8f        	or	a5, a5, a4
   13216: 23 98 f5 00  	sh	a5, 0x10(a1)
   1321a: 63 59 d0 10  	blez	a3, 0x1332c <__sflush_r+0x136>
   1321e: 03 38 84 04  	ld	a6, 0x48(s0)
   13222: 63 02 08 0a  	beqz	a6, 0x132c6 <__sflush_r+0xd0>
   13226: 26 ec        	sd	s1, 0x18(sp)
   13228: 93 16 37 03  	slli	a3, a4, 0x33
   1322c: 83 a4 09 00  	lw	s1, 0x0(s3)
   13230: 23 a0 09 00  	sw	zero, 0x0(s3)
   13234: 63 c3 06 10  	bltz	a3, 0x1333a <__sflush_r+0x144>
   13238: 0c 78        	ld	a1, 0x30(s0)
   1323a: 01 46        	li	a2, 0x0
   1323c: 85 46        	li	a3, 0x1
   1323e: 4e 85        	mv	a0, s3
   13240: 02 98        	jalr	a6
   13242: fd 57        	li	a5, -0x1
   13244: 2a 86        	mv	a2, a0
   13246: 63 01 f5 12  	beq	a0, a5, 0x13368 <__sflush_r+0x172>
   1324a: 83 17 04 01  	lh	a5, 0x10(s0)
   1324e: 03 38 84 04  	ld	a6, 0x48(s0)
   13252: 91 8b        	andi	a5, a5, 0x4
   13254: 99 c7        	beqz	a5, 0x13262 <__sflush_r+0x6c>
   13256: 18 44        	lw	a4, 0x8(s0)
   13258: 3c 6c        	ld	a5, 0x58(s0)
   1325a: 19 8e        	sub	a2, a2, a4
   1325c: 99 c3        	beqz	a5, 0x13262 <__sflush_r+0x6c>
   1325e: 3c 58        	lw	a5, 0x70(s0)
   13260: 1d 8e        	sub	a2, a2, a5
   13262: 0c 78        	ld	a1, 0x30(s0)
   13264: 81 46        	li	a3, 0x0
   13266: 4e 85        	mv	a0, s3
   13268: 02 98        	jalr	a6
   1326a: 7d 57        	li	a4, -0x1
   1326c: 83 17 04 01  	lh	a5, 0x10(s0)
   13270: 63 17 e5 0c  	bne	a0, a4, 0x1333e <__sflush_r+0x148>
   13274: 83 a6 09 00  	lw	a3, 0x0(s3)
   13278: 75 47        	li	a4, 0x1d
   1327a: 63 63 d7 10  	bltu	a4, a3, 0x13380 <__sflush_r+0x18a>
   1327e: 37 07 40 20  	lui	a4, 0x20400
   13282: 05 07        	addi	a4, a4, 0x1
   13284: 33 57 d7 00  	srl	a4, a4, a3
   13288: 05 8b        	andi	a4, a4, 0x1
   1328a: 7d cb        	beqz	a4, 0x13380 <__sflush_r+0x18a>
   1328c: 10 6c        	ld	a2, 0x18(s0)
   1328e: 7d 77        	lui	a4, 0xfffff
   13290: 13 07 f7 7f  	addi	a4, a4, 0x7ff
   13294: 7d 8f        	and	a4, a4, a5
   13296: 23 18 e4 00  	sh	a4, 0x10(s0)
   1329a: 23 24 04 00  	sw	zero, 0x8(s0)
   1329e: 10 e0        	sd	a2, 0x0(s0)
   132a0: 13 97 37 03  	slli	a4, a5, 0x33
   132a4: 63 53 07 00  	bgez	a4, 0x132aa <__sflush_r+0xb4>
   132a8: cd ca        	beqz	a3, 0x1335a <__sflush_r+0x164>
   132aa: 2c 6c        	ld	a1, 0x58(s0)
   132ac: 23 a0 99 00  	sw	s1, 0x0(s3)
   132b0: d5 c9        	beqz	a1, 0x13364 <__sflush_r+0x16e>
   132b2: 93 07 44 07  	addi	a5, s0, 0x74
   132b6: 63 85 f5 00  	beq	a1, a5, 0x132c0 <__sflush_r+0xca>
   132ba: 4e 85        	mv	a0, s3
   132bc: ef 00 00 64  	jal	0x138fc <_free_r>
   132c0: e2 64        	ld	s1, 0x18(sp)
   132c2: 23 3c 04 04  	sd	zero, 0x58(s0)
   132c6: a2 70        	ld	ra, 0x28(sp)
   132c8: 02 74        	ld	s0, 0x20(sp)
   132ca: a2 69        	ld	s3, 0x8(sp)
   132cc: 01 45        	li	a0, 0x0
   132ce: 45 61        	addi	sp, sp, 0x30
   132d0: 82 80        	ret
   132d2: 4a e8        	sd	s2, 0x10(sp)
   132d4: 03 b9 85 01  	ld	s2, 0x18(a1)
   132d8: 63 0f 09 04  	beqz	s2, 0x13336 <__sflush_r+0x140>
   132dc: 26 ec        	sd	s1, 0x18(sp)
   132de: 84 61        	ld	s1, 0x0(a1)
   132e0: 0d 8b        	andi	a4, a4, 0x3
   132e2: 23 b0 25 01  	sd	s2, 0x0(a1)
   132e6: bb 84 24 41  	subw	s1, s1, s2
   132ea: 81 47        	li	a5, 0x0
   132ec: 11 e3        	bnez	a4, 0x132f0 <__sflush_r+0xfa>
   132ee: 9c 51        	lw	a5, 0x20(a1)
   132f0: 5c c4        	sw	a5, 0xc(s0)
   132f2: 63 46 90 00  	bgtz	s1, 0x132fe <__sflush_r+0x108>
   132f6: 3d a8        	j	0x13334 <__sflush_r+0x13e>
   132f8: 2a 99        	add	s2, s2, a0
   132fa: 63 5d 90 02  	blez	s1, 0x13334 <__sflush_r+0x13e>
   132fe: 3c 60        	ld	a5, 0x40(s0)
   13300: 0c 78        	ld	a1, 0x30(s0)
   13302: a6 86        	mv	a3, s1
   13304: 4a 86        	mv	a2, s2
   13306: 4e 85        	mv	a0, s3
   13308: 82 97        	jalr	a5
   1330a: 89 9c        	subw	s1, s1, a0
   1330c: e3 46 a0 fe  	bgtz	a0, 0x132f8 <__sflush_r+0x102>
   13310: 83 17 04 01  	lh	a5, 0x10(s0)
   13314: 42 69        	ld	s2, 0x10(sp)
   13316: 93 e7 07 04  	ori	a5, a5, 0x40
   1331a: a2 70        	ld	ra, 0x28(sp)
   1331c: 23 18 f4 00  	sh	a5, 0x10(s0)
   13320: 02 74        	ld	s0, 0x20(sp)
   13322: e2 64        	ld	s1, 0x18(sp)
   13324: a2 69        	ld	s3, 0x8(sp)
   13326: 7d 55        	li	a0, -0x1
   13328: 45 61        	addi	sp, sp, 0x30
   1332a: 82 80        	ret
   1332c: b4 59        	lw	a3, 0x70(a1)
   1332e: e3 48 d0 ee  	bgtz	a3, 0x1321e <__sflush_r+0x28>
   13332: 51 bf        	j	0x132c6 <__sflush_r+0xd0>
   13334: e2 64        	ld	s1, 0x18(sp)
   13336: 42 69        	ld	s2, 0x10(sp)
   13338: 79 b7        	j	0x132c6 <__sflush_r+0xd0>
   1333a: 50 68        	ld	a2, 0x90(s0)
   1333c: 19 bf        	j	0x13252 <__sflush_r+0x5c>
   1333e: 14 6c        	ld	a3, 0x18(s0)
   13340: 7d 77        	lui	a4, 0xfffff
   13342: 13 07 f7 7f  	addi	a4, a4, 0x7ff
   13346: 7d 8f        	and	a4, a4, a5
   13348: 23 18 e4 00  	sh	a4, 0x10(s0)
   1334c: 23 24 04 00  	sw	zero, 0x8(s0)
   13350: 14 e0        	sd	a3, 0x0(s0)
   13352: 13 97 37 03  	slli	a4, a5, 0x33
   13356: e3 5a 07 f4  	bgez	a4, 0x132aa <__sflush_r+0xb4>
   1335a: 2c 6c        	ld	a1, 0x58(s0)
   1335c: 48 e8        	sd	a0, 0x90(s0)
   1335e: 23 a0 99 00  	sw	s1, 0x0(s3)
   13362: a1 f9        	bnez	a1, 0x132b2 <__sflush_r+0xbc>
   13364: e2 64        	ld	s1, 0x18(sp)
   13366: 85 b7        	j	0x132c6 <__sflush_r+0xd0>
   13368: 83 a7 09 00  	lw	a5, 0x0(s3)
   1336c: e3 8f 07 ec  	beqz	a5, 0x1324a <__sflush_r+0x54>
   13370: 75 47        	li	a4, 0x1d
   13372: 63 8a e7 00  	beq	a5, a4, 0x13386 <__sflush_r+0x190>
   13376: 59 47        	li	a4, 0x16
   13378: 63 87 e7 00  	beq	a5, a4, 0x13386 <__sflush_r+0x190>
   1337c: 83 17 04 01  	lh	a5, 0x10(s0)
   13380: 93 e7 07 04  	ori	a5, a5, 0x40
   13384: 59 bf        	j	0x1331a <__sflush_r+0x124>
   13386: 23 a0 99 00  	sw	s1, 0x0(s3)
   1338a: e2 64        	ld	s1, 0x18(sp)
   1338c: 2d bf        	j	0x132c6 <__sflush_r+0xd0>

000000000001338e <_fflush_r>:
   1338e: 01 11        	addi	sp, sp, -0x20
   13390: 22 e8        	sd	s0, 0x10(sp)
   13392: 26 e4        	sd	s1, 0x8(sp)
   13394: 06 ec        	sd	ra, 0x18(sp)
   13396: 4a e0        	sd	s2, 0x0(sp)
   13398: aa 84        	mv	s1, a0
   1339a: 2e 84        	mv	s0, a1
   1339c: 19 c1        	beqz	a0, 0x133a2 <_fflush_r+0x14>
   1339e: 3c 49        	lw	a5, 0x50(a0)
   133a0: a9 c3        	beqz	a5, 0x133e2 <_fflush_r+0x54>
   133a2: 83 17 04 01  	lh	a5, 0x10(s0)
   133a6: 01 49        	li	s2, 0x0
   133a8: 95 c7        	beqz	a5, 0x133d4 <_fflush_r+0x46>
   133aa: 03 27 04 0b  	lw	a4, 0xb0(s0)
   133ae: 05 8b        	andi	a4, a4, 0x1
   133b0: 01 e7        	bnez	a4, 0x133b8 <_fflush_r+0x2a>
   133b2: 93 f7 07 20  	andi	a5, a5, 0x200
   133b6: 8d cb        	beqz	a5, 0x133e8 <_fflush_r+0x5a>
   133b8: 26 85        	mv	a0, s1
   133ba: a2 85        	mv	a1, s0
   133bc: ef f0 bf e3  	jal	0x131f6 <__sflush_r>
   133c0: 83 27 04 0b  	lw	a5, 0xb0(s0)
   133c4: 2a 89        	mv	s2, a0
   133c6: 85 8b        	andi	a5, a5, 0x1
   133c8: 91 e7        	bnez	a5, 0x133d4 <_fflush_r+0x46>
   133ca: 83 57 04 01  	lhu	a5, 0x10(s0)
   133ce: 93 f7 07 20  	andi	a5, a5, 0x200
   133d2: 85 cb        	beqz	a5, 0x13402 <_fflush_r+0x74>
   133d4: e2 60        	ld	ra, 0x18(sp)
   133d6: 42 64        	ld	s0, 0x10(sp)
   133d8: a2 64        	ld	s1, 0x8(sp)
   133da: 4a 85        	mv	a0, s2
   133dc: 02 69        	ld	s2, 0x0(sp)
   133de: 05 61        	addi	sp, sp, 0x20
   133e0: 82 80        	ret
   133e2: ef 00 c0 16  	jal	0x1354e <__sinit>
   133e6: 75 bf        	j	0x133a2 <_fflush_r+0x14>
   133e8: 48 70        	ld	a0, 0xa0(s0)
   133ea: ef 20 b0 6f  	jal	0x162e4 <__retarget_lock_acquire_recursive>
   133ee: 26 85        	mv	a0, s1
   133f0: a2 85        	mv	a1, s0
   133f2: ef f0 5f e0  	jal	0x131f6 <__sflush_r>
   133f6: 83 27 04 0b  	lw	a5, 0xb0(s0)
   133fa: 2a 89        	mv	s2, a0
   133fc: 85 8b        	andi	a5, a5, 0x1
   133fe: f9 fb        	bnez	a5, 0x133d4 <_fflush_r+0x46>
   13400: e9 b7        	j	0x133ca <_fflush_r+0x3c>
   13402: 48 70        	ld	a0, 0xa0(s0)
   13404: ef 20 d0 6e  	jal	0x162f0 <__retarget_lock_release_recursive>
   13408: e2 60        	ld	ra, 0x18(sp)
   1340a: 42 64        	ld	s0, 0x10(sp)
   1340c: a2 64        	ld	s1, 0x8(sp)
   1340e: 4a 85        	mv	a0, s2
   13410: 02 69        	ld	s2, 0x0(sp)
   13412: 05 61        	addi	sp, sp, 0x20
   13414: 82 80        	ret

0000000000013416 <fflush>:
   13416: 35 c9        	beqz	a0, 0x1348a <fflush+0x74>
   13418: 01 11        	addi	sp, sp, -0x20
   1341a: 4a e0        	sd	s2, 0x0(sp)
   1341c: 03 b9 81 70  	ld	s2, 0x708(gp)
   13420: 22 e8        	sd	s0, 0x10(sp)
   13422: 06 ec        	sd	ra, 0x18(sp)
   13424: 26 e4        	sd	s1, 0x8(sp)
   13426: 2a 84        	mv	s0, a0
   13428: 63 05 09 00  	beqz	s2, 0x13432 <fflush+0x1c>
   1342c: 83 27 09 05  	lw	a5, 0x50(s2)
   13430: a9 c3        	beqz	a5, 0x13472 <fflush+0x5c>
   13432: 83 17 04 01  	lh	a5, 0x10(s0)
   13436: 81 44        	li	s1, 0x0
   13438: 95 c7        	beqz	a5, 0x13464 <fflush+0x4e>
   1343a: 03 27 04 0b  	lw	a4, 0xb0(s0)
   1343e: 05 8b        	andi	a4, a4, 0x1
   13440: 01 e7        	bnez	a4, 0x13448 <fflush+0x32>
   13442: 93 f7 07 20  	andi	a5, a5, 0x200
   13446: 95 cb        	beqz	a5, 0x1347a <fflush+0x64>
   13448: 4a 85        	mv	a0, s2
   1344a: a2 85        	mv	a1, s0
   1344c: ef f0 bf da  	jal	0x131f6 <__sflush_r>
   13450: 83 27 04 0b  	lw	a5, 0xb0(s0)
   13454: aa 84        	mv	s1, a0
   13456: 85 8b        	andi	a5, a5, 0x1
   13458: 91 e7        	bnez	a5, 0x13464 <fflush+0x4e>
   1345a: 83 57 04 01  	lhu	a5, 0x10(s0)
   1345e: 93 f7 07 20  	andi	a5, a5, 0x200
   13462: 85 c3        	beqz	a5, 0x13482 <fflush+0x6c>
   13464: e2 60        	ld	ra, 0x18(sp)
   13466: 42 64        	ld	s0, 0x10(sp)
   13468: 02 69        	ld	s2, 0x0(sp)
   1346a: 26 85        	mv	a0, s1
   1346c: a2 64        	ld	s1, 0x8(sp)
   1346e: 05 61        	addi	sp, sp, 0x20
   13470: 82 80        	ret
   13472: 4a 85        	mv	a0, s2
   13474: ef 00 a0 0d  	jal	0x1354e <__sinit>
   13478: 6d bf        	j	0x13432 <fflush+0x1c>
   1347a: 48 70        	ld	a0, 0xa0(s0)
   1347c: ef 20 90 66  	jal	0x162e4 <__retarget_lock_acquire_recursive>
   13480: e1 b7        	j	0x13448 <fflush+0x32>
   13482: 48 70        	ld	a0, 0xa0(s0)
   13484: ef 20 d0 66  	jal	0x162f0 <__retarget_lock_release_recursive>
   13488: f1 bf        	j	0x13464 <fflush+0x4e>
   1348a: 03 b5 81 67  	ld	a0, 0x678(gp)
   1348e: 97 05 00 00  	auipc	a1, 0x0
   13492: 93 85 05 f0  	addi	a1, a1, -0x100
   13496: 6f 00 f0 26  	j	0x13f04 <_fwalk_reent>

000000000001349a <_cleanup_r>:
   1349a: 97 85 00 00  	auipc	a1, 0x8
   1349e: 93 85 c5 0d  	addi	a1, a1, 0xdc
   134a2: 6f 00 30 26  	j	0x13f04 <_fwalk_reent>

00000000000134a6 <__fp_lock>:
   134a6: 83 27 05 0b  	lw	a5, 0xb0(a0)
   134aa: 85 8b        	andi	a5, a5, 0x1
   134ac: 91 e7        	bnez	a5, 0x134b8 <__fp_lock+0x12>
   134ae: 83 57 05 01  	lhu	a5, 0x10(a0)
   134b2: 93 f7 07 20  	andi	a5, a5, 0x200
   134b6: 99 c3        	beqz	a5, 0x134bc <__fp_lock+0x16>
   134b8: 01 45        	li	a0, 0x0
   134ba: 82 80        	ret
   134bc: 48 71        	ld	a0, 0xa0(a0)
   134be: 41 11        	addi	sp, sp, -0x10
   134c0: 06 e4        	sd	ra, 0x8(sp)
   134c2: ef 20 30 62  	jal	0x162e4 <__retarget_lock_acquire_recursive>
   134c6: a2 60        	ld	ra, 0x8(sp)
   134c8: 01 45        	li	a0, 0x0
   134ca: 41 01        	addi	sp, sp, 0x10
   134cc: 82 80        	ret

00000000000134ce <__fp_unlock>:
   134ce: 83 27 05 0b  	lw	a5, 0xb0(a0)
   134d2: 85 8b        	andi	a5, a5, 0x1
   134d4: 91 e7        	bnez	a5, 0x134e0 <__fp_unlock+0x12>
   134d6: 83 57 05 01  	lhu	a5, 0x10(a0)
   134da: 93 f7 07 20  	andi	a5, a5, 0x200
   134de: 99 c3        	beqz	a5, 0x134e4 <__fp_unlock+0x16>
   134e0: 01 45        	li	a0, 0x0
   134e2: 82 80        	ret
   134e4: 48 71        	ld	a0, 0xa0(a0)
   134e6: 41 11        	addi	sp, sp, -0x10
   134e8: 06 e4        	sd	ra, 0x8(sp)
   134ea: ef 20 70 60  	jal	0x162f0 <__retarget_lock_release_recursive>
   134ee: a2 60        	ld	ra, 0x8(sp)
   134f0: 01 45        	li	a0, 0x0
   134f2: 41 01        	addi	sp, sp, 0x10
   134f4: 82 80        	ret

00000000000134f6 <__sfmoreglue>:
   134f6: 01 11        	addi	sp, sp, -0x20
   134f8: 26 e4        	sd	s1, 0x8(sp)
   134fa: 93 07 80 0b  	li	a5, 0xb8
   134fe: 9b 84 f5 ff  	addiw	s1, a1, -0x1
   13502: b3 84 f4 02  	mul	s1, s1, a5
   13506: 4a e0        	sd	s2, 0x0(sp)
   13508: 2e 89        	mv	s2, a1
   1350a: 22 e8        	sd	s0, 0x10(sp)
   1350c: 06 ec        	sd	ra, 0x18(sp)
   1350e: 93 85 04 0d  	addi	a1, s1, 0xd0
   13512: ef 20 b0 77  	jal	0x1648c <_malloc_r>
   13516: 2a 84        	mv	s0, a0
   13518: 01 cd        	beqz	a0, 0x13530 <__sfmoreglue+0x3a>
   1351a: 61 05        	addi	a0, a0, 0x18
   1351c: 23 30 04 00  	sd	zero, 0x0(s0)
   13520: 23 24 24 01  	sw	s2, 0x8(s0)
   13524: 13 86 84 0b  	addi	a2, s1, 0xb8
   13528: 08 e8        	sd	a0, 0x10(s0)
   1352a: 81 45        	li	a1, 0x0
   1352c: ef d0 4f d9  	jal	0x10ac0 <memset>
   13530: e2 60        	ld	ra, 0x18(sp)
   13532: 22 85        	mv	a0, s0
   13534: 42 64        	ld	s0, 0x10(sp)
   13536: a2 64        	ld	s1, 0x8(sp)
   13538: 02 69        	ld	s2, 0x0(sp)
   1353a: 05 61        	addi	sp, sp, 0x20
   1353c: 82 80        	ret

000000000001353e <_cleanup>:
   1353e: 03 b5 81 67  	ld	a0, 0x678(gp)
   13542: 97 85 00 00  	auipc	a1, 0x8
   13546: 93 85 45 03  	addi	a1, a1, 0x34
   1354a: 6f 00 b0 1b  	j	0x13f04 <_fwalk_reent>

000000000001354e <__sinit>:
   1354e: 39 71        	addi	sp, sp, -0x40
   13550: 26 f4        	sd	s1, 0x28(sp)
   13552: aa 84        	mv	s1, a0
   13554: 13 85 81 76  	addi	a0, gp, 0x768
   13558: 06 fc        	sd	ra, 0x38(sp)
   1355a: ef 20 b0 58  	jal	0x162e4 <__retarget_lock_acquire_recursive>
   1355e: bc 48        	lw	a5, 0x50(s1)
   13560: 13 85 81 76  	addi	a0, gp, 0x768
   13564: 63 97 07 12  	bnez	a5, 0x13692 <__sinit+0x144>
   13568: 22 f8        	sd	s0, 0x30(sp)
   1356a: 80 64        	ld	s0, 0x8(s1)
   1356c: 4a f0        	sd	s2, 0x20(sp)
   1356e: 4e ec        	sd	s3, 0x18(sp)
   13570: 52 e8        	sd	s4, 0x10(sp)
   13572: 56 e4        	sd	s5, 0x8(sp)
   13574: 97 06 00 00  	auipc	a3, 0x0
   13578: 93 86 66 f2  	addi	a3, a3, -0xda
   1357c: 0d 47        	li	a4, 0x3
   1357e: 93 87 84 53  	addi	a5, s1, 0x538
   13582: b4 ec        	sd	a3, 0x58(s1)
   13584: 23 a4 e4 52  	sw	a4, 0x528(s1)
   13588: 23 b8 f4 52  	sd	a5, 0x530(s1)
   1358c: 23 b0 04 52  	sd	zero, 0x520(s1)
   13590: 91 47        	li	a5, 0x4
   13592: 1c c8        	sw	a5, 0x10(s0)
   13594: 21 46        	li	a2, 0x8
   13596: 81 45        	li	a1, 0x0
   13598: 23 30 04 00  	sd	zero, 0x0(s0)
   1359c: 23 34 04 00  	sd	zero, 0x8(s0)
   135a0: 23 28 04 0a  	sw	zero, 0xb0(s0)
   135a4: 23 3c 04 00  	sd	zero, 0x18(s0)
   135a8: 23 20 04 02  	sw	zero, 0x20(s0)
   135ac: 23 24 04 02  	sw	zero, 0x28(s0)
   135b0: 13 05 84 0a  	addi	a0, s0, 0xa8
   135b4: ef d0 cf d0  	jal	0x10ac0 <memset>
   135b8: 97 5a 00 00  	auipc	s5, 0x5
   135bc: 93 8a 4a 9f  	addi	s5, s5, -0x60c
   135c0: 17 5a 00 00  	auipc	s4, 0x5
   135c4: 13 0a 8a a2  	addi	s4, s4, -0x5d8
   135c8: 97 59 00 00  	auipc	s3, 0x5
   135cc: 93 89 49 a7  	addi	s3, s3, -0x58c
   135d0: 17 59 00 00  	auipc	s2, 0x5
   135d4: 13 09 a9 aa  	addi	s2, s2, -0x556
   135d8: 23 3c 54 03  	sd	s5, 0x38(s0)
   135dc: 23 30 44 05  	sd	s4, 0x40(s0)
   135e0: 23 34 34 05  	sd	s3, 0x48(s0)
   135e4: 23 38 24 05  	sd	s2, 0x50(s0)
   135e8: 13 05 04 0a  	addi	a0, s0, 0xa0
   135ec: 00 f8        	sd	s0, 0x30(s0)
   135ee: ef 20 f0 4e  	jal	0x162dc <__retarget_lock_init_recursive>
   135f2: 80 68        	ld	s0, 0x10(s1)
   135f4: c1 67        	lui	a5, 0x10
   135f6: a5 07        	addi	a5, a5, 0x9
   135f8: 1c c8        	sw	a5, 0x10(s0)
   135fa: 21 46        	li	a2, 0x8
   135fc: 81 45        	li	a1, 0x0
   135fe: 23 30 04 00  	sd	zero, 0x0(s0)
   13602: 23 34 04 00  	sd	zero, 0x8(s0)
   13606: 23 28 04 0a  	sw	zero, 0xb0(s0)
   1360a: 23 3c 04 00  	sd	zero, 0x18(s0)
   1360e: 23 20 04 02  	sw	zero, 0x20(s0)
   13612: 23 24 04 02  	sw	zero, 0x28(s0)
   13616: 13 05 84 0a  	addi	a0, s0, 0xa8
   1361a: ef d0 6f ca  	jal	0x10ac0 <memset>
   1361e: 13 05 04 0a  	addi	a0, s0, 0xa0
   13622: 23 3c 54 03  	sd	s5, 0x38(s0)
   13626: 23 30 44 05  	sd	s4, 0x40(s0)
   1362a: 23 34 34 05  	sd	s3, 0x48(s0)
   1362e: 23 38 24 05  	sd	s2, 0x50(s0)
   13632: 00 f8        	sd	s0, 0x30(s0)
   13634: ef 20 90 4a  	jal	0x162dc <__retarget_lock_init_recursive>
   13638: 80 6c        	ld	s0, 0x18(s1)
   1363a: b7 07 02 00  	lui	a5, 0x20
   1363e: c9 07        	addi	a5, a5, 0x12
   13640: 1c c8        	sw	a5, 0x10(s0)
   13642: 23 30 04 00  	sd	zero, 0x0(s0)
   13646: 23 34 04 00  	sd	zero, 0x8(s0)
   1364a: 23 28 04 0a  	sw	zero, 0xb0(s0)
   1364e: 23 3c 04 00  	sd	zero, 0x18(s0)
   13652: 23 20 04 02  	sw	zero, 0x20(s0)
   13656: 23 24 04 02  	sw	zero, 0x28(s0)
   1365a: 13 05 84 0a  	addi	a0, s0, 0xa8
   1365e: 21 46        	li	a2, 0x8
   13660: 81 45        	li	a1, 0x0
   13662: ef d0 ef c5  	jal	0x10ac0 <memset>
   13666: 13 05 04 0a  	addi	a0, s0, 0xa0
   1366a: 23 3c 54 03  	sd	s5, 0x38(s0)
   1366e: 23 30 44 05  	sd	s4, 0x40(s0)
   13672: 23 34 34 05  	sd	s3, 0x48(s0)
   13676: 23 38 24 05  	sd	s2, 0x50(s0)
   1367a: 00 f8        	sd	s0, 0x30(s0)
   1367c: ef 20 10 46  	jal	0x162dc <__retarget_lock_init_recursive>
   13680: 42 74        	ld	s0, 0x30(sp)
   13682: 02 79        	ld	s2, 0x20(sp)
   13684: e2 69        	ld	s3, 0x18(sp)
   13686: 42 6a        	ld	s4, 0x10(sp)
   13688: a2 6a        	ld	s5, 0x8(sp)
   1368a: 85 47        	li	a5, 0x1
   1368c: bc c8        	sw	a5, 0x50(s1)
   1368e: 13 85 81 76  	addi	a0, gp, 0x768
   13692: e2 70        	ld	ra, 0x38(sp)
   13694: a2 74        	ld	s1, 0x28(sp)
   13696: 21 61        	addi	sp, sp, 0x40
   13698: 6f 20 90 45  	j	0x162f0 <__retarget_lock_release_recursive>

000000000001369c <__sfp>:
   1369c: 79 71        	addi	sp, sp, -0x30
   1369e: 4a e8        	sd	s2, 0x10(sp)
   136a0: 2a 89        	mv	s2, a0
   136a2: 13 85 01 76  	addi	a0, gp, 0x760
   136a6: 26 ec        	sd	s1, 0x18(sp)
   136a8: 06 f4        	sd	ra, 0x28(sp)
   136aa: 22 f0        	sd	s0, 0x20(sp)
   136ac: 4e e4        	sd	s3, 0x8(sp)
   136ae: ef 20 70 43  	jal	0x162e4 <__retarget_lock_acquire_recursive>
   136b2: 83 b4 81 67  	ld	s1, 0x678(gp)
   136b6: bc 48        	lw	a5, 0x50(s1)
   136b8: d9 c7        	beqz	a5, 0x13746 <__sfp+0xaa>
   136ba: 93 84 04 52  	addi	s1, s1, 0x520
   136be: 93 09 80 0b  	li	s3, 0xb8
   136c2: 98 44        	lw	a4, 0x8(s1)
   136c4: 80 68        	ld	s0, 0x10(s1)
   136c6: 63 5c e0 06  	blez	a4, 0x1373e <__sfp+0xa2>
   136ca: 02 17        	slli	a4, a4, 0x20
   136cc: 01 93        	srli	a4, a4, 0x20
   136ce: 33 07 37 03  	mul	a4, a4, s3
   136d2: 22 97        	add	a4, a4, s0
   136d4: 29 a0        	j	0x136de <__sfp+0x42>
   136d6: 13 04 84 0b  	addi	s0, s0, 0xb8
   136da: 63 02 e4 06  	beq	s0, a4, 0x1373e <__sfp+0xa2>
   136de: 83 17 04 01  	lh	a5, 0x10(s0)
   136e2: f5 fb        	bnez	a5, 0x136d6 <__sfp+0x3a>
   136e4: c1 77        	lui	a5, 0xffff0
   136e6: 85 07        	addi	a5, a5, 0x1
   136e8: 1c c8        	sw	a5, 0x10(s0)
   136ea: 13 05 04 0a  	addi	a0, s0, 0xa0
   136ee: 23 28 04 0a  	sw	zero, 0xb0(s0)
   136f2: ef 20 b0 3e  	jal	0x162dc <__retarget_lock_init_recursive>
   136f6: 13 85 01 76  	addi	a0, gp, 0x760
   136fa: ef 20 70 3f  	jal	0x162f0 <__retarget_lock_release_recursive>
   136fe: 13 05 84 0a  	addi	a0, s0, 0xa8
   13702: 23 30 04 00  	sd	zero, 0x0(s0)
   13706: 23 34 04 00  	sd	zero, 0x8(s0)
   1370a: 23 3c 04 00  	sd	zero, 0x18(s0)
   1370e: 23 20 04 02  	sw	zero, 0x20(s0)
   13712: 23 24 04 02  	sw	zero, 0x28(s0)
   13716: 21 46        	li	a2, 0x8
   13718: 81 45        	li	a1, 0x0
   1371a: ef d0 6f ba  	jal	0x10ac0 <memset>
   1371e: 23 3c 04 04  	sd	zero, 0x58(s0)
   13722: 23 20 04 06  	sw	zero, 0x60(s0)
   13726: 23 3c 04 06  	sd	zero, 0x78(s0)
   1372a: 23 20 04 08  	sw	zero, 0x80(s0)
   1372e: a2 70        	ld	ra, 0x28(sp)
   13730: 22 85        	mv	a0, s0
   13732: 02 74        	ld	s0, 0x20(sp)
   13734: e2 64        	ld	s1, 0x18(sp)
   13736: 42 69        	ld	s2, 0x10(sp)
   13738: a2 69        	ld	s3, 0x8(sp)
   1373a: 45 61        	addi	sp, sp, 0x30
   1373c: 82 80        	ret
   1373e: 80 60        	ld	s0, 0x0(s1)
   13740: 19 c4        	beqz	s0, 0x1374e <__sfp+0xb2>
   13742: a2 84        	mv	s1, s0
   13744: bd bf        	j	0x136c2 <__sfp+0x26>
   13746: 26 85        	mv	a0, s1
   13748: ef f0 7f e0  	jal	0x1354e <__sinit>
   1374c: bd b7        	j	0x136ba <__sfp+0x1e>
   1374e: 93 05 80 2f  	li	a1, 0x2f8
   13752: 4a 85        	mv	a0, s2
   13754: ef 20 90 53  	jal	0x1648c <_malloc_r>
   13758: 2a 84        	mv	s0, a0
   1375a: 19 cd        	beqz	a0, 0x13778 <__sfp+0xdc>
   1375c: 91 47        	li	a5, 0x4
   1375e: 61 05        	addi	a0, a0, 0x18
   13760: 23 30 04 00  	sd	zero, 0x0(s0)
   13764: 1c c4        	sw	a5, 0x8(s0)
   13766: 08 e8        	sd	a0, 0x10(s0)
   13768: 13 06 00 2e  	li	a2, 0x2e0
   1376c: 81 45        	li	a1, 0x0
   1376e: ef d0 2f b5  	jal	0x10ac0 <memset>
   13772: 80 e0        	sd	s0, 0x0(s1)
   13774: a2 84        	mv	s1, s0
   13776: b1 b7        	j	0x136c2 <__sfp+0x26>
   13778: 23 b0 04 00  	sd	zero, 0x0(s1)
   1377c: 13 85 01 76  	addi	a0, gp, 0x760
   13780: ef 20 10 37  	jal	0x162f0 <__retarget_lock_release_recursive>
   13784: b1 47        	li	a5, 0xc
   13786: 23 20 f9 00  	sw	a5, 0x0(s2)
   1378a: 55 b7        	j	0x1372e <__sfp+0x92>

000000000001378c <__sfp_lock_acquire>:
   1378c: 13 85 01 76  	addi	a0, gp, 0x760
   13790: 6f 20 50 35  	j	0x162e4 <__retarget_lock_acquire_recursive>

0000000000013794 <__sfp_lock_release>:
   13794: 13 85 01 76  	addi	a0, gp, 0x760
   13798: 6f 20 90 35  	j	0x162f0 <__retarget_lock_release_recursive>

000000000001379c <__sinit_lock_acquire>:
   1379c: 13 85 81 76  	addi	a0, gp, 0x768
   137a0: 6f 20 50 34  	j	0x162e4 <__retarget_lock_acquire_recursive>

00000000000137a4 <__sinit_lock_release>:
   137a4: 13 85 81 76  	addi	a0, gp, 0x768
   137a8: 6f 20 90 34  	j	0x162f0 <__retarget_lock_release_recursive>

00000000000137ac <__fp_lock_all>:
   137ac: 41 11        	addi	sp, sp, -0x10
   137ae: 13 85 01 76  	addi	a0, gp, 0x760
   137b2: 06 e4        	sd	ra, 0x8(sp)
   137b4: ef 20 10 33  	jal	0x162e4 <__retarget_lock_acquire_recursive>
   137b8: a2 60        	ld	ra, 0x8(sp)
   137ba: 03 b5 81 70  	ld	a0, 0x708(gp)
   137be: 97 05 00 00  	auipc	a1, 0x0
   137c2: 93 85 85 ce  	addi	a1, a1, -0x318
   137c6: 41 01        	addi	sp, sp, 0x10
   137c8: c1 a5        	j	0x13e88 <_fwalk>

00000000000137ca <__fp_unlock_all>:
   137ca: 03 b5 81 70  	ld	a0, 0x708(gp)
   137ce: 41 11        	addi	sp, sp, -0x10
   137d0: 97 05 00 00  	auipc	a1, 0x0
   137d4: 93 85 e5 cf  	addi	a1, a1, -0x302
   137d8: 06 e4        	sd	ra, 0x8(sp)
   137da: ef 00 e0 6a  	jal	0x13e88 <_fwalk>
   137de: a2 60        	ld	ra, 0x8(sp)
   137e0: 13 85 01 76  	addi	a0, gp, 0x760
   137e4: 41 01        	addi	sp, sp, 0x10
   137e6: 6f 20 b0 30  	j	0x162f0 <__retarget_lock_release_recursive>

00000000000137ea <__libc_fini_array>:
   137ea: 01 11        	addi	sp, sp, -0x20
   137ec: 22 e8        	sd	s0, 0x10(sp)
   137ee: 97 d7 00 00  	auipc	a5, 0xd
   137f2: 93 87 27 38  	addi	a5, a5, 0x382
   137f6: 17 d4 00 00  	auipc	s0, 0xd
   137fa: 13 04 24 38  	addi	s0, s0, 0x382
   137fe: 1d 8c        	sub	s0, s0, a5
   13800: 26 e4        	sd	s1, 0x8(sp)
   13802: 06 ec        	sd	ra, 0x18(sp)
   13804: 93 54 34 40  	srai	s1, s0, 0x3
   13808: 81 c8        	beqz	s1, 0x13818 <__libc_fini_array+0x2e>
   1380a: 61 14        	addi	s0, s0, -0x8
   1380c: 3e 94        	add	s0, s0, a5
   1380e: 1c 60        	ld	a5, 0x0(s0)
   13810: fd 14        	addi	s1, s1, -0x1
   13812: 61 14        	addi	s0, s0, -0x8
   13814: 82 97        	jalr	a5
   13816: e5 fc        	bnez	s1, 0x1380e <__libc_fini_array+0x24>
   13818: e2 60        	ld	ra, 0x18(sp)
   1381a: 42 64        	ld	s0, 0x10(sp)
   1381c: a2 64        	ld	s1, 0x8(sp)
   1381e: 05 61        	addi	sp, sp, 0x20
   13820: 82 80        	ret

0000000000013822 <_malloc_trim_r>:
   13822: 79 71        	addi	sp, sp, -0x30
   13824: 22 f0        	sd	s0, 0x20(sp)
   13826: 26 ec        	sd	s1, 0x18(sp)
   13828: 4a e8        	sd	s2, 0x10(sp)
   1382a: 4e e4        	sd	s3, 0x8(sp)
   1382c: 52 e0        	sd	s4, 0x0(sp)
   1382e: ae 89        	mv	s3, a1
   13830: 06 f4        	sd	ra, 0x28(sp)
   13832: 2a 89        	mv	s2, a0
   13834: 17 ea 00 00  	auipc	s4, 0xe
   13838: 13 0a 4a aa  	addi	s4, s4, -0x55c
   1383c: ef 30 40 4e  	jal	0x16d20 <__malloc_lock>
   13840: 83 37 0a 01  	ld	a5, 0x10(s4)
   13844: 05 64        	lui	s0, 0x1
   13846: 13 04 f4 fd  	addi	s0, s0, -0x21
   1384a: 84 67        	ld	s1, 0x8(a5)
   1384c: 85 67        	lui	a5, 0x1
   1384e: f1 98        	andi	s1, s1, -0x4
   13850: 26 94        	add	s0, s0, s1
   13852: 33 04 34 41  	sub	s0, s0, s3
   13856: 31 80        	srli	s0, s0, 0xc
   13858: 7d 14        	addi	s0, s0, -0x1
   1385a: 32 04        	slli	s0, s0, 0xc
   1385c: 63 4b f4 00  	blt	s0, a5, 0x13872 <_malloc_trim_r+0x50>
   13860: 81 45        	li	a1, 0x0
   13862: 4a 85        	mv	a0, s2
   13864: ef 40 00 69  	jal	0x17ef4 <_sbrk_r>
   13868: 83 37 0a 01  	ld	a5, 0x10(s4)
   1386c: a6 97        	add	a5, a5, s1
   1386e: 63 0e f5 00  	beq	a0, a5, 0x1388a <_malloc_trim_r+0x68>
   13872: 4a 85        	mv	a0, s2
   13874: ef 30 40 4b  	jal	0x16d28 <__malloc_unlock>
   13878: a2 70        	ld	ra, 0x28(sp)
   1387a: 02 74        	ld	s0, 0x20(sp)
   1387c: e2 64        	ld	s1, 0x18(sp)
   1387e: 42 69        	ld	s2, 0x10(sp)
   13880: a2 69        	ld	s3, 0x8(sp)
   13882: 02 6a        	ld	s4, 0x0(sp)
   13884: 01 45        	li	a0, 0x0
   13886: 45 61        	addi	sp, sp, 0x30
   13888: 82 80        	ret
   1388a: b3 05 80 40  	neg	a1, s0
   1388e: 4a 85        	mv	a0, s2
   13890: ef 40 40 66  	jal	0x17ef4 <_sbrk_r>
   13894: fd 57        	li	a5, -0x1
   13896: 63 0d f5 02  	beq	a0, a5, 0x138d0 <_malloc_trim_r+0xae>
   1389a: 03 37 0a 01  	ld	a4, 0x10(s4)
   1389e: 97 e7 00 00  	auipc	a5, 0xe
   138a2: 83 a7 27 58  	lw	a5, 0x582(a5)
   138a6: 81 8c        	sub	s1, s1, s0
   138a8: 93 e4 14 00  	ori	s1, s1, 0x1
   138ac: 04 e7        	sd	s1, 0x8(a4)
   138ae: 4a 85        	mv	a0, s2
   138b0: 81 9f        	subw	a5, a5, s0
   138b2: 17 e7 00 00  	auipc	a4, 0xe
   138b6: 23 27 f7 56  	sw	a5, 0x56e(a4)
   138ba: ef 30 e0 46  	jal	0x16d28 <__malloc_unlock>
   138be: a2 70        	ld	ra, 0x28(sp)
   138c0: 02 74        	ld	s0, 0x20(sp)
   138c2: e2 64        	ld	s1, 0x18(sp)
   138c4: 42 69        	ld	s2, 0x10(sp)
   138c6: a2 69        	ld	s3, 0x8(sp)
   138c8: 02 6a        	ld	s4, 0x0(sp)
   138ca: 05 45        	li	a0, 0x1
   138cc: 45 61        	addi	sp, sp, 0x30
   138ce: 82 80        	ret
   138d0: 81 45        	li	a1, 0x0
   138d2: 4a 85        	mv	a0, s2
   138d4: ef 40 00 62  	jal	0x17ef4 <_sbrk_r>
   138d8: 03 37 0a 01  	ld	a4, 0x10(s4)
   138dc: fd 46        	li	a3, 0x1f
   138de: b3 07 e5 40  	sub	a5, a0, a4
   138e2: e3 d8 f6 f8  	bge	a3, a5, 0x13872 <_malloc_trim_r+0x50>
   138e6: 83 b6 81 71  	ld	a3, 0x718(gp)
   138ea: 93 e7 17 00  	ori	a5, a5, 0x1
   138ee: 1c e7        	sd	a5, 0x8(a4)
   138f0: 15 8d        	sub	a0, a0, a3
   138f2: 97 e7 00 00  	auipc	a5, 0xe
   138f6: 23 a7 a7 52  	sw	a0, 0x52e(a5)
   138fa: a5 bf        	j	0x13872 <_malloc_trim_r+0x50>

00000000000138fc <_free_r>:
   138fc: fd c1        	beqz	a1, 0x139e2 <_free_r+0xe6>
   138fe: 01 11        	addi	sp, sp, -0x20
   13900: 22 e8        	sd	s0, 0x10(sp)
   13902: 26 e4        	sd	s1, 0x8(sp)
   13904: 2e 84        	mv	s0, a1
   13906: aa 84        	mv	s1, a0
   13908: 06 ec        	sd	ra, 0x18(sp)
   1390a: ef 30 60 41  	jal	0x16d20 <__malloc_lock>
   1390e: 83 35 84 ff  	ld	a1, -0x8(s0)
   13912: 13 07 04 ff  	addi	a4, s0, -0x10
   13916: 17 e8 00 00  	auipc	a6, 0xe
   1391a: 13 08 28 9c  	addi	a6, a6, -0x63e
   1391e: 93 f7 e5 ff  	andi	a5, a1, -0x2
   13922: 33 06 f7 00  	add	a2, a4, a5
   13926: 14 66        	ld	a3, 0x8(a2)
   13928: 03 35 08 01  	ld	a0, 0x10(a6)
   1392c: 93 f8 15 00  	andi	a7, a1, 0x1
   13930: f1 9a        	andi	a3, a3, -0x4
   13932: 63 05 c5 12  	beq	a0, a2, 0x13a5c <_free_r+0x160>
   13936: 14 e6        	sd	a3, 0x8(a2)
   13938: 33 05 d6 00  	add	a0, a2, a3
   1393c: 08 65        	ld	a0, 0x8(a0)
   1393e: 05 89        	andi	a0, a0, 0x1
   13940: 63 9e 08 06  	bnez	a7, 0x139bc <_free_r+0xc0>
   13944: 03 33 04 ff  	ld	t1, -0x10(s0)
   13948: 97 e8 00 00  	auipc	a7, 0xe
   1394c: 93 88 08 9a  	addi	a7, a7, -0x660
   13950: 33 07 67 40  	sub	a4, a4, t1
   13954: 0c 6b        	ld	a1, 0x10(a4)
   13956: 9a 97        	add	a5, a5, t1
   13958: 63 86 15 0f  	beq	a1, a7, 0x13a44 <_free_r+0x148>
   1395c: 03 33 87 01  	ld	t1, 0x18(a4)
   13960: 23 bc 65 00  	sd	t1, 0x18(a1)
   13964: 23 38 b3 00  	sd	a1, 0x10(t1)
   13968: 63 04 05 12  	beqz	a0, 0x13a90 <_free_r+0x194>
   1396c: 93 e6 17 00  	ori	a3, a5, 0x1
   13970: 14 e7        	sd	a3, 0x8(a4)
   13972: 1c e2        	sd	a5, 0x0(a2)
   13974: 93 06 f0 1f  	li	a3, 0x1ff
   13978: 63 ef f6 06  	bltu	a3, a5, 0x139f6 <_free_r+0xfa>
   1397c: 8d 83        	srli	a5, a5, 0x3
   1397e: 81 27        	sext.w	a5, a5
   13980: 9b 86 17 00  	addiw	a3, a5, 0x1
   13984: 9b 96 16 00  	slliw	a3, a3, 0x1
   13988: 8e 06        	slli	a3, a3, 0x3
   1398a: 03 35 88 00  	ld	a0, 0x8(a6)
   1398e: c2 96        	add	a3, a3, a6
   13990: 8c 62        	ld	a1, 0x0(a3)
   13992: 05 46        	li	a2, 0x1
   13994: 9b d7 27 40  	sraiw	a5, a5, 0x2
   13998: b3 17 f6 00  	sll	a5, a2, a5
   1399c: c9 8f        	or	a5, a5, a0
   1399e: 13 86 06 ff  	addi	a2, a3, -0x10
   139a2: 0c eb        	sd	a1, 0x10(a4)
   139a4: 10 ef        	sd	a2, 0x18(a4)
   139a6: 23 34 f8 00  	sd	a5, 0x8(a6)
   139aa: 98 e2        	sd	a4, 0x0(a3)
   139ac: 98 ed        	sd	a4, 0x18(a1)
   139ae: 42 64        	ld	s0, 0x10(sp)
   139b0: e2 60        	ld	ra, 0x18(sp)
   139b2: 26 85        	mv	a0, s1
   139b4: a2 64        	ld	s1, 0x8(sp)
   139b6: 05 61        	addi	sp, sp, 0x20
   139b8: 6f 30 00 37  	j	0x16d28 <__malloc_unlock>
   139bc: 05 e5        	bnez	a0, 0x139e4 <_free_r+0xe8>
   139be: b6 97        	add	a5, a5, a3
   139c0: 97 e8 00 00  	auipc	a7, 0xe
   139c4: 93 88 88 92  	addi	a7, a7, -0x6d8
   139c8: 14 6a        	ld	a3, 0x10(a2)
   139ca: 13 e5 17 00  	ori	a0, a5, 0x1
   139ce: b3 05 f7 00  	add	a1, a4, a5
   139d2: 63 8f 16 0f  	beq	a3, a7, 0x13ad0 <_free_r+0x1d4>
   139d6: 10 6e        	ld	a2, 0x18(a2)
   139d8: 90 ee        	sd	a2, 0x18(a3)
   139da: 14 ea        	sd	a3, 0x10(a2)
   139dc: 08 e7        	sd	a0, 0x8(a4)
   139de: 9c e1        	sd	a5, 0x0(a1)
   139e0: 51 bf        	j	0x13974 <_free_r+0x78>
   139e2: 82 80        	ret
   139e4: 93 e5 15 00  	ori	a1, a1, 0x1
   139e8: 23 3c b4 fe  	sd	a1, -0x8(s0)
   139ec: 1c e2        	sd	a5, 0x0(a2)
   139ee: 93 06 f0 1f  	li	a3, 0x1ff
   139f2: e3 f5 f6 f8  	bgeu	a3, a5, 0x1397c <_free_r+0x80>
   139f6: 93 d6 97 00  	srli	a3, a5, 0x9
   139fa: 11 46        	li	a2, 0x4
   139fc: 63 6c d6 08  	bltu	a2, a3, 0x13a94 <_free_r+0x198>
   13a00: 93 d6 67 00  	srli	a3, a5, 0x6
   13a04: 9b 85 96 03  	addiw	a1, a3, 0x39
   13a08: 9b 95 15 00  	slliw	a1, a1, 0x1
   13a0c: 8e 05        	slli	a1, a1, 0x3
   13a0e: 1b 86 86 03  	addiw	a2, a3, 0x38
   13a12: c2 95        	add	a1, a1, a6
   13a14: 94 61        	ld	a3, 0x0(a1)
   13a16: c1 15        	addi	a1, a1, -0x10
   13a18: 63 96 d5 00  	bne	a1, a3, 0x13a24 <_free_r+0x128>
   13a1c: e9 a0        	j	0x13ae6 <_free_r+0x1ea>
   13a1e: 94 6a        	ld	a3, 0x10(a3)
   13a20: 63 86 d5 00  	beq	a1, a3, 0x13a2c <_free_r+0x130>
   13a24: 90 66        	ld	a2, 0x8(a3)
   13a26: 71 9a        	andi	a2, a2, -0x4
   13a28: e3 eb c7 fe  	bltu	a5, a2, 0x13a1e <_free_r+0x122>
   13a2c: 8c 6e        	ld	a1, 0x18(a3)
   13a2e: 0c ef        	sd	a1, 0x18(a4)
   13a30: 14 eb        	sd	a3, 0x10(a4)
   13a32: 42 64        	ld	s0, 0x10(sp)
   13a34: e2 60        	ld	ra, 0x18(sp)
   13a36: 98 e9        	sd	a4, 0x10(a1)
   13a38: 26 85        	mv	a0, s1
   13a3a: a2 64        	ld	s1, 0x8(sp)
   13a3c: 98 ee        	sd	a4, 0x18(a3)
   13a3e: 05 61        	addi	sp, sp, 0x20
   13a40: 6f 30 80 2e  	j	0x16d28 <__malloc_unlock>
   13a44: 2d e9        	bnez	a0, 0x13ab6 <_free_r+0x1ba>
   13a46: 0c 6e        	ld	a1, 0x18(a2)
   13a48: 10 6a        	ld	a2, 0x10(a2)
   13a4a: be 96        	add	a3, a3, a5
   13a4c: 93 e7 16 00  	ori	a5, a3, 0x1
   13a50: 0c ee        	sd	a1, 0x18(a2)
   13a52: 90 e9        	sd	a2, 0x10(a1)
   13a54: 1c e7        	sd	a5, 0x8(a4)
   13a56: 36 97        	add	a4, a4, a3
   13a58: 14 e3        	sd	a3, 0x0(a4)
   13a5a: 91 bf        	j	0x139ae <_free_r+0xb2>
   13a5c: be 96        	add	a3, a3, a5
   13a5e: 63 9a 08 00  	bnez	a7, 0x13a72 <_free_r+0x176>
   13a62: 83 35 04 ff  	ld	a1, -0x10(s0)
   13a66: 0d 8f        	sub	a4, a4, a1
   13a68: 1c 6f        	ld	a5, 0x18(a4)
   13a6a: 10 6b        	ld	a2, 0x10(a4)
   13a6c: ae 96        	add	a3, a3, a1
   13a6e: 1c ee        	sd	a5, 0x18(a2)
   13a70: 90 eb        	sd	a2, 0x10(a5)
   13a72: 13 e6 16 00  	ori	a2, a3, 0x1
   13a76: 83 b7 01 72  	ld	a5, 0x720(gp)
   13a7a: 10 e7        	sd	a2, 0x8(a4)
   13a7c: 23 38 e8 00  	sd	a4, 0x10(a6)
   13a80: e3 e7 f6 f2  	bltu	a3, a5, 0x139ae <_free_r+0xb2>
   13a84: 83 b5 01 78  	ld	a1, 0x780(gp)
   13a88: 26 85        	mv	a0, s1
   13a8a: ef f0 9f d9  	jal	0x13822 <_malloc_trim_r>
   13a8e: 05 b7        	j	0x139ae <_free_r+0xb2>
   13a90: b6 97        	add	a5, a5, a3
   13a92: 1d bf        	j	0x139c8 <_free_r+0xcc>
   13a94: 51 46        	li	a2, 0x14
   13a96: 63 75 d6 02  	bgeu	a2, a3, 0x13ac0 <_free_r+0x1c4>
   13a9a: 13 06 40 05  	li	a2, 0x54
   13a9e: 63 6f d6 04  	bltu	a2, a3, 0x13afc <_free_r+0x200>
   13aa2: 93 d6 c7 00  	srli	a3, a5, 0xc
   13aa6: 9b 85 f6 06  	addiw	a1, a3, 0x6f
   13aaa: 9b 95 15 00  	slliw	a1, a1, 0x1
   13aae: 8e 05        	slli	a1, a1, 0x3
   13ab0: 1b 86 e6 06  	addiw	a2, a3, 0x6e
   13ab4: b9 bf        	j	0x13a12 <_free_r+0x116>
   13ab6: 93 e6 17 00  	ori	a3, a5, 0x1
   13aba: 14 e7        	sd	a3, 0x8(a4)
   13abc: 1c e2        	sd	a5, 0x0(a2)
   13abe: c5 bd        	j	0x139ae <_free_r+0xb2>
   13ac0: 9b 85 c6 05  	addiw	a1, a3, 0x5c
   13ac4: 9b 95 15 00  	slliw	a1, a1, 0x1
   13ac8: 8e 05        	slli	a1, a1, 0x3
   13aca: 1b 86 b6 05  	addiw	a2, a3, 0x5b
   13ace: 91 b7        	j	0x13a12 <_free_r+0x116>
   13ad0: 23 34 e8 02  	sd	a4, 0x28(a6)
   13ad4: 23 30 e8 02  	sd	a4, 0x20(a6)
   13ad8: 23 3c 17 01  	sd	a7, 0x18(a4)
   13adc: 23 38 17 01  	sd	a7, 0x10(a4)
   13ae0: 08 e7        	sd	a0, 0x8(a4)
   13ae2: 9c e1        	sd	a5, 0x0(a1)
   13ae4: e9 b5        	j	0x139ae <_free_r+0xb2>
   13ae6: 03 35 88 00  	ld	a0, 0x8(a6)
   13aea: 1b 56 26 40  	sraiw	a2, a2, 0x2
   13aee: 85 47        	li	a5, 0x1
   13af0: b3 97 c7 00  	sll	a5, a5, a2
   13af4: c9 8f        	or	a5, a5, a0
   13af6: 23 34 f8 00  	sd	a5, 0x8(a6)
   13afa: 15 bf        	j	0x13a2e <_free_r+0x132>
   13afc: 13 06 40 15  	li	a2, 0x154
   13b00: 63 6c d6 00  	bltu	a2, a3, 0x13b18 <_free_r+0x21c>
   13b04: 93 d6 f7 00  	srli	a3, a5, 0xf
   13b08: 9b 85 86 07  	addiw	a1, a3, 0x78
   13b0c: 9b 95 15 00  	slliw	a1, a1, 0x1
   13b10: 8e 05        	slli	a1, a1, 0x3
   13b12: 1b 86 76 07  	addiw	a2, a3, 0x77
   13b16: f5 bd        	j	0x13a12 <_free_r+0x116>
   13b18: 13 06 40 55  	li	a2, 0x554
   13b1c: 63 6c d6 00  	bltu	a2, a3, 0x13b34 <_free_r+0x238>
   13b20: 93 d6 27 01  	srli	a3, a5, 0x12
   13b24: 9b 85 d6 07  	addiw	a1, a3, 0x7d
   13b28: 9b 95 15 00  	slliw	a1, a1, 0x1
   13b2c: 8e 05        	slli	a1, a1, 0x3
   13b2e: 1b 86 c6 07  	addiw	a2, a3, 0x7c
   13b32: c5 b5        	j	0x13a12 <_free_r+0x116>
   13b34: 93 05 00 7f  	li	a1, 0x7f0
   13b38: 13 06 e0 07  	li	a2, 0x7e
   13b3c: d9 bd        	j	0x13a12 <_free_r+0x116>

0000000000013b3e <__sfvwrite_r>:
   13b3e: 1c 6a        	ld	a5, 0x10(a2)
   13b40: 63 8d 07 18  	beqz	a5, 0x13cda <__sfvwrite_r+0x19c>
   13b44: 03 97 05 01  	lh	a4, 0x10(a1)
   13b48: 1d 71        	addi	sp, sp, -0x60
   13b4a: a2 e8        	sd	s0, 0x50(sp)
   13b4c: 52 f8        	sd	s4, 0x30(sp)
   13b4e: 5a f0        	sd	s6, 0x20(sp)
   13b50: 86 ec        	sd	ra, 0x58(sp)
   13b52: 93 77 87 00  	andi	a5, a4, 0x8
   13b56: 32 8a        	mv	s4, a2
   13b58: 2a 8b        	mv	s6, a0
   13b5a: 2e 84        	mv	s0, a1
   13b5c: a5 c7        	beqz	a5, 0x13bc4 <__sfvwrite_r+0x86>
   13b5e: 9c 6d        	ld	a5, 0x18(a1)
   13b60: b5 c3        	beqz	a5, 0x13bc4 <__sfvwrite_r+0x86>
   13b62: a6 e4        	sd	s1, 0x48(sp)
   13b64: ca e0        	sd	s2, 0x40(sp)
   13b66: 4e fc        	sd	s3, 0x38(sp)
   13b68: 56 f4        	sd	s5, 0x28(sp)
   13b6a: 93 77 27 00  	andi	a5, a4, 0x2
   13b6e: 83 34 0a 00  	ld	s1, 0x0(s4)
   13b72: b5 cb        	beqz	a5, 0x13be6 <__sfvwrite_r+0xa8>
   13b74: b7 0a 00 80  	lui	s5, 0x80000
   13b78: 93 ca 0a c0  	xori	s5, s5, -0x400
   13b7c: 81 49        	li	s3, 0x0
   13b7e: 01 49        	li	s2, 0x0
   13b80: 4e 86        	mv	a2, s3
   13b82: 5a 85        	mv	a0, s6
   13b84: 63 05 09 14  	beqz	s2, 0x13cce <__sfvwrite_r+0x190>
   13b88: ca 86        	mv	a3, s2
   13b8a: 63 f3 2a 01  	bgeu	s5, s2, 0x13b90 <__sfvwrite_r+0x52>
   13b8e: d6 86        	mv	a3, s5
   13b90: 3c 60        	ld	a5, 0x40(s0)
   13b92: 0c 78        	ld	a1, 0x30(s0)
   13b94: 81 26        	sext.w	a3, a3
   13b96: 82 97        	jalr	a5
   13b98: 63 5c a0 2c  	blez	a0, 0x13e70 <__sfvwrite_r+0x332>
   13b9c: 83 37 0a 01  	ld	a5, 0x10(s4)
   13ba0: aa 99        	add	s3, s3, a0
   13ba2: 33 09 a9 40  	sub	s2, s2, a0
   13ba6: 89 8f        	sub	a5, a5, a0
   13ba8: 23 38 fa 00  	sd	a5, 0x10(s4)
   13bac: f1 fb        	bnez	a5, 0x13b80 <__sfvwrite_r+0x42>
   13bae: a6 64        	ld	s1, 0x48(sp)
   13bb0: 06 69        	ld	s2, 0x40(sp)
   13bb2: e2 79        	ld	s3, 0x38(sp)
   13bb4: a2 7a        	ld	s5, 0x28(sp)
   13bb6: 01 45        	li	a0, 0x0
   13bb8: e6 60        	ld	ra, 0x58(sp)
   13bba: 46 64        	ld	s0, 0x50(sp)
   13bbc: 42 7a        	ld	s4, 0x30(sp)
   13bbe: 02 7b        	ld	s6, 0x20(sp)
   13bc0: 25 61        	addi	sp, sp, 0x60
   13bc2: 82 80        	ret
   13bc4: a2 85        	mv	a1, s0
   13bc6: 5a 85        	mv	a0, s6
   13bc8: ef f0 cf c1  	jal	0x12fe4 <__swsetup_r>
   13bcc: 63 16 05 1e  	bnez	a0, 0x13db8 <__sfvwrite_r+0x27a>
   13bd0: 03 17 04 01  	lh	a4, 0x10(s0)
   13bd4: a6 e4        	sd	s1, 0x48(sp)
   13bd6: ca e0        	sd	s2, 0x40(sp)
   13bd8: 4e fc        	sd	s3, 0x38(sp)
   13bda: 56 f4        	sd	s5, 0x28(sp)
   13bdc: 93 77 27 00  	andi	a5, a4, 0x2
   13be0: 83 34 0a 00  	ld	s1, 0x0(s4)
   13be4: c1 fb        	bnez	a5, 0x13b74 <__sfvwrite_r+0x36>
   13be6: 5e ec        	sd	s7, 0x18(sp)
   13be8: 62 e8        	sd	s8, 0x10(sp)
   13bea: 66 e4        	sd	s9, 0x8(sp)
   13bec: 93 77 17 00  	andi	a5, a4, 0x1
   13bf0: fd e7        	bnez	a5, 0x13cde <__sfvwrite_r+0x1a0>
   13bf2: b7 0b 00 80  	lui	s7, 0x80000
   13bf6: 93 cb fb ff  	not	s7, s7
   13bfa: 01 4c        	li	s8, 0x0
   13bfc: 01 49        	li	s2, 0x0
   13bfe: 63 02 09 0c  	beqz	s2, 0x13cc2 <__sfvwrite_r+0x184>
   13c02: 93 77 07 20  	andi	a5, a4, 0x200
   13c06: 83 2a c4 00  	lw	s5, 0xc(s0)
   13c0a: 08 60        	ld	a0, 0x0(s0)
   13c0c: 63 88 07 1a  	beqz	a5, 0x13dbc <__sfvwrite_r+0x27e>
   13c10: 63 6e 59 07  	bltu	s2, s5, 0x13c8c <__sfvwrite_r+0x14e>
   13c14: 93 77 07 48  	andi	a5, a4, 0x480
   13c18: 63 81 07 22  	beqz	a5, 0x13e3a <__sfvwrite_r+0x2fc>
   13c1c: 14 50        	lw	a3, 0x20(s0)
   13c1e: 0c 6c        	ld	a1, 0x18(s0)
   13c20: 9b 97 16 00  	slliw	a5, a3, 0x1
   13c24: b5 9f        	addw	a5, a5, a3
   13c26: 0d 8d        	sub	a0, a0, a1
   13c28: 9b d9 f7 01  	srliw	s3, a5, 0x1f
   13c2c: 9b 0a 05 00  	sext.w	s5, a0
   13c30: bb 89 f9 00  	addw	s3, s3, a5
   13c34: 93 87 1a 00  	addi	a5, s5, 0x1
   13c38: 9b d9 19 40  	sraiw	s3, s3, 0x1
   13c3c: ca 97        	add	a5, a5, s2
   13c3e: 63 f5 f9 00  	bgeu	s3, a5, 0x13c48 <__sfvwrite_r+0x10a>
   13c42: 05 25        	addiw	a0, a0, 0x1
   13c44: bb 09 25 01  	addw	s3, a0, s2
   13c48: 13 77 07 40  	andi	a4, a4, 0x400
   13c4c: 63 09 07 1e  	beqz	a4, 0x13e3e <__sfvwrite_r+0x300>
   13c50: ce 85        	mv	a1, s3
   13c52: 5a 85        	mv	a0, s6
   13c54: ef 20 90 03  	jal	0x1648c <_malloc_r>
   13c58: aa 8c        	mv	s9, a0
   13c5a: 63 0e 05 20  	beqz	a0, 0x13e76 <__sfvwrite_r+0x338>
   13c5e: 0c 6c        	ld	a1, 0x18(s0)
   13c60: 56 86        	mv	a2, s5
   13c62: ef 20 b0 71  	jal	0x16b7c <memcpy>
   13c66: 83 57 04 01  	lhu	a5, 0x10(s0)
   13c6a: 93 f7 f7 b7  	andi	a5, a5, -0x481
   13c6e: 93 e7 07 08  	ori	a5, a5, 0x80
   13c72: 23 18 f4 00  	sh	a5, 0x10(s0)
   13c76: 33 85 5c 01  	add	a0, s9, s5
   13c7a: bb 8a 59 41  	subw	s5, s3, s5
   13c7e: 23 3c 94 01  	sd	s9, 0x18(s0)
   13c82: 08 e0        	sd	a0, 0x0(s0)
   13c84: 23 26 54 01  	sw	s5, 0xc(s0)
   13c88: 23 20 34 03  	sw	s3, 0x20(s0)
   13c8c: ca 8c        	mv	s9, s2
   13c8e: ca 8a        	mv	s5, s2
   13c90: 56 86        	mv	a2, s5
   13c92: e2 85        	mv	a1, s8
   13c94: ef 20 70 7a  	jal	0x16c3a <memmove>
   13c98: 58 44        	lw	a4, 0xc(s0)
   13c9a: 1c 60        	ld	a5, 0x0(s0)
   13c9c: ca 89        	mv	s3, s2
   13c9e: 3b 07 97 41  	subw	a4, a4, s9
   13ca2: d6 97        	add	a5, a5, s5
   13ca4: 58 c4        	sw	a4, 0xc(s0)
   13ca6: 1c e0        	sd	a5, 0x0(s0)
   13ca8: 01 49        	li	s2, 0x0
   13caa: 83 37 0a 01  	ld	a5, 0x10(s4)
   13cae: 4e 9c        	add	s8, s8, s3
   13cb0: b3 87 37 41  	sub	a5, a5, s3
   13cb4: 23 38 fa 00  	sd	a5, 0x10(s4)
   13cb8: c1 c7        	beqz	a5, 0x13d40 <__sfvwrite_r+0x202>
   13cba: 03 17 04 01  	lh	a4, 0x10(s0)
   13cbe: e3 12 09 f4  	bnez	s2, 0x13c02 <__sfvwrite_r+0xc4>
   13cc2: 03 bc 04 00  	ld	s8, 0x0(s1)
   13cc6: 03 b9 84 00  	ld	s2, 0x8(s1)
   13cca: c1 04        	addi	s1, s1, 0x10
   13ccc: 0d bf        	j	0x13bfe <__sfvwrite_r+0xc0>
   13cce: 83 b9 04 00  	ld	s3, 0x0(s1)
   13cd2: 03 b9 84 00  	ld	s2, 0x8(s1)
   13cd6: c1 04        	addi	s1, s1, 0x10
   13cd8: 65 b5        	j	0x13b80 <__sfvwrite_r+0x42>
   13cda: 01 45        	li	a0, 0x0
   13cdc: 82 80        	ret
   13cde: 81 49        	li	s3, 0x0
   13ce0: 01 45        	li	a0, 0x0
   13ce2: 81 4c        	li	s9, 0x0
   13ce4: 01 4c        	li	s8, 0x0
   13ce6: 63 01 0c 06  	beqz	s8, 0x13d48 <__sfvwrite_r+0x20a>
   13cea: 3d c5        	beqz	a0, 0x13d58 <__sfvwrite_r+0x21a>
   13cec: ce 8b        	mv	s7, s3
   13cee: 63 73 3c 01  	bgeu	s8, s3, 0x13cf4 <__sfvwrite_r+0x1b6>
   13cf2: e2 8b        	mv	s7, s8
   13cf4: 08 60        	ld	a0, 0x0(s0)
   13cf6: 1c 6c        	ld	a5, 0x18(s0)
   13cf8: 14 50        	lw	a3, 0x20(s0)
   13cfa: 5e 89        	mv	s2, s7
   13cfc: 63 f7 a7 00  	bgeu	a5, a0, 0x13d0a <__sfvwrite_r+0x1cc>
   13d00: 5c 44        	lw	a5, 0xc(s0)
   13d02: bb 8a d7 00  	addw	s5, a5, a3
   13d06: 63 c4 7a 07  	blt	s5, s7, 0x13d6e <__sfvwrite_r+0x230>
   13d0a: 63 ca db 10  	blt	s7, a3, 0x13e1e <__sfvwrite_r+0x2e0>
   13d0e: 3c 60        	ld	a5, 0x40(s0)
   13d10: 0c 78        	ld	a1, 0x30(s0)
   13d12: 66 86        	mv	a2, s9
   13d14: 5a 85        	mv	a0, s6
   13d16: 82 97        	jalr	a5
   13d18: 2a 89        	mv	s2, a0
   13d1a: 63 52 a0 08  	blez	a0, 0x13d9e <__sfvwrite_r+0x260>
   13d1e: 9b 07 05 00  	sext.w	a5, a0
   13d22: bb 89 f9 40  	subw	s3, s3, a5
   13d26: 05 45        	li	a0, 0x1
   13d28: 63 86 09 06  	beqz	s3, 0x13d94 <__sfvwrite_r+0x256>
   13d2c: 83 37 0a 01  	ld	a5, 0x10(s4)
   13d30: ca 9c        	add	s9, s9, s2
   13d32: 33 0c 2c 41  	sub	s8, s8, s2
   13d36: b3 87 27 41  	sub	a5, a5, s2
   13d3a: 23 38 fa 00  	sd	a5, 0x10(s4)
   13d3e: c5 f7        	bnez	a5, 0x13ce6 <__sfvwrite_r+0x1a8>
   13d40: e2 6b        	ld	s7, 0x18(sp)
   13d42: 42 6c        	ld	s8, 0x10(sp)
   13d44: a2 6c        	ld	s9, 0x8(sp)
   13d46: a5 b5        	j	0x13bae <__sfvwrite_r+0x70>
   13d48: 03 bc 84 00  	ld	s8, 0x8(s1)
   13d4c: a6 87        	mv	a5, s1
   13d4e: c1 04        	addi	s1, s1, 0x10
   13d50: e3 0c 0c fe  	beqz	s8, 0x13d48 <__sfvwrite_r+0x20a>
   13d54: 83 bc 07 00  	ld	s9, 0x0(a5)
   13d58: 62 86        	mv	a2, s8
   13d5a: a9 45        	li	a1, 0xa
   13d5c: 66 85        	mv	a0, s9
   13d5e: ef 20 d0 57  	jal	0x16ada <memchr>
   13d62: 63 04 05 10  	beqz	a0, 0x13e6a <__sfvwrite_r+0x32c>
   13d66: 05 05        	addi	a0, a0, 0x1
   13d68: bb 09 95 41  	subw	s3, a0, s9
   13d6c: 41 b7        	j	0x13cec <__sfvwrite_r+0x1ae>
   13d6e: e6 85        	mv	a1, s9
   13d70: 56 86        	mv	a2, s5
   13d72: ef 20 90 6c  	jal	0x16c3a <memmove>
   13d76: 1c 60        	ld	a5, 0x0(s0)
   13d78: a2 85        	mv	a1, s0
   13d7a: 5a 85        	mv	a0, s6
   13d7c: d6 97        	add	a5, a5, s5
   13d7e: 1c e0        	sd	a5, 0x0(s0)
   13d80: ef f0 ef e0  	jal	0x1338e <_fflush_r>
   13d84: 09 ed        	bnez	a0, 0x13d9e <__sfvwrite_r+0x260>
   13d86: d6 87        	mv	a5, s5
   13d88: bb 89 f9 40  	subw	s3, s3, a5
   13d8c: 56 89        	mv	s2, s5
   13d8e: 05 45        	li	a0, 0x1
   13d90: e3 9e 09 f8  	bnez	s3, 0x13d2c <__sfvwrite_r+0x1ee>
   13d94: a2 85        	mv	a1, s0
   13d96: 5a 85        	mv	a0, s6
   13d98: ef f0 6f df  	jal	0x1338e <_fflush_r>
   13d9c: 41 d9        	beqz	a0, 0x13d2c <__sfvwrite_r+0x1ee>
   13d9e: 83 17 04 01  	lh	a5, 0x10(s0)
   13da2: e2 6b        	ld	s7, 0x18(sp)
   13da4: 42 6c        	ld	s8, 0x10(sp)
   13da6: a2 6c        	ld	s9, 0x8(sp)
   13da8: a6 64        	ld	s1, 0x48(sp)
   13daa: 06 69        	ld	s2, 0x40(sp)
   13dac: e2 79        	ld	s3, 0x38(sp)
   13dae: a2 7a        	ld	s5, 0x28(sp)
   13db0: 93 e7 07 04  	ori	a5, a5, 0x40
   13db4: 23 18 f4 00  	sh	a5, 0x10(s0)
   13db8: 7d 55        	li	a0, -0x1
   13dba: fd bb        	j	0x13bb8 <__sfvwrite_r+0x7a>
   13dbc: 1c 6c        	ld	a5, 0x18(s0)
   13dbe: 63 e8 a7 02  	bltu	a5, a0, 0x13dee <__sfvwrite_r+0x2b0>
   13dc2: 1c 50        	lw	a5, 0x20(s0)
   13dc4: 63 65 f9 02  	bltu	s2, a5, 0x13dee <__sfvwrite_r+0x2b0>
   13dc8: ca 86        	mv	a3, s2
   13dca: 63 f3 2b 01  	bgeu	s7, s2, 0x13dd0 <__sfvwrite_r+0x292>
   13dce: de 86        	mv	a3, s7
   13dd0: bb c6 f6 02  	divw	a3, a3, a5
   13dd4: 38 60        	ld	a4, 0x40(s0)
   13dd6: 0c 78        	ld	a1, 0x30(s0)
   13dd8: 62 86        	mv	a2, s8
   13dda: 5a 85        	mv	a0, s6
   13ddc: bb 86 f6 02  	mulw	a3, a3, a5
   13de0: 02 97        	jalr	a4
   13de2: aa 89        	mv	s3, a0
   13de4: e3 5d a0 fa  	blez	a0, 0x13d9e <__sfvwrite_r+0x260>
   13de8: 33 09 39 41  	sub	s2, s2, s3
   13dec: 7d bd        	j	0x13caa <__sfvwrite_r+0x16c>
   13dee: d6 89        	mv	s3, s5
   13df0: 63 73 59 01  	bgeu	s2, s5, 0x13df6 <__sfvwrite_r+0x2b8>
   13df4: ca 89        	mv	s3, s2
   13df6: 4e 86        	mv	a2, s3
   13df8: e2 85        	mv	a1, s8
   13dfa: ef 20 10 64  	jal	0x16c3a <memmove>
   13dfe: 18 60        	ld	a4, 0x0(s0)
   13e00: 5c 44        	lw	a5, 0xc(s0)
   13e02: 4e 97        	add	a4, a4, s3
   13e04: bb 87 37 41  	subw	a5, a5, s3
   13e08: 18 e0        	sd	a4, 0x0(s0)
   13e0a: 5c c4        	sw	a5, 0xc(s0)
   13e0c: f1 ff        	bnez	a5, 0x13de8 <__sfvwrite_r+0x2aa>
   13e0e: a2 85        	mv	a1, s0
   13e10: 5a 85        	mv	a0, s6
   13e12: ef f0 cf d7  	jal	0x1338e <_fflush_r>
   13e16: 41 f5        	bnez	a0, 0x13d9e <__sfvwrite_r+0x260>
   13e18: 33 09 39 41  	sub	s2, s2, s3
   13e1c: 79 b5        	j	0x13caa <__sfvwrite_r+0x16c>
   13e1e: 5e 86        	mv	a2, s7
   13e20: e6 85        	mv	a1, s9
   13e22: ef 20 90 61  	jal	0x16c3a <memmove>
   13e26: 54 44        	lw	a3, 0xc(s0)
   13e28: 18 60        	ld	a4, 0x0(s0)
   13e2a: 9b 87 0b 00  	sext.w	a5, s7
   13e2e: bb 86 76 41  	subw	a3, a3, s7
   13e32: 5e 97        	add	a4, a4, s7
   13e34: 54 c4        	sw	a3, 0xc(s0)
   13e36: 18 e0        	sd	a4, 0x0(s0)
   13e38: ed b5        	j	0x13d22 <__sfvwrite_r+0x1e4>
   13e3a: d6 8c        	mv	s9, s5
   13e3c: 91 bd        	j	0x13c90 <__sfvwrite_r+0x152>
   13e3e: 4e 86        	mv	a2, s3
   13e40: 5a 85        	mv	a0, s6
   13e42: ef 30 f0 40  	jal	0x17a50 <_realloc_r>
   13e46: aa 8c        	mv	s9, a0
   13e48: e3 17 05 e2  	bnez	a0, 0x13c76 <__sfvwrite_r+0x138>
   13e4c: 0c 6c        	ld	a1, 0x18(s0)
   13e4e: 5a 85        	mv	a0, s6
   13e50: ef f0 df aa  	jal	0x138fc <_free_r>
   13e54: 83 17 04 01  	lh	a5, 0x10(s0)
   13e58: 31 47        	li	a4, 0xc
   13e5a: e2 6b        	ld	s7, 0x18(sp)
   13e5c: 42 6c        	ld	s8, 0x10(sp)
   13e5e: a2 6c        	ld	s9, 0x8(sp)
   13e60: 23 20 eb 00  	sw	a4, 0x0(s6)
   13e64: 93 f7 f7 f7  	andi	a5, a5, -0x81
   13e68: 81 b7        	j	0x13da8 <__sfvwrite_r+0x26a>
   13e6a: 9b 09 1c 00  	addiw	s3, s8, 0x1
   13e6e: bd bd        	j	0x13cec <__sfvwrite_r+0x1ae>
   13e70: 83 17 04 01  	lh	a5, 0x10(s0)
   13e74: 15 bf        	j	0x13da8 <__sfvwrite_r+0x26a>
   13e76: b1 47        	li	a5, 0xc
   13e78: 23 20 fb 00  	sw	a5, 0x0(s6)
   13e7c: e2 6b        	ld	s7, 0x18(sp)
   13e7e: 83 17 04 01  	lh	a5, 0x10(s0)
   13e82: 42 6c        	ld	s8, 0x10(sp)
   13e84: a2 6c        	ld	s9, 0x8(sp)
   13e86: 0d b7        	j	0x13da8 <__sfvwrite_r+0x26a>

0000000000013e88 <_fwalk>:
   13e88: 5d 71        	addi	sp, sp, -0x50
   13e8a: 4a f8        	sd	s2, 0x30(sp)
   13e8c: 4e f4        	sd	s3, 0x28(sp)
   13e8e: 52 f0        	sd	s4, 0x20(sp)
   13e90: 56 ec        	sd	s5, 0x18(sp)
   13e92: 5a e8        	sd	s6, 0x10(sp)
   13e94: 5e e4        	sd	s7, 0x8(sp)
   13e96: 86 e4        	sd	ra, 0x48(sp)
   13e98: a2 e0        	sd	s0, 0x40(sp)
   13e9a: 26 fc        	sd	s1, 0x38(sp)
   13e9c: 93 09 05 52  	addi	s3, a0, 0x520
   13ea0: ae 8a        	mv	s5, a1
   13ea2: 01 49        	li	s2, 0x0
   13ea4: 13 0b 80 0b  	li	s6, 0xb8
   13ea8: 85 4b        	li	s7, 0x1
   13eaa: 7d 5a        	li	s4, -0x1
   13eac: 83 a4 89 00  	lw	s1, 0x8(s3)
   13eb0: 03 b4 09 01  	ld	s0, 0x10(s3)
   13eb4: 63 58 90 02  	blez	s1, 0x13ee4 <_fwalk+0x5c>
   13eb8: 82 14        	slli	s1, s1, 0x20
   13eba: 81 90        	srli	s1, s1, 0x20
   13ebc: b3 84 64 03  	mul	s1, s1, s6
   13ec0: a2 94        	add	s1, s1, s0
   13ec2: 83 57 04 01  	lhu	a5, 0x10(s0)
   13ec6: 63 fb fb 00  	bgeu	s7, a5, 0x13edc <_fwalk+0x54>
   13eca: 83 17 24 01  	lh	a5, 0x12(s0)
   13ece: 22 85        	mv	a0, s0
   13ed0: 63 86 47 01  	beq	a5, s4, 0x13edc <_fwalk+0x54>
   13ed4: 82 9a        	jalr	s5
   13ed6: 33 69 25 01  	or	s2, a0, s2
   13eda: 01 29        	sext.w	s2, s2
   13edc: 13 04 84 0b  	addi	s0, s0, 0xb8
   13ee0: e3 11 94 fe  	bne	s0, s1, 0x13ec2 <_fwalk+0x3a>
   13ee4: 83 b9 09 00  	ld	s3, 0x0(s3)
   13ee8: e3 92 09 fc  	bnez	s3, 0x13eac <_fwalk+0x24>
   13eec: a6 60        	ld	ra, 0x48(sp)
   13eee: 06 64        	ld	s0, 0x40(sp)
   13ef0: e2 74        	ld	s1, 0x38(sp)
   13ef2: a2 79        	ld	s3, 0x28(sp)
   13ef4: 02 7a        	ld	s4, 0x20(sp)
   13ef6: e2 6a        	ld	s5, 0x18(sp)
   13ef8: 42 6b        	ld	s6, 0x10(sp)
   13efa: a2 6b        	ld	s7, 0x8(sp)
   13efc: 4a 85        	mv	a0, s2
   13efe: 42 79        	ld	s2, 0x30(sp)
   13f00: 61 61        	addi	sp, sp, 0x50
   13f02: 82 80        	ret

0000000000013f04 <_fwalk_reent>:
   13f04: 5d 71        	addi	sp, sp, -0x50
   13f06: 4a f8        	sd	s2, 0x30(sp)
   13f08: 4e f4        	sd	s3, 0x28(sp)
   13f0a: 52 f0        	sd	s4, 0x20(sp)
   13f0c: 56 ec        	sd	s5, 0x18(sp)
   13f0e: 5a e8        	sd	s6, 0x10(sp)
   13f10: 5e e4        	sd	s7, 0x8(sp)
   13f12: 62 e0        	sd	s8, 0x0(sp)
   13f14: 86 e4        	sd	ra, 0x48(sp)
   13f16: a2 e0        	sd	s0, 0x40(sp)
   13f18: 26 fc        	sd	s1, 0x38(sp)
   13f1a: aa 89        	mv	s3, a0
   13f1c: 2e 8b        	mv	s6, a1
   13f1e: 13 0a 05 52  	addi	s4, a0, 0x520
   13f22: 01 49        	li	s2, 0x0
   13f24: 93 0b 80 0b  	li	s7, 0xb8
   13f28: 05 4c        	li	s8, 0x1
   13f2a: fd 5a        	li	s5, -0x1
   13f2c: 83 24 8a 00  	lw	s1, 0x8(s4)
   13f30: 03 34 0a 01  	ld	s0, 0x10(s4)
   13f34: 63 59 90 02  	blez	s1, 0x13f66 <_fwalk_reent+0x62>
   13f38: 82 14        	slli	s1, s1, 0x20
   13f3a: 81 90        	srli	s1, s1, 0x20
   13f3c: b3 84 74 03  	mul	s1, s1, s7
   13f40: a2 94        	add	s1, s1, s0
   13f42: 83 57 04 01  	lhu	a5, 0x10(s0)
   13f46: 63 7c fc 00  	bgeu	s8, a5, 0x13f5e <_fwalk_reent+0x5a>
   13f4a: 83 17 24 01  	lh	a5, 0x12(s0)
   13f4e: a2 85        	mv	a1, s0
   13f50: 4e 85        	mv	a0, s3
   13f52: 63 86 57 01  	beq	a5, s5, 0x13f5e <_fwalk_reent+0x5a>
   13f56: 02 9b        	jalr	s6
   13f58: 33 69 25 01  	or	s2, a0, s2
   13f5c: 01 29        	sext.w	s2, s2
   13f5e: 13 04 84 0b  	addi	s0, s0, 0xb8
   13f62: e3 10 94 fe  	bne	s0, s1, 0x13f42 <_fwalk_reent+0x3e>
   13f66: 03 3a 0a 00  	ld	s4, 0x0(s4)
   13f6a: e3 11 0a fc  	bnez	s4, 0x13f2c <_fwalk_reent+0x28>
   13f6e: a6 60        	ld	ra, 0x48(sp)
   13f70: 06 64        	ld	s0, 0x40(sp)
   13f72: e2 74        	ld	s1, 0x38(sp)
   13f74: a2 79        	ld	s3, 0x28(sp)
   13f76: 02 7a        	ld	s4, 0x20(sp)
   13f78: e2 6a        	ld	s5, 0x18(sp)
   13f7a: 42 6b        	ld	s6, 0x10(sp)
   13f7c: a2 6b        	ld	s7, 0x8(sp)
   13f7e: 02 6c        	ld	s8, 0x0(sp)
   13f80: 4a 85        	mv	a0, s2
   13f82: 42 79        	ld	s2, 0x30(sp)
   13f84: 61 61        	addi	sp, sp, 0x50
   13f86: 82 80        	ret

0000000000013f88 <eshdn1>:
   13f88: 93 06 45 00  	addi	a3, a0, 0x4
   13f8c: 81 47        	li	a5, 0x0
   13f8e: 69 05        	addi	a0, a0, 0x1a
   13f90: 61 78        	lui	a6, 0xffff8
   13f92: 11 a8        	j	0x13fa6 <eshdn1+0x1e>
   13f94: 9b 97 17 00  	slliw	a5, a5, 0x1
   13f98: 23 90 e6 00  	sh	a4, 0x0(a3)
   13f9c: c2 17        	slli	a5, a5, 0x30
   13f9e: 89 06        	addi	a3, a3, 0x2
   13fa0: c1 93        	srli	a5, a5, 0x30
   13fa2: 63 06 d5 02  	beq	a0, a3, 0x13fce <eshdn1+0x46>
   13fa6: 03 d7 06 00  	lhu	a4, 0x0(a3)
   13faa: 13 f6 27 00  	andi	a2, a5, 0x2
   13fae: 93 75 17 00  	andi	a1, a4, 0x1
   13fb2: 05 83        	srli	a4, a4, 0x1
   13fb4: cd 8f        	or	a5, a5, a1
   13fb6: b3 65 07 01  	or	a1, a4, a6
   13fba: 69 de        	beqz	a2, 0x13f94 <eshdn1+0xc>
   13fbc: 9b 97 17 00  	slliw	a5, a5, 0x1
   13fc0: 23 90 b6 00  	sh	a1, 0x0(a3)
   13fc4: c2 17        	slli	a5, a5, 0x30
   13fc6: 89 06        	addi	a3, a3, 0x2
   13fc8: c1 93        	srli	a5, a5, 0x30
   13fca: e3 1e d5 fc  	bne	a0, a3, 0x13fa6 <eshdn1+0x1e>
   13fce: 82 80        	ret

0000000000013fd0 <eshup1>:
   13fd0: 93 06 85 01  	addi	a3, a0, 0x18
   13fd4: 01 47        	li	a4, 0x0
   13fd6: 09 05        	addi	a0, a0, 0x2
   13fd8: 11 a8        	j	0x13fec <eshup1+0x1c>
   13fda: 1b 17 17 00  	slliw	a4, a4, 0x1
   13fde: 23 90 f6 00  	sh	a5, 0x0(a3)
   13fe2: 42 17        	slli	a4, a4, 0x30
   13fe4: f9 16        	addi	a3, a3, -0x2
   13fe6: 41 93        	srli	a4, a4, 0x30
   13fe8: 63 00 d5 04  	beq	a0, a3, 0x14028 <eshup1+0x58>
   13fec: 83 d7 06 00  	lhu	a5, 0x0(a3)
   13ff0: 1b 96 07 01  	slliw	a2, a5, 0x10
   13ff4: 1b 56 06 41  	sraiw	a2, a2, 0x10
   13ff8: 9b 97 17 00  	slliw	a5, a5, 0x1
   13ffc: c2 17        	slli	a5, a5, 0x30
   13ffe: 93 15 06 02  	slli	a1, a2, 0x20
   14002: c1 93        	srli	a5, a5, 0x30
   14004: 63 d4 05 00  	bgez	a1, 0x1400c <eshup1+0x3c>
   14008: 13 67 17 00  	ori	a4, a4, 0x1
   1400c: 13 76 27 00  	andi	a2, a4, 0x2
   14010: 93 e5 17 00  	ori	a1, a5, 0x1
   14014: 79 d2        	beqz	a2, 0x13fda <eshup1+0xa>
   14016: 1b 17 17 00  	slliw	a4, a4, 0x1
   1401a: 23 90 b6 00  	sh	a1, 0x0(a3)
   1401e: 42 17        	slli	a4, a4, 0x30
   14020: f9 16        	addi	a3, a3, -0x2
   14022: 41 93        	srli	a4, a4, 0x30
   14024: e3 14 d5 fc  	bne	a0, a3, 0x13fec <eshup1+0x1c>
   14028: 82 80        	ret

000000000001402a <m16m>:
   1402a: 01 11        	addi	sp, sp, -0x20
   1402c: e1 05        	addi	a1, a1, 0x18
   1402e: 23 1b 01 00  	sh	zero, 0x16(sp)
   14032: 23 1c 01 00  	sh	zero, 0x18(sp)
   14036: 3c 08        	addi	a5, sp, 0x18
   14038: 13 08 41 00  	addi	a6, sp, 0x4
   1403c: 03 d7 05 00  	lhu	a4, 0x0(a1)
   14040: f9 17        	addi	a5, a5, -0x2
   14042: f9 15        	addi	a1, a1, -0x2
   14044: 0d c7        	beqz	a4, 0x1406e <m16m+0x44>
   14046: 33 07 a7 02  	mul	a4, a4, a0
   1404a: 83 d8 27 00  	lhu	a7, 0x2(a5)
   1404e: 03 d3 07 00  	lhu	t1, 0x0(a5)
   14052: 93 16 07 03  	slli	a3, a4, 0x30
   14056: c1 92        	srli	a3, a3, 0x30
   14058: c6 96        	add	a3, a3, a7
   1405a: 41 83        	srli	a4, a4, 0x10
   1405c: 1a 97        	add	a4, a4, t1
   1405e: 93 d8 06 01  	srli	a7, a3, 0x10
   14062: 46 97        	add	a4, a4, a7
   14064: 23 90 e7 00  	sh	a4, 0x0(a5)
   14068: 23 91 d7 00  	sh	a3, 0x2(a5)
   1406c: 41 83        	srli	a4, a4, 0x10
   1406e: 23 9f e7 fe  	sh	a4, -0x2(a5)
   14072: e3 95 07 fd  	bne	a5, a6, 0x1403c <m16m+0x12>
   14076: 11 06        	addi	a2, a2, 0x4
   14078: 93 06 a1 01  	addi	a3, sp, 0x1a
   1407c: 03 d7 07 00  	lhu	a4, 0x0(a5)
   14080: 89 07        	addi	a5, a5, 0x2
   14082: 09 06        	addi	a2, a2, 0x2
   14084: 23 1f e6 fe  	sh	a4, -0x2(a2)
   14088: e3 9a f6 fe  	bne	a3, a5, 0x1407c <m16m+0x52>
   1408c: 05 61        	addi	sp, sp, 0x20
   1408e: 82 80        	ret

0000000000014090 <emovo.isra.0>:
   14090: 03 57 05 00  	lhu	a4, 0x0(a0)
   14094: 83 57 25 00  	lhu	a5, 0x2(a0)
   14098: 19 c3        	beqz	a4, 0x1409e <emovo.isra.0+0xe>
   1409a: 21 67        	lui	a4, 0x8
   1409c: d9 8f        	or	a5, a5, a4
   1409e: 23 99 f5 00  	sh	a5, 0x12(a1)
   140a2: 03 57 25 00  	lhu	a4, 0x2(a0)
   140a6: a1 67        	lui	a5, 0x8
   140a8: fd 17        	addi	a5, a5, -0x1
   140aa: 63 0f f7 00  	beq	a4, a5, 0x140c8 <emovo.isra.0+0x38>
   140ae: 93 07 65 00  	addi	a5, a0, 0x6
   140b2: c1 05        	addi	a1, a1, 0x10
   140b4: 61 05        	addi	a0, a0, 0x18
   140b6: 03 d7 07 00  	lhu	a4, 0x0(a5)
   140ba: 89 07        	addi	a5, a5, 0x2
   140bc: f9 15        	addi	a1, a1, -0x2
   140be: 23 91 e5 00  	sh	a4, 0x2(a1)
   140c2: e3 9a a7 fe  	bne	a5, a0, 0x140b6 <emovo.isra.0+0x26>
   140c6: 82 80        	ret
   140c8: 93 07 65 00  	addi	a5, a0, 0x6
   140cc: 69 05        	addi	a0, a0, 0x1a
   140ce: 03 d7 07 00  	lhu	a4, 0x0(a5)
   140d2: 89 07        	addi	a5, a5, 0x2
   140d4: 1d e3        	bnez	a4, 0x140fa <emovo.isra.0+0x6a>
   140d6: e3 9c a7 fe  	bne	a5, a0, 0x140ce <emovo.isra.0+0x3e>
   140da: 13 87 25 01  	addi	a4, a1, 0x12
   140de: ae 87        	mv	a5, a1
   140e0: 89 07        	addi	a5, a5, 0x2
   140e2: 23 9f 07 fe  	sh	zero, -0x2(a5)
   140e6: e3 9d e7 fe  	bne	a5, a4, 0x140e0 <emovo.isra.0+0x50>
   140ea: 83 d7 25 01  	lhu	a5, 0x12(a1)
   140ee: 21 67        	lui	a4, 0x8
   140f0: 7d 17        	addi	a4, a4, -0x1
   140f2: d9 8f        	or	a5, a5, a4
   140f4: 23 99 f5 00  	sh	a5, 0x12(a1)
   140f8: 82 80        	ret
   140fa: 13 87 05 01  	addi	a4, a1, 0x10
   140fe: ae 87        	mv	a5, a1
   14100: 89 07        	addi	a5, a5, 0x2
   14102: 23 9f 07 fe  	sh	zero, -0x2(a5)
   14106: e3 9d e7 fe  	bne	a5, a4, 0x14100 <emovo.isra.0+0x70>
   1410a: e1 77        	lui	a5, 0xffff8
   1410c: 93 c7 f7 ff  	not	a5, a5
   14110: 71 77        	lui	a4, 0xffffc
   14112: 23 99 f5 00  	sh	a5, 0x12(a1)
   14116: 23 98 e5 00  	sh	a4, 0x10(a1)
   1411a: 82 80        	ret

000000000001411c <enormlz>:
   1411c: 83 57 45 00  	lhu	a5, 0x4(a0)
   14120: 01 11        	addi	sp, sp, -0x20
   14122: 26 e4        	sd	s1, 0x8(sp)
   14124: 06 ec        	sd	ra, 0x18(sp)
   14126: 22 e8        	sd	s0, 0x10(sp)
   14128: aa 84        	mv	s1, a0
   1412a: c5 eb        	bnez	a5, 0x141da <enormlz+0xbe>
   1412c: 83 57 65 00  	lhu	a5, 0x6(a0)
   14130: 01 44        	li	s0, 0x0
   14132: 1b 97 07 01  	slliw	a4, a5, 0x10
   14136: 1b 57 07 41  	sraiw	a4, a4, 0x10
   1413a: 93 16 07 02  	slli	a3, a4, 0x20
   1413e: 63 c8 06 08  	bltz	a3, 0x141ce <enormlz+0xb2>
   14142: 93 06 85 01  	addi	a3, a0, 0x18
   14146: 13 06 00 0a  	li	a2, 0xa0
   1414a: 95 e3        	bnez	a5, 0x1416e <enormlz+0x52>
   1414c: 93 87 44 00  	addi	a5, s1, 0x4
   14150: 03 d7 27 00  	lhu	a4, 0x2(a5)
   14154: 89 07        	addi	a5, a5, 0x2
   14156: 23 9f e7 fe  	sh	a4, -0x2(a5)
   1415a: e3 9b d7 fe  	bne	a5, a3, 0x14150 <enormlz+0x34>
   1415e: 23 9c 04 00  	sh	zero, 0x18(s1)
   14162: 41 24        	addiw	s0, s0, 0x10
   14164: 63 05 c4 06  	beq	s0, a2, 0x141ce <enormlz+0xb2>
   14168: 83 d7 64 00  	lhu	a5, 0x6(s1)
   1416c: e5 d3        	beqz	a5, 0x1414c <enormlz+0x30>
   1416e: 4a e0        	sd	s2, 0x0(sp)
   14170: 13 05 f0 0f  	li	a0, 0xff
   14174: 63 69 f5 02  	bltu	a0, a5, 0x141a6 <enormlz+0x8a>
   14178: 13 88 84 01  	addi	a6, s1, 0x18
   1417c: 93 85 24 00  	addi	a1, s1, 0x2
   14180: 81 47        	li	a5, 0x0
   14182: 42 87        	mv	a4, a6
   14184: 83 56 07 00  	lhu	a3, 0x0(a4)
   14188: 79 17        	addi	a4, a4, -0x2
   1418a: 1b 96 86 00  	slliw	a2, a3, 0x8
   1418e: d1 8f        	or	a5, a5, a2
   14190: 23 11 f7 00  	sh	a5, 0x2(a4)
   14194: 93 d7 86 00  	srli	a5, a3, 0x8
   14198: e3 16 b7 fe  	bne	a4, a1, 0x14184 <enormlz+0x68>
   1419c: 83 d7 64 00  	lhu	a5, 0x6(s1)
   141a0: 21 24        	addiw	s0, s0, 0x8
   141a2: e3 7f f5 fc  	bgeu	a0, a5, 0x14180 <enormlz+0x64>
   141a6: 13 09 00 0a  	li	s2, 0xa0
   141aa: 01 a8        	j	0x141ba <enormlz+0x9e>
   141ac: 05 24        	addiw	s0, s0, 0x1
   141ae: ef f0 3f e2  	jal	0x13fd0 <eshup1>
   141b2: 63 4d 89 00  	blt	s2, s0, 0x141cc <enormlz+0xb0>
   141b6: 83 d7 64 00  	lhu	a5, 0x6(s1)
   141ba: 9b 97 07 01  	slliw	a5, a5, 0x10
   141be: 9b d7 07 41  	sraiw	a5, a5, 0x10
   141c2: 13 97 07 02  	slli	a4, a5, 0x20
   141c6: 26 85        	mv	a0, s1
   141c8: e3 52 07 fe  	bgez	a4, 0x141ac <enormlz+0x90>
   141cc: 02 69        	ld	s2, 0x0(sp)
   141ce: e2 60        	ld	ra, 0x18(sp)
   141d0: 22 85        	mv	a0, s0
   141d2: 42 64        	ld	s0, 0x10(sp)
   141d4: a2 64        	ld	s1, 0x8(sp)
   141d6: 05 61        	addi	sp, sp, 0x20
   141d8: 82 80        	ret
   141da: 4a e0        	sd	s2, 0x0(sp)
   141dc: 13 07 f0 0f  	li	a4, 0xff
   141e0: 01 44        	li	s0, 0x0
   141e2: 63 60 f7 02  	bltu	a4, a5, 0x14202 <enormlz+0xe6>
   141e6: 13 09 f0 f6  	li	s2, -0x91
   141ea: 01 a8        	j	0x141fa <enormlz+0xde>
   141ec: 7d 34        	addiw	s0, s0, -0x1
   141ee: ef f0 bf d9  	jal	0x13f88 <eshdn1>
   141f2: e3 0d 24 fd  	beq	s0, s2, 0x141cc <enormlz+0xb0>
   141f6: 83 d7 44 00  	lhu	a5, 0x4(s1)
   141fa: 26 85        	mv	a0, s1
   141fc: e5 fb        	bnez	a5, 0x141ec <enormlz+0xd0>
   141fe: 02 69        	ld	s2, 0x0(sp)
   14200: f9 b7        	j	0x141ce <enormlz+0xb2>
   14202: 13 07 45 00  	addi	a4, a0, 0x4
   14206: 93 05 a5 01  	addi	a1, a0, 0x1a
   1420a: 81 47        	li	a5, 0x0
   1420c: 83 56 07 00  	lhu	a3, 0x0(a4)
   14210: 09 07        	addi	a4, a4, 0x2
   14212: 1b d6 86 00  	srliw	a2, a3, 0x8
   14216: d1 8f        	or	a5, a5, a2
   14218: 9b 96 86 00  	slliw	a3, a3, 0x8
   1421c: 23 1f f7 fe  	sh	a5, -0x2(a4)
   14220: 93 97 06 03  	slli	a5, a3, 0x30
   14224: c1 93        	srli	a5, a5, 0x30
   14226: e3 13 b7 fe  	bne	a4, a1, 0x1420c <enormlz+0xf0>
   1422a: 83 d7 44 00  	lhu	a5, 0x4(s1)
   1422e: 61 54        	li	s0, -0x8
   14230: 5d bf        	j	0x141e6 <enormlz+0xca>

0000000000014232 <eshift.part.0>:
   14232: 79 71        	addi	sp, sp, -0x30
   14234: 22 f0        	sd	s0, 0x20(sp)
   14236: 26 ec        	sd	s1, 0x18(sp)
   14238: 06 f4        	sd	ra, 0x28(sp)
   1423a: ae 84        	mv	s1, a1
   1423c: 2a 84        	mv	s0, a0
   1423e: 63 ce 05 06  	bltz	a1, 0x142ba <eshift.part.0+0x88>
   14242: bd 45        	li	a1, 0xf
   14244: 11 05        	addi	a0, a0, 0x4
   14246: 26 86        	mv	a2, s1
   14248: 93 06 84 01  	addi	a3, s0, 0x18
   1424c: 63 da 95 10  	bge	a1, s1, 0x14360 <eshift.part.0+0x12e>
   14250: aa 87        	mv	a5, a0
   14252: 03 d7 27 00  	lhu	a4, 0x2(a5)
   14256: 89 07        	addi	a5, a5, 0x2
   14258: 23 9f e7 fe  	sh	a4, -0x2(a5)
   1425c: e3 9b d7 fe  	bne	a5, a3, 0x14252 <eshift.part.0+0x20>
   14260: 23 1c 04 00  	sh	zero, 0x18(s0)
   14264: 41 36        	addiw	a2, a2, -0x10
   14266: e3 c5 c5 fe  	blt	a1, a2, 0x14250 <eshift.part.0+0x1e>
   1426a: 9b d7 44 00  	srliw	a5, s1, 0x4
   1426e: fd 37        	addiw	a5, a5, -0x1
   14270: bb 07 f0 40  	negw	a5, a5
   14274: 9b 97 47 00  	slliw	a5, a5, 0x4
   14278: c1 34        	addiw	s1, s1, -0x10
   1427a: bd 9c        	addw	s1, s1, a5
   1427c: 9d 47        	li	a5, 0x7
   1427e: 63 d2 97 02  	bge	a5, s1, 0x142a2 <eshift.part.0+0x70>
   14282: 93 05 24 00  	addi	a1, s0, 0x2
   14286: 81 47        	li	a5, 0x0
   14288: 03 d7 06 00  	lhu	a4, 0x0(a3)
   1428c: f9 16        	addi	a3, a3, -0x2
   1428e: 1b 16 87 00  	slliw	a2, a4, 0x8
   14292: d1 8f        	or	a5, a5, a2
   14294: 23 91 f6 00  	sh	a5, 0x2(a3)
   14298: 93 57 87 00  	srli	a5, a4, 0x8
   1429c: e3 96 b6 fe  	bne	a3, a1, 0x14288 <eshift.part.0+0x56>
   142a0: e1 34        	addiw	s1, s1, -0x8
   142a2: 91 c4        	beqz	s1, 0x142ae <eshift.part.0+0x7c>
   142a4: 22 85        	mv	a0, s0
   142a6: fd 34        	addiw	s1, s1, -0x1
   142a8: ef f0 9f d2  	jal	0x13fd0 <eshup1>
   142ac: e5 fc        	bnez	s1, 0x142a4 <eshift.part.0+0x72>
   142ae: 01 45        	li	a0, 0x0
   142b0: a2 70        	ld	ra, 0x28(sp)
   142b2: 02 74        	ld	s0, 0x20(sp)
   142b4: e2 64        	ld	s1, 0x18(sp)
   142b6: 45 61        	addi	sp, sp, 0x30
   142b8: 82 80        	ret
   142ba: 4a e8        	sd	s2, 0x10(sp)
   142bc: 4e e4        	sd	s3, 0x8(sp)
   142be: c5 57        	li	a5, -0xf
   142c0: 3b 09 b0 40  	negw	s2, a1
   142c4: 63 d7 f5 0a  	bge	a1, a5, 0x14372 <eshift.part.0+0x140>
   142c8: 93 05 85 01  	addi	a1, a0, 0x18
   142cc: 81 49        	li	s3, 0x0
   142ce: 93 06 45 00  	addi	a3, a0, 0x4
   142d2: 3d 46        	li	a2, 0xf
   142d4: 03 57 84 01  	lhu	a4, 0x18(s0)
   142d8: ae 87        	mv	a5, a1
   142da: b3 e9 e9 00  	or	s3, s3, a4
   142de: 03 d7 e7 ff  	lhu	a4, -0x2(a5)
   142e2: f9 17        	addi	a5, a5, -0x2
   142e4: 23 91 e7 00  	sh	a4, 0x2(a5)
   142e8: e3 9b d7 fe  	bne	a5, a3, 0x142de <eshift.part.0+0xac>
   142ec: 23 12 04 00  	sh	zero, 0x4(s0)
   142f0: 41 39        	addiw	s2, s2, -0x10
   142f2: e3 41 26 ff  	blt	a2, s2, 0x142d4 <eshift.part.0+0xa2>
   142f6: 33 09 90 40  	neg	s2, s1
   142fa: 13 79 f9 00  	andi	s2, s2, 0xf
   142fe: 9d 47        	li	a5, 0x7
   14300: 63 d9 27 03  	bge	a5, s2, 0x14332 <eshift.part.0+0x100>
   14304: 83 47 84 01  	lbu	a5, 0x18(s0)
   14308: 93 05 a4 01  	addi	a1, s0, 0x1a
   1430c: b3 e9 f9 00  	or	s3, s3, a5
   14310: 81 47        	li	a5, 0x0
   14312: 03 d7 06 00  	lhu	a4, 0x0(a3)
   14316: 89 06        	addi	a3, a3, 0x2
   14318: 1b 56 87 00  	srliw	a2, a4, 0x8
   1431c: d1 8f        	or	a5, a5, a2
   1431e: 1b 17 87 00  	slliw	a4, a4, 0x8
   14322: 23 9f f6 fe  	sh	a5, -0x2(a3)
   14326: 93 17 07 03  	slli	a5, a4, 0x30
   1432a: c1 93        	srli	a5, a5, 0x30
   1432c: e3 93 b6 fe  	bne	a3, a1, 0x14312 <eshift.part.0+0xe0>
   14330: 61 39        	addiw	s2, s2, -0x8
   14332: 63 0b 09 02  	beqz	s2, 0x14368 <eshift.part.0+0x136>
   14336: 83 57 84 01  	lhu	a5, 0x18(s0)
   1433a: 22 85        	mv	a0, s0
   1433c: 7d 39        	addiw	s2, s2, -0x1
   1433e: 85 8b        	andi	a5, a5, 0x1
   14340: b3 e9 f9 00  	or	s3, s3, a5
   14344: ef f0 5f c4  	jal	0x13f88 <eshdn1>
   14348: e3 17 09 fe  	bnez	s2, 0x14336 <eshift.part.0+0x104>
   1434c: a2 70        	ld	ra, 0x28(sp)
   1434e: 02 74        	ld	s0, 0x20(sp)
   14350: 81 29        	sext.w	s3, s3
   14352: 42 69        	ld	s2, 0x10(sp)
   14354: e2 64        	ld	s1, 0x18(sp)
   14356: 33 35 30 01  	snez	a0, s3
   1435a: a2 69        	ld	s3, 0x8(sp)
   1435c: 45 61        	addi	sp, sp, 0x30
   1435e: 82 80        	ret
   14360: 9d 47        	li	a5, 0x7
   14362: e3 c0 97 f2  	blt	a5, s1, 0x14282 <eshift.part.0+0x50>
   14366: 3d bf        	j	0x142a4 <eshift.part.0+0x72>
   14368: 33 35 30 01  	snez	a0, s3
   1436c: 42 69        	ld	s2, 0x10(sp)
   1436e: a2 69        	ld	s3, 0x8(sp)
   14370: 81 b7        	j	0x142b0 <eshift.part.0+0x7e>
   14372: e5 57        	li	a5, -0x7
   14374: 81 49        	li	s3, 0x0
   14376: 93 06 45 00  	addi	a3, a0, 0x4
   1437a: e3 c5 f5 f8  	blt	a1, a5, 0x14304 <eshift.part.0+0xd2>
   1437e: 65 bf        	j	0x14336 <eshift.part.0+0x104>

0000000000014380 <emovi>:
   14380: 83 57 25 01  	lhu	a5, 0x12(a0)
   14384: a1 66        	lui	a3, 0x8
   14386: fd 16        	addi	a3, a3, -0x1
   14388: 9b d7 f7 00  	srliw	a5, a5, 0xf
   1438c: bb 07 f0 40  	negw	a5, a5
   14390: 23 90 f5 00  	sh	a5, 0x0(a1)
   14394: 03 57 25 01  	lhu	a4, 0x12(a0)
   14398: 93 07 05 01  	addi	a5, a0, 0x10
   1439c: 75 8f        	and	a4, a4, a3
   1439e: 23 91 e5 00  	sh	a4, 0x2(a1)
   143a2: 1b 06 07 00  	sext.w	a2, a4
   143a6: 63 02 d7 02  	beq	a4, a3, 0x143ca <emovi+0x4a>
   143aa: 23 92 05 00  	sh	zero, 0x4(a1)
   143ae: 79 15        	addi	a0, a0, -0x2
   143b0: 13 87 65 00  	addi	a4, a1, 0x6
   143b4: 83 d6 07 00  	lhu	a3, 0x0(a5)
   143b8: f9 17        	addi	a5, a5, -0x2
   143ba: 09 07        	addi	a4, a4, 0x2
   143bc: 23 1f d7 fe  	sh	a3, -0x2(a4)
   143c0: e3 9a a7 fe  	bne	a5, a0, 0x143b4 <emovi+0x34>
   143c4: 23 9c 05 00  	sh	zero, 0x18(a1)
   143c8: 82 80        	ret
   143ca: 03 57 25 01  	lhu	a4, 0x12(a0)
   143ce: 71 8f        	and	a4, a4, a2
   143d0: 63 1b c7 00  	bne	a4, a2, 0x143e6 <emovi+0x66>
   143d4: 13 06 25 01  	addi	a2, a0, 0x12
   143d8: 2a 87        	mv	a4, a0
   143da: 83 56 07 00  	lhu	a3, 0x0(a4)
   143de: 09 07        	addi	a4, a4, 0x2
   143e0: 81 ee        	bnez	a3, 0x143f8 <emovi+0x78>
   143e2: e3 1c c7 fe  	bne	a4, a2, 0x143da <emovi+0x5a>
   143e6: 93 87 45 00  	addi	a5, a1, 0x4
   143ea: e9 05        	addi	a1, a1, 0x1a
   143ec: 89 07        	addi	a5, a5, 0x2
   143ee: 23 9f 07 fe  	sh	zero, -0x2(a5)
   143f2: e3 9d b7 fe  	bne	a5, a1, 0x143ec <emovi+0x6c>
   143f6: 82 80        	ret
   143f8: 23 92 05 00  	sh	zero, 0x4(a1)
   143fc: 71 15        	addi	a0, a0, -0x4
   143fe: 99 05        	addi	a1, a1, 0x6
   14400: 03 d7 07 00  	lhu	a4, 0x0(a5)
   14404: f9 17        	addi	a5, a5, -0x2
   14406: 89 05        	addi	a1, a1, 0x2
   14408: 23 9f e5 fe  	sh	a4, -0x2(a1)
   1440c: e3 1a f5 fe  	bne	a0, a5, 0x14400 <emovi+0x80>
   14410: 82 80        	ret

0000000000014412 <ecmp>:
   14412: 83 57 25 01  	lhu	a5, 0x12(a0)
   14416: 5d 71        	addi	sp, sp, -0x50
   14418: a2 e0        	sd	s0, 0x40(sp)
   1441a: 93 c7 f7 ff  	not	a5, a5
   1441e: 86 e4        	sd	ra, 0x48(sp)
   14420: 13 97 17 03  	slli	a4, a5, 0x31
   14424: 2e 84        	mv	s0, a1
   14426: 11 eb        	bnez	a4, 0x1443a <ecmp+0x28>
   14428: 93 06 25 01  	addi	a3, a0, 0x12
   1442c: aa 87        	mv	a5, a0
   1442e: 03 d7 07 00  	lhu	a4, 0x0(a5)
   14432: 89 07        	addi	a5, a5, 0x2
   14434: 25 eb        	bnez	a4, 0x144a4 <ecmp+0x92>
   14436: e3 9c d7 fe  	bne	a5, a3, 0x1442e <ecmp+0x1c>
   1443a: 83 57 24 01  	lhu	a5, 0x12(s0)
   1443e: 93 c7 f7 ff  	not	a5, a5
   14442: 13 97 17 03  	slli	a4, a5, 0x31
   14446: 31 c3        	beqz	a4, 0x1448a <ecmp+0x78>
   14448: 8a 85        	mv	a1, sp
   1444a: ef f0 7f f3  	jal	0x14380 <emovi>
   1444e: 0c 10        	addi	a1, sp, 0x20
   14450: 22 85        	mv	a0, s0
   14452: ef f0 ff f2  	jal	0x14380 <emovi>
   14456: 83 55 01 00  	lhu	a1, 0x0(sp)
   1445a: 83 57 01 02  	lhu	a5, 0x20(sp)
   1445e: 63 88 b7 04  	beq	a5, a1, 0x144ae <ecmp+0x9c>
   14462: 93 07 21 00  	addi	a5, sp, 0x2
   14466: 13 07 21 02  	addi	a4, sp, 0x22
   1446a: 30 08        	addi	a2, sp, 0x18
   1446c: 83 d6 07 00  	lhu	a3, 0x0(a5)
   14470: 89 07        	addi	a5, a5, 0x2
   14472: b5 ea        	bnez	a3, 0x144e6 <ecmp+0xd4>
   14474: 83 56 07 00  	lhu	a3, 0x0(a4)
   14478: 09 07        	addi	a4, a4, 0x2
   1447a: b5 e6        	bnez	a3, 0x144e6 <ecmp+0xd4>
   1447c: e3 98 c7 fe  	bne	a5, a2, 0x1446c <ecmp+0x5a>
   14480: 01 45        	li	a0, 0x0
   14482: a6 60        	ld	ra, 0x48(sp)
   14484: 06 64        	ld	s0, 0x40(sp)
   14486: 61 61        	addi	sp, sp, 0x50
   14488: 82 80        	ret
   1448a: a2 87        	mv	a5, s0
   1448c: 03 d7 07 00  	lhu	a4, 0x0(a5)
   14490: 89 07        	addi	a5, a5, 0x2
   14492: 93 06 24 01  	addi	a3, s0, 0x12
   14496: 19 e7        	bnez	a4, 0x144a4 <ecmp+0x92>
   14498: e3 88 f6 fa  	beq	a3, a5, 0x14448 <ecmp+0x36>
   1449c: 03 d7 07 00  	lhu	a4, 0x0(a5)
   144a0: 89 07        	addi	a5, a5, 0x2
   144a2: 7d db        	beqz	a4, 0x14498 <ecmp+0x86>
   144a4: a6 60        	ld	ra, 0x48(sp)
   144a6: 06 64        	ld	s0, 0x40(sp)
   144a8: 79 55        	li	a0, -0x2
   144aa: 61 61        	addi	sp, sp, 0x50
   144ac: 82 80        	ret
   144ae: 7d 55        	li	a0, -0x1
   144b0: a9 c1        	beqz	a1, 0x144f2 <ecmp+0xe0>
   144b2: 18 10        	addi	a4, sp, 0x20
   144b4: 8a 87        	mv	a5, sp
   144b6: 03 d6 07 00  	lhu	a2, 0x0(a5)
   144ba: 83 56 07 00  	lhu	a3, 0x0(a4)
   144be: 89 07        	addi	a5, a5, 0x2
   144c0: 09 07        	addi	a4, a4, 0x2
   144c2: 2c 08        	addi	a1, sp, 0x18
   144c4: 63 1c d6 00  	bne	a2, a3, 0x144dc <ecmp+0xca>
   144c8: e3 8c b7 fa  	beq	a5, a1, 0x14480 <ecmp+0x6e>
   144cc: 03 d6 07 00  	lhu	a2, 0x0(a5)
   144d0: 83 56 07 00  	lhu	a3, 0x0(a4)
   144d4: 89 07        	addi	a5, a5, 0x2
   144d6: 09 07        	addi	a4, a4, 0x2
   144d8: e3 08 d6 fe  	beq	a2, a3, 0x144c8 <ecmp+0xb6>
   144dc: e3 e3 c6 fa  	bltu	a3, a2, 0x14482 <ecmp+0x70>
   144e0: 3b 05 a0 40  	negw	a0, a0
   144e4: 79 bf        	j	0x14482 <ecmp+0x70>
   144e6: 81 e9        	bnez	a1, 0x144f6 <ecmp+0xe4>
   144e8: a6 60        	ld	ra, 0x48(sp)
   144ea: 06 64        	ld	s0, 0x40(sp)
   144ec: 05 45        	li	a0, 0x1
   144ee: 61 61        	addi	sp, sp, 0x50
   144f0: 82 80        	ret
   144f2: 05 45        	li	a0, 0x1
   144f4: 7d bf        	j	0x144b2 <ecmp+0xa0>
   144f6: 7d 55        	li	a0, -0x1
   144f8: 69 b7        	j	0x14482 <ecmp+0x70>

00000000000144fa <emdnorm>:
   144fa: 39 71        	addi	sp, sp, -0x40
   144fc: 22 f8        	sd	s0, 0x30(sp)
   144fe: 26 f4        	sd	s1, 0x28(sp)
   14500: 4a f0        	sd	s2, 0x20(sp)
   14502: 4e ec        	sd	s3, 0x18(sp)
   14504: 52 e8        	sd	s4, 0x10(sp)
   14506: 56 e4        	sd	s5, 0x8(sp)
   14508: 36 89        	mv	s2, a3
   1450a: 3e 84        	mv	s0, a5
   1450c: 06 fc        	sd	ra, 0x38(sp)
   1450e: ae 89        	mv	s3, a1
   14510: 32 8a        	mv	s4, a2
   14512: ba 8a        	mv	s5, a4
   14514: aa 84        	mv	s1, a0
   14516: ef f0 7f c0  	jal	0x1411c <enormlz>
   1451a: 93 07 00 09  	li	a5, 0x90
   1451e: 33 09 a9 40  	sub	s2, s2, a0
   14522: 63 dc a7 06  	bge	a5, a0, 0x1459a <emdnorm+0xa0>
   14526: a1 67        	lui	a5, 0x8
   14528: f9 17        	addi	a5, a5, -0x2
   1452a: 63 d8 27 21  	bge	a5, s2, 0x1473a <emdnorm+0x240>
   1452e: 63 89 0a 12  	beqz	s5, 0x14660 <emdnorm+0x166>
   14532: 83 2a 44 00  	lw	s5, 0x4(s0)
   14536: 1c 40        	lw	a5, 0x0(s0)
   14538: 63 88 fa 18  	beq	s5, a5, 0x146c8 <emdnorm+0x1ce>
   1453c: 13 07 a4 01  	addi	a4, s0, 0x1a
   14540: 93 07 44 03  	addi	a5, s0, 0x34
   14544: 09 07        	addi	a4, a4, 0x2
   14546: 23 1f 07 fe  	sh	zero, -0x2(a4)
   1454a: e3 9d e7 fe  	bne	a5, a4, 0x14544 <emdnorm+0x4a>
   1454e: 93 07 80 03  	li	a5, 0x38
   14552: 63 8a fa 28  	beq	s5, a5, 0x147e6 <emdnorm+0x2ec>
   14556: 63 d5 57 13  	bge	a5, s5, 0x14680 <emdnorm+0x186>
   1455a: 93 07 00 04  	li	a5, 0x40
   1455e: 63 85 fa 30  	beq	s5, a5, 0x14868 <emdnorm+0x36e>
   14562: 93 07 10 07  	li	a5, 0x71
   14566: 63 90 fa 2e  	bne	s5, a5, 0x14846 <emdnorm+0x34c>
   1456a: b7 87 00 40  	lui	a5, 0x40008
   1456e: a9 46        	li	a3, 0xa
   14570: 61 77        	lui	a4, 0xffff8
   14572: fd 17        	addi	a5, a5, -0x1
   14574: 23 20 54 01  	sw	s5, 0x0(s0)
   14578: 5c c8        	sw	a5, 0x14(s0)
   1457a: 14 c4        	sw	a3, 0x8(s0)
   1457c: 54 c4        	sw	a3, 0xc(s0)
   1457e: 23 1c e4 00  	sh	a4, 0x18(s0)
   14582: 23 17 e4 02  	sh	a4, 0x2e(s0)
   14586: 63 57 20 13  	blez	s2, 0x146b4 <emdnorm+0x1ba>
   1458a: 03 d6 44 01  	lhu	a2, 0x14(s1)
   1458e: 93 85 44 01  	addi	a1, s1, 0x14
   14592: ad 46        	li	a3, 0xb
   14594: 46 16        	slli	a2, a2, 0x31
   14596: 45 92        	srli	a2, a2, 0x31
   14598: cd aa        	j	0x1478a <emdnorm+0x290>
   1459a: 63 46 09 0a  	bltz	s2, 0x14646 <emdnorm+0x14c>
   1459e: 63 83 0a 08  	beqz	s5, 0x14624 <emdnorm+0x12a>
   145a2: 83 2a 44 00  	lw	s5, 0x4(s0)
   145a6: 1c 40        	lw	a5, 0x0(s0)
   145a8: e3 9a fa f8  	bne	s5, a5, 0x1453c <emdnorm+0x42>
   145ac: 63 4d 20 31  	bgtz	s2, 0x148c6 <emdnorm+0x3cc>
   145b0: 13 07 00 09  	li	a4, 0x90
   145b4: 63 9b e7 30  	bne	a5, a4, 0x148ca <emdnorm+0x3d0>
   145b8: 18 44        	lw	a4, 0x8(s0)
   145ba: 83 55 44 01  	lhu	a1, 0x14(s0)
   145be: 06 07        	slli	a4, a4, 0x1
   145c0: 26 97        	add	a4, a4, s1
   145c2: 83 56 07 00  	lhu	a3, 0x0(a4)
   145c6: 13 c6 f5 ff  	not	a2, a1
   145ca: 75 8e        	and	a2, a2, a3
   145cc: 23 10 c7 00  	sh	a2, 0x0(a4)
   145d0: 03 57 64 01  	lhu	a4, 0x16(s0)
   145d4: ed 8e        	and	a3, a3, a1
   145d6: 33 f6 e6 00  	and	a2, a3, a4
   145da: 63 0e 06 1e  	beqz	a2, 0x147d6 <emdnorm+0x2dc>
   145de: be 8a        	mv	s5, a5
   145e0: 63 96 e6 00  	bne	a3, a4, 0x145ec <emdnorm+0xf2>
   145e4: 63 8e 09 10  	beqz	s3, 0x14700 <emdnorm+0x206>
   145e8: 63 18 0a 12  	bnez	s4, 0x14718 <emdnorm+0x21e>
   145ec: 93 07 24 03  	addi	a5, s0, 0x32
   145f0: 13 86 84 01  	addi	a2, s1, 0x18
   145f4: 13 85 24 00  	addi	a0, s1, 0x2
   145f8: 81 46        	li	a3, 0x0
   145fa: 03 d7 07 00  	lhu	a4, 0x0(a5)
   145fe: 83 55 06 00  	lhu	a1, 0x0(a2)
   14602: 79 16        	addi	a2, a2, -0x2
   14604: f9 17        	addi	a5, a5, -0x2
   14606: 2e 97        	add	a4, a4, a1
   14608: 36 97        	add	a4, a4, a3
   1460a: 23 11 e6 00  	sh	a4, 0x2(a2)
   1460e: 41 83        	srli	a4, a4, 0x10
   14610: 93 76 17 00  	andi	a3, a4, 0x1
   14614: e3 13 c5 fe  	bne	a0, a2, 0x145fa <emdnorm+0x100>
   14618: 63 50 20 11  	blez	s2, 0x14718 <emdnorm+0x21e>
   1461c: 83 d7 44 00  	lhu	a5, 0x4(s1)
   14620: 63 96 07 14  	bnez	a5, 0x1476c <emdnorm+0x272>
   14624: a1 67        	lui	a5, 0x8
   14626: 23 9c 04 00  	sh	zero, 0x18(s1)
   1462a: f9 17        	addi	a5, a5, -0x2
   1462c: 63 cc 27 03  	blt	a5, s2, 0x14664 <emdnorm+0x16a>
   14630: 23 91 24 01  	sh	s2, 0x2(s1)
   14634: e2 70        	ld	ra, 0x38(sp)
   14636: 42 74        	ld	s0, 0x30(sp)
   14638: a2 74        	ld	s1, 0x28(sp)
   1463a: 02 79        	ld	s2, 0x20(sp)
   1463c: e2 69        	ld	s3, 0x18(sp)
   1463e: 42 6a        	ld	s4, 0x10(sp)
   14640: a2 6a        	ld	s5, 0x8(sp)
   14642: 21 61        	addi	sp, sp, 0x40
   14644: 82 80        	ret
   14646: 93 07 00 f7  	li	a5, -0x90
   1464a: 63 51 f9 10  	bge	s2, a5, 0x1474c <emdnorm+0x252>
   1464e: 93 87 24 00  	addi	a5, s1, 0x2
   14652: e9 04        	addi	s1, s1, 0x1a
   14654: 89 07        	addi	a5, a5, 0x2
   14656: 23 9f 07 fe  	sh	zero, -0x2(a5)
   1465a: e3 9d f4 fe  	bne	s1, a5, 0x14654 <emdnorm+0x15a>
   1465e: d9 bf        	j	0x14634 <emdnorm+0x13a>
   14660: 23 9c 04 00  	sh	zero, 0x18(s1)
   14664: e1 77        	lui	a5, 0xffff8
   14666: 93 c7 f7 ff  	not	a5, a5
   1466a: 23 91 f4 00  	sh	a5, 0x2(s1)
   1466e: 93 87 44 00  	addi	a5, s1, 0x4
   14672: e1 04        	addi	s1, s1, 0x18
   14674: 23 90 07 00  	sh	zero, 0x0(a5)
   14678: 89 07        	addi	a5, a5, 0x2
   1467a: e3 9d f4 fe  	bne	s1, a5, 0x14674 <emdnorm+0x17a>
   1467e: 5d bf        	j	0x14634 <emdnorm+0x13a>
   14680: e1 47        	li	a5, 0x18
   14682: 63 8a fa 18  	beq	s5, a5, 0x14816 <emdnorm+0x31c>
   14686: 93 07 50 03  	li	a5, 0x35
   1468a: 63 9e fa 1a  	bne	s5, a5, 0x14846 <emdnorm+0x34c>
   1468e: 37 07 00 04  	lui	a4, 0x4000
   14692: 85 67        	lui	a5, 0x1
   14694: 93 87 07 80  	addi	a5, a5, -0x800
   14698: 99 46        	li	a3, 0x6
   1469a: 13 07 f7 7f  	addi	a4, a4, 0x7ff
   1469e: 23 20 54 01  	sw	s5, 0x0(s0)
   146a2: 58 c8        	sw	a4, 0x14(s0)
   146a4: 23 1c f4 00  	sh	a5, 0x18(s0)
   146a8: 23 13 f4 02  	sh	a5, 0x26(s0)
   146ac: 14 c4        	sw	a3, 0x8(s0)
   146ae: 54 c4        	sw	a3, 0xc(s0)
   146b0: 63 4e 20 1f  	bgtz	s2, 0x148ac <emdnorm+0x3b2>
   146b4: 83 d7 84 01  	lhu	a5, 0x18(s1)
   146b8: 26 85        	mv	a0, s1
   146ba: 85 8b        	andi	a5, a5, 0x1
   146bc: b3 e7 f9 00  	or	a5, s3, a5
   146c0: 9b 89 07 00  	sext.w	s3, a5
   146c4: ef f0 5f 8c  	jal	0x13f88 <eshdn1>
   146c8: 14 44        	lw	a3, 0x8(s0)
   146ca: 03 57 44 01  	lhu	a4, 0x14(s0)
   146ce: 13 05 f0 08  	li	a0, 0x8f
   146d2: 93 95 16 00  	slli	a1, a3, 0x1
   146d6: a6 95        	add	a1, a1, s1
   146d8: 83 d7 05 00  	lhu	a5, 0x0(a1)
   146dc: 33 f6 e7 00  	and	a2, a5, a4
   146e0: 63 51 55 0b  	bge	a0, s5, 0x14782 <emdnorm+0x288>
   146e4: 13 47 f7 ff  	not	a4, a4
   146e8: f9 8f        	and	a5, a5, a4
   146ea: 23 90 f5 00  	sh	a5, 0x0(a1)
   146ee: 83 57 64 01  	lhu	a5, 0x16(s0)
   146f2: 33 f7 c7 00  	and	a4, a5, a2
   146f6: 0d d3        	beqz	a4, 0x14618 <emdnorm+0x11e>
   146f8: e3 9a c7 ee  	bne	a5, a2, 0x145ec <emdnorm+0xf2>
   146fc: 63 95 09 1a  	bnez	s3, 0x148a6 <emdnorm+0x3ac>
   14700: 5c 44        	lw	a5, 0xc(s0)
   14702: 03 57 84 01  	lhu	a4, 0x18(s0)
   14706: 86 07        	slli	a5, a5, 0x1
   14708: a6 97        	add	a5, a5, s1
   1470a: 83 d7 07 00  	lhu	a5, 0x0(a5)
   1470e: f9 8f        	and	a5, a5, a4
   14710: e3 9e 07 ec  	bnez	a5, 0x145ec <emdnorm+0xf2>
   14714: e3 44 20 f1  	bgtz	s2, 0x1461c <emdnorm+0x122>
   14718: 93 07 00 09  	li	a5, 0x90
   1471c: 63 8d fa 0a  	beq	s5, a5, 0x147d6 <emdnorm+0x2dc>
   14720: 26 85        	mv	a0, s1
   14722: ef f0 ff 8a  	jal	0x13fd0 <eshup1>
   14726: 83 d7 44 00  	lhu	a5, 0x4(s1)
   1472a: cd eb        	bnez	a5, 0x147dc <emdnorm+0x2e2>
   1472c: 23 9c 04 00  	sh	zero, 0x18(s1)
   14730: e3 50 09 f0  	bgez	s2, 0x14630 <emdnorm+0x136>
   14734: 23 91 04 00  	sh	zero, 0x2(s1)
   14738: f5 bd        	j	0x14634 <emdnorm+0x13a>
   1473a: 93 87 24 00  	addi	a5, s1, 0x2
   1473e: e9 04        	addi	s1, s1, 0x1a
   14740: 89 07        	addi	a5, a5, 0x2
   14742: 23 9f 07 fe  	sh	zero, -0x2(a5)
   14746: e3 9d 97 fe  	bne	a5, s1, 0x14740 <emdnorm+0x246>
   1474a: ed b5        	j	0x14634 <emdnorm+0x13a>
   1474c: 9b 05 09 00  	sext.w	a1, s2
   14750: 26 85        	mv	a0, s1
   14752: ef f0 1f ae  	jal	0x14232 <eshift.part.0>
   14756: 63 00 05 14  	beqz	a0, 0x14896 <emdnorm+0x39c>
   1475a: 63 81 0a 16  	beqz	s5, 0x148bc <emdnorm+0x3c2>
   1475e: 83 2a 44 00  	lw	s5, 0x4(s0)
   14762: 1c 40        	lw	a5, 0x0(s0)
   14764: aa 89        	mv	s3, a0
   14766: e3 9b fa dc  	bne	s5, a5, 0x1453c <emdnorm+0x42>
   1476a: 99 b5        	j	0x145b0 <emdnorm+0xb6>
   1476c: 26 85        	mv	a0, s1
   1476e: ef f0 bf 81  	jal	0x13f88 <eshdn1>
   14772: a1 67        	lui	a5, 0x8
   14774: 05 09        	addi	s2, s2, 0x1
   14776: 23 9c 04 00  	sh	zero, 0x18(s1)
   1477a: f9 17        	addi	a5, a5, -0x2
   1477c: e3 da 27 eb  	bge	a5, s2, 0x14630 <emdnorm+0x136>
   14780: d5 b5        	j	0x14664 <emdnorm+0x16a>
   14782: 85 26        	addiw	a3, a3, 0x1
   14784: 31 45        	li	a0, 0xc
   14786: e3 4f d5 f4  	blt	a0, a3, 0x146e4 <emdnorm+0x1ea>
   1478a: 31 47        	li	a4, 0xc
   1478c: 15 9f        	subw	a4, a4, a3
   1478e: 02 17        	slli	a4, a4, 0x20
   14790: 01 93        	srli	a4, a4, 0x20
   14792: 36 97        	add	a4, a4, a3
   14794: 93 97 16 00  	slli	a5, a3, 0x1
   14798: 13 85 24 00  	addi	a0, s1, 0x2
   1479c: 06 07        	slli	a4, a4, 0x1
   1479e: a6 97        	add	a5, a5, s1
   147a0: 2a 97        	add	a4, a4, a0
   147a2: 83 d6 07 00  	lhu	a3, 0x0(a5)
   147a6: 99 c2        	beqz	a3, 0x147ac <emdnorm+0x2b2>
   147a8: 13 66 16 00  	ori	a2, a2, 0x1
   147ac: 23 90 07 00  	sh	zero, 0x0(a5)
   147b0: 89 07        	addi	a5, a5, 0x2
   147b2: e3 98 e7 fe  	bne	a5, a4, 0x147a2 <emdnorm+0x2a8>
   147b6: 03 57 44 01  	lhu	a4, 0x14(s0)
   147ba: 83 d7 05 00  	lhu	a5, 0x0(a1)
   147be: 13 47 f7 ff  	not	a4, a4
   147c2: f9 8f        	and	a5, a5, a4
   147c4: 23 90 f5 00  	sh	a5, 0x0(a1)
   147c8: 83 57 64 01  	lhu	a5, 0x16(s0)
   147cc: 33 f7 c7 00  	and	a4, a5, a2
   147d0: e3 04 07 e4  	beqz	a4, 0x14618 <emdnorm+0x11e>
   147d4: 15 b7        	j	0x146f8 <emdnorm+0x1fe>
   147d6: 83 d7 44 00  	lhu	a5, 0x4(s1)
   147da: a9 db        	beqz	a5, 0x1472c <emdnorm+0x232>
   147dc: 26 85        	mv	a0, s1
   147de: ef f0 af fa  	jal	0x13f88 <eshdn1>
   147e2: 05 09        	addi	s2, s2, 0x1
   147e4: a1 b7        	j	0x1472c <emdnorm+0x232>
   147e6: b7 07 80 00  	lui	a5, 0x800
   147ea: 99 46        	li	a3, 0x6
   147ec: 13 07 00 10  	li	a4, 0x100
   147f0: 93 87 f7 0f  	addi	a5, a5, 0xff
   147f4: 23 20 54 01  	sw	s5, 0x0(s0)
   147f8: 5c c8        	sw	a5, 0x14(s0)
   147fa: 14 c4        	sw	a3, 0x8(s0)
   147fc: 54 c4        	sw	a3, 0xc(s0)
   147fe: 23 1c e4 00  	sh	a4, 0x18(s0)
   14802: 23 13 e4 02  	sh	a4, 0x26(s0)
   14806: e3 57 20 eb  	blez	s2, 0x146b4 <emdnorm+0x1ba>
   1480a: 03 c6 c4 00  	lbu	a2, 0xc(s1)
   1480e: 93 85 c4 00  	addi	a1, s1, 0xc
   14812: 9d 46        	li	a3, 0x7
   14814: 9d bf        	j	0x1478a <emdnorm+0x290>
   14816: b7 07 80 00  	lui	a5, 0x800
   1481a: 91 46        	li	a3, 0x4
   1481c: 13 07 00 10  	li	a4, 0x100
   14820: 93 87 f7 0f  	addi	a5, a5, 0xff
   14824: 23 20 54 01  	sw	s5, 0x0(s0)
   14828: 5c c8        	sw	a5, 0x14(s0)
   1482a: 14 c4        	sw	a3, 0x8(s0)
   1482c: 54 c4        	sw	a3, 0xc(s0)
   1482e: 23 1c e4 00  	sh	a4, 0x18(s0)
   14832: 23 11 e4 02  	sh	a4, 0x22(s0)
   14836: e3 5f 20 e7  	blez	s2, 0x146b4 <emdnorm+0x1ba>
   1483a: 03 c6 84 00  	lbu	a2, 0x8(s1)
   1483e: 93 85 84 00  	addi	a1, s1, 0x8
   14842: 95 46        	li	a3, 0x5
   14844: 99 b7        	j	0x1478a <emdnorm+0x290>
   14846: 37 07 01 80  	lui	a4, 0x80010
   1484a: 85 46        	li	a3, 0x1
   1484c: 7d 17        	addi	a4, a4, -0x1
   1484e: b1 45        	li	a1, 0xc
   14850: 2d 46        	li	a2, 0xb
   14852: 23 20 54 01  	sw	s5, 0x0(s0)
   14856: d6 87        	mv	a5, s5
   14858: 58 c8        	sw	a4, 0x14(s0)
   1485a: 0c c4        	sw	a1, 0x8(s0)
   1485c: 23 1c d4 00  	sh	a3, 0x18(s0)
   14860: 23 18 d4 02  	sh	a3, 0x30(s0)
   14864: 50 c4        	sw	a2, 0xc(s0)
   14866: 99 b3        	j	0x145ac <emdnorm+0xb2>
   14868: b7 07 01 80  	lui	a5, 0x80010
   1486c: 05 47        	li	a4, 0x1
   1486e: fd 17        	addi	a5, a5, -0x1
   14870: 1d 46        	li	a2, 0x7
   14872: 99 46        	li	a3, 0x6
   14874: 23 20 54 01  	sw	s5, 0x0(s0)
   14878: 5c c8        	sw	a5, 0x14(s0)
   1487a: 10 c4        	sw	a2, 0x8(s0)
   1487c: 23 1c e4 00  	sh	a4, 0x18(s0)
   14880: 23 13 e4 02  	sh	a4, 0x26(s0)
   14884: 54 c4        	sw	a3, 0xc(s0)
   14886: e3 57 20 e3  	blez	s2, 0x146b4 <emdnorm+0x1ba>
   1488a: 03 d6 e4 00  	lhu	a2, 0xe(s1)
   1488e: 93 85 e4 00  	addi	a1, s1, 0xe
   14892: a1 46        	li	a3, 0x8
   14894: dd bd        	j	0x1478a <emdnorm+0x290>
   14896: 63 83 0a 02  	beqz	s5, 0x148bc <emdnorm+0x3c2>
   1489a: 83 2a 44 00  	lw	s5, 0x4(s0)
   1489e: 1c 40        	lw	a5, 0x0(s0)
   148a0: e3 9e fa c8  	bne	s5, a5, 0x1453c <emdnorm+0x42>
   148a4: 31 b3        	j	0x145b0 <emdnorm+0xb6>
   148a6: e3 03 0a d4  	beqz	s4, 0x145ec <emdnorm+0xf2>
   148aa: bd b3        	j	0x14618 <emdnorm+0x11e>
   148ac: 03 d6 c4 00  	lhu	a2, 0xc(s1)
   148b0: 93 85 c4 00  	addi	a1, s1, 0xc
   148b4: 9d 46        	li	a3, 0x7
   148b6: 13 76 f6 7f  	andi	a2, a2, 0x7ff
   148ba: c1 bd        	j	0x1478a <emdnorm+0x290>
   148bc: 23 9c 04 00  	sh	zero, 0x18(s1)
   148c0: 23 91 04 00  	sh	zero, 0x2(s1)
   148c4: 85 bb        	j	0x14634 <emdnorm+0x13a>
   148c6: be 8a        	mv	s5, a5
   148c8: 01 b5        	j	0x146c8 <emdnorm+0x1ce>
   148ca: be 8a        	mv	s5, a5
   148cc: e5 b3        	j	0x146b4 <emdnorm+0x1ba>

00000000000148ce <eiremain>:
   148ce: 1d 71        	addi	sp, sp, -0x60
   148d0: a6 e4        	sd	s1, 0x48(sp)
   148d2: ca e0        	sd	s2, 0x40(sp)
   148d4: ae 84        	mv	s1, a1
   148d6: 03 59 25 00  	lhu	s2, 0x2(a0)
   148da: 86 ec        	sd	ra, 0x58(sp)
   148dc: a2 e8        	sd	s0, 0x50(sp)
   148de: 4e fc        	sd	s3, 0x38(sp)
   148e0: 32 84        	mv	s0, a2
   148e2: 93 09 46 03  	addi	s3, a2, 0x34
   148e6: 52 f8        	sd	s4, 0x30(sp)
   148e8: 6a e0        	sd	s10, 0x0(sp)
   148ea: 2a 8a        	mv	s4, a0
   148ec: ef f0 1f 83  	jal	0x1411c <enormlz>
   148f0: 03 dd 24 00  	lhu	s10, 0x2(s1)
   148f4: aa 87        	mv	a5, a0
   148f6: 26 85        	mv	a0, s1
   148f8: 33 09 f9 40  	sub	s2, s2, a5
   148fc: ef f0 1f 82  	jal	0x1411c <enormlz>
   14900: 33 0d ad 40  	sub	s10, s10, a0
   14904: 13 07 e4 04  	addi	a4, s0, 0x4e
   14908: ce 87        	mv	a5, s3
   1490a: 89 07        	addi	a5, a5, 0x2
   1490c: 23 9f 07 fe  	sh	zero, -0x2(a5)
   14910: e3 1d f7 fe  	bne	a4, a5, 0x1490a <eiremain+0x3c>
   14914: 63 45 2d 09  	blt	s10, s2, 0x1499e <eiremain+0xd0>
   14918: 56 f4        	sd	s5, 0x28(sp)
   1491a: 5a f0        	sd	s6, 0x20(sp)
   1491c: 5e ec        	sd	s7, 0x18(sp)
   1491e: 62 e8        	sd	s8, 0x10(sp)
   14920: 66 e4        	sd	s9, 0x8(sp)
   14922: 13 0b 4a 00  	addi	s6, s4, 0x4
   14926: 93 8a 44 00  	addi	s5, s1, 0x4
   1492a: 93 0b aa 01  	addi	s7, s4, 0x1a
   1492e: 13 8c 24 00  	addi	s8, s1, 0x2
   14932: 56 87        	mv	a4, s5
   14934: da 87        	mv	a5, s6
   14936: 83 d5 07 00  	lhu	a1, 0x0(a5)
   1493a: 03 56 07 00  	lhu	a2, 0x0(a4)
   1493e: 89 07        	addi	a5, a5, 0x2
   14940: 09 07        	addi	a4, a4, 0x2
   14942: 63 9e c5 06  	bne	a1, a2, 0x149be <eiremain+0xf0>
   14946: e3 98 fb fe  	bne	s7, a5, 0x14936 <eiremain+0x68>
   1494a: 13 06 8a 01  	addi	a2, s4, 0x18
   1494e: 13 87 84 01  	addi	a4, s1, 0x18
   14952: 81 45        	li	a1, 0x0
   14954: 83 57 07 00  	lhu	a5, 0x0(a4)
   14958: 03 58 06 00  	lhu	a6, 0x0(a2)
   1495c: 79 17        	addi	a4, a4, -0x2
   1495e: 79 16        	addi	a2, a2, -0x2
   14960: b3 87 07 41  	sub	a5, a5, a6
   14964: 8d 8f        	sub	a5, a5, a1
   14966: 23 11 f7 00  	sh	a5, 0x2(a4)
   1496a: c1 83        	srli	a5, a5, 0x10
   1496c: 93 f5 17 00  	andi	a1, a5, 0x1
   14970: e3 12 ec fe  	bne	s8, a4, 0x14954 <eiremain+0x86>
   14974: 85 4c        	li	s9, 0x1
   14976: 4e 85        	mv	a0, s3
   14978: ef f0 8f e5  	jal	0x13fd0 <eshup1>
   1497c: 83 57 c4 04  	lhu	a5, 0x4c(s0)
   14980: 26 85        	mv	a0, s1
   14982: 7d 1d        	addi	s10, s10, -0x1
   14984: b3 e7 fc 00  	or	a5, s9, a5
   14988: 23 16 f4 04  	sh	a5, 0x4c(s0)
   1498c: ef f0 4f e4  	jal	0x13fd0 <eshup1>
   14990: e3 51 2d fb  	bge	s10, s2, 0x14932 <eiremain+0x64>
   14994: a2 7a        	ld	s5, 0x28(sp)
   14996: 02 7b        	ld	s6, 0x20(sp)
   14998: e2 6b        	ld	s7, 0x18(sp)
   1499a: 42 6c        	ld	s8, 0x10(sp)
   1499c: a2 6c        	ld	s9, 0x8(sp)
   1499e: a2 87        	mv	a5, s0
   149a0: 46 64        	ld	s0, 0x50(sp)
   149a2: e6 60        	ld	ra, 0x58(sp)
   149a4: 06 69        	ld	s2, 0x40(sp)
   149a6: e2 79        	ld	s3, 0x38(sp)
   149a8: 42 7a        	ld	s4, 0x30(sp)
   149aa: ea 86        	mv	a3, s10
   149ac: 26 85        	mv	a0, s1
   149ae: 02 6d        	ld	s10, 0x0(sp)
   149b0: a6 64        	ld	s1, 0x48(sp)
   149b2: 01 47        	li	a4, 0x0
   149b4: 01 46        	li	a2, 0x0
   149b6: 81 45        	li	a1, 0x0
   149b8: 25 61        	addi	sp, sp, 0x60
   149ba: 6f f0 1f b4  	j	0x144fa <emdnorm>
   149be: 81 4c        	li	s9, 0x0
   149c0: e3 6b b6 fa  	bltu	a2, a1, 0x14976 <eiremain+0xa8>
   149c4: 59 b7        	j	0x1494a <eiremain+0x7c>

00000000000149c6 <e113toe.isra.0>:
   149c6: 79 71        	addi	sp, sp, -0x30
   149c8: 22 f0        	sd	s0, 0x20(sp)
   149ca: 06 f4        	sd	ra, 0x28(sp)
   149cc: 2e 84        	mv	s0, a1
   149ce: 8a 87        	mv	a5, sp
   149d0: 13 07 a1 01  	addi	a4, sp, 0x1a
   149d4: 89 07        	addi	a5, a5, 0x2
   149d6: 23 9f 07 fe  	sh	zero, -0x2(a5)
   149da: e3 9d e7 fe  	bne	a5, a4, 0x149d4 <e113toe.isra.0+0xe>
   149de: 83 57 e5 00  	lhu	a5, 0xe(a0)
   149e2: 21 67        	lui	a4, 0x8
   149e4: 7d 17        	addi	a4, a4, -0x1
   149e6: 9b d6 f7 00  	srliw	a3, a5, 0xf
   149ea: bb 06 d0 40  	negw	a3, a3
   149ee: 23 10 d1 00  	sh	a3, 0x0(sp)
   149f2: b3 f6 e7 00  	and	a3, a5, a4
   149f6: 36 86        	mv	a2, a3
   149f8: 63 83 e6 04  	beq	a3, a4, 0x14a3e <e113toe.isra.0+0x78>
   149fc: 23 11 d1 00  	sh	a3, 0x2(sp)
   14a00: 93 07 e5 00  	addi	a5, a0, 0xe
   14a04: 13 07 61 00  	addi	a4, sp, 0x6
   14a08: 83 d6 e7 ff  	lhu	a3, -0x2(a5)
   14a0c: f9 17        	addi	a5, a5, -0x2
   14a0e: 09 07        	addi	a4, a4, 0x2
   14a10: 23 1f d7 fe  	sh	a3, -0x2(a4)
   14a14: e3 1a f5 fe  	bne	a0, a5, 0x14a08 <e113toe.isra.0+0x42>
   14a18: 19 ea        	bnez	a2, 0x14a2e <e113toe.isra.0+0x68>
   14a1a: 23 12 01 00  	sh	zero, 0x4(sp)
   14a1e: a2 85        	mv	a1, s0
   14a20: 0a 85        	mv	a0, sp
   14a22: ef f0 ef e6  	jal	0x14090 <emovo.isra.0>
   14a26: a2 70        	ld	ra, 0x28(sp)
   14a28: 02 74        	ld	s0, 0x20(sp)
   14a2a: 45 61        	addi	sp, sp, 0x30
   14a2c: 82 80        	ret
   14a2e: 85 47        	li	a5, 0x1
   14a30: fd 55        	li	a1, -0x1
   14a32: 0a 85        	mv	a0, sp
   14a34: 23 12 f1 00  	sh	a5, 0x4(sp)
   14a38: ef f0 af ff  	jal	0x14232 <eshift.part.0>
   14a3c: cd b7        	j	0x14a1e <e113toe.isra.0+0x58>
   14a3e: aa 87        	mv	a5, a0
   14a40: 93 06 e5 00  	addi	a3, a0, 0xe
   14a44: 03 d7 07 00  	lhu	a4, 0x0(a5)
   14a48: 89 07        	addi	a5, a5, 0x2
   14a4a: 21 ef        	bnez	a4, 0x14aa2 <e113toe.isra.0+0xdc>
   14a4c: e3 9c d7 fe  	bne	a5, a3, 0x14a44 <e113toe.isra.0+0x7e>
   14a50: 13 07 44 01  	addi	a4, s0, 0x14
   14a54: a2 87        	mv	a5, s0
   14a56: 89 07        	addi	a5, a5, 0x2
   14a58: 23 9f 07 fe  	sh	zero, -0x2(a5)
   14a5c: e3 9d e7 fe  	bne	a5, a4, 0x14a56 <e113toe.isra.0+0x90>
   14a60: 13 07 24 01  	addi	a4, s0, 0x12
   14a64: a2 87        	mv	a5, s0
   14a66: 89 07        	addi	a5, a5, 0x2
   14a68: 23 9f 07 fe  	sh	zero, -0x2(a5)
   14a6c: e3 9d e7 fe  	bne	a5, a4, 0x14a66 <e113toe.isra.0+0xa0>
   14a70: 83 57 24 01  	lhu	a5, 0x12(s0)
   14a74: a1 66        	lui	a3, 0x8
   14a76: fd 16        	addi	a3, a3, -0x1
   14a78: d5 8f        	or	a5, a5, a3
   14a7a: c2 17        	slli	a5, a5, 0x30
   14a7c: c1 93        	srli	a5, a5, 0x30
   14a7e: 23 19 f4 00  	sh	a5, 0x12(s0)
   14a82: 83 16 e5 00  	lh	a3, 0xe(a0)
   14a86: e3 d0 06 fa  	bgez	a3, 0x14a26 <e113toe.isra.0+0x60>
   14a8a: a2 86        	mv	a3, s0
   14a8c: 03 d6 06 00  	lhu	a2, 0x0(a3)
   14a90: 89 06        	addi	a3, a3, 0x2
   14a92: 51 fa        	bnez	a2, 0x14a26 <e113toe.isra.0+0x60>
   14a94: e3 9c e6 fe  	bne	a3, a4, 0x14a8c <e113toe.isra.0+0xc6>
   14a98: 61 77        	lui	a4, 0xffff8
   14a9a: b9 8f        	xor	a5, a5, a4
   14a9c: 23 19 f4 00  	sh	a5, 0x12(s0)
   14aa0: 59 b7        	j	0x14a26 <e113toe.isra.0+0x60>
   14aa2: 13 07 04 01  	addi	a4, s0, 0x10
   14aa6: a2 87        	mv	a5, s0
   14aa8: 89 07        	addi	a5, a5, 0x2
   14aaa: 23 9f 07 fe  	sh	zero, -0x2(a5)
   14aae: e3 9d e7 fe  	bne	a5, a4, 0x14aa8 <e113toe.isra.0+0xe2>
   14ab2: e1 77        	lui	a5, 0xffff8
   14ab4: 93 c7 f7 ff  	not	a5, a5
   14ab8: 71 77        	lui	a4, 0xffffc
   14aba: 23 19 f4 00  	sh	a5, 0x12(s0)
   14abe: 23 18 e4 00  	sh	a4, 0x10(s0)
   14ac2: 95 b7        	j	0x14a26 <e113toe.isra.0+0x60>

0000000000014ac4 <ediv>:
   14ac4: 83 57 25 01  	lhu	a5, 0x12(a0)
   14ac8: 51 71        	addi	sp, sp, -0xf0
   14aca: a2 f1        	sd	s0, 0xe0(sp)
   14acc: 93 c7 f7 ff  	not	a5, a5
   14ad0: a6 ed        	sd	s1, 0xd8(sp)
   14ad2: ca e9        	sd	s2, 0xd0(sp)
   14ad4: ce e5        	sd	s3, 0xc8(sp)
   14ad6: 86 f5        	sd	ra, 0xe8(sp)
   14ad8: 13 97 17 03  	slli	a4, a5, 0x31
   14adc: 2a 89        	mv	s2, a0
   14ade: ae 89        	mv	s3, a1
   14ae0: 32 84        	mv	s0, a2
   14ae2: b6 84        	mv	s1, a3
   14ae4: 11 eb        	bnez	a4, 0x14af8 <ediv+0x34>
   14ae6: 93 06 25 01  	addi	a3, a0, 0x12
   14aea: aa 87        	mv	a5, a0
   14aec: 03 d7 07 00  	lhu	a4, 0x0(a5)
   14af0: 89 07        	addi	a5, a5, 0x2
   14af2: 4d e7        	bnez	a4, 0x14b9c <ediv+0xd8>
   14af4: e3 9c f6 fe  	bne	a3, a5, 0x14aec <ediv+0x28>
   14af8: 83 d7 29 01  	lhu	a5, 0x12(s3)
   14afc: 93 c7 f7 ff  	not	a5, a5
   14b00: 13 97 17 03  	slli	a4, a5, 0x31
   14b04: 11 eb        	bnez	a4, 0x14b18 <ediv+0x54>
   14b06: 93 86 29 01  	addi	a3, s3, 0x12
   14b0a: ce 87        	mv	a5, s3
   14b0c: 03 d7 07 00  	lhu	a4, 0x0(a5)
   14b10: 89 07        	addi	a5, a5, 0x2
   14b12: 55 e7        	bnez	a4, 0x14bbe <ediv+0xfa>
   14b14: e3 9c f6 fe  	bne	a3, a5, 0x14b0c <ediv+0x48>
   14b18: 97 a5 00 00  	auipc	a1, 0xa
   14b1c: 93 85 85 71  	addi	a1, a1, 0x718
   14b20: 4a 85        	mv	a0, s2
   14b22: ef f0 1f 8f  	jal	0x14412 <ecmp>
   14b26: 63 0b 05 12  	beqz	a0, 0x14c5c <ediv+0x198>
   14b2a: 03 56 29 01  	lhu	a2, 0x12(s2)
   14b2e: a1 67        	lui	a5, 0x8
   14b30: fd 17        	addi	a5, a5, -0x1
   14b32: 33 75 f6 00  	and	a0, a2, a5
   14b36: 63 15 f5 0a  	bne	a0, a5, 0x14be0 <ediv+0x11c>
   14b3a: 93 06 29 01  	addi	a3, s2, 0x12
   14b3e: ca 87        	mv	a5, s2
   14b40: 03 d7 07 00  	lhu	a4, 0x0(a5)
   14b44: 89 07        	addi	a5, a5, 0x2
   14b46: 49 ef        	bnez	a4, 0x14be0 <ediv+0x11c>
   14b48: e3 9c f6 fe  	bne	a3, a5, 0x14b40 <ediv+0x7c>
   14b4c: 03 d7 29 01  	lhu	a4, 0x12(s3)
   14b50: 93 47 f7 ff  	not	a5, a4
   14b54: 93 96 17 03  	slli	a3, a5, 0x31
   14b58: f5 ea        	bnez	a3, 0x14c4c <ediv+0x188>
   14b5a: 93 86 29 01  	addi	a3, s3, 0x12
   14b5e: ce 87        	mv	a5, s3
   14b60: 83 d5 07 00  	lhu	a1, 0x0(a5)
   14b64: 89 07        	addi	a5, a5, 0x2
   14b66: 63 93 05 3c  	bnez	a1, 0x14f2c <ediv+0x468>
   14b6a: e3 9b f6 fe  	bne	a3, a5, 0x14b60 <ediv+0x9c>
   14b6e: 13 07 04 01  	addi	a4, s0, 0x10
   14b72: a2 87        	mv	a5, s0
   14b74: 89 07        	addi	a5, a5, 0x2
   14b76: 23 9f 07 fe  	sh	zero, -0x2(a5)
   14b7a: e3 9d e7 fe  	bne	a5, a4, 0x14b74 <ediv+0xb0>
   14b7e: e1 77        	lui	a5, 0xffff8
   14b80: 93 c7 f7 ff  	not	a5, a5
   14b84: 71 77        	lui	a4, 0xffffc
   14b86: 23 19 f4 00  	sh	a5, 0x12(s0)
   14b8a: 23 18 e4 00  	sh	a4, 0x10(s0)
   14b8e: ae 70        	ld	ra, 0xe8(sp)
   14b90: 0e 74        	ld	s0, 0xe0(sp)
   14b92: ee 64        	ld	s1, 0xd8(sp)
   14b94: 4e 69        	ld	s2, 0xd0(sp)
   14b96: ae 69        	ld	s3, 0xc8(sp)
   14b98: 6d 61        	addi	sp, sp, 0xf0
   14b9a: 82 80        	ret
   14b9c: 13 07 44 01  	addi	a4, s0, 0x14
   14ba0: 83 57 09 00  	lhu	a5, 0x0(s2)
   14ba4: 09 04        	addi	s0, s0, 0x2
   14ba6: 09 09        	addi	s2, s2, 0x2
   14ba8: 23 1f f4 fe  	sh	a5, -0x2(s0)
   14bac: e3 1a e4 fe  	bne	s0, a4, 0x14ba0 <ediv+0xdc>
   14bb0: ae 70        	ld	ra, 0xe8(sp)
   14bb2: 0e 74        	ld	s0, 0xe0(sp)
   14bb4: ee 64        	ld	s1, 0xd8(sp)
   14bb6: 4e 69        	ld	s2, 0xd0(sp)
   14bb8: ae 69        	ld	s3, 0xc8(sp)
   14bba: 6d 61        	addi	sp, sp, 0xf0
   14bbc: 82 80        	ret
   14bbe: 13 07 44 01  	addi	a4, s0, 0x14
   14bc2: 83 d7 09 00  	lhu	a5, 0x0(s3)
   14bc6: 09 04        	addi	s0, s0, 0x2
   14bc8: 89 09        	addi	s3, s3, 0x2
   14bca: 23 1f f4 fe  	sh	a5, -0x2(s0)
   14bce: e3 1a e4 fe  	bne	s0, a4, 0x14bc2 <ediv+0xfe>
   14bd2: ae 70        	ld	ra, 0xe8(sp)
   14bd4: 0e 74        	ld	s0, 0xe0(sp)
   14bd6: ee 64        	ld	s1, 0xd8(sp)
   14bd8: 4e 69        	ld	s2, 0xd0(sp)
   14bda: ae 69        	ld	s3, 0xc8(sp)
   14bdc: 6d 61        	addi	sp, sp, 0xf0
   14bde: 82 80        	ret
   14be0: 03 d7 29 01  	lhu	a4, 0x12(s3)
   14be4: 93 47 f7 ff  	not	a5, a4
   14be8: 93 96 17 03  	slli	a3, a5, 0x31
   14bec: d1 e2        	bnez	a3, 0x14c70 <ediv+0x1ac>
   14bee: 01 48        	li	a6, 0x0
   14bf0: 93 86 29 01  	addi	a3, s3, 0x12
   14bf4: ce 87        	mv	a5, s3
   14bf6: 83 d5 07 00  	lhu	a1, 0x0(a5)
   14bfa: 89 07        	addi	a5, a5, 0x2
   14bfc: b1 e5        	bnez	a1, 0x14c48 <ediv+0x184>
   14bfe: e3 9c f6 fe  	bne	a3, a5, 0x14bf6 <ediv+0x132>
   14c02: a1 67        	lui	a5, 0x8
   14c04: fd 17        	addi	a5, a5, -0x1
   14c06: 63 0c f5 0a  	beq	a0, a5, 0x14cbe <ediv+0x1fa>
   14c0a: 3d 82        	srli	a2, a2, 0xf
   14c0c: 83 d7 09 00  	lhu	a5, 0x0(s3)
   14c10: 89 09        	addi	s3, s3, 0x2
   14c12: 63 99 07 30  	bnez	a5, 0x14f24 <ediv+0x460>
   14c16: e3 9b 36 ff  	bne	a3, s3, 0x14c0c <ediv+0x148>
   14c1a: 93 57 f7 00  	srli	a5, a4, 0xf
   14c1e: b1 8f        	xor	a5, a5, a2
   14c20: 9b 97 f7 00  	slliw	a5, a5, 0xf
   14c24: 23 19 f4 00  	sh	a5, 0x12(s0)
   14c28: 13 07 24 01  	addi	a4, s0, 0x12
   14c2c: a2 87        	mv	a5, s0
   14c2e: 89 07        	addi	a5, a5, 0x2
   14c30: 23 9f 07 fe  	sh	zero, -0x2(a5)
   14c34: e3 1d f7 fe  	bne	a4, a5, 0x14c2e <ediv+0x16a>
   14c38: 83 57 24 01  	lhu	a5, 0x12(s0)
   14c3c: 21 67        	lui	a4, 0x8
   14c3e: 7d 17        	addi	a4, a4, -0x1
   14c40: d9 8f        	or	a5, a5, a4
   14c42: 23 19 f4 00  	sh	a5, 0x12(s0)
   14c46: a1 b7        	j	0x14b8e <ediv+0xca>
   14c48: 63 04 08 02  	beqz	a6, 0x14c70 <ediv+0x1ac>
   14c4c: 93 07 44 01  	addi	a5, s0, 0x14
   14c50: 09 04        	addi	s0, s0, 0x2
   14c52: 23 1f 04 fe  	sh	zero, -0x2(s0)
   14c56: e3 1d f4 fe  	bne	s0, a5, 0x14c50 <ediv+0x18c>
   14c5a: 15 bf        	j	0x14b8e <ediv+0xca>
   14c5c: 97 a5 00 00  	auipc	a1, 0xa
   14c60: 93 85 45 5d  	addi	a1, a1, 0x5d4
   14c64: 4e 85        	mv	a0, s3
   14c66: ef f0 cf fa  	jal	0x14412 <ecmp>
   14c6a: e3 10 05 ec  	bnez	a0, 0x14b2a <ediv+0x66>
   14c6e: 01 b7        	j	0x14b6e <ediv+0xaa>
   14c70: 4a 85        	mv	a0, s2
   14c72: 0c 10        	addi	a1, sp, 0x20
   14c74: 5a f9        	sd	s6, 0xb0(sp)
   14c76: 62 f1        	sd	s8, 0xa0(sp)
   14c78: ef f0 8f f0  	jal	0x14380 <emovi>
   14c7c: 4e 85        	mv	a0, s3
   14c7e: 8c 00        	addi	a1, sp, 0x40
   14c80: ef f0 0f f0  	jal	0x14380 <emovi>
   14c84: 03 5b 21 04  	lhu	s6, 0x42(sp)
   14c88: 03 5c 21 02  	lhu	s8, 0x22(sp)
   14c8c: 63 13 0b 04  	bnez	s6, 0x14cd2 <ediv+0x20e>
   14c90: 66 ed        	sd	s9, 0x98(sp)
   14c92: 93 07 21 04  	addi	a5, sp, 0x42
   14c96: 93 0c 81 05  	addi	s9, sp, 0x58
   14c9a: 03 d7 07 00  	lhu	a4, 0x0(a5)
   14c9e: 89 07        	addi	a5, a5, 0x2
   14ca0: 63 1d 07 24  	bnez	a4, 0x14efa <ediv+0x436>
   14ca4: e3 9b fc fe  	bne	s9, a5, 0x14c9a <ediv+0x1d6>
   14ca8: 93 07 44 01  	addi	a5, s0, 0x14
   14cac: 09 04        	addi	s0, s0, 0x2
   14cae: 23 1f 04 fe  	sh	zero, -0x2(s0)
   14cb2: e3 1d f4 fe  	bne	s0, a5, 0x14cac <ediv+0x1e8>
   14cb6: 4a 7b        	ld	s6, 0xb0(sp)
   14cb8: 0a 7c        	ld	s8, 0xa0(sp)
   14cba: ea 6c        	ld	s9, 0x98(sp)
   14cbc: c9 bd        	j	0x14b8e <ediv+0xca>
   14cbe: 93 05 29 01  	addi	a1, s2, 0x12
   14cc2: 83 57 09 00  	lhu	a5, 0x0(s2)
   14cc6: 09 09        	addi	s2, s2, 0x2
   14cc8: 63 90 07 26  	bnez	a5, 0x14f28 <ediv+0x464>
   14ccc: e3 9b 25 ff  	bne	a1, s2, 0x14cc2 <ediv+0x1fe>
   14cd0: 2d bf        	j	0x14c0a <ediv+0x146>
   14cd2: 5a e4        	sd	s6, 0x8(sp)
   14cd4: 63 19 0c 04  	bnez	s8, 0x14d26 <ediv+0x262>
   14cd8: 93 07 21 02  	addi	a5, sp, 0x22
   14cdc: 34 18        	addi	a3, sp, 0x38
   14cde: 03 d7 07 00  	lhu	a4, 0x0(a5)
   14ce2: 89 07        	addi	a5, a5, 0x2
   14ce4: 63 13 07 22  	bnez	a4, 0x14f0a <ediv+0x446>
   14ce8: e3 9b d7 fe  	bne	a5, a3, 0x14cde <ediv+0x21a>
   14cec: 83 56 01 02  	lhu	a3, 0x20(sp)
   14cf0: 03 56 01 04  	lhu	a2, 0x40(sp)
   14cf4: 13 07 24 01  	addi	a4, s0, 0x12
   14cf8: a2 87        	mv	a5, s0
   14cfa: 91 8e        	sub	a3, a3, a2
   14cfc: b3 36 d0 00  	snez	a3, a3
   14d00: 9b 96 f6 00  	slliw	a3, a3, 0xf
   14d04: 23 19 d4 00  	sh	a3, 0x12(s0)
   14d08: 89 07        	addi	a5, a5, 0x2
   14d0a: 23 9f 07 fe  	sh	zero, -0x2(a5)
   14d0e: e3 9d e7 fe  	bne	a5, a4, 0x14d08 <ediv+0x244>
   14d12: 83 57 24 01  	lhu	a5, 0x12(s0)
   14d16: 21 67        	lui	a4, 0x8
   14d18: 7d 17        	addi	a4, a4, -0x1
   14d1a: d9 8f        	or	a5, a5, a4
   14d1c: 4a 7b        	ld	s6, 0xb0(sp)
   14d1e: 0a 7c        	ld	s8, 0xa0(sp)
   14d20: 23 19 f4 00  	sh	a5, 0x12(s0)
   14d24: ad b5        	j	0x14b8e <ediv+0xca>
   14d26: d2 e1        	sd	s4, 0xc0(sp)
   14d28: 56 fd        	sd	s5, 0xb8(sp)
   14d2a: 5e f5        	sd	s7, 0xa8(sp)
   14d2c: 66 ed        	sd	s9, 0x98(sp)
   14d2e: 6a e9        	sd	s10, 0x90(sp)
   14d30: 6e e5        	sd	s11, 0x88(sp)
   14d32: 62 e8        	sd	s8, 0x10(sp)
   14d34: 06 47        	lw	a4, 0x40(sp)
   14d36: 13 89 84 03  	addi	s2, s1, 0x38
   14d3a: ca 87        	mv	a5, s2
   14d3c: d8 d8        	sw	a4, 0x34(s1)
   14d3e: 13 87 44 03  	addi	a4, s1, 0x34
   14d42: 3a ec        	sd	a4, 0x18(sp)
   14d44: 93 89 e4 04  	addi	s3, s1, 0x4e
   14d48: 89 07        	addi	a5, a5, 0x2
   14d4a: 23 9f 07 fe  	sh	zero, -0x2(a5)
   14d4e: e3 9d 37 ff  	bne	a5, s3, 0x14d48 <ediv+0x284>
   14d52: 88 00        	addi	a0, sp, 0x40
   14d54: ef f0 4f a3  	jal	0x13f88 <eshdn1>
   14d58: 83 5b 61 02  	lhu	s7, 0x26(sp)
   14d5c: 41 6a        	lui	s4, 0x10
   14d5e: 13 0d 21 04  	addi	s10, sp, 0x42
   14d62: 93 9a 0b 01  	slli	s5, s7, 0x10
   14d66: b3 8a 7a 41  	sub	s5, s5, s7
   14d6a: 93 0c 81 05  	addi	s9, sp, 0x58
   14d6e: 93 0d a1 07  	addi	s11, sp, 0x7a
   14d72: 13 0c 21 06  	addi	s8, sp, 0x62
   14d76: 7d 1a        	addi	s4, s4, -0x1
   14d78: 83 57 41 04  	lhu	a5, 0x44(sp)
   14d7c: 03 57 61 04  	lhu	a4, 0x46(sp)
   14d80: 52 8b        	mv	s6, s4
   14d82: c2 07        	slli	a5, a5, 0x10
   14d84: ba 97        	add	a5, a5, a4
   14d86: 63 e8 fa 00  	bltu	s5, a5, 0x14d96 <ediv+0x2d2>
   14d8a: b3 d7 77 03  	divu	a5, a5, s7
   14d8e: 13 9b 07 03  	slli	s6, a5, 0x30
   14d92: 13 5b 0b 03  	srli	s6, s6, 0x30
   14d96: 90 10        	addi	a2, sp, 0x60
   14d98: 0c 10        	addi	a1, sp, 0x20
   14d9a: 5a 85        	mv	a0, s6
   14d9c: ef f0 ef a8  	jal	0x1402a <m16m>
   14da0: d8 00        	addi	a4, sp, 0x44
   14da2: dc 10        	addi	a5, sp, 0x64
   14da4: 03 d6 07 00  	lhu	a2, 0x0(a5)
   14da8: 83 56 07 00  	lhu	a3, 0x0(a4)
   14dac: 89 07        	addi	a5, a5, 0x2
   14dae: 09 07        	addi	a4, a4, 0x2
   14db0: 63 13 d6 0c  	bne	a2, a3, 0x14e76 <ediv+0x3b2>
   14db4: e3 98 b7 ff  	bne	a5, s11, 0x14da4 <ediv+0x2e0>
   14db8: 01 46        	li	a2, 0x0
   14dba: b4 18        	addi	a3, sp, 0x78
   14dbc: e6 87        	mv	a5, s9
   14dbe: 03 d7 07 00  	lhu	a4, 0x0(a5)
   14dc2: 83 d5 06 00  	lhu	a1, 0x0(a3)
   14dc6: f9 17        	addi	a5, a5, -0x2
   14dc8: f9 16        	addi	a3, a3, -0x2
   14dca: 0d 8f        	sub	a4, a4, a1
   14dcc: 11 8f        	sub	a4, a4, a2
   14dce: 23 91 e7 00  	sh	a4, 0x2(a5)
   14dd2: 41 83        	srli	a4, a4, 0x10
   14dd4: 13 76 17 00  	andi	a2, a4, 0x1
   14dd8: e3 93 a7 ff  	bne	a5, s10, 0x14dbe <ediv+0x2fa>
   14ddc: 23 10 69 01  	sh	s6, 0x0(s2)
   14de0: dc 00        	addi	a5, sp, 0x44
   14de2: 03 d7 27 00  	lhu	a4, 0x2(a5)
   14de6: 89 07        	addi	a5, a5, 0x2
   14de8: 23 9f e7 fe  	sh	a4, -0x2(a5)
   14dec: e3 9b 97 ff  	bne	a5, s9, 0x14de2 <ediv+0x31e>
   14df0: 23 1c 01 04  	sh	zero, 0x58(sp)
   14df4: 09 09        	addi	s2, s2, 0x2
   14df6: e3 91 29 f9  	bne	s3, s2, 0x14d78 <ediv+0x2b4>
   14dfa: dc 00        	addi	a5, sp, 0x44
   14dfc: 01 47        	li	a4, 0x0
   14dfe: 93 06 a1 05  	addi	a3, sp, 0x5a
   14e02: 03 d6 07 00  	lhu	a2, 0x0(a5)
   14e06: 89 07        	addi	a5, a5, 0x2
   14e08: 51 8f        	or	a4, a4, a2
   14e0a: e3 9c d7 fe  	bne	a5, a3, 0x14e02 <ediv+0x33e>
   14e0e: 62 69        	ld	s2, 0x18(sp)
   14e10: 01 27        	sext.w	a4, a4
   14e12: b3 35 e0 00  	snez	a1, a4
   14e16: 9c 00        	addi	a5, sp, 0x40
   14e18: 03 57 09 00  	lhu	a4, 0x0(s2)
   14e1c: 89 07        	addi	a5, a5, 0x2
   14e1e: 09 09        	addi	s2, s2, 0x2
   14e20: 23 9f e7 fe  	sh	a4, -0x2(a5)
   14e24: e3 9a f6 fe  	bne	a3, a5, 0x14e18 <ediv+0x354>
   14e28: a2 67        	ld	a5, 0x8(sp)
   14e2a: 42 67        	ld	a4, 0x10(sp)
   14e2c: 91 66        	lui	a3, 0x4
   14e2e: fd 16        	addi	a3, a3, -0x1
   14e30: 33 8b e7 40  	sub	s6, a5, a4
   14e34: 13 07 00 04  	li	a4, 0x40
   14e38: da 96        	add	a3, a3, s6
   14e3a: 33 05 e1 00  	add	a0, sp, a4
   14e3e: a6 87        	mv	a5, s1
   14e40: 01 46        	li	a2, 0x0
   14e42: ef f0 8f eb  	jal	0x144fa <emdnorm>
   14e46: 03 57 01 04  	lhu	a4, 0x40(sp)
   14e4a: 83 57 01 02  	lhu	a5, 0x20(sp)
   14e4e: a2 85        	mv	a1, s0
   14e50: 88 00        	addi	a0, sp, 0x40
   14e52: 99 8f        	sub	a5, a5, a4
   14e54: b3 37 f0 00  	snez	a5, a5
   14e58: bb 07 f0 40  	negw	a5, a5
   14e5c: 23 10 f1 04  	sh	a5, 0x40(sp)
   14e60: ef f0 0f a3  	jal	0x14090 <emovo.isra.0>
   14e64: 0e 6a        	ld	s4, 0xc0(sp)
   14e66: ea 7a        	ld	s5, 0xb8(sp)
   14e68: 4a 7b        	ld	s6, 0xb0(sp)
   14e6a: aa 7b        	ld	s7, 0xa8(sp)
   14e6c: 0a 7c        	ld	s8, 0xa0(sp)
   14e6e: ea 6c        	ld	s9, 0x98(sp)
   14e70: 4a 6d        	ld	s10, 0x90(sp)
   14e72: aa 6d        	ld	s11, 0x88(sp)
   14e74: 29 bb        	j	0x14b8e <ediv+0xca>
   14e76: e3 f1 c6 f4  	bgeu	a3, a2, 0x14db8 <ediv+0x2f4>
   14e7a: 1b 03 fb ff  	addiw	t1, s6, -0x1
   14e7e: 42 13        	slli	t1, t1, 0x30
   14e80: 13 53 03 03  	srli	t1, t1, 0x30
   14e84: 01 46        	li	a2, 0x0
   14e86: 34 18        	addi	a3, sp, 0x38
   14e88: b8 18        	addi	a4, sp, 0x78
   14e8a: 83 57 07 00  	lhu	a5, 0x0(a4)
   14e8e: 83 d5 06 00  	lhu	a1, 0x0(a3)
   14e92: 79 17        	addi	a4, a4, -0x2
   14e94: f9 16        	addi	a3, a3, -0x2
   14e96: 8d 8f        	sub	a5, a5, a1
   14e98: 91 8f        	sub	a5, a5, a2
   14e9a: 23 11 f7 00  	sh	a5, 0x2(a4)
   14e9e: c1 83        	srli	a5, a5, 0x10
   14ea0: 13 f6 17 00  	andi	a2, a5, 0x1
   14ea4: e3 13 87 ff  	bne	a4, s8, 0x14e8a <ediv+0x3c6>
   14ea8: d8 00        	addi	a4, sp, 0x44
   14eaa: dc 10        	addi	a5, sp, 0x64
   14eac: 03 d6 07 00  	lhu	a2, 0x0(a5)
   14eb0: 83 56 07 00  	lhu	a3, 0x0(a4)
   14eb4: 89 07        	addi	a5, a5, 0x2
   14eb6: 09 07        	addi	a4, a4, 0x2
   14eb8: 63 16 d6 00  	bne	a2, a3, 0x14ec4 <ediv+0x400>
   14ebc: e3 98 b7 ff  	bne	a5, s11, 0x14eac <ediv+0x3e8>
   14ec0: 1a 8b        	mv	s6, t1
   14ec2: dd bd        	j	0x14db8 <ediv+0x2f4>
   14ec4: e3 fe c6 fe  	bgeu	a3, a2, 0x14ec0 <ediv+0x3fc>
   14ec8: 1b 05 eb ff  	addiw	a0, s6, -0x2
   14ecc: 13 1b 05 03  	slli	s6, a0, 0x30
   14ed0: 13 5b 0b 03  	srli	s6, s6, 0x30
   14ed4: 01 46        	li	a2, 0x0
   14ed6: 34 18        	addi	a3, sp, 0x38
   14ed8: b8 18        	addi	a4, sp, 0x78
   14eda: 83 57 07 00  	lhu	a5, 0x0(a4)
   14ede: 83 d5 06 00  	lhu	a1, 0x0(a3)
   14ee2: 79 17        	addi	a4, a4, -0x2
   14ee4: f9 16        	addi	a3, a3, -0x2
   14ee6: 8d 8f        	sub	a5, a5, a1
   14ee8: 91 8f        	sub	a5, a5, a2
   14eea: 23 11 f7 00  	sh	a5, 0x2(a4)
   14eee: c1 83        	srli	a5, a5, 0x10
   14ef0: 13 f6 17 00  	andi	a2, a5, 0x1
   14ef4: e3 13 87 ff  	bne	a4, s8, 0x14eda <ediv+0x416>
   14ef8: c1 b5        	j	0x14db8 <ediv+0x2f4>
   14efa: 88 00        	addi	a0, sp, 0x40
   14efc: ef f0 0f a2  	jal	0x1411c <enormlz>
   14f00: b3 07 a0 40  	neg	a5, a0
   14f04: ea 6c        	ld	s9, 0x98(sp)
   14f06: 3e e4        	sd	a5, 0x8(sp)
   14f08: f1 b3        	j	0x14cd4 <ediv+0x210>
   14f0a: 08 10        	addi	a0, sp, 0x20
   14f0c: d2 e1        	sd	s4, 0xc0(sp)
   14f0e: 56 fd        	sd	s5, 0xb8(sp)
   14f10: 5e f5        	sd	s7, 0xa8(sp)
   14f12: 66 ed        	sd	s9, 0x98(sp)
   14f14: 6a e9        	sd	s10, 0x90(sp)
   14f16: 6e e5        	sd	s11, 0x88(sp)
   14f18: ef f0 4f a0  	jal	0x1411c <enormlz>
   14f1c: b3 07 a0 40  	neg	a5, a0
   14f20: 3e e8        	sd	a5, 0x10(sp)
   14f22: 09 bd        	j	0x14d34 <ediv+0x270>
   14f24: 81 47        	li	a5, 0x0
   14f26: e5 b9        	j	0x14c1e <ediv+0x15a>
   14f28: 01 46        	li	a2, 0x0
   14f2a: cd b1        	j	0x14c0c <ediv+0x148>
   14f2c: 05 48        	li	a6, 0x1
   14f2e: d9 b1        	j	0x14bf4 <ediv+0x130>

0000000000014f30 <emul>:
   14f30: 31 71        	addi	sp, sp, -0xc0
   14f32: 26 f5        	sd	s1, 0xa8(sp)
   14f34: aa 84        	mv	s1, a0
   14f36: 03 55 25 01  	lhu	a0, 0x12(a0)
   14f3a: 21 67        	lui	a4, 0x8
   14f3c: 7d 17        	addi	a4, a4, -0x1
   14f3e: 22 f9        	sd	s0, 0xb0(sp)
   14f40: 4a f1        	sd	s2, 0xa0(sp)
   14f42: 52 e9        	sd	s4, 0x90(sp)
   14f44: 06 fd        	sd	ra, 0xb8(sp)
   14f46: 4e ed        	sd	s3, 0x98(sp)
   14f48: 33 78 e5 00  	and	a6, a0, a4
   14f4c: 2e 89        	mv	s2, a1
   14f4e: 32 84        	mv	s0, a2
   14f50: 36 8a        	mv	s4, a3
   14f52: 63 18 e8 0c  	bne	a6, a4, 0x15022 <emul+0xf2>
   14f56: 93 89 24 01  	addi	s3, s1, 0x12
   14f5a: 26 87        	mv	a4, s1
   14f5c: 03 56 07 00  	lhu	a2, 0x0(a4)
   14f60: 09 07        	addi	a4, a4, 0x2
   14f62: 63 14 06 14  	bnez	a2, 0x150aa <emul+0x17a>
   14f66: e3 9b e9 fe  	bne	s3, a4, 0x14f5c <emul+0x2c>
   14f6a: 03 56 29 01  	lhu	a2, 0x12(s2)
   14f6e: 93 47 f6 ff  	not	a5, a2
   14f72: 13 97 17 03  	slli	a4, a5, 0x31
   14f76: 45 cf        	beqz	a4, 0x1502e <emul+0xfe>
   14f78: a6 87        	mv	a5, s1
   14f7a: 03 d7 07 00  	lhu	a4, 0x0(a5)
   14f7e: 89 07        	addi	a5, a5, 0x2
   14f80: 63 1e 07 22  	bnez	a4, 0x151bc <emul+0x28c>
   14f84: e3 9b f9 fe  	bne	s3, a5, 0x14f7a <emul+0x4a>
   14f88: 97 a5 00 00  	auipc	a1, 0xa
   14f8c: 93 85 85 2a  	addi	a1, a1, 0x2a8
   14f90: 4a 85        	mv	a0, s2
   14f92: ef f0 0f c8  	jal	0x14412 <ecmp>
   14f96: 63 0d 05 22  	beqz	a0, 0x151d0 <emul+0x2a0>
   14f9a: 03 56 29 01  	lhu	a2, 0x12(s2)
   14f9e: 21 67        	lui	a4, 0x8
   14fa0: 7d 17        	addi	a4, a4, -0x1
   14fa2: b3 76 e6 00  	and	a3, a2, a4
   14fa6: b6 85        	mv	a1, a3
   14fa8: 93 07 29 01  	addi	a5, s2, 0x12
   14fac: 63 93 e6 36  	bne	a3, a4, 0x15312 <emul+0x3e2>
   14fb0: 4a 87        	mv	a4, s2
   14fb2: 83 56 07 00  	lhu	a3, 0x0(a4)
   14fb6: 09 07        	addi	a4, a4, 0x2
   14fb8: 63 90 06 16  	bnez	a3, 0x15118 <emul+0x1e8>
   14fbc: e3 9b e7 fe  	bne	a5, a4, 0x14fb2 <emul+0x82>
   14fc0: 97 a5 00 00  	auipc	a1, 0xa
   14fc4: 93 85 05 27  	addi	a1, a1, 0x270
   14fc8: 26 85        	mv	a0, s1
   14fca: ef f0 8f c4  	jal	0x14412 <ecmp>
   14fce: 63 01 05 20  	beqz	a0, 0x151d0 <emul+0x2a0>
   14fd2: 03 d5 24 01  	lhu	a0, 0x12(s1)
   14fd6: 03 56 29 01  	lhu	a2, 0x12(s2)
   14fda: a1 67        	lui	a5, 0x8
   14fdc: fd 17        	addi	a5, a5, -0x1
   14fde: 33 77 f5 00  	and	a4, a0, a5
   14fe2: b3 75 f6 00  	and	a1, a2, a5
   14fe6: ba 86        	mv	a3, a4
   14fe8: 63 01 f7 14  	beq	a4, a5, 0x1512a <emul+0x1fa>
   14fec: 2e 87        	mv	a4, a1
   14fee: b6 85        	mv	a1, a3
   14ff0: a1 67        	lui	a5, 0x8
   14ff2: 01 27        	sext.w	a4, a4
   14ff4: fd 17        	addi	a5, a5, -0x1
   14ff6: 63 1f f7 04  	bne	a4, a5, 0x15054 <emul+0x124>
   14ffa: 93 07 29 01  	addi	a5, s2, 0x12
   14ffe: 4a 87        	mv	a4, s2
   15000: 83 56 07 00  	lhu	a3, 0x0(a4)
   15004: 09 07        	addi	a4, a4, 0x2
   15006: b9 e6        	bnez	a3, 0x15054 <emul+0x124>
   15008: e3 9c e7 fe  	bne	a5, a4, 0x15000 <emul+0xd0>
   1500c: 21 68        	lui	a6, 0x8
   1500e: 7d 18        	addi	a6, a6, -0x1
   15010: 9b 86 05 00  	sext.w	a3, a1
   15014: 13 57 f5 00  	srli	a4, a0, 0xf
   15018: 93 89 24 01  	addi	s3, s1, 0x12
   1501c: 63 99 05 19  	bne	a1, a6, 0x151ae <emul+0x27e>
   15020: 05 a2        	j	0x15140 <emul+0x210>
   15022: 03 d6 25 01  	lhu	a2, 0x12(a1)
   15026: b3 77 e6 00  	and	a5, a2, a4
   1502a: 63 95 e7 02  	bne	a5, a4, 0x15054 <emul+0x124>
   1502e: 93 07 29 01  	addi	a5, s2, 0x12
   15032: 4a 87        	mv	a4, s2
   15034: 83 56 07 00  	lhu	a3, 0x0(a4)
   15038: 09 07        	addi	a4, a4, 0x2
   1503a: d1 ea        	bnez	a3, 0x150ce <emul+0x19e>
   1503c: e3 9c e7 fe  	bne	a5, a4, 0x15034 <emul+0x104>
   15040: 21 67        	lui	a4, 0x8
   15042: 7d 17        	addi	a4, a4, -0x1
   15044: 93 89 24 01  	addi	s3, s1, 0x12
   15048: e3 08 e8 f2  	beq	a6, a4, 0x14f78 <emul+0x48>
   1504c: b3 76 e6 00  	and	a3, a2, a4
   15050: e3 80 e6 f6  	beq	a3, a4, 0x14fb0 <emul+0x80>
   15054: 26 85        	mv	a0, s1
   15056: 8a 85        	mv	a1, sp
   15058: 56 e5        	sd	s5, 0x88(sp)
   1505a: ef f0 6f b2  	jal	0x14380 <emovi>
   1505e: 4a 85        	mv	a0, s2
   15060: 0c 10        	addi	a1, sp, 0x20
   15062: ef f0 ef b1  	jal	0x14380 <emovi>
   15066: 03 59 21 00  	lhu	s2, 0x2(sp)
   1506a: 83 5a 21 02  	lhu	s5, 0x22(sp)
   1506e: 63 02 09 08  	beqz	s2, 0x150f2 <emul+0x1c2>
   15072: 63 97 0a 18  	bnez	s5, 0x15200 <emul+0x2d0>
   15076: 93 07 21 02  	addi	a5, sp, 0x22
   1507a: 34 18        	addi	a3, sp, 0x38
   1507c: 03 d7 07 00  	lhu	a4, 0x0(a5)
   15080: 89 07        	addi	a5, a5, 0x2
   15082: 63 1c 07 26  	bnez	a4, 0x152fa <emul+0x3ca>
   15086: e3 9b f6 fe  	bne	a3, a5, 0x1507c <emul+0x14c>
   1508a: 93 07 44 01  	addi	a5, s0, 0x14
   1508e: 09 04        	addi	s0, s0, 0x2
   15090: 23 1f 04 fe  	sh	zero, -0x2(s0)
   15094: e3 1d f4 fe  	bne	s0, a5, 0x1508e <emul+0x15e>
   15098: aa 6a        	ld	s5, 0x88(sp)
   1509a: ea 70        	ld	ra, 0xb8(sp)
   1509c: 4a 74        	ld	s0, 0xb0(sp)
   1509e: aa 74        	ld	s1, 0xa8(sp)
   150a0: 0a 79        	ld	s2, 0xa0(sp)
   150a2: ea 69        	ld	s3, 0x98(sp)
   150a4: 4a 6a        	ld	s4, 0x90(sp)
   150a6: 29 61        	addi	sp, sp, 0xc0
   150a8: 82 80        	ret
   150aa: 13 07 44 01  	addi	a4, s0, 0x14
   150ae: 83 d7 04 00  	lhu	a5, 0x0(s1)
   150b2: 09 04        	addi	s0, s0, 0x2
   150b4: 89 04        	addi	s1, s1, 0x2
   150b6: 23 1f f4 fe  	sh	a5, -0x2(s0)
   150ba: e3 1a e4 fe  	bne	s0, a4, 0x150ae <emul+0x17e>
   150be: ea 70        	ld	ra, 0xb8(sp)
   150c0: 4a 74        	ld	s0, 0xb0(sp)
   150c2: aa 74        	ld	s1, 0xa8(sp)
   150c4: 0a 79        	ld	s2, 0xa0(sp)
   150c6: ea 69        	ld	s3, 0x98(sp)
   150c8: 4a 6a        	ld	s4, 0x90(sp)
   150ca: 29 61        	addi	sp, sp, 0xc0
   150cc: 82 80        	ret
   150ce: 13 07 44 01  	addi	a4, s0, 0x14
   150d2: 83 57 09 00  	lhu	a5, 0x0(s2)
   150d6: 09 04        	addi	s0, s0, 0x2
   150d8: 09 09        	addi	s2, s2, 0x2
   150da: 23 1f f4 fe  	sh	a5, -0x2(s0)
   150de: e3 1a 87 fe  	bne	a4, s0, 0x150d2 <emul+0x1a2>
   150e2: ea 70        	ld	ra, 0xb8(sp)
   150e4: 4a 74        	ld	s0, 0xb0(sp)
   150e6: aa 74        	ld	s1, 0xa8(sp)
   150e8: 0a 79        	ld	s2, 0xa0(sp)
   150ea: ea 69        	ld	s3, 0x98(sp)
   150ec: 4a 6a        	ld	s4, 0x90(sp)
   150ee: 29 61        	addi	sp, sp, 0xc0
   150f0: 82 80        	ret
   150f2: 93 07 21 00  	addi	a5, sp, 0x2
   150f6: 34 08        	addi	a3, sp, 0x18
   150f8: 03 d7 07 00  	lhu	a4, 0x0(a5)
   150fc: 89 07        	addi	a5, a5, 0x2
   150fe: 63 18 07 1e  	bnez	a4, 0x152ee <emul+0x3be>
   15102: e3 9b f6 fe  	bne	a3, a5, 0x150f8 <emul+0x1c8>
   15106: 93 07 44 01  	addi	a5, s0, 0x14
   1510a: 09 04        	addi	s0, s0, 0x2
   1510c: 23 1f 04 fe  	sh	zero, -0x2(s0)
   15110: e3 1d f4 fe  	bne	s0, a5, 0x1510a <emul+0x1da>
   15114: aa 6a        	ld	s5, 0x88(sp)
   15116: 51 b7        	j	0x1509a <emul+0x16a>
   15118: 03 d5 24 01  	lhu	a0, 0x12(s1)
   1511c: 21 67        	lui	a4, 0x8
   1511e: 7d 17        	addi	a4, a4, -0x1
   15120: b3 76 e5 00  	and	a3, a0, a4
   15124: b6 85        	mv	a1, a3
   15126: e3 9c e6 ec  	bne	a3, a4, 0x14ffe <emul+0xce>
   1512a: 93 89 24 01  	addi	s3, s1, 0x12
   1512e: a6 87        	mv	a5, s1
   15130: 03 d7 07 00  	lhu	a4, 0x0(a5)
   15134: 89 07        	addi	a5, a5, 0x2
   15136: 61 e3        	bnez	a4, 0x151f6 <emul+0x2c6>
   15138: e3 9c f9 fe  	bne	s3, a5, 0x15130 <emul+0x200>
   1513c: 9b 86 05 00  	sext.w	a3, a1
   15140: 83 d7 04 00  	lhu	a5, 0x0(s1)
   15144: 89 04        	addi	s1, s1, 0x2
   15146: 99 eb        	bnez	a5, 0x1515c <emul+0x22c>
   15148: e3 9c 99 fe  	bne	s3, s1, 0x15140 <emul+0x210>
   1514c: 1b 15 05 01  	slliw	a0, a0, 0x10
   15150: 1b 55 05 41  	sraiw	a0, a0, 0x10
   15154: 93 17 05 02  	slli	a5, a0, 0x20
   15158: 63 c4 07 04  	bltz	a5, 0x151a0 <emul+0x270>
   1515c: a1 67        	lui	a5, 0x8
   1515e: fd 17        	addi	a5, a5, -0x1
   15160: 01 47        	li	a4, 0x0
   15162: 63 84 f6 04  	beq	a3, a5, 0x151aa <emul+0x27a>
   15166: 3d 82        	srli	a2, a2, 0xf
   15168: 31 8f        	xor	a4, a4, a2
   1516a: 1b 17 f7 00  	slliw	a4, a4, 0xf
   1516e: 23 19 e4 00  	sh	a4, 0x12(s0)
   15172: a2 87        	mv	a5, s0
   15174: 13 07 24 01  	addi	a4, s0, 0x12
   15178: 89 07        	addi	a5, a5, 0x2
   1517a: 23 9f 07 fe  	sh	zero, -0x2(a5)
   1517e: e3 9d e7 fe  	bne	a5, a4, 0x15178 <emul+0x248>
   15182: 83 57 24 01  	lhu	a5, 0x12(s0)
   15186: 21 67        	lui	a4, 0x8
   15188: 7d 17        	addi	a4, a4, -0x1
   1518a: d9 8f        	or	a5, a5, a4
   1518c: ea 70        	ld	ra, 0xb8(sp)
   1518e: 23 19 f4 00  	sh	a5, 0x12(s0)
   15192: 4a 74        	ld	s0, 0xb0(sp)
   15194: aa 74        	ld	s1, 0xa8(sp)
   15196: 0a 79        	ld	s2, 0xa0(sp)
   15198: ea 69        	ld	s3, 0x98(sp)
   1519a: 4a 6a        	ld	s4, 0x90(sp)
   1519c: 29 61        	addi	sp, sp, 0xc0
   1519e: 82 80        	ret
   151a0: a1 67        	lui	a5, 0x8
   151a2: fd 17        	addi	a5, a5, -0x1
   151a4: 05 47        	li	a4, 0x1
   151a6: e3 90 f6 fc  	bne	a3, a5, 0x15166 <emul+0x236>
   151aa: 93 07 29 01  	addi	a5, s2, 0x12
   151ae: 83 56 09 00  	lhu	a3, 0x0(s2)
   151b2: 09 09        	addi	s2, s2, 0x2
   151b4: 9d ee        	bnez	a3, 0x151f2 <emul+0x2c2>
   151b6: e3 9c 27 ff  	bne	a5, s2, 0x151ae <emul+0x27e>
   151ba: 75 b7        	j	0x15166 <emul+0x236>
   151bc: 21 67        	lui	a4, 0x8
   151be: 7d 17        	addi	a4, a4, -0x1
   151c0: b3 76 e6 00  	and	a3, a2, a4
   151c4: b6 85        	mv	a1, a3
   151c6: 93 07 29 01  	addi	a5, s2, 0x12
   151ca: e3 83 e6 de  	beq	a3, a4, 0x14fb0 <emul+0x80>
   151ce: 85 b7        	j	0x1512e <emul+0x1fe>
   151d0: 13 07 04 01  	addi	a4, s0, 0x10
   151d4: a2 87        	mv	a5, s0
   151d6: 89 07        	addi	a5, a5, 0x2
   151d8: 23 9f 07 fe  	sh	zero, -0x2(a5)
   151dc: e3 1d f7 fe  	bne	a4, a5, 0x151d6 <emul+0x2a6>
   151e0: e1 77        	lui	a5, 0xffff8
   151e2: 93 c7 f7 ff  	not	a5, a5
   151e6: 71 77        	lui	a4, 0xffffc
   151e8: 23 19 f4 00  	sh	a5, 0x12(s0)
   151ec: 23 18 e4 00  	sh	a4, 0x10(s0)
   151f0: 6d b5        	j	0x1509a <emul+0x16a>
   151f2: 01 46        	li	a2, 0x0
   151f4: 95 bf        	j	0x15168 <emul+0x238>
   151f6: a1 67        	lui	a5, 0x8
   151f8: 2e 87        	mv	a4, a1
   151fa: 93 85 f7 ff  	addi	a1, a5, -0x1
   151fe: cd bb        	j	0x14ff0 <emul+0xc0>
   15200: 5a e1        	sd	s6, 0x80(sp)
   15202: de fc        	sd	s7, 0x78(sp)
   15204: e2 f8        	sd	s8, 0x70(sp)
   15206: e6 f4        	sd	s9, 0x68(sp)
   15208: d6 89        	mv	s3, s5
   1520a: 83 57 01 02  	lhu	a5, 0x20(sp)
   1520e: 93 04 8a 03  	addi	s1, s4, 0x38
   15212: 23 1b 5a 03  	sh	s5, 0x36(s4)
   15216: 23 1a fa 02  	sh	a5, 0x34(s4)
   1521a: 13 07 ea 04  	addi	a4, s4, 0x4e
   1521e: a6 87        	mv	a5, s1
   15220: 23 90 07 00  	sh	zero, 0x0(a5)
   15224: 89 07        	addi	a5, a5, 0x2
   15226: e3 1d f7 fe  	bne	a4, a5, 0x15220 <emul+0x2f0>
   1522a: 13 0c ca 04  	addi	s8, s4, 0x4c
   1522e: 81 4b        	li	s7, 0x0
   15230: 93 0a 81 01  	addi	s5, sp, 0x18
   15234: 93 0c 41 00  	addi	s9, sp, 0x4
   15238: 13 0b 21 04  	addi	s6, sp, 0x42
   1523c: 03 d5 0a 00  	lhu	a0, 0x0(s5)
   15240: f9 1a        	addi	s5, s5, -0x2
   15242: 3d ed        	bnez	a0, 0x152c0 <emul+0x390>
   15244: 83 57 ca 04  	lhu	a5, 0x4c(s4)
   15248: 62 87        	mv	a4, s8
   1524a: b3 eb fb 00  	or	s7, s7, a5
   1524e: 03 56 e7 ff  	lhu	a2, -0x2(a4)
   15252: 79 17        	addi	a4, a4, -0x2
   15254: 23 11 c7 00  	sh	a2, 0x2(a4)
   15258: e3 1b 97 fe  	bne	a4, s1, 0x1524e <emul+0x31e>
   1525c: 23 1c 0a 02  	sh	zero, 0x38(s4)
   15260: e3 9e 9a fd  	bne	s5, s9, 0x1523c <emul+0x30c>
   15264: 13 07 4a 03  	addi	a4, s4, 0x34
   15268: 1c 10        	addi	a5, sp, 0x20
   1526a: 13 06 a1 03  	addi	a2, sp, 0x3a
   1526e: 83 56 07 00  	lhu	a3, 0x0(a4)
   15272: 89 07        	addi	a5, a5, 0x2
   15274: 09 07        	addi	a4, a4, 0x2
   15276: 23 9f d7 fe  	sh	a3, -0x2(a5)
   1527a: e3 9a c7 fe  	bne	a5, a2, 0x1526e <emul+0x33e>
   1527e: f1 76        	lui	a3, 0xffffc
   15280: 4e 99        	add	s2, s2, s3
   15282: 89 06        	addi	a3, a3, 0x2
   15284: de 85        	mv	a1, s7
   15286: d2 87        	mv	a5, s4
   15288: ca 96        	add	a3, a3, s2
   1528a: 13 07 00 04  	li	a4, 0x40
   1528e: 01 46        	li	a2, 0x0
   15290: 08 10        	addi	a0, sp, 0x20
   15292: ef f0 8f a6  	jal	0x144fa <emdnorm>
   15296: 03 57 01 02  	lhu	a4, 0x20(sp)
   1529a: 83 57 01 00  	lhu	a5, 0x0(sp)
   1529e: a2 85        	mv	a1, s0
   152a0: 08 10        	addi	a0, sp, 0x20
   152a2: 99 8f        	sub	a5, a5, a4
   152a4: b3 37 f0 00  	snez	a5, a5
   152a8: bb 07 f0 40  	negw	a5, a5
   152ac: 23 10 f1 02  	sh	a5, 0x20(sp)
   152b0: ef e0 1f de  	jal	0x14090 <emovo.isra.0>
   152b4: aa 6a        	ld	s5, 0x88(sp)
   152b6: 0a 6b        	ld	s6, 0x80(sp)
   152b8: e6 7b        	ld	s7, 0x78(sp)
   152ba: 46 7c        	ld	s8, 0x70(sp)
   152bc: a6 7c        	ld	s9, 0x68(sp)
   152be: f1 bb        	j	0x1509a <emul+0x16a>
   152c0: 90 00        	addi	a2, sp, 0x40
   152c2: 0c 10        	addi	a1, sp, 0x20
   152c4: ef e0 7f d6  	jal	0x1402a <m16m>
   152c8: e2 85        	mv	a1, s8
   152ca: b0 08        	addi	a2, sp, 0x58
   152cc: 81 47        	li	a5, 0x0
   152ce: 83 d6 05 00  	lhu	a3, 0x0(a1)
   152d2: 03 57 06 00  	lhu	a4, 0x0(a2)
   152d6: 79 16        	addi	a2, a2, -0x2
   152d8: f9 15        	addi	a1, a1, -0x2
   152da: 36 97        	add	a4, a4, a3
   152dc: 3e 97        	add	a4, a4, a5
   152de: 23 91 e5 00  	sh	a4, 0x2(a1)
   152e2: 41 83        	srli	a4, a4, 0x10
   152e4: 93 77 17 00  	andi	a5, a4, 0x1
   152e8: e3 13 66 ff  	bne	a2, s6, 0x152ce <emul+0x39e>
   152ec: a1 bf        	j	0x15244 <emul+0x314>
   152ee: 0a 85        	mv	a0, sp
   152f0: ef e0 df e2  	jal	0x1411c <enormlz>
   152f4: 33 09 a0 40  	neg	s2, a0
   152f8: ad bb        	j	0x15072 <emul+0x142>
   152fa: 08 10        	addi	a0, sp, 0x20
   152fc: 5a e1        	sd	s6, 0x80(sp)
   152fe: de fc        	sd	s7, 0x78(sp)
   15300: e2 f8        	sd	s8, 0x70(sp)
   15302: e6 f4        	sd	s9, 0x68(sp)
   15304: ef e0 9f e1  	jal	0x1411c <enormlz>
   15308: b3 09 a0 40  	neg	s3, a0
   1530c: 83 5a 21 02  	lhu	s5, 0x22(sp)
   15310: ed bd        	j	0x1520a <emul+0x2da>
   15312: 03 d5 24 01  	lhu	a0, 0x12(s1)
   15316: b3 77 e5 00  	and	a5, a0, a4
   1531a: e3 9d e7 d2  	bne	a5, a4, 0x15054 <emul+0x124>
   1531e: 01 bd        	j	0x1512e <emul+0x1fe>

0000000000015320 <_ldtoa_r>:
   15320: 13 03 10 09  	li	t1, 0x91
   15324: 02 13        	slli	t1, t1, 0x20
   15326: 03 3e 05 06  	ld	t3, 0x60(a0)
   1532a: 13 01 01 d9  	addi	sp, sp, -0x270
   1532e: 7d 13        	addi	t1, t1, -0x1
   15330: 23 30 81 26  	sd	s0, 0x260(sp)
   15334: 23 30 41 25  	sd	s4, 0x240(sp)
   15338: 23 3c 51 23  	sd	s5, 0x238(sp)
   1533c: 23 38 61 23  	sd	s6, 0x230(sp)
   15340: 23 34 11 26  	sd	ra, 0x268(sp)
   15344: 23 3c 91 24  	sd	s1, 0x258(sp)
   15348: 23 38 21 25  	sd	s2, 0x250(sp)
   1534c: 23 34 71 23  	sd	s7, 0x228(sp)
   15350: ae f0        	sd	a1, 0x60(sp)
   15352: b2 f4        	sd	a2, 0x68(sp)
   15354: 1a fb        	sd	t1, 0x1b0(sp)
   15356: 3a e8        	sd	a4, 0x10(sp)
   15358: 3e ec        	sd	a5, 0x18(sp)
   1535a: 46 f0        	sd	a7, 0x20(sp)
   1535c: 2a 8a        	mv	s4, a0
   1535e: b6 8a        	mv	s5, a3
   15360: 42 84        	mv	s0, a6
   15362: 01 4b        	li	s6, 0x0
   15364: 63 0f 0e 00  	beqz	t3, 0x15382 <_ldtoa_r+0x62>
   15368: 38 55        	lw	a4, 0x68(a0)
   1536a: 85 47        	li	a5, 0x1
   1536c: f2 85        	mv	a1, t3
   1536e: bb 97 e7 00  	sllw	a5, a5, a4
   15372: 23 24 ee 00  	sw	a4, 0x8(t3)
   15376: 23 26 fe 00  	sw	a5, 0xc(t3)
   1537a: ef 10 f0 21  	jal	0x16d98 <_Bfree>
   1537e: 23 30 0a 06  	sd	zero, 0x60(s4)
   15382: 0c 09        	addi	a1, sp, 0x90
   15384: 88 10        	addi	a0, sp, 0x60
   15386: ef f0 0f e4  	jal	0x149c6 <e113toe.isra.0>
   1538a: 83 56 21 0a  	lhu	a3, 0xa2(sp)
   1538e: a1 67        	lui	a5, 0x8
   15390: fd 17        	addi	a5, a5, -0x1
   15392: 33 f7 f6 00  	and	a4, a3, a5
   15396: 3a f8        	sd	a4, 0x30(sp)
   15398: 63 0e f7 50  	beq	a4, a5, 0x158b4 <_ldtoa_r+0x594>
   1539c: 23 34 31 25  	sd	s3, 0x248(sp)
   153a0: 23 30 81 23  	sd	s8, 0x220(sp)
   153a4: 23 3c 91 21  	sd	s9, 0x218(sp)
   153a8: 23 38 a1 21  	sd	s10, 0x210(sp)
   153ac: 23 34 b1 21  	sd	s11, 0x208(sp)
   153b0: bd 82        	srli	a3, a3, 0xf
   153b2: 14 c0        	sw	a3, 0x0(s0)
   153b4: 8d 47        	li	a5, 0x3
   153b6: e3 86 fa 00  	beq	s5, a5, 0x15bc2 <_ldtoa_r+0x8a2>
   153ba: d1 47        	li	a5, 0x14
   153bc: 3e e4        	sd	a5, 0x8(sp)
   153be: e3 9e 0a 00  	bnez	s5, 0x15bda <_ldtoa_r+0x8ba>
   153c2: 1c 19        	addi	a5, sp, 0xb0
   153c4: 18 09        	addi	a4, sp, 0x90
   153c6: 13 0c 41 0c  	addi	s8, sp, 0xc4
   153ca: 83 56 07 00  	lhu	a3, 0x0(a4)
   153ce: 89 07        	addi	a5, a5, 0x2
   153d0: 09 07        	addi	a4, a4, 0x2
   153d2: 23 9f d7 fe  	sh	a3, -0x2(a5)
   153d6: e3 9a 87 ff  	bne	a5, s8, 0x153ca <_ldtoa_r+0xaa>
   153da: 83 5c 21 0c  	lhu	s9, 0xc2(sp)
   153de: 02 f4        	sd	zero, 0x28(sp)
   153e0: 9b 97 0c 01  	slliw	a5, s9, 0x10
   153e4: 9b d7 07 41  	sraiw	a5, a5, 0x10
   153e8: 13 97 07 02  	slli	a4, a5, 0x20
   153ec: 63 5a 07 00  	bgez	a4, 0x15400 <_ldtoa_r+0xe0>
   153f0: c6 1c        	slli	s9, s9, 0x31
   153f2: c1 67        	lui	a5, 0x10
   153f4: 93 dc 1c 03  	srli	s9, s9, 0x31
   153f8: fd 17        	addi	a5, a5, -0x1
   153fa: 23 11 91 0d  	sh	s9, 0xc2(sp)
   153fe: 3e f4        	sd	a5, 0x28(sp)
   15400: 9c 09        	addi	a5, sp, 0xd0
   15402: 17 a7 00 00  	auipc	a4, 0xa
   15406: 13 07 67 e1  	addi	a4, a4, -0x1ea
   1540a: 13 0d 41 0e  	addi	s10, sp, 0xe4
   1540e: 83 56 07 00  	lhu	a3, 0x0(a4)
   15412: 89 07        	addi	a5, a5, 0x2
   15414: 09 07        	addi	a4, a4, 0x2
   15416: 23 9f d7 fe  	sh	a3, -0x2(a5)
   1541a: e3 9a a7 ff  	bne	a5, s10, 0x1540e <_ldtoa_r+0xee>
   1541e: 63 9c 0c 5e  	bnez	s9, 0x15a16 <_ldtoa_r+0x6f6>
   15422: 1c 19        	addi	a5, sp, 0xb0
   15424: 93 06 21 0c  	addi	a3, sp, 0xc2
   15428: 03 d7 07 00  	lhu	a4, 0x0(a5)
   1542c: 89 07        	addi	a5, a5, 0x2
   1542e: 63 1c 07 5e  	bnez	a4, 0x15a26 <_ldtoa_r+0x706>
   15432: e3 9b d7 fe  	bne	a5, a3, 0x15428 <_ldtoa_r+0x108>
   15436: 01 44        	li	s0, 0x0
   15438: 93 0b 01 17  	addi	s7, sp, 0x170
   1543c: 13 09 01 1b  	addi	s2, sp, 0x1b0
   15440: 04 0a        	addi	s1, sp, 0x110
   15442: 93 0d 81 12  	addi	s11, sp, 0x128
   15446: a6 85        	mv	a1, s1
   15448: 88 09        	addi	a0, sp, 0xd0
   1544a: ef e0 7f f3  	jal	0x14380 <emovi>
   1544e: a6 89        	mv	s3, s1
   15450: 94 09        	addi	a3, sp, 0xd0
   15452: 26 87        	mv	a4, s1
   15454: 1c 63        	ld	a5, 0x0(a4)
   15456: 21 07        	addi	a4, a4, 0x8
   15458: a1 06        	addi	a3, a3, 0x8
   1545a: 23 bc f6 fe  	sd	a5, -0x8(a3)
   1545e: e3 9b ed fe  	bne	s11, a4, 0x15454 <_ldtoa_r+0x134>
   15462: a6 85        	mv	a1, s1
   15464: 08 19        	addi	a0, sp, 0xb0
   15466: 23 14 01 0e  	sh	zero, 0xe8(sp)
   1546a: ef e0 7f f1  	jal	0x14380 <emovi>
   1546e: 18 19        	addi	a4, sp, 0xb0
   15470: 83 b7 09 00  	ld	a5, 0x0(s3)
   15474: a1 09        	addi	s3, s3, 0x8
   15476: 21 07        	addi	a4, a4, 0x8
   15478: 23 3c f7 fe  	sd	a5, -0x8(a4)
   1547c: e3 9a 3d ff  	bne	s11, s3, 0x15470 <_ldtoa_r+0x150>
   15480: 4a 86        	mv	a2, s2
   15482: 0c 19        	addi	a1, sp, 0xb0
   15484: 88 09        	addi	a0, sp, 0xd0
   15486: 23 14 01 0c  	sh	zero, 0xc8(sp)
   1548a: 23 1e 61 1f  	sh	s6, 0x1fc(sp)
   1548e: ef f0 0f c4  	jal	0x148ce <eiremain>
   15492: 83 5c c1 1f  	lhu	s9, 0x1fc(sp)
   15496: e6 86        	mv	a3, s9
   15498: 63 99 0c 16  	bnez	s9, 0x1560a <_ldtoa_r+0x2ea>
   1549c: 13 0b 21 0b  	addi	s6, sp, 0xb2
   154a0: 13 0c 81 10  	addi	s8, sp, 0x108
   154a4: 93 09 21 0f  	addi	s3, sp, 0xf2
   154a8: 97 a5 00 00  	auipc	a1, 0xa
   154ac: 93 85 85 d8  	addi	a1, a1, -0x278
   154b0: 08 19        	addi	a0, sp, 0xb0
   154b2: ef e0 1f f6  	jal	0x14412 <ecmp>
   154b6: 63 00 05 6c  	beqz	a0, 0x15b76 <_ldtoa_r+0x856>
   154ba: 01 47        	li	a4, 0x0
   154bc: b4 01        	addi	a3, sp, 0xc8
   154be: 11 a8        	j	0x154d2 <_ldtoa_r+0x1b2>
   154c0: 1b 17 17 00  	slliw	a4, a4, 0x1
   154c4: 23 90 f6 00  	sh	a5, 0x0(a3)
   154c8: 42 17        	slli	a4, a4, 0x30
   154ca: f9 16        	addi	a3, a3, -0x2
   154cc: 41 93        	srli	a4, a4, 0x30
   154ce: 63 80 66 05  	beq	a3, s6, 0x1550e <_ldtoa_r+0x1ee>
   154d2: 83 d7 06 00  	lhu	a5, 0x0(a3)
   154d6: 1b 96 07 01  	slliw	a2, a5, 0x10
   154da: 1b 56 06 41  	sraiw	a2, a2, 0x10
   154de: 9b 97 17 00  	slliw	a5, a5, 0x1
   154e2: c2 17        	slli	a5, a5, 0x30
   154e4: 93 15 06 02  	slli	a1, a2, 0x20
   154e8: c1 93        	srli	a5, a5, 0x30
   154ea: 63 d4 05 00  	bgez	a1, 0x154f2 <_ldtoa_r+0x1d2>
   154ee: 13 67 17 00  	ori	a4, a4, 0x1
   154f2: 13 76 27 00  	andi	a2, a4, 0x2
   154f6: 93 e5 17 00  	ori	a1, a5, 0x1
   154fa: 79 d2        	beqz	a2, 0x154c0 <_ldtoa_r+0x1a0>
   154fc: 1b 17 17 00  	slliw	a4, a4, 0x1
   15500: 23 90 b6 00  	sh	a1, 0x0(a3)
   15504: 42 17        	slli	a4, a4, 0x30
   15506: f9 16        	addi	a3, a3, -0x2
   15508: 41 93        	srli	a4, a4, 0x30
   1550a: e3 94 66 fd  	bne	a3, s6, 0x154d2 <_ldtoa_r+0x1b2>
   1550e: 9c 19        	addi	a5, sp, 0xf0
   15510: 18 19        	addi	a4, sp, 0xb0
   15512: 14 63        	ld	a3, 0x0(a4)
   15514: a1 07        	addi	a5, a5, 0x8
   15516: 21 07        	addi	a4, a4, 0x8
   15518: 23 bc d7 fe  	sd	a3, -0x8(a5)
   1551c: e3 1b fc fe  	bne	s8, a5, 0x15512 <_ldtoa_r+0x1f2>
   15520: 23 14 01 10  	sh	zero, 0x108(sp)
   15524: 01 47        	li	a4, 0x0
   15526: e2 86        	mv	a3, s8
   15528: 11 a8        	j	0x1553c <_ldtoa_r+0x21c>
   1552a: 1b 17 17 00  	slliw	a4, a4, 0x1
   1552e: 23 90 f6 00  	sh	a5, 0x0(a3)
   15532: 42 17        	slli	a4, a4, 0x30
   15534: f9 16        	addi	a3, a3, -0x2
   15536: 41 93        	srli	a4, a4, 0x30
   15538: 63 80 36 05  	beq	a3, s3, 0x15578 <_ldtoa_r+0x258>
   1553c: 83 d7 06 00  	lhu	a5, 0x0(a3)
   15540: 1b 96 07 01  	slliw	a2, a5, 0x10
   15544: 1b 56 06 41  	sraiw	a2, a2, 0x10
   15548: 9b 97 17 00  	slliw	a5, a5, 0x1
   1554c: c2 17        	slli	a5, a5, 0x30
   1554e: 93 15 06 02  	slli	a1, a2, 0x20
   15552: c1 93        	srli	a5, a5, 0x30
   15554: 63 d4 05 00  	bgez	a1, 0x1555c <_ldtoa_r+0x23c>
   15558: 13 67 17 00  	ori	a4, a4, 0x1
   1555c: 13 76 27 00  	andi	a2, a4, 0x2
   15560: 93 e5 17 00  	ori	a1, a5, 0x1
   15564: 79 d2        	beqz	a2, 0x1552a <_ldtoa_r+0x20a>
   15566: 1b 17 17 00  	slliw	a4, a4, 0x1
   1556a: 23 90 b6 00  	sh	a1, 0x0(a3)
   1556e: 42 17        	slli	a4, a4, 0x30
   15570: f9 16        	addi	a3, a3, -0x2
   15572: 41 93        	srli	a4, a4, 0x30
   15574: e3 94 36 fd  	bne	a3, s3, 0x1553c <_ldtoa_r+0x21c>
   15578: 01 47        	li	a4, 0x0
   1557a: e2 86        	mv	a3, s8
   1557c: 11 a8        	j	0x15590 <_ldtoa_r+0x270>
   1557e: 1b 17 17 00  	slliw	a4, a4, 0x1
   15582: 23 90 f6 00  	sh	a5, 0x0(a3)
   15586: 42 17        	slli	a4, a4, 0x30
   15588: f9 16        	addi	a3, a3, -0x2
   1558a: 41 93        	srli	a4, a4, 0x30
   1558c: 63 80 36 05  	beq	a3, s3, 0x155cc <_ldtoa_r+0x2ac>
   15590: 83 d7 06 00  	lhu	a5, 0x0(a3)
   15594: 1b 96 07 01  	slliw	a2, a5, 0x10
   15598: 1b 56 06 41  	sraiw	a2, a2, 0x10
   1559c: 9b 97 17 00  	slliw	a5, a5, 0x1
   155a0: c2 17        	slli	a5, a5, 0x30
   155a2: 93 15 06 02  	slli	a1, a2, 0x20
   155a6: c1 93        	srli	a5, a5, 0x30
   155a8: 63 d4 05 00  	bgez	a1, 0x155b0 <_ldtoa_r+0x290>
   155ac: 13 67 17 00  	ori	a4, a4, 0x1
   155b0: 13 76 27 00  	andi	a2, a4, 0x2
   155b4: 93 e5 17 00  	ori	a1, a5, 0x1
   155b8: 79 d2        	beqz	a2, 0x1557e <_ldtoa_r+0x25e>
   155ba: 1b 17 17 00  	slliw	a4, a4, 0x1
   155be: 23 90 b6 00  	sh	a1, 0x0(a3)
   155c2: 42 17        	slli	a4, a4, 0x30
   155c4: f9 16        	addi	a3, a3, -0x2
   155c6: 41 93        	srli	a4, a4, 0x30
   155c8: e3 94 36 fd  	bne	a3, s3, 0x15590 <_ldtoa_r+0x270>
   155cc: 01 46        	li	a2, 0x0
   155ce: b4 01        	addi	a3, sp, 0xc8
   155d0: 62 87        	mv	a4, s8
   155d2: 83 d5 06 00  	lhu	a1, 0x0(a3)
   155d6: 83 57 07 00  	lhu	a5, 0x0(a4)
   155da: 79 17        	addi	a4, a4, -0x2
   155dc: f9 16        	addi	a3, a3, -0x2
   155de: ae 97        	add	a5, a5, a1
   155e0: b2 97        	add	a5, a5, a2
   155e2: 23 91 f6 00  	sh	a5, 0x2(a3)
   155e6: c1 83        	srli	a5, a5, 0x10
   155e8: 13 f6 17 00  	andi	a2, a5, 0x1
   155ec: e3 13 37 ff  	bne	a4, s3, 0x155d2 <_ldtoa_r+0x2b2>
   155f0: 4a 86        	mv	a2, s2
   155f2: 0c 19        	addi	a1, sp, 0xb0
   155f4: 88 09        	addi	a0, sp, 0xd0
   155f6: 23 1e 01 1e  	sh	zero, 0x1fc(sp)
   155fa: ef f0 4f ad  	jal	0x148ce <eiremain>
   155fe: 83 56 c1 1f  	lhu	a3, 0x1fc(sp)
   15602: 7d 34        	addiw	s0, s0, -0x1
   15604: e3 82 06 ea  	beqz	a3, 0x154a8 <_ldtoa_r+0x188>
   15608: b6 8c        	mv	s9, a3
   1560a: a2 77        	ld	a5, 0x28(sp)
   1560c: 13 07 00 02  	li	a4, 0x20
   15610: 99 c3        	beqz	a5, 0x15616 <_ldtoa_r+0x2f6>
   15612: 13 07 d0 02  	li	a4, 0x2d
   15616: 23 08 e1 16  	sb	a4, 0x170(sp)
   1561a: 0d 46        	li	a2, 0x3
   1561c: 22 67        	ld	a4, 0x8(sp)
   1561e: 63 93 ca 00  	bne	s5, a2, 0x15624 <_ldtoa_r+0x304>
   15622: 21 9f        	addw	a4, a4, s0
   15624: 93 05 a0 02  	li	a1, 0x2a
   15628: 1b 06 07 00  	sext.w	a2, a4
   1562c: 63 d3 e5 00  	bge	a1, a4, 0x15632 <_ldtoa_r+0x312>
   15630: 2e 86        	mv	a2, a1
   15632: a9 45        	li	a1, 0xa
   15634: 63 85 bc 56  	beq	s9, a1, 0x15b9e <_ldtoa_r+0x87e>
   15638: 9b 8c 0c 03  	addiw	s9, s9, 0x30
   1563c: 93 05 e0 02  	li	a1, 0x2e
   15640: a3 08 91 17  	sb	s9, 0x171(sp)
   15644: 23 09 b1 16  	sb	a1, 0x172(sp)
   15648: e3 44 07 1c  	bltz	a4, 0x16010 <_ldtoa_r+0xcf0>
   1564c: 93 05 31 17  	addi	a1, sp, 0x173
   15650: 93 0d 81 0c  	addi	s11, sp, 0xc8
   15654: 13 0b 16 00  	addi	s6, a2, 0x1
   15658: 22 f4        	sd	s0, 0x28(sp)
   1565a: 2e 9b        	add	s6, s6, a1
   1565c: 6e 84        	mv	s0, s11
   1565e: 2e 8d        	mv	s10, a1
   15660: 93 09 01 0f  	addi	s3, sp, 0xf0
   15664: 93 0c 21 0b  	addi	s9, sp, 0xb2
   15668: 13 0c 21 0f  	addi	s8, sp, 0xf2
   1566c: b2 84        	mv	s1, a2
   1566e: ae 8d        	mv	s11, a1
   15670: 01 46        	li	a2, 0x0
   15672: ac 01        	addi	a1, sp, 0xc8
   15674: 11 a8        	j	0x15688 <_ldtoa_r+0x368>
   15676: 1b 16 16 00  	slliw	a2, a2, 0x1
   1567a: 23 90 f5 00  	sh	a5, 0x0(a1)
   1567e: 42 16        	slli	a2, a2, 0x30
   15680: f9 15        	addi	a1, a1, -0x2
   15682: 41 92        	srli	a2, a2, 0x30
   15684: 63 80 95 05  	beq	a1, s9, 0x156c4 <_ldtoa_r+0x3a4>
   15688: 83 d7 05 00  	lhu	a5, 0x0(a1)
   1568c: 1b 95 07 01  	slliw	a0, a5, 0x10
   15690: 1b 55 05 41  	sraiw	a0, a0, 0x10
   15694: 9b 97 17 00  	slliw	a5, a5, 0x1
   15698: c2 17        	slli	a5, a5, 0x30
   1569a: 13 18 05 02  	slli	a6, a0, 0x20
   1569e: c1 93        	srli	a5, a5, 0x30
   156a0: 63 54 08 00  	bgez	a6, 0x156a8 <_ldtoa_r+0x388>
   156a4: 13 66 16 00  	ori	a2, a2, 0x1
   156a8: 13 75 26 00  	andi	a0, a2, 0x2
   156ac: 13 e8 17 00  	ori	a6, a5, 0x1
   156b0: 79 d1        	beqz	a0, 0x15676 <_ldtoa_r+0x356>
   156b2: 1b 16 16 00  	slliw	a2, a2, 0x1
   156b6: 23 90 05 01  	sh	a6, 0x0(a1)
   156ba: 42 16        	slli	a2, a2, 0x30
   156bc: f9 15        	addi	a1, a1, -0x2
   156be: 41 92        	srli	a2, a2, 0x30
   156c0: e3 94 95 fd  	bne	a1, s9, 0x15688 <_ldtoa_r+0x368>
   156c4: 4e 86        	mv	a2, s3
   156c6: 1c 19        	addi	a5, sp, 0xb0
   156c8: 8c 63        	ld	a1, 0x0(a5)
   156ca: a1 07        	addi	a5, a5, 0x8
   156cc: 21 06        	addi	a2, a2, 0x8
   156ce: 23 3c b6 fe  	sd	a1, -0x8(a2)
   156d2: e3 1b f4 fe  	bne	s0, a5, 0x156c8 <_ldtoa_r+0x3a8>
   156d6: 23 14 01 10  	sh	zero, 0x108(sp)
   156da: 01 46        	li	a2, 0x0
   156dc: 2c 02        	addi	a1, sp, 0x108
   156de: 11 a8        	j	0x156f2 <_ldtoa_r+0x3d2>
   156e0: 1b 16 16 00  	slliw	a2, a2, 0x1
   156e4: 23 90 f5 00  	sh	a5, 0x0(a1)
   156e8: 42 16        	slli	a2, a2, 0x30
   156ea: f9 15        	addi	a1, a1, -0x2
   156ec: 41 92        	srli	a2, a2, 0x30
   156ee: 63 80 85 05  	beq	a1, s8, 0x1572e <_ldtoa_r+0x40e>
   156f2: 83 d7 05 00  	lhu	a5, 0x0(a1)
   156f6: 1b 95 07 01  	slliw	a0, a5, 0x10
   156fa: 1b 55 05 41  	sraiw	a0, a0, 0x10
   156fe: 9b 97 17 00  	slliw	a5, a5, 0x1
   15702: c2 17        	slli	a5, a5, 0x30
   15704: 13 18 05 02  	slli	a6, a0, 0x20
   15708: c1 93        	srli	a5, a5, 0x30
   1570a: 63 54 08 00  	bgez	a6, 0x15712 <_ldtoa_r+0x3f2>
   1570e: 13 66 16 00  	ori	a2, a2, 0x1
   15712: 13 75 26 00  	andi	a0, a2, 0x2
   15716: 13 e8 17 00  	ori	a6, a5, 0x1
   1571a: 79 d1        	beqz	a0, 0x156e0 <_ldtoa_r+0x3c0>
   1571c: 1b 16 16 00  	slliw	a2, a2, 0x1
   15720: 23 90 05 01  	sh	a6, 0x0(a1)
   15724: 42 16        	slli	a2, a2, 0x30
   15726: f9 15        	addi	a1, a1, -0x2
   15728: 41 92        	srli	a2, a2, 0x30
   1572a: e3 94 85 fd  	bne	a1, s8, 0x156f2 <_ldtoa_r+0x3d2>
   1572e: 01 46        	li	a2, 0x0
   15730: 2c 02        	addi	a1, sp, 0x108
   15732: 11 a8        	j	0x15746 <_ldtoa_r+0x426>
   15734: 1b 16 16 00  	slliw	a2, a2, 0x1
   15738: 23 90 f5 00  	sh	a5, 0x0(a1)
   1573c: 42 16        	slli	a2, a2, 0x30
   1573e: f9 15        	addi	a1, a1, -0x2
   15740: 41 92        	srli	a2, a2, 0x30
   15742: 63 80 85 05  	beq	a1, s8, 0x15782 <_ldtoa_r+0x462>
   15746: 83 d7 05 00  	lhu	a5, 0x0(a1)
   1574a: 1b 95 07 01  	slliw	a0, a5, 0x10
   1574e: 1b 55 05 41  	sraiw	a0, a0, 0x10
   15752: 9b 97 17 00  	slliw	a5, a5, 0x1
   15756: c2 17        	slli	a5, a5, 0x30
   15758: 13 18 05 02  	slli	a6, a0, 0x20
   1575c: c1 93        	srli	a5, a5, 0x30
   1575e: 63 54 08 00  	bgez	a6, 0x15766 <_ldtoa_r+0x446>
   15762: 13 66 16 00  	ori	a2, a2, 0x1
   15766: 13 75 26 00  	andi	a0, a2, 0x2
   1576a: 13 e8 17 00  	ori	a6, a5, 0x1
   1576e: 79 d1        	beqz	a0, 0x15734 <_ldtoa_r+0x414>
   15770: 1b 16 16 00  	slliw	a2, a2, 0x1
   15774: 23 90 05 01  	sh	a6, 0x0(a1)
   15778: 42 16        	slli	a2, a2, 0x30
   1577a: f9 15        	addi	a1, a1, -0x2
   1577c: 41 92        	srli	a2, a2, 0x30
   1577e: e3 94 85 fd  	bne	a1, s8, 0x15746 <_ldtoa_r+0x426>
   15782: 01 45        	li	a0, 0x0
   15784: ac 01        	addi	a1, sp, 0xc8
   15786: 30 02        	addi	a2, sp, 0x108
   15788: 03 d8 05 00  	lhu	a6, 0x0(a1)
   1578c: 83 57 06 00  	lhu	a5, 0x0(a2)
   15790: 79 16        	addi	a2, a2, -0x2
   15792: f9 15        	addi	a1, a1, -0x2
   15794: c2 97        	add	a5, a5, a6
   15796: aa 97        	add	a5, a5, a0
   15798: 23 91 f5 00  	sh	a5, 0x2(a1)
   1579c: c1 83        	srli	a5, a5, 0x10
   1579e: 13 f5 17 00  	andi	a0, a5, 0x1
   157a2: e3 13 86 ff  	bne	a2, s8, 0x15788 <_ldtoa_r+0x468>
   157a6: 4a 86        	mv	a2, s2
   157a8: 0c 19        	addi	a1, sp, 0xb0
   157aa: 88 09        	addi	a0, sp, 0xd0
   157ac: 23 1e d1 1e  	sh	a3, 0x1fc(sp)
   157b0: ef f0 ef 91  	jal	0x148ce <eiremain>
   157b4: 83 56 c1 1f  	lhu	a3, 0x1fc(sp)
   157b8: 85 0d        	addi	s11, s11, 0x1
   157ba: 9b 87 06 03  	addiw	a5, a3, 0x30
   157be: a3 8f fd fe  	sb	a5, -0x1(s11)
   157c2: e3 17 bb eb  	bne	s6, s11, 0x15670 <_ldtoa_r+0x350>
   157c6: 11 47        	li	a4, 0x4
   157c8: 22 74        	ld	s0, 0x28(sp)
   157ca: 26 86        	mv	a2, s1
   157cc: b3 09 9d 00  	add	s3, s10, s1
   157d0: 63 5d d7 04  	bge	a4, a3, 0x1582a <_ldtoa_r+0x50a>
   157d4: 13 07 1d 00  	addi	a4, s10, 0x1
   157d8: 95 45        	li	a1, 0x5
   157da: 33 09 97 00  	add	s2, a4, s1
   157de: 63 8c b6 62  	beq	a3, a1, 0x15e16 <_ldtoa_r+0xaf6>
   157e2: 83 46 e9 ff  	lbu	a3, -0x2(s2)
   157e6: 93 f6 f6 07  	andi	a3, a3, 0x7f
   157ea: 13 06 e0 02  	li	a2, 0x2e
   157ee: 13 07 e9 ff  	addi	a4, s2, -0x2
   157f2: 63 81 c6 02  	beq	a3, a2, 0x15814 <_ldtoa_r+0x4f4>
   157f6: 93 05 80 03  	li	a1, 0x38
   157fa: 13 05 00 03  	li	a0, 0x30
   157fe: 63 fa d5 7e  	bgeu	a1, a3, 0x15ff2 <_ldtoa_r+0xcd2>
   15802: 23 00 a7 00  	sb	a0, 0x0(a4)
   15806: 83 46 f7 ff  	lbu	a3, -0x1(a4)
   1580a: 7d 17        	addi	a4, a4, -0x1
   1580c: 93 f6 f6 07  	andi	a3, a3, 0x7f
   15810: e3 97 c6 fe  	bne	a3, a2, 0x157fe <_ldtoa_r+0x4de>
   15814: 83 46 f7 ff  	lbu	a3, -0x1(a4)
   15818: 13 06 80 03  	li	a2, 0x38
   1581c: e3 72 d6 02  	bgeu	a2, a3, 0x16040 <_ldtoa_r+0xd20>
   15820: 93 06 10 03  	li	a3, 0x31
   15824: 05 24        	addiw	s0, s0, 0x1
   15826: a3 0f d7 fe  	sb	a3, -0x1(a4)
   1582a: 4e 85        	mv	a0, s3
   1582c: 22 86        	mv	a2, s0
   1582e: 97 95 00 00  	auipc	a1, 0x9
   15832: 93 85 a5 53  	addi	a1, a1, 0x53a
   15836: ef 20 e0 72  	jal	0x17f64 <sprintf>
   1583a: c2 77        	ld	a5, 0x30(sp)
   1583c: 93 06 00 09  	li	a3, 0x90
   15840: 21 67        	lui	a4, 0x8
   15842: 23 20 81 1c  	sw	s0, 0x1c0(sp)
   15846: 23 2a d1 1a  	sw	a3, 0x1b4(sp)
   1584a: 7d 17        	addi	a4, a4, -0x1
   1584c: 83 39 81 24  	ld	s3, 0x248(sp)
   15850: 03 3c 01 22  	ld	s8, 0x220(sp)
   15854: 83 3c 81 21  	ld	s9, 0x218(sp)
   15858: 03 3d 01 21  	ld	s10, 0x210(sp)
   1585c: 83 3d 81 20  	ld	s11, 0x208(sp)
   15860: 63 8b e7 18  	beq	a5, a4, 0x159f6 <_ldtoa_r+0x6d6>
   15864: e2 67        	ld	a5, 0x18(sp)
   15866: 83 46 01 17  	lbu	a3, 0x170(sp)
   1586a: 1b 07 14 00  	addiw	a4, s0, 0x1
   1586e: 98 c3        	sw	a4, 0x0(a5)
   15870: 5e 87        	mv	a4, s7
   15872: 95 c2        	beqz	a3, 0x15896 <_ldtoa_r+0x576>
   15874: 13 06 e0 02  	li	a2, 0x2e
   15878: 63 81 c6 30  	beq	a3, a2, 0x15b7a <_ldtoa_r+0x85a>
   1587c: 83 46 17 00  	lbu	a3, 0x1(a4)
   15880: 05 07        	addi	a4, a4, 0x1
   15882: fd fa        	bnez	a3, 0x15878 <_ldtoa_r+0x558>
   15884: 13 06 50 04  	li	a2, 0x45
   15888: 63 f7 eb 00  	bgeu	s7, a4, 0x15896 <_ldtoa_r+0x576>
   1588c: 83 47 f7 ff  	lbu	a5, -0x1(a4)
   15890: 7d 17        	addi	a4, a4, -0x1
   15892: e3 9b c7 fe  	bne	a5, a2, 0x15888 <_ldtoa_r+0x568>
   15896: 23 00 07 00  	sb	zero, 0x0(a4)
   1589a: 5e 87        	mv	a4, s7
   1589c: 13 06 00 02  	li	a2, 0x20
   158a0: 93 05 d0 02  	li	a1, 0x2d
   158a4: 83 47 07 00  	lbu	a5, 0x0(a4)
   158a8: 63 84 c7 00  	beq	a5, a2, 0x158b0 <_ldtoa_r+0x590>
   158ac: 63 94 b7 06  	bne	a5, a1, 0x15914 <_ldtoa_r+0x5f4>
   158b0: 05 07        	addi	a4, a4, 0x1
   158b2: cd bf        	j	0x158a4 <_ldtoa_r+0x584>
   158b4: 1c 09        	addi	a5, sp, 0x90
   158b6: 13 06 21 0a  	addi	a2, sp, 0xa2
   158ba: 03 d7 07 00  	lhu	a4, 0x0(a5)
   158be: 89 07        	addi	a5, a5, 0x2
   158c0: 63 16 07 5a  	bnez	a4, 0x15e6c <_ldtoa_r+0xb4c>
   158c4: e3 9b c7 fe  	bne	a5, a2, 0x158ba <_ldtoa_r+0x59a>
   158c8: bd 82        	srli	a3, a3, 0xf
   158ca: 14 c0        	sw	a3, 0x0(s0)
   158cc: 8d 47        	li	a5, 0x3
   158ce: 63 84 fa 58  	beq	s5, a5, 0x15e56 <_ldtoa_r+0xb36>
   158d2: d1 47        	li	a5, 0x14
   158d4: 3e e4        	sd	a5, 0x8(sp)
   158d6: 63 8b 0a 00  	beqz	s5, 0x158ec <_ldtoa_r+0x5cc>
   158da: c2 67        	ld	a5, 0x10(sp)
   158dc: 13 07 a0 02  	li	a4, 0x2a
   158e0: fd 37        	addiw	a5, a5, -0x1
   158e2: be 8b        	mv	s7, a5
   158e4: 63 53 f7 00  	bge	a4, a5, 0x158ea <_ldtoa_r+0x5ca>
   158e8: ba 8b        	mv	s7, a4
   158ea: 5e e4        	sd	s7, 0x8(sp)
   158ec: 1c 09        	addi	a5, sp, 0x90
   158ee: 93 06 21 0a  	addi	a3, sp, 0xa2
   158f2: 03 d7 07 00  	lhu	a4, 0x0(a5)
   158f6: 89 07        	addi	a5, a5, 0x2
   158f8: 69 ef        	bnez	a4, 0x159d2 <_ldtoa_r+0x6b2>
   158fa: e3 9c d7 fe  	bne	a5, a3, 0x158f2 <_ldtoa_r+0x5d2>
   158fe: 23 34 31 25  	sd	s3, 0x248(sp)
   15902: 23 30 81 23  	sd	s8, 0x220(sp)
   15906: 23 3c 91 21  	sd	s9, 0x218(sp)
   1590a: 23 38 a1 21  	sd	s10, 0x210(sp)
   1590e: 23 34 b1 21  	sd	s11, 0x208(sp)
   15912: 45 bc        	j	0x153c2 <_ldtoa_r+0xa2>
   15914: de 86        	mv	a3, s7
   15916: 83 47 07 00  	lbu	a5, 0x0(a4)
   1591a: 36 89        	mv	s2, a3
   1591c: 05 07        	addi	a4, a4, 0x1
   1591e: 23 80 f6 00  	sb	a5, 0x0(a3)
   15922: 85 06        	addi	a3, a3, 0x1
   15924: ed fb        	bnez	a5, 0x15916 <_ldtoa_r+0x5f6>
   15926: 09 47        	li	a4, 0x2
   15928: 03 46 f9 ff  	lbu	a2, -0x1(s2)
   1592c: 63 8a ea 20  	beq	s5, a4, 0x15b40 <_ldtoa_r+0x820>
   15930: a2 67        	ld	a5, 0x8(sp)
   15932: 22 87        	mv	a4, s0
   15934: 63 53 f4 00  	bge	s0, a5, 0x1593a <_ldtoa_r+0x61a>
   15938: 3e 87        	mv	a4, a5
   1593a: 93 05 00 03  	li	a1, 0x30
   1593e: 9b 06 07 00  	sext.w	a3, a4
   15942: 63 10 b6 02  	bne	a2, a1, 0x15962 <_ldtoa_r+0x642>
   15946: 13 06 00 03  	li	a2, 0x30
   1594a: 01 a8        	j	0x1595a <_ldtoa_r+0x63a>
   1594c: 83 47 e9 ff  	lbu	a5, -0x2(s2)
   15950: a3 0f 09 fe  	sb	zero, -0x1(s2)
   15954: 7d 19        	addi	s2, s2, -0x1
   15956: 63 96 c7 00  	bne	a5, a2, 0x15962 <_ldtoa_r+0x642>
   1595a: b3 07 79 41  	sub	a5, s2, s7
   1595e: e3 c7 f6 fe  	blt	a3, a5, 0x1594c <_ldtoa_r+0x62c>
   15962: 0d 47        	li	a4, 0x3
   15964: 63 84 ea 1e  	beq	s5, a4, 0x15b4c <_ldtoa_r+0x82c>
   15968: c2 67        	ld	a5, 0x10(sp)
   1596a: 7d 46        	li	a2, 0x1f
   1596c: 85 46        	li	a3, 0x1
   1596e: 9b 84 97 00  	addiw	s1, a5, 0x9
   15972: 11 47        	li	a4, 0x4
   15974: 63 7d 96 1e  	bgeu	a2, s1, 0x15b6e <_ldtoa_r+0x84e>
   15978: 1b 17 17 00  	slliw	a4, a4, 0x1
   1597c: 93 07 c7 01  	addi	a5, a4, 0x1c
   15980: b6 85        	mv	a1, a3
   15982: 85 26        	addiw	a3, a3, 0x1
   15984: e3 fa f4 fe  	bgeu	s1, a5, 0x15978 <_ldtoa_r+0x658>
   15988: 23 24 ba 06  	sw	a1, 0x68(s4)
   1598c: 52 85        	mv	a0, s4
   1598e: ef 10 20 3a  	jal	0x16d30 <_Balloc>
   15992: 23 30 aa 06  	sd	a0, 0x60(s4)
   15996: de 85        	mv	a1, s7
   15998: 2a 84        	mv	s0, a0
   1599a: ef 20 a0 6e  	jal	0x18084 <strcpy>
   1599e: 02 77        	ld	a4, 0x20(sp)
   159a0: 09 c7        	beqz	a4, 0x159aa <_ldtoa_r+0x68a>
   159a2: b3 07 79 41  	sub	a5, s2, s7
   159a6: a2 97        	add	a5, a5, s0
   159a8: 1c e3        	sd	a5, 0x0(a4)
   159aa: 83 30 81 26  	ld	ra, 0x268(sp)
   159ae: 22 85        	mv	a0, s0
   159b0: 03 34 01 26  	ld	s0, 0x260(sp)
   159b4: 83 34 81 25  	ld	s1, 0x258(sp)
   159b8: 03 39 01 25  	ld	s2, 0x250(sp)
   159bc: 03 3a 01 24  	ld	s4, 0x240(sp)
   159c0: 83 3a 81 23  	ld	s5, 0x238(sp)
   159c4: 03 3b 01 23  	ld	s6, 0x230(sp)
   159c8: 83 3b 81 22  	ld	s7, 0x228(sp)
   159cc: 13 01 01 27  	addi	sp, sp, 0x270
   159d0: 82 80        	ret
   159d2: 93 0b 01 17  	addi	s7, sp, 0x170
   159d6: 5e 85        	mv	a0, s7
   159d8: 97 95 00 00  	auipc	a1, 0x9
   159dc: 93 85 85 39  	addi	a1, a1, 0x398
   159e0: ef 20 40 58  	jal	0x17f64 <sprintf>
   159e4: 09 64        	lui	s0, 0x2
   159e6: 13 07 00 09  	li	a4, 0x90
   159ea: 13 04 f4 70  	addi	s0, s0, 0x70f
   159ee: 23 2a e1 1a  	sw	a4, 0x1b4(sp)
   159f2: 23 20 81 1c  	sw	s0, 0x1c0(sp)
   159f6: 18 09        	addi	a4, sp, 0x90
   159f8: 13 06 21 0a  	addi	a2, sp, 0xa2
   159fc: 83 57 07 00  	lhu	a5, 0x0(a4)
   15a00: 09 07        	addi	a4, a4, 0x2
   15a02: 63 98 07 5c  	bnez	a5, 0x15fd2 <_ldtoa_r+0xcb2>
   15a06: e3 1b c7 fe  	bne	a4, a2, 0x159fc <_ldtoa_r+0x6dc>
   15a0a: e2 67        	ld	a5, 0x18(sp)
   15a0c: 09 67        	lui	a4, 0x2
   15a0e: 13 07 f7 70  	addi	a4, a4, 0x70f
   15a12: 98 c3        	sw	a4, 0x0(a5)
   15a14: 59 b5        	j	0x1589a <_ldtoa_r+0x57a>
   15a16: a1 67        	lui	a5, 0x8
   15a18: fd 17        	addi	a5, a5, -0x1
   15a1a: 63 8d fc 58  	beq	s9, a5, 0x15fb4 <_ldtoa_r+0xc94>
   15a1e: 83 17 01 0c  	lh	a5, 0xc0(sp)
   15a22: 63 dd 07 5c  	bgez	a5, 0x15ffc <_ldtoa_r+0xcdc>
   15a26: 0c 19        	addi	a1, sp, 0xb0
   15a28: 17 95 00 00  	auipc	a0, 0x9
   15a2c: 13 05 05 7f  	addi	a0, a0, 0x7f0
   15a30: ef e0 3f 9e  	jal	0x14412 <ecmp>
   15a34: e3 01 05 a0  	beqz	a0, 0x15436 <_ldtoa_r+0x116>
   15a38: 63 4c 05 1a  	bltz	a0, 0x15bf0 <_ldtoa_r+0x8d0>
   15a3c: 63 9e 0c 62  	bnez	s9, 0x16078 <_ldtoa_r+0xd58>
   15a40: 83 17 01 0c  	lh	a5, 0xc0(sp)
   15a44: 01 44        	li	s0, 0x0
   15a46: 13 09 01 1b  	addi	s2, sp, 0x1b0
   15a4a: 63 c4 07 02  	bltz	a5, 0x15a72 <_ldtoa_r+0x752>
   15a4e: 10 19        	addi	a2, sp, 0xb0
   15a50: ca 86        	mv	a3, s2
   15a52: b2 85        	mv	a1, a2
   15a54: 17 95 00 00  	auipc	a0, 0x9
   15a58: 13 05 c5 7a  	addi	a0, a0, 0x7ac
   15a5c: 23 1e 61 1f  	sh	s6, 0x1fc(sp)
   15a60: ef f0 0f cd  	jal	0x14f30 <emul>
   15a64: 83 17 01 0c  	lh	a5, 0xc0(sp)
   15a68: 03 5b c1 1f  	lhu	s6, 0x1fc(sp)
   15a6c: 7d 34        	addiw	s0, s0, -0x1
   15a6e: e3 d0 07 fe  	bgez	a5, 0x15a4e <_ldtoa_r+0x72e>
   15a72: 04 0a        	addi	s1, sp, 0x110
   15a74: 93 0d 81 12  	addi	s11, sp, 0x128
   15a78: a6 87        	mv	a5, s1
   15a7a: 18 19        	addi	a4, sp, 0xb0
   15a7c: 50 12        	addi	a2, sp, 0x124
   15a7e: 83 56 07 00  	lhu	a3, 0x0(a4)
   15a82: 89 07        	addi	a5, a5, 0x2
   15a84: 09 07        	addi	a4, a4, 0x2
   15a86: 23 9f d7 fe  	sh	a3, -0x2(a5)
   15a8a: e3 9a c7 fe  	bne	a5, a2, 0x15a7e <_ldtoa_r+0x75e>
   15a8e: 9c 09        	addi	a5, sp, 0xd0
   15a90: 17 97 00 00  	auipc	a4, 0x9
   15a94: 13 07 87 78  	addi	a4, a4, 0x788
   15a98: 83 56 07 00  	lhu	a3, 0x0(a4)
   15a9c: 89 07        	addi	a5, a5, 0x2
   15a9e: 09 07        	addi	a4, a4, 0x2
   15aa0: 23 9f d7 fe  	sh	a3, -0x2(a5)
   15aa4: e3 9a a7 ff  	bne	a5, s10, 0x15a98 <_ldtoa_r+0x778>
   15aa8: fd 79        	lui	s3, 0xfffff
   15aaa: 97 9c 00 00  	auipc	s9, 0x9
   15aae: 93 8c 6c 66  	addi	s9, s9, 0x666
   15ab2: 17 9c 00 00  	auipc	s8, 0x9
   15ab6: 13 0c 6c 55  	addi	s8, s8, 0x556
   15aba: 05 4d        	li	s10, 0x1
   15abc: 97 9b 00 00  	auipc	s7, 0x9
   15ac0: 93 8b cb 63  	addi	s7, s7, 0x63c
   15ac4: 19 a0        	j	0x15aca <_ldtoa_r+0x7aa>
   15ac6: 51 0c        	addi	s8, s8, 0x14
   15ac8: d1 0c        	addi	s9, s9, 0x14
   15aca: a6 85        	mv	a1, s1
   15acc: 17 95 00 00  	auipc	a0, 0x9
   15ad0: 13 05 c5 74  	addi	a0, a0, 0x74c
   15ad4: ef e0 ff 93  	jal	0x14412 <ecmp>
   15ad8: aa 87        	mv	a5, a0
   15ada: a6 85        	mv	a1, s1
   15adc: 62 85        	mv	a0, s8
   15ade: 63 91 a7 05  	bne	a5, s10, 0x15b20 <_ldtoa_r+0x800>
   15ae2: ef e0 1f 93  	jal	0x14412 <ecmp>
   15ae6: aa 87        	mv	a5, a0
   15ae8: ca 86        	mv	a3, s2
   15aea: 26 86        	mv	a2, s1
   15aec: a6 85        	mv	a1, s1
   15aee: 66 85        	mv	a0, s9
   15af0: 63 c0 07 02  	bltz	a5, 0x15b10 <_ldtoa_r+0x7f0>
   15af4: 23 1e 61 1f  	sh	s6, 0x1fc(sp)
   15af8: ef f0 8f c3  	jal	0x14f30 <emul>
   15afc: 90 09        	addi	a2, sp, 0xd0
   15afe: ca 86        	mv	a3, s2
   15b00: b2 85        	mv	a1, a2
   15b02: 66 85        	mv	a0, s9
   15b04: ef f0 cf c2  	jal	0x14f30 <emul>
   15b08: 03 5b c1 1f  	lhu	s6, 0x1fc(sp)
   15b0c: 3b 84 89 00  	addw	s0, s3, s0
   15b10: 9b d7 f9 01  	srliw	a5, s3, 0x1f
   15b14: bb 87 37 01  	addw	a5, a5, s3
   15b18: 9b d9 17 40  	sraiw	s3, a5, 0x1
   15b1c: e3 15 7c fb  	bne	s8, s7, 0x15ac6 <_ldtoa_r+0x7a6>
   15b20: 90 09        	addi	a2, sp, 0xd0
   15b22: ca 86        	mv	a3, s2
   15b24: 97 95 00 00  	auipc	a1, 0x9
   15b28: 93 85 45 6f  	addi	a1, a1, 0x6f4
   15b2c: 32 85        	mv	a0, a2
   15b2e: 23 1e 61 1f  	sh	s6, 0x1fc(sp)
   15b32: 93 0b 01 17  	addi	s7, sp, 0x170
   15b36: ef e0 ff f8  	jal	0x14ac4 <ediv>
   15b3a: 03 5b c1 1f  	lhu	s6, 0x1fc(sp)
   15b3e: 21 b2        	j	0x15446 <_ldtoa_r+0x126>
   15b40: 13 07 00 03  	li	a4, 0x30
   15b44: e3 12 e6 e2  	bne	a2, a4, 0x15968 <_ldtoa_r+0x648>
   15b48: 85 46        	li	a3, 0x1
   15b4a: f5 bb        	j	0x15946 <_ldtoa_r+0x626>
   15b4c: a2 67        	ld	a5, 0x8(sp)
   15b4e: 3d 9c        	addw	s0, s0, a5
   15b50: 63 43 04 44  	bltz	s0, 0x15f96 <_ldtoa_r+0xc76>
   15b54: e2 67        	ld	a5, 0x18(sp)
   15b56: 98 43        	lw	a4, 0x0(a5)
   15b58: c2 67        	ld	a5, 0x10(sp)
   15b5a: b9 9f        	addw	a5, a5, a4
   15b5c: 3e e8        	sd	a5, 0x10(sp)
   15b5e: c2 67        	ld	a5, 0x10(sp)
   15b60: 7d 46        	li	a2, 0x1f
   15b62: 85 46        	li	a3, 0x1
   15b64: 9b 84 37 00  	addiw	s1, a5, 0x3
   15b68: 11 47        	li	a4, 0x4
   15b6a: e3 67 96 e0  	bltu	a2, s1, 0x15978 <_ldtoa_r+0x658>
   15b6e: 23 24 0a 06  	sw	zero, 0x68(s4)
   15b72: 81 45        	li	a1, 0x0
   15b74: 21 bd        	j	0x1598c <_ldtoa_r+0x66c>
   15b76: 81 46        	li	a3, 0x0
   15b78: 49 bc        	j	0x1560a <_ldtoa_r+0x2ea>
   15b7a: 83 46 07 00  	lbu	a3, 0x0(a4)
   15b7e: e3 83 06 d0  	beqz	a3, 0x15884 <_ldtoa_r+0x564>
   15b82: 83 47 17 00  	lbu	a5, 0x1(a4)
   15b86: 05 07        	addi	a4, a4, 0x1
   15b88: a3 0f f7 fe  	sb	a5, -0x1(a4)
   15b8c: e3 8c 07 ce  	beqz	a5, 0x15884 <_ldtoa_r+0x564>
   15b90: 83 47 17 00  	lbu	a5, 0x1(a4)
   15b94: 05 07        	addi	a4, a4, 0x1
   15b96: a3 0f f7 fe  	sb	a5, -0x1(a4)
   15b9a: e5 f7        	bnez	a5, 0x15b82 <_ldtoa_r+0x862>
   15b9c: e5 b1        	j	0x15884 <_ldtoa_r+0x564>
   15b9e: 13 05 10 03  	li	a0, 0x31
   15ba2: 93 05 e0 02  	li	a1, 0x2e
   15ba6: a3 08 a1 16  	sb	a0, 0x171(sp)
   15baa: 23 09 b1 16  	sb	a1, 0x172(sp)
   15bae: 05 24        	addiw	s0, s0, 0x1
   15bb0: 63 5b e0 24  	blez	a4, 0x15e06 <_ldtoa_r+0xae6>
   15bb4: 13 07 00 03  	li	a4, 0x30
   15bb8: 7d 36        	addiw	a2, a2, -0x1
   15bba: a3 09 e1 16  	sb	a4, 0x173(sp)
   15bbe: cc 1a        	addi	a1, sp, 0x174
   15bc0: 41 bc        	j	0x15650 <_ldtoa_r+0x330>
   15bc2: 42 67        	ld	a4, 0x10(sp)
   15bc4: 93 07 a0 02  	li	a5, 0x2a
   15bc8: ba 8b        	mv	s7, a4
   15bca: 63 d3 e7 00  	bge	a5, a4, 0x15bd0 <_ldtoa_r+0x8b0>
   15bce: be 8b        	mv	s7, a5
   15bd0: 9b 87 0b 00  	sext.w	a5, s7
   15bd4: 3e e4        	sd	a5, 0x8(sp)
   15bd6: 6f f0 cf fe  	j	0x153c2 <_ldtoa_r+0xa2>
   15bda: c2 67        	ld	a5, 0x10(sp)
   15bdc: 13 07 a0 02  	li	a4, 0x2a
   15be0: fd 37        	addiw	a5, a5, -0x1
   15be2: be 8b        	mv	s7, a5
   15be4: 63 53 f7 00  	bge	a4, a5, 0x15bea <_ldtoa_r+0x8ca>
   15be8: ba 8b        	mv	s7, a4
   15bea: 5e e4        	sd	s7, 0x8(sp)
   15bec: 6f f0 6f fd  	j	0x153c2 <_ldtoa_r+0xa2>
   15bf0: 93 09 01 0f  	addi	s3, sp, 0xf0
   15bf4: 4e 87        	mv	a4, s3
   15bf6: 1c 19        	addi	a5, sp, 0xb0
   15bf8: 83 d6 07 00  	lhu	a3, 0x0(a5)
   15bfc: 89 07        	addi	a5, a5, 0x2
   15bfe: 09 07        	addi	a4, a4, 0x2
   15c00: 23 1f d7 fe  	sh	a3, -0x2(a4)
   15c04: e3 9a 87 ff  	bne	a5, s8, 0x15bf8 <_ldtoa_r+0x8d8>
   15c08: 91 67        	lui	a5, 0x4
   15c0a: 93 87 e7 08  	addi	a5, a5, 0x8e
   15c0e: a1 66        	lui	a3, 0x8
   15c10: 71 77        	lui	a4, 0xffffc
   15c12: 23 11 f1 10  	sh	a5, 0x102(sp)
   15c16: 93 87 f6 ff  	addi	a5, a3, -0x1
   15c1a: 3e fc        	sd	a5, 0x38(sp)
   15c1c: 9b 07 27 00  	addiw	a5, a4, 0x2
   15c20: 01 44        	li	s0, 0x0
   15c22: 04 0a        	addi	s1, sp, 0x110
   15c24: be c2        	sw	a5, 0x44(sp)
   15c26: 17 93 00 00  	auipc	t1, 0x9
   15c2a: 13 03 a3 58  	addi	t1, t1, 0x58a
   15c2e: c1 47        	li	a5, 0x10
   15c30: d2 e4        	sd	s4, 0x48(sp)
   15c32: d6 e8        	sd	s5, 0x50(sp)
   15c34: 5a 8a        	mv	s4, s6
   15c36: a6 8a        	mv	s5, s1
   15c38: 93 0b 01 17  	addi	s7, sp, 0x170
   15c3c: a2 84        	mv	s1, s0
   15c3e: 13 09 01 1b  	addi	s2, sp, 0x1b0
   15c42: 93 0d 21 0e  	addi	s11, sp, 0xe2
   15c46: 1a 8b        	mv	s6, t1
   15c48: 3e 84        	mv	s0, a5
   15c4a: ca 86        	mv	a3, s2
   15c4c: 90 09        	addi	a2, sp, 0xd0
   15c4e: ce 85        	mv	a1, s3
   15c50: 5a 85        	mv	a0, s6
   15c52: 23 1e 41 1f  	sh	s4, 0x1fc(sp)
   15c56: ef e0 ff e6  	jal	0x14ac4 <ediv>
   15c5a: 03 5a c1 1f  	lhu	s4, 0x1fc(sp)
   15c5e: b8 18        	addi	a4, sp, 0x78
   15c60: 9c 09        	addi	a5, sp, 0xd0
   15c62: 13 08 c1 08  	addi	a6, sp, 0x8c
   15c66: 83 d6 07 00  	lhu	a3, 0x0(a5)
   15c6a: 89 07        	addi	a5, a5, 0x2
   15c6c: 09 07        	addi	a4, a4, 0x2
   15c6e: 23 1f d7 fe  	sh	a3, -0x2(a4)
   15c72: e3 9a a7 ff  	bne	a5, s10, 0x15c66 <_ldtoa_r+0x946>
   15c76: e2 77        	ld	a5, 0x38(sp)
   15c78: 83 55 a1 08  	lhu	a1, 0x8a(sp)
   15c7c: 33 f5 f5 00  	and	a0, a1, a5
   15c80: 96 47        	lw	a5, 0x44(sp)
   15c82: 3d 9d        	addw	a0, a0, a5
   15c84: 63 50 a0 32  	blez	a0, 0x15fa4 <_ldtoa_r+0xc84>
   15c88: 93 07 00 09  	li	a5, 0x90
   15c8c: 3b 8e a7 40  	subw	t3, a5, a0
   15c90: 72 86        	mv	a2, t3
   15c92: 56 87        	mv	a4, s5
   15c94: bc 18        	addi	a5, sp, 0x78
   15c96: 83 d6 07 00  	lhu	a3, 0x0(a5)
   15c9a: 89 07        	addi	a5, a5, 0x2
   15c9c: 09 07        	addi	a4, a4, 0x2
   15c9e: 23 1f d7 fe  	sh	a3, -0x2(a4)
   15ca2: e3 9a 07 ff  	bne	a5, a6, 0x15c96 <_ldtoa_r+0x976>
   15ca6: 63 54 c0 07  	blez	t3, 0x15d0e <_ldtoa_r+0x9ee>
   15caa: bd 47        	li	a5, 0xf
   15cac: 63 d0 c7 4b  	bge	a5, t3, 0x1614c <_ldtoa_r+0xe2c>
   15cb0: 93 07 00 08  	li	a5, 0x80
   15cb4: 3b 85 a7 40  	subw	a0, a5, a0
   15cb8: 9b 56 45 00  	srliw	a3, a0, 0x4
   15cbc: 13 87 16 00  	addi	a4, a3, 0x1
   15cc0: 06 07        	slli	a4, a4, 0x1
   15cc2: 56 97        	add	a4, a4, s5
   15cc4: d6 87        	mv	a5, s5
   15cc6: 89 07        	addi	a5, a5, 0x2
   15cc8: 23 9f 07 fe  	sh	zero, -0x2(a5)
   15ccc: e3 9d e7 fe  	bne	a5, a4, 0x15cc6 <_ldtoa_r+0x9a6>
   15cd0: 3b 06 d0 40  	negw	a2, a3
   15cd4: 1b 16 46 00  	slliw	a2, a2, 0x4
   15cd8: 86 06        	slli	a3, a3, 0x1
   15cda: 13 07 21 11  	addi	a4, sp, 0x112
   15cde: 29 9e        	addw	a2, a2, a0
   15ce0: 36 97        	add	a4, a4, a3
   15ce2: 97 96 00 00  	auipc	a3, 0x9
   15ce6: 93 86 e6 2f  	addi	a3, a3, 0x2fe
   15cea: 93 17 16 00  	slli	a5, a2, 0x1
   15cee: b6 97        	add	a5, a5, a3
   15cf0: 83 d6 07 00  	lhu	a3, 0x0(a5)
   15cf4: 83 57 07 00  	lhu	a5, 0x0(a4)
   15cf8: f5 8f        	and	a5, a5, a3
   15cfa: 23 10 f7 00  	sh	a5, 0x0(a4)
   15cfe: 9b 95 05 01  	slliw	a1, a1, 0x10
   15d02: 9b d5 05 41  	sraiw	a1, a1, 0x10
   15d06: 93 97 05 02  	slli	a5, a1, 0x20
   15d0a: 63 c3 07 16  	bltz	a5, 0x15e70 <_ldtoa_r+0xb50>
   15d0e: 9c 09        	addi	a5, sp, 0xd0
   15d10: 56 87        	mv	a4, s5
   15d12: 03 d6 07 00  	lhu	a2, 0x0(a5)
   15d16: 83 56 07 00  	lhu	a3, 0x0(a4)
   15d1a: 89 07        	addi	a5, a5, 0x2
   15d1c: 09 07        	addi	a4, a4, 0x2
   15d1e: 63 1f d6 00  	bne	a2, a3, 0x15d3c <_ldtoa_r+0xa1c>
   15d22: e3 98 fd fe  	bne	s11, a5, 0x15d12 <_ldtoa_r+0x9f2>
   15d26: 4e 87        	mv	a4, s3
   15d28: 9c 09        	addi	a5, sp, 0xd0
   15d2a: 83 d6 07 00  	lhu	a3, 0x0(a5)
   15d2e: 89 07        	addi	a5, a5, 0x2
   15d30: 09 07        	addi	a4, a4, 0x2
   15d32: 23 1f d7 fe  	sh	a3, -0x2(a4)
   15d36: e3 9a a7 ff  	bne	a5, s10, 0x15d2a <_ldtoa_r+0xa0a>
   15d3a: a1 9c        	addw	s1, s1, s0
   15d3c: 51 0b        	addi	s6, s6, 0x14
   15d3e: 97 97 00 00  	auipc	a5, 0x9
   15d42: 93 87 67 4d  	addi	a5, a5, 0x4d6
   15d46: 05 80        	srli	s0, s0, 0x1
   15d48: e3 11 fb f0  	bne	s6, a5, 0x15c4a <_ldtoa_r+0x92a>
   15d4c: 83 56 21 10  	lhu	a3, 0x102(sp)
   15d50: 71 77        	lui	a4, 0xffffc
   15d52: 1b 07 27 f7  	addiw	a4, a4, -0x8e
   15d56: 35 9f        	addw	a4, a4, a3
   15d58: 52 8b        	mv	s6, s4
   15d5a: 26 84        	mv	s0, s1
   15d5c: 26 6a        	ld	s4, 0x48(sp)
   15d5e: d6 84        	mv	s1, s5
   15d60: c6 6a        	ld	s5, 0x50(sp)
   15d62: 3b 07 97 01  	addw	a4, a4, s9
   15d66: 23 11 e1 10  	sh	a4, 0x102(sp)
   15d6a: ce 86        	mv	a3, s3
   15d6c: 18 19        	addi	a4, sp, 0xb0
   15d6e: 83 d7 06 00  	lhu	a5, 0x0(a3)
   15d72: 09 07        	addi	a4, a4, 0x2
   15d74: 89 06        	addi	a3, a3, 0x2
   15d76: 23 1f f7 fe  	sh	a5, -0x2(a4)
   15d7a: e3 1a 87 ff  	bne	a4, s8, 0x15d6e <_ldtoa_r+0xa4e>
   15d7e: 98 09        	addi	a4, sp, 0xd0
   15d80: 97 96 00 00  	auipc	a3, 0x9
   15d84: 93 86 86 49  	addi	a3, a3, 0x498
   15d88: 83 d7 06 00  	lhu	a5, 0x0(a3)
   15d8c: 09 07        	addi	a4, a4, 0x2
   15d8e: 89 06        	addi	a3, a3, 0x2
   15d90: 23 1f f7 fe  	sh	a5, -0x2(a4)
   15d94: e3 1a a7 ff  	bne	a4, s10, 0x15d88 <_ldtoa_r+0xa68>
   15d98: 85 6c        	lui	s9, 0x1
   15d9a: 17 9c 00 00  	auipc	s8, 0x9
   15d9e: 13 0c 6c 37  	addi	s8, s8, 0x376
   15da2: 97 9d 00 00  	auipc	s11, 0x9
   15da6: 93 8d ed 45  	addi	s11, s11, 0x45e
   15daa: 05 4d        	li	s10, 0x1
   15dac: 11 a0        	j	0x15db0 <_ldtoa_r+0xa90>
   15dae: 51 0c        	addi	s8, s8, 0x14
   15db0: ce 85        	mv	a1, s3
   15db2: 17 95 00 00  	auipc	a0, 0x9
   15db6: 13 05 e5 44  	addi	a0, a0, 0x44e
   15dba: ef e0 8f e5  	jal	0x14412 <ecmp>
   15dbe: aa 87        	mv	a5, a0
   15dc0: ce 85        	mv	a1, s3
   15dc2: 62 85        	mv	a0, s8
   15dc4: 63 8d a7 03  	beq	a5, s10, 0x15dfe <_ldtoa_r+0xade>
   15dc8: ef e0 af e4  	jal	0x14412 <ecmp>
   15dcc: aa 87        	mv	a5, a0
   15dce: ca 86        	mv	a3, s2
   15dd0: 4e 86        	mv	a2, s3
   15dd2: ce 85        	mv	a1, s3
   15dd4: 62 85        	mv	a0, s8
   15dd6: 63 80 a7 03  	beq	a5, s10, 0x15df6 <_ldtoa_r+0xad6>
   15dda: 23 1e 61 1f  	sh	s6, 0x1fc(sp)
   15dde: ef e0 7f ce  	jal	0x14ac4 <ediv>
   15de2: 90 09        	addi	a2, sp, 0xd0
   15de4: ca 86        	mv	a3, s2
   15de6: b2 85        	mv	a1, a2
   15de8: 62 85        	mv	a0, s8
   15dea: ef f0 6f 94  	jal	0x14f30 <emul>
   15dee: 03 5b c1 1f  	lhu	s6, 0x1fc(sp)
   15df2: 3b 84 8c 00  	addw	s0, s9, s0
   15df6: 93 dc 1c 00  	srli	s9, s9, 0x1
   15dfa: e3 1a bc fb  	bne	s8, s11, 0x15dae <_ldtoa_r+0xa8e>
   15dfe: 93 0d 81 12  	addi	s11, sp, 0x128
   15e02: 6f f0 4f e4  	j	0x15446 <_ldtoa_r+0x126>
   15e06: 93 09 31 17  	addi	s3, sp, 0x173
   15e0a: ce 85        	mv	a1, s3
   15e0c: 01 46        	li	a2, 0x0
   15e0e: e3 1e 07 a0  	bnez	a4, 0x1582a <_ldtoa_r+0x50a>
   15e12: 6f f0 ff 83  	j	0x15650 <_ldtoa_r+0x330>
   15e16: 08 19        	addi	a0, sp, 0xb0
   15e18: 8c 09        	addi	a1, sp, 0xd0
   15e1a: 32 f4        	sd	a2, 0x28(sp)
   15e1c: ef e0 4f a7  	jal	0x14090 <emovo.isra.0>
   15e20: 88 09        	addi	a0, sp, 0xd0
   15e22: 97 95 00 00  	auipc	a1, 0x9
   15e26: 93 85 e5 40  	addi	a1, a1, 0x40e
   15e2a: ef e0 8f de  	jal	0x14412 <ecmp>
   15e2e: 22 76        	ld	a2, 0x28(sp)
   15e30: 63 10 05 24  	bnez	a0, 0x16070 <_ldtoa_r+0xd50>
   15e34: e3 4b 06 9e  	bltz	a2, 0x1582a <_ldtoa_r+0x50a>
   15e38: 83 46 e9 ff  	lbu	a3, -0x2(s2)
   15e3c: 13 87 26 fd  	addi	a4, a3, -0x2e
   15e40: 13 37 17 00  	seqz	a4, a4
   15e44: 13 47 f7 ff  	not	a4, a4
   15e48: 4e 97        	add	a4, a4, s3
   15e4a: 03 47 07 00  	lbu	a4, 0x0(a4)
   15e4e: 05 8b        	andi	a4, a4, 0x1
   15e50: e3 1b 07 98  	bnez	a4, 0x157e6 <_ldtoa_r+0x4c6>
   15e54: d9 ba        	j	0x1582a <_ldtoa_r+0x50a>
   15e56: 42 67        	ld	a4, 0x10(sp)
   15e58: 93 07 a0 02  	li	a5, 0x2a
   15e5c: ba 8b        	mv	s7, a4
   15e5e: 63 d3 e7 00  	bge	a5, a4, 0x15e64 <_ldtoa_r+0xb44>
   15e62: be 8b        	mv	s7, a5
   15e64: 9b 87 0b 00  	sext.w	a5, s7
   15e68: 3e e4        	sd	a5, 0x8(sp)
   15e6a: 49 b4        	j	0x158ec <_ldtoa_r+0x5cc>
   15e6c: 81 46        	li	a3, 0x0
   15e6e: b1 bc        	j	0x158ca <_ldtoa_r+0x5aa>
   15e70: bc 18        	addi	a5, sp, 0x78
   15e72: 56 87        	mv	a4, s5
   15e74: 29 a0        	j	0x15e7e <_ldtoa_r+0xb5e>
   15e76: 93 06 a1 08  	addi	a3, sp, 0x8a
   15e7a: e3 8a f6 e8  	beq	a3, a5, 0x15d0e <_ldtoa_r+0x9ee>
   15e7e: 03 d6 07 00  	lhu	a2, 0x0(a5)
   15e82: 83 56 07 00  	lhu	a3, 0x0(a4)
   15e86: 89 07        	addi	a5, a5, 0x2
   15e88: 09 07        	addi	a4, a4, 0x2
   15e8a: e3 06 d6 fe  	beq	a2, a3, 0x15e76 <_ldtoa_r+0xb56>
   15e8e: 83 57 21 12  	lhu	a5, 0x122(sp)
   15e92: 93 c7 f7 ff  	not	a5, a5
   15e96: 13 97 17 03  	slli	a4, a5, 0x31
   15e9a: 63 08 07 1a  	beqz	a4, 0x1604a <_ldtoa_r+0xd2a>
   15e9e: 0c 1a        	addi	a1, sp, 0x130
   15ea0: 17 95 00 00  	auipc	a0, 0x9
   15ea4: 13 05 85 37  	addi	a0, a0, 0x378
   15ea8: ef e0 8f cd  	jal	0x14380 <emovi>
   15eac: 8c 0a        	addi	a1, sp, 0x150
   15eae: 56 85        	mv	a0, s5
   15eb0: ef e0 0f cd  	jal	0x14380 <emovi>
   15eb4: 83 57 01 13  	lhu	a5, 0x130(sp)
   15eb8: 03 56 21 15  	lhu	a2, 0x152(sp)
   15ebc: 03 5e 21 13  	lhu	t3, 0x132(sp)
   15ec0: 93 c7 f7 ff  	not	a5, a5
   15ec4: 23 18 f1 12  	sh	a5, 0x130(sp)
   15ec8: b3 05 ce 40  	sub	a1, t3, a2
   15ecc: b2 86        	mv	a3, a2
   15ece: 63 5e b0 04  	blez	a1, 0x15f2a <_ldtoa_r+0xc0a>
   15ed2: 88 0a        	addi	a0, sp, 0x150
   15ed4: de 86        	mv	a3, s7
   15ed6: bc 12        	addi	a5, sp, 0x168
   15ed8: de 85        	mv	a1, s7
   15eda: 2a 87        	mv	a4, a0
   15edc: 83 38 07 00  	ld	a7, 0x0(a4)
   15ee0: 21 07        	addi	a4, a4, 0x8
   15ee2: a1 05        	addi	a1, a1, 0x8
   15ee4: 23 bc 15 ff  	sd	a7, -0x8(a1)
   15ee8: e3 9a e7 fe  	bne	a5, a4, 0x15edc <_ldtoa_r+0xbbc>
   15eec: 0c 1a        	addi	a1, sp, 0x130
   15eee: 23 14 01 18  	sh	zero, 0x188(sp)
   15ef2: b8 02        	addi	a4, sp, 0x148
   15ef4: ae 87        	mv	a5, a1
   15ef6: 83 b8 07 00  	ld	a7, 0x0(a5)
   15efa: a1 07        	addi	a5, a5, 0x8
   15efc: 21 05        	addi	a0, a0, 0x8
   15efe: 23 3c 15 ff  	sd	a7, -0x8(a0)
   15f02: e3 1a f7 fe  	bne	a4, a5, 0x15ef6 <_ldtoa_r+0xbd6>
   15f06: 23 14 01 16  	sh	zero, 0x168(sp)
   15f0a: 93 87 8b 01  	addi	a5, s7, 0x18
   15f0e: 98 62        	ld	a4, 0x0(a3)
   15f10: a1 06        	addi	a3, a3, 0x8
   15f12: a1 05        	addi	a1, a1, 0x8
   15f14: 23 bc e5 fe  	sd	a4, -0x8(a1)
   15f18: e3 9b f6 fe  	bne	a3, a5, 0x15f0e <_ldtoa_r+0xbee>
   15f1c: 83 56 21 15  	lhu	a3, 0x152(sp)
   15f20: b3 05 c6 41  	sub	a1, a2, t3
   15f24: 23 14 01 14  	sh	zero, 0x148(sp)
   15f28: 36 86        	mv	a2, a3
   15f2a: 63 83 05 22  	beqz	a1, 0x16150 <_ldtoa_r+0xe30>
   15f2e: b6 ec        	sd	a3, 0x58(sp)
   15f30: 93 07 f0 f6  	li	a5, -0x91
   15f34: 63 cc f5 04  	blt	a1, a5, 0x15f8c <_ldtoa_r+0xc6c>
   15f38: 81 25        	sext.w	a1, a1
   15f3a: 08 1a        	addi	a0, sp, 0x130
   15f3c: ef e0 6f af  	jal	0x14232 <eshift.part.0>
   15f40: e6 66        	ld	a3, 0x58(sp)
   15f42: aa 85        	mv	a1, a0
   15f44: bc 12        	addi	a5, sp, 0x168
   15f46: b8 02        	addi	a4, sp, 0x148
   15f48: 03 55 01 13  	lhu	a0, 0x130(sp)
   15f4c: 03 56 01 15  	lhu	a2, 0x150(sp)
   15f50: 63 02 c5 24  	beq	a0, a2, 0x16194 <_ldtoa_r+0xe74>
   15f54: 01 46        	li	a2, 0x0
   15f56: 13 0e 21 15  	addi	t3, sp, 0x152
   15f5a: 03 d5 07 00  	lhu	a0, 0x0(a5)
   15f5e: 83 58 07 00  	lhu	a7, 0x0(a4)
   15f62: f9 17        	addi	a5, a5, -0x2
   15f64: 79 17        	addi	a4, a4, -0x2
   15f66: 33 05 15 41  	sub	a0, a0, a7
   15f6a: 33 06 c5 40  	sub	a2, a0, a2
   15f6e: 23 91 c7 00  	sh	a2, 0x2(a5)
   15f72: 41 82        	srli	a2, a2, 0x10
   15f74: 05 8a        	andi	a2, a2, 0x1
   15f76: e3 92 c7 ff  	bne	a5, t3, 0x15f5a <_ldtoa_r+0xc3a>
   15f7a: 05 46        	li	a2, 0x1
   15f7c: ca 87        	mv	a5, s2
   15f7e: 13 07 00 04  	li	a4, 0x40
   15f82: 88 0a        	addi	a0, sp, 0x150
   15f84: ef e0 6f d7  	jal	0x144fa <emdnorm>
   15f88: 03 5a c1 1f  	lhu	s4, 0x1fc(sp)
   15f8c: 88 0a        	addi	a0, sp, 0x150
   15f8e: d6 85        	mv	a1, s5
   15f90: ef e0 0f 90  	jal	0x14090 <emovo.isra.0>
   15f94: ad bb        	j	0x15d0e <_ldtoa_r+0x9ee>
   15f96: e2 67        	ld	a5, 0x18(sp)
   15f98: 23 08 01 16  	sb	zero, 0x170(sp)
   15f9c: 5e 89        	mv	s2, s7
   15f9e: 23 a0 07 00  	sw	zero, 0x0(a5)
   15fa2: 75 be        	j	0x15b5e <_ldtoa_r+0x83e>
   15fa4: d6 87        	mv	a5, s5
   15fa6: 58 12        	addi	a4, sp, 0x124
   15fa8: 89 07        	addi	a5, a5, 0x2
   15faa: 23 9f 07 fe  	sh	zero, -0x2(a5)
   15fae: e3 9d e7 fe  	bne	a5, a4, 0x15fa8 <_ldtoa_r+0xc88>
   15fb2: b1 b3        	j	0x15cfe <_ldtoa_r+0x9de>
   15fb4: a2 77        	ld	a5, 0x28(sp)
   15fb6: 93 0b 01 17  	addi	s7, sp, 0x170
   15fba: 5e 85        	mv	a0, s7
   15fbc: bd cb        	beqz	a5, 0x16032 <_ldtoa_r+0xd12>
   15fbe: 97 95 00 00  	auipc	a1, 0x9
   15fc2: 93 85 25 d8  	addi	a1, a1, -0x27e
   15fc6: ef 10 f0 79  	jal	0x17f64 <sprintf>
   15fca: 09 64        	lui	s0, 0x2
   15fcc: 13 04 f4 70  	addi	s0, s0, 0x70f
   15fd0: ad b0        	j	0x1583a <_ldtoa_r+0x51a>
   15fd2: 18 09        	addi	a4, sp, 0x90
   15fd4: 13 06 21 0a  	addi	a2, sp, 0xa2
   15fd8: 19 a0        	j	0x15fde <_ldtoa_r+0xcbe>
   15fda: e3 05 c7 88  	beq	a4, a2, 0x15864 <_ldtoa_r+0x544>
   15fde: 83 57 07 00  	lhu	a5, 0x0(a4)
   15fe2: 09 07        	addi	a4, a4, 0x2
   15fe4: fd db        	beqz	a5, 0x15fda <_ldtoa_r+0xcba>
   15fe6: e2 67        	ld	a5, 0x18(sp)
   15fe8: 09 67        	lui	a4, 0x2
   15fea: 13 07 f7 70  	addi	a4, a4, 0x70f
   15fee: 98 c3        	sw	a4, 0x0(a5)
   15ff0: 6d b0        	j	0x1589a <_ldtoa_r+0x57a>
   15ff2: 85 26        	addiw	a3, a3, 0x1
   15ff4: 23 00 d7 00  	sb	a3, 0x0(a4)
   15ff8: 6f f0 3f 83  	j	0x1582a <_ldtoa_r+0x50a>
   15ffc: 93 0b 01 17  	addi	s7, sp, 0x170
   16000: 5e 85        	mv	a0, s7
   16002: 97 95 00 00  	auipc	a1, 0x9
   16006: 93 85 e5 d5  	addi	a1, a1, -0x2a2
   1600a: ef 10 b0 75  	jal	0x17f64 <sprintf>
   1600e: 75 bf        	j	0x15fca <_ldtoa_r+0xcaa>
   16010: 11 47        	li	a4, 0x4
   16012: 93 09 21 17  	addi	s3, sp, 0x172
   16016: e3 5a d7 80  	bge	a4, a3, 0x1582a <_ldtoa_r+0x50a>
   1601a: 15 47        	li	a4, 0x5
   1601c: 13 09 31 17  	addi	s2, sp, 0x173
   16020: e3 8b e6 de  	beq	a3, a4, 0x15e16 <_ldtoa_r+0xaf6>
   16024: 13 07 10 03  	li	a4, 0x31
   16028: 05 24        	addiw	s0, s0, 0x1
   1602a: 23 0f e9 fe  	sb	a4, -0x2(s2)
   1602e: 6f f0 cf ff  	j	0x1582a <_ldtoa_r+0x50a>
   16032: 97 95 00 00  	auipc	a1, 0x9
   16036: 93 85 e5 d1  	addi	a1, a1, -0x2e2
   1603a: ef 10 b0 72  	jal	0x17f64 <sprintf>
   1603e: 71 b7        	j	0x15fca <_ldtoa_r+0xcaa>
   16040: 85 26        	addiw	a3, a3, 0x1
   16042: a3 0f d7 fe  	sb	a3, -0x1(a4)
   16046: 6f f0 4f fe  	j	0x1582a <_ldtoa_r+0x50a>
   1604a: d6 87        	mv	a5, s5
   1604c: 13 07 21 12  	addi	a4, sp, 0x122
   16050: 83 d6 07 00  	lhu	a3, 0x0(a5)
   16054: 89 07        	addi	a5, a5, 0x2
   16056: e3 9c 06 ca  	bnez	a3, 0x15d0e <_ldtoa_r+0x9ee>
   1605a: e3 9b e7 fe  	bne	a5, a4, 0x16050 <_ldtoa_r+0xd30>
   1605e: d6 87        	mv	a5, s5
   16060: 19 a0        	j	0x16066 <_ldtoa_r+0xd46>
   16062: e3 86 e7 ca  	beq	a5, a4, 0x15d0e <_ldtoa_r+0x9ee>
   16066: 83 d6 07 00  	lhu	a3, 0x0(a5)
   1606a: 89 07        	addi	a5, a5, 0x2
   1606c: fd da        	beqz	a3, 0x16062 <_ldtoa_r+0xd42>
   1606e: 05 bd        	j	0x15e9e <_ldtoa_r+0xb7e>
   16070: e3 4a 06 fa  	bltz	a2, 0x16024 <_ldtoa_r+0xd04>
   16074: 6f f0 ef f6  	j	0x157e2 <_ldtoa_r+0x4c2>
   16078: 04 0a        	addi	s1, sp, 0x110
   1607a: a6 85        	mv	a1, s1
   1607c: 08 19        	addi	a0, sp, 0xb0
   1607e: ef e0 2f b0  	jal	0x14380 <emovi>
   16082: 91 67        	lui	a5, 0x4
   16084: f9 17        	addi	a5, a5, -0x2
   16086: 93 0d 81 12  	addi	s11, sp, 0x128
   1608a: 93 09 21 11  	addi	s3, sp, 0x112
   1608e: 93 0c 81 10  	addi	s9, sp, 0x108
   16092: 3e fc        	sd	a5, 0x38(sp)
   16094: 01 44        	li	s0, 0x0
   16096: 93 0b 50 fd  	li	s7, -0x2b
   1609a: 83 57 81 12  	lhu	a5, 0x128(sp)
   1609e: 9d 8b        	andi	a5, a5, 0x7
   160a0: d9 ef        	bnez	a5, 0x1613e <_ldtoa_r+0xe1e>
   160a2: 13 09 01 0f  	addi	s2, sp, 0xf0
   160a6: 26 8c        	mv	s8, s1
   160a8: 4a 87        	mv	a4, s2
   160aa: a6 87        	mv	a5, s1
   160ac: 94 63        	ld	a3, 0x0(a5)
   160ae: a1 07        	addi	a5, a5, 0x8
   160b0: 21 07        	addi	a4, a4, 0x8
   160b2: 23 3c d7 fe  	sd	a3, -0x8(a4)
   160b6: e3 9b fd fe  	bne	s11, a5, 0x160ac <_ldtoa_r+0xd8c>
   160ba: 88 19        	addi	a0, sp, 0xf0
   160bc: 23 14 01 10  	sh	zero, 0x108(sp)
   160c0: ef d0 9f ec  	jal	0x13f88 <eshdn1>
   160c4: 88 19        	addi	a0, sp, 0xf0
   160c6: ef d0 3f ec  	jal	0x13f88 <eshdn1>
   160ca: 34 02        	addi	a3, sp, 0x108
   160cc: 6e 87        	mv	a4, s11
   160ce: 01 46        	li	a2, 0x0
   160d0: 83 d5 06 00  	lhu	a1, 0x0(a3)
   160d4: 83 57 07 00  	lhu	a5, 0x0(a4)
   160d8: 79 17        	addi	a4, a4, -0x2
   160da: f9 16        	addi	a3, a3, -0x2
   160dc: ae 97        	add	a5, a5, a1
   160de: b2 97        	add	a5, a5, a2
   160e0: 23 91 f6 00  	sh	a5, 0x2(a3)
   160e4: c1 83        	srli	a5, a5, 0x10
   160e6: 13 f6 17 00  	andi	a2, a5, 0x1
   160ea: e3 13 37 ff  	bne	a4, s3, 0x160d0 <_ldtoa_r+0xdb0>
   160ee: 83 57 21 0f  	lhu	a5, 0xf2(sp)
   160f2: 03 57 41 0f  	lhu	a4, 0xf4(sp)
   160f6: 8d 27        	addiw	a5, a5, 0x3
   160f8: 23 19 f1 0e  	sh	a5, 0xf2(sp)
   160fc: 01 cf        	beqz	a4, 0x16114 <_ldtoa_r+0xdf4>
   160fe: 88 19        	addi	a0, sp, 0xf0
   16100: ef d0 9f e8  	jal	0x13f88 <eshdn1>
   16104: 83 57 21 0f  	lhu	a5, 0xf2(sp)
   16108: 03 57 41 0f  	lhu	a4, 0xf4(sp)
   1610c: 85 27        	addiw	a5, a5, 0x1
   1610e: 23 19 f1 0e  	sh	a5, 0xf2(sp)
   16112: 75 f7        	bnez	a4, 0x160fe <_ldtoa_r+0xdde>
   16114: 83 57 81 10  	lhu	a5, 0x108(sp)
   16118: 9d e3        	bnez	a5, 0x1613e <_ldtoa_r+0xe1e>
   1611a: 83 57 21 0f  	lhu	a5, 0xf2(sp)
   1611e: 62 77        	ld	a4, 0x38(sp)
   16120: 63 6f f7 00  	bltu	a4, a5, 0x1613e <_ldtoa_r+0xe1e>
   16124: 83 37 09 00  	ld	a5, 0x0(s2)
   16128: 21 09        	addi	s2, s2, 0x8
   1612a: 21 0c        	addi	s8, s8, 0x8
   1612c: 23 3c fc fe  	sd	a5, -0x8(s8)
   16130: e3 1a 99 ff  	bne	s2, s9, 0x16124 <_ldtoa_r+0xe04>
   16134: 23 14 01 12  	sh	zero, 0x128(sp)
   16138: 7d 34        	addiw	s0, s0, -0x1
   1613a: e3 10 74 f7  	bne	s0, s7, 0x1609a <_ldtoa_r+0xd7a>
   1613e: 0c 19        	addi	a1, sp, 0xb0
   16140: 26 85        	mv	a0, s1
   16142: ef d0 ff f4  	jal	0x14090 <emovo.isra.0>
   16146: 13 09 01 1b  	addi	s2, sp, 0x1b0
   1614a: 3d b2        	j	0x15a78 <_ldtoa_r+0x758>
   1614c: 56 87        	mv	a4, s5
   1614e: 51 be        	j	0x15ce2 <_ldtoa_r+0x9c2>
   16150: d8 0a        	addi	a4, sp, 0x154
   16152: 5c 1a        	addi	a5, sp, 0x134
   16154: 13 0e a1 14  	addi	t3, sp, 0x14a
   16158: 03 d5 07 00  	lhu	a0, 0x0(a5)
   1615c: 83 55 07 00  	lhu	a1, 0x0(a4)
   16160: 89 07        	addi	a5, a5, 0x2
   16162: 09 07        	addi	a4, a4, 0x2
   16164: 63 12 b5 02  	bne	a0, a1, 0x16188 <_ldtoa_r+0xe68>
   16168: e3 98 c7 ff  	bne	a5, t3, 0x16158 <_ldtoa_r+0xe38>
   1616c: 03 57 01 13  	lhu	a4, 0x130(sp)
   16170: 83 57 01 15  	lhu	a5, 0x150(sp)
   16174: 63 03 f7 04  	beq	a4, a5, 0x161ba <_ldtoa_r+0xe9a>
   16178: d6 87        	mv	a5, s5
   1617a: 58 12        	addi	a4, sp, 0x124
   1617c: 89 07        	addi	a5, a5, 0x2
   1617e: 23 9f 07 fe  	sh	zero, -0x2(a5)
   16182: e3 9d e7 fe  	bne	a5, a4, 0x1617c <_ldtoa_r+0xe5c>
   16186: 61 b6        	j	0x15d0e <_ldtoa_r+0x9ee>
   16188: 63 eb a5 04  	bltu	a1, a0, 0x161de <_ldtoa_r+0xebe>
   1618c: bc 12        	addi	a5, sp, 0x168
   1618e: b8 02        	addi	a4, sp, 0x148
   16190: 81 45        	li	a1, 0x0
   16192: 5d bb        	j	0x15f48 <_ldtoa_r+0xc28>
   16194: 01 46        	li	a2, 0x0
   16196: 13 03 21 13  	addi	t1, sp, 0x132
   1619a: 83 d8 07 00  	lhu	a7, 0x0(a5)
   1619e: 03 55 07 00  	lhu	a0, 0x0(a4)
   161a2: 79 17        	addi	a4, a4, -0x2
   161a4: f9 17        	addi	a5, a5, -0x2
   161a6: 46 95        	add	a0, a0, a7
   161a8: 2a 96        	add	a2, a2, a0
   161aa: 23 91 c7 00  	sh	a2, 0x2(a5)
   161ae: 41 82        	srli	a2, a2, 0x10
   161b0: 05 8a        	andi	a2, a2, 0x1
   161b2: e3 14 67 fe  	bne	a4, t1, 0x1619a <_ldtoa_r+0xe7a>
   161b6: 01 46        	li	a2, 0x0
   161b8: d1 b3        	j	0x15f7c <_ldtoa_r+0xc5c>
   161ba: b6 87        	mv	a5, a3
   161bc: 89 e6        	bnez	a3, 0x161c6 <_ldtoa_r+0xea6>
   161be: 03 17 61 15  	lh	a4, 0x156(sp)
   161c2: 63 5d 07 06  	bgez	a4, 0x1623c <_ldtoa_r+0xf1c>
   161c6: 13 07 21 15  	addi	a4, sp, 0x152
   161ca: bc 12        	addi	a5, sp, 0x168
   161cc: 83 55 07 00  	lhu	a1, 0x0(a4)
   161d0: 09 07        	addi	a4, a4, 0x2
   161d2: a5 e1        	bnez	a1, 0x16232 <_ldtoa_r+0xf12>
   161d4: e3 9c e7 fe  	bne	a5, a4, 0x161cc <_ldtoa_r+0xeac>
   161d8: 23 19 c1 14  	sh	a2, 0x152(sp)
   161dc: 45 bb        	j	0x15f8c <_ldtoa_r+0xc6c>
   161de: 13 03 01 15  	addi	t1, sp, 0x150
   161e2: de 85        	mv	a1, s7
   161e4: bc 12        	addi	a5, sp, 0x168
   161e6: 5e 86        	mv	a2, s7
   161e8: 1a 87        	mv	a4, t1
   161ea: 08 63        	ld	a0, 0x0(a4)
   161ec: 21 07        	addi	a4, a4, 0x8
   161ee: 21 06        	addi	a2, a2, 0x8
   161f0: 23 3c a6 fe  	sd	a0, -0x8(a2)
   161f4: e3 9b e7 fe  	bne	a5, a4, 0x161ea <_ldtoa_r+0xeca>
   161f8: 10 1a        	addi	a2, sp, 0x130
   161fa: 23 14 01 18  	sh	zero, 0x188(sp)
   161fe: 32 85        	mv	a0, a2
   16200: b8 02        	addi	a4, sp, 0x148
   16202: 83 38 05 00  	ld	a7, 0x0(a0)
   16206: 21 05        	addi	a0, a0, 0x8
   16208: 21 03        	addi	t1, t1, 0x8
   1620a: 23 3c 13 ff  	sd	a7, -0x8(t1)
   1620e: e3 1a a7 fe  	bne	a4, a0, 0x16202 <_ldtoa_r+0xee2>
   16212: 23 14 01 16  	sh	zero, 0x168(sp)
   16216: 13 85 8b 01  	addi	a0, s7, 0x18
   1621a: 83 b8 05 00  	ld	a7, 0x0(a1)
   1621e: a1 05        	addi	a1, a1, 0x8
   16220: 21 06        	addi	a2, a2, 0x8
   16222: 23 3c 16 ff  	sd	a7, -0x8(a2)
   16226: e3 9a a5 fe  	bne	a1, a0, 0x1621a <_ldtoa_r+0xefa>
   1622a: 23 14 01 14  	sh	zero, 0x148(sp)
   1622e: 81 45        	li	a1, 0x0
   16230: 21 bb        	j	0x15f48 <_ldtoa_r+0xc28>
   16232: 13 86 16 00  	addi	a2, a3, 0x1
   16236: 23 19 c1 14  	sh	a2, 0x152(sp)
   1623a: 89 bb        	j	0x15f8c <_ldtoa_r+0xc6c>
   1623c: b4 12        	addi	a3, sp, 0x168
   1623e: 13 0e 21 15  	addi	t3, sp, 0x152
   16242: 11 a8        	j	0x16256 <_ldtoa_r+0xf36>
   16244: 23 90 e6 00  	sh	a4, 0x0(a3)
   16248: 9b 97 17 00  	slliw	a5, a5, 0x1
   1624c: c2 17        	slli	a5, a5, 0x30
   1624e: f9 16        	addi	a3, a3, -0x2
   16250: c1 93        	srli	a5, a5, 0x30
   16252: e3 8d c6 d3  	beq	a3, t3, 0x15f8c <_ldtoa_r+0xc6c>
   16256: 03 d7 06 00  	lhu	a4, 0x0(a3)
   1625a: 1b 16 07 01  	slliw	a2, a4, 0x10
   1625e: 1b 56 06 41  	sraiw	a2, a2, 0x10
   16262: 1b 17 17 00  	slliw	a4, a4, 0x1
   16266: 42 17        	slli	a4, a4, 0x30
   16268: 93 15 06 02  	slli	a1, a2, 0x20
   1626c: 41 93        	srli	a4, a4, 0x30
   1626e: 63 d4 05 00  	bgez	a1, 0x16276 <_ldtoa_r+0xf56>
   16272: 93 e7 17 00  	ori	a5, a5, 0x1
   16276: 13 f6 27 00  	andi	a2, a5, 0x2
   1627a: 93 65 17 00  	ori	a1, a4, 0x1
   1627e: 79 d2        	beqz	a2, 0x16244 <_ldtoa_r+0xf24>
   16280: 23 90 b6 00  	sh	a1, 0x0(a3)
   16284: d1 b7        	j	0x16248 <_ldtoa_r+0xf28>

0000000000016286 <_ldcheck>:
   16286: 18 61        	ld	a4, 0x0(a0)
   16288: 1c 65        	ld	a5, 0x8(a0)
   1628a: 39 71        	addi	sp, sp, -0x40
   1628c: 0a 85        	mv	a0, sp
   1628e: 0c 08        	addi	a1, sp, 0x10
   16290: 3a e0        	sd	a4, 0x0(sp)
   16292: 3e e4        	sd	a5, 0x8(sp)
   16294: 06 fc        	sd	ra, 0x38(sp)
   16296: ef e0 0f f3  	jal	0x149c6 <e113toe.isra.0>
   1629a: 83 57 21 02  	lhu	a5, 0x22(sp)
   1629e: 01 45        	li	a0, 0x0
   162a0: 93 c7 f7 ff  	not	a5, a5
   162a4: 13 97 17 03  	slli	a4, a5, 0x31
   162a8: 19 eb        	bnez	a4, 0x162be <_ldcheck+0x38>
   162aa: 1c 08        	addi	a5, sp, 0x10
   162ac: 93 06 21 02  	addi	a3, sp, 0x22
   162b0: 03 d7 07 00  	lhu	a4, 0x0(a5)
   162b4: 89 07        	addi	a5, a5, 0x2
   162b6: 19 e7        	bnez	a4, 0x162c4 <_ldcheck+0x3e>
   162b8: e3 9c d7 fe  	bne	a5, a3, 0x162b0 <_ldcheck+0x2a>
   162bc: 09 45        	li	a0, 0x2
   162be: e2 70        	ld	ra, 0x38(sp)
   162c0: 21 61        	addi	sp, sp, 0x40
   162c2: 82 80        	ret
   162c4: 05 45        	li	a0, 0x1
   162c6: e5 bf        	j	0x162be <_ldcheck+0x38>

00000000000162c8 <__localeconv_l>:
   162c8: 13 05 05 10  	addi	a0, a0, 0x100
   162cc: 82 80        	ret

00000000000162ce <_localeconv_r>:
   162ce: 13 85 01 5a  	addi	a0, gp, 0x5a0
   162d2: 82 80        	ret

00000000000162d4 <localeconv>:
   162d4: 13 85 01 5a  	addi	a0, gp, 0x5a0
   162d8: 82 80        	ret

00000000000162da <__retarget_lock_init>:
   162da: 82 80        	ret

00000000000162dc <__retarget_lock_init_recursive>:
   162dc: 82 80        	ret

00000000000162de <__retarget_lock_close>:
   162de: 82 80        	ret

00000000000162e0 <__retarget_lock_close_recursive>:
   162e0: 82 80        	ret

00000000000162e2 <__retarget_lock_acquire>:
   162e2: 82 80        	ret

00000000000162e4 <__retarget_lock_acquire_recursive>:
   162e4: 82 80        	ret

00000000000162e6 <__retarget_lock_try_acquire>:
   162e6: 05 45        	li	a0, 0x1
   162e8: 82 80        	ret

00000000000162ea <__retarget_lock_try_acquire_recursive>:
   162ea: 05 45        	li	a0, 0x1
   162ec: 82 80        	ret

00000000000162ee <__retarget_lock_release>:
   162ee: 82 80        	ret

00000000000162f0 <__retarget_lock_release_recursive>:
   162f0: 82 80        	ret

00000000000162f2 <__smakebuf_r>:
   162f2: 83 97 05 01  	lh	a5, 0x10(a1)
   162f6: 35 71        	addi	sp, sp, -0xa0
   162f8: 22 e9        	sd	s0, 0x90(sp)
   162fa: 06 ed        	sd	ra, 0x98(sp)
   162fc: 13 f7 27 00  	andi	a4, a5, 0x2
   16300: 2e 84        	mv	s0, a1
   16302: 19 cb        	beqz	a4, 0x16318 <__smakebuf_r+0x26>
   16304: 93 87 75 07  	addi	a5, a1, 0x77
   16308: 05 47        	li	a4, 0x1
   1630a: 9c e1        	sd	a5, 0x0(a1)
   1630c: 9c ed        	sd	a5, 0x18(a1)
   1630e: 98 d1        	sw	a4, 0x20(a1)
   16310: ea 60        	ld	ra, 0x98(sp)
   16312: 4a 64        	ld	s0, 0x90(sp)
   16314: 0d 61        	addi	sp, sp, 0xa0
   16316: 82 80        	ret
   16318: 83 95 25 01  	lh	a1, 0x12(a1)
   1631c: 26 e5        	sd	s1, 0x88(sp)
   1631e: 4a e1        	sd	s2, 0x80(sp)
   16320: ce fc        	sd	s3, 0x78(sp)
   16322: d2 f8        	sd	s4, 0x70(sp)
   16324: aa 84        	mv	s1, a0
   16326: 63 c9 05 06  	bltz	a1, 0x16398 <__smakebuf_r+0xa6>
   1632a: 30 00        	addi	a2, sp, 0x8
   1632c: ef 50 60 57  	jal	0x1b8a2 <_fstat_r>
   16330: 63 42 05 06  	bltz	a0, 0x16394 <__smakebuf_r+0xa2>
   16334: 32 49        	lw	s2, 0xc(sp)
   16336: 3d 67        	lui	a4, 0xf
   16338: 89 67        	lui	a5, 0x2
   1633a: 33 79 e9 00  	and	s2, s2, a4
   1633e: 33 09 f9 40  	sub	s2, s2, a5
   16342: 05 6a        	lui	s4, 0x1
   16344: 13 39 19 00  	seqz	s2, s2
   16348: 13 0a 0a 80  	addi	s4, s4, -0x800
   1634c: 93 09 00 40  	li	s3, 0x400
   16350: ce 85        	mv	a1, s3
   16352: 26 85        	mv	a0, s1
   16354: ef 00 80 13  	jal	0x1648c <_malloc_r>
   16358: 83 17 04 01  	lh	a5, 0x10(s0)
   1635c: 21 cd        	beqz	a0, 0x163b4 <__smakebuf_r+0xc2>
   1635e: 17 d7 ff ff  	auipc	a4, 0xffffd
   16362: 13 07 c7 13  	addi	a4, a4, 0x13c
   16366: b8 ec        	sd	a4, 0x58(s1)
   16368: 93 e7 07 08  	ori	a5, a5, 0x80
   1636c: 23 18 f4 00  	sh	a5, 0x10(s0)
   16370: 08 e0        	sd	a0, 0x0(s0)
   16372: 08 ec        	sd	a0, 0x18(s0)
   16374: 23 20 34 03  	sw	s3, 0x20(s0)
   16378: 63 15 09 06  	bnez	s2, 0x163e2 <__smakebuf_r+0xf0>
   1637c: b3 e7 47 01  	or	a5, a5, s4
   16380: ea 60        	ld	ra, 0x98(sp)
   16382: 23 18 f4 00  	sh	a5, 0x10(s0)
   16386: 4a 64        	ld	s0, 0x90(sp)
   16388: aa 64        	ld	s1, 0x88(sp)
   1638a: 0a 69        	ld	s2, 0x80(sp)
   1638c: e6 79        	ld	s3, 0x78(sp)
   1638e: 46 7a        	ld	s4, 0x70(sp)
   16390: 0d 61        	addi	sp, sp, 0xa0
   16392: 82 80        	ret
   16394: 83 17 04 01  	lh	a5, 0x10(s0)
   16398: 93 f7 07 08  	andi	a5, a5, 0x80
   1639c: 01 49        	li	s2, 0x0
   1639e: 95 cf        	beqz	a5, 0x163da <__smakebuf_r+0xe8>
   163a0: 93 09 00 04  	li	s3, 0x40
   163a4: ce 85        	mv	a1, s3
   163a6: 26 85        	mv	a0, s1
   163a8: ef 00 40 0e  	jal	0x1648c <_malloc_r>
   163ac: 83 17 04 01  	lh	a5, 0x10(s0)
   163b0: 01 4a        	li	s4, 0x0
   163b2: 55 f5        	bnez	a0, 0x1635e <__smakebuf_r+0x6c>
   163b4: 13 f7 07 20  	andi	a4, a5, 0x200
   163b8: 29 e3        	bnez	a4, 0x163fa <__smakebuf_r+0x108>
   163ba: f1 9b        	andi	a5, a5, -0x4
   163bc: 13 07 74 07  	addi	a4, s0, 0x77
   163c0: 93 e7 27 00  	ori	a5, a5, 0x2
   163c4: 85 46        	li	a3, 0x1
   163c6: aa 64        	ld	s1, 0x88(sp)
   163c8: 0a 69        	ld	s2, 0x80(sp)
   163ca: e6 79        	ld	s3, 0x78(sp)
   163cc: 46 7a        	ld	s4, 0x70(sp)
   163ce: 23 18 f4 00  	sh	a5, 0x10(s0)
   163d2: 18 e0        	sd	a4, 0x0(s0)
   163d4: 18 ec        	sd	a4, 0x18(s0)
   163d6: 14 d0        	sw	a3, 0x20(s0)
   163d8: 25 bf        	j	0x16310 <__smakebuf_r+0x1e>
   163da: 93 09 00 40  	li	s3, 0x400
   163de: 01 4a        	li	s4, 0x0
   163e0: 85 bf        	j	0x16350 <__smakebuf_r+0x5e>
   163e2: 83 15 24 01  	lh	a1, 0x12(s0)
   163e6: 26 85        	mv	a0, s1
   163e8: ef 50 e0 4e  	jal	0x1b8d6 <_isatty_r>
   163ec: 83 17 04 01  	lh	a5, 0x10(s0)
   163f0: 51 d5        	beqz	a0, 0x1637c <__smakebuf_r+0x8a>
   163f2: f1 9b        	andi	a5, a5, -0x4
   163f4: 93 e7 17 00  	ori	a5, a5, 0x1
   163f8: 51 b7        	j	0x1637c <__smakebuf_r+0x8a>
   163fa: aa 64        	ld	s1, 0x88(sp)
   163fc: 0a 69        	ld	s2, 0x80(sp)
   163fe: e6 79        	ld	s3, 0x78(sp)
   16400: 46 7a        	ld	s4, 0x70(sp)
   16402: 39 b7        	j	0x16310 <__smakebuf_r+0x1e>

0000000000016404 <__swhatbuf_r>:
   16404: 75 71        	addi	sp, sp, -0x90
   16406: 22 e1        	sd	s0, 0x80(sp)
   16408: 2e 84        	mv	s0, a1
   1640a: 83 95 25 01  	lh	a1, 0x12(a1)
   1640e: a6 fc        	sd	s1, 0x78(sp)
   16410: ca f8        	sd	s2, 0x70(sp)
   16412: 06 e5        	sd	ra, 0x88(sp)
   16414: b2 84        	mv	s1, a2
   16416: 36 89        	mv	s2, a3
   16418: 63 cc 05 02  	bltz	a1, 0x16450 <__swhatbuf_r+0x4c>
   1641c: 30 00        	addi	a2, sp, 0x8
   1641e: ef 50 40 48  	jal	0x1b8a2 <_fstat_r>
   16422: 63 47 05 02  	bltz	a0, 0x16450 <__swhatbuf_r+0x4c>
   16426: b2 47        	lw	a5, 0xc(sp)
   16428: bd 66        	lui	a3, 0xf
   1642a: 09 67        	lui	a4, 0x2
   1642c: f5 8f        	and	a5, a5, a3
   1642e: 99 8f        	sub	a5, a5, a4
   16430: aa 60        	ld	ra, 0x88(sp)
   16432: 0a 64        	ld	s0, 0x80(sp)
   16434: 93 b7 17 00  	seqz	a5, a5
   16438: 23 20 f9 00  	sw	a5, 0x0(s2)
   1643c: 13 07 00 40  	li	a4, 0x400
   16440: 98 e0        	sd	a4, 0x0(s1)
   16442: 05 65        	lui	a0, 0x1
   16444: e6 74        	ld	s1, 0x78(sp)
   16446: 46 79        	ld	s2, 0x70(sp)
   16448: 13 05 05 80  	addi	a0, a0, -0x800
   1644c: 49 61        	addi	sp, sp, 0x90
   1644e: 82 80        	ret
   16450: 83 57 04 01  	lhu	a5, 0x10(s0)
   16454: 93 f7 07 08  	andi	a5, a5, 0x80
   16458: 91 cf        	beqz	a5, 0x16474 <__swhatbuf_r+0x70>
   1645a: aa 60        	ld	ra, 0x88(sp)
   1645c: 0a 64        	ld	s0, 0x80(sp)
   1645e: 81 47        	li	a5, 0x0
   16460: 23 20 f9 00  	sw	a5, 0x0(s2)
   16464: 13 07 00 04  	li	a4, 0x40
   16468: 98 e0        	sd	a4, 0x0(s1)
   1646a: 46 79        	ld	s2, 0x70(sp)
   1646c: e6 74        	ld	s1, 0x78(sp)
   1646e: 01 45        	li	a0, 0x0
   16470: 49 61        	addi	sp, sp, 0x90
   16472: 82 80        	ret
   16474: aa 60        	ld	ra, 0x88(sp)
   16476: 0a 64        	ld	s0, 0x80(sp)
   16478: 23 20 f9 00  	sw	a5, 0x0(s2)
   1647c: 13 07 00 40  	li	a4, 0x400
   16480: 98 e0        	sd	a4, 0x0(s1)
   16482: 46 79        	ld	s2, 0x70(sp)
   16484: e6 74        	ld	s1, 0x78(sp)
   16486: 01 45        	li	a0, 0x0
   16488: 49 61        	addi	sp, sp, 0x90
   1648a: 82 80        	ret

000000000001648c <_malloc_r>:
   1648c: 1d 71        	addi	sp, sp, -0x60
   1648e: a6 e4        	sd	s1, 0x48(sp)
   16490: ca e0        	sd	s2, 0x40(sp)
   16492: 86 ec        	sd	ra, 0x58(sp)
   16494: a2 e8        	sd	s0, 0x50(sp)
   16496: 4e fc        	sd	s3, 0x38(sp)
   16498: 93 84 75 01  	addi	s1, a1, 0x17
   1649c: 93 07 e0 02  	li	a5, 0x2e
   164a0: 2a 89        	mv	s2, a0
   164a2: 63 ec 97 04  	bltu	a5, s1, 0x164fa <_malloc_r+0x6e>
   164a6: 93 04 00 02  	li	s1, 0x20
   164aa: 63 eb b4 18  	bltu	s1, a1, 0x16640 <_malloc_r+0x1b4>
   164ae: ef 00 30 07  	jal	0x16d20 <__malloc_lock>
   164b2: 93 07 00 05  	li	a5, 0x50
   164b6: 91 45        	li	a1, 0x4
   164b8: 97 b9 00 00  	auipc	s3, 0xb
   164bc: 93 89 09 e2  	addi	s3, s3, -0x1e0
   164c0: ce 97        	add	a5, a5, s3
   164c2: 80 67        	ld	s0, 0x8(a5)
   164c4: 13 87 07 ff  	addi	a4, a5, -0x10
   164c8: 63 03 e4 34  	beq	s0, a4, 0x1680e <_malloc_r+0x382>
   164cc: 1c 64        	ld	a5, 0x8(s0)
   164ce: 14 6c        	ld	a3, 0x18(s0)
   164d0: 10 68        	ld	a2, 0x10(s0)
   164d2: f1 9b        	andi	a5, a5, -0x4
   164d4: a2 97        	add	a5, a5, s0
   164d6: 98 67        	ld	a4, 0x8(a5)
   164d8: 14 ee        	sd	a3, 0x18(a2)
   164da: 90 ea        	sd	a2, 0x10(a3)
   164dc: 13 67 17 00  	ori	a4, a4, 0x1
   164e0: 4a 85        	mv	a0, s2
   164e2: 98 e7        	sd	a4, 0x8(a5)
   164e4: ef 00 50 04  	jal	0x16d28 <__malloc_unlock>
   164e8: e6 60        	ld	ra, 0x58(sp)
   164ea: 13 05 04 01  	addi	a0, s0, 0x10
   164ee: 46 64        	ld	s0, 0x50(sp)
   164f0: a6 64        	ld	s1, 0x48(sp)
   164f2: 06 69        	ld	s2, 0x40(sp)
   164f4: e2 79        	ld	s3, 0x38(sp)
   164f6: 25 61        	addi	sp, sp, 0x60
   164f8: 82 80        	ret
   164fa: b7 07 00 80  	lui	a5, 0x80000
   164fe: c1 98        	andi	s1, s1, -0x10
   16500: 93 c7 f7 ff  	not	a5, a5
   16504: 63 ee 97 12  	bltu	a5, s1, 0x16640 <_malloc_r+0x1b4>
   16508: 63 ec b4 12  	bltu	s1, a1, 0x16640 <_malloc_r+0x1b4>
   1650c: ef 00 50 01  	jal	0x16d20 <__malloc_lock>
   16510: 93 07 70 1f  	li	a5, 0x1f7
   16514: 63 f8 97 3e  	bgeu	a5, s1, 0x16904 <_malloc_r+0x478>
   16518: 93 d7 94 00  	srli	a5, s1, 0x9
   1651c: 63 8d 07 12  	beqz	a5, 0x16656 <_malloc_r+0x1ca>
   16520: 11 47        	li	a4, 0x4
   16522: 63 6d f7 32  	bltu	a4, a5, 0x1685c <_malloc_r+0x3d0>
   16526: 93 d7 64 00  	srli	a5, s1, 0x6
   1652a: 9b 85 97 03  	addiw	a1, a5, 0x39
   1652e: 1b 96 15 00  	slliw	a2, a1, 0x1
   16532: 1b 88 87 03  	addiw	a6, a5, 0x38
   16536: 0e 06        	slli	a2, a2, 0x3
   16538: 97 b9 00 00  	auipc	s3, 0xb
   1653c: 93 89 09 da  	addi	s3, s3, -0x260
   16540: 4e 96        	add	a2, a2, s3
   16542: 00 66        	ld	s0, 0x8(a2)
   16544: 41 16        	addi	a2, a2, -0x10
   16546: 63 01 86 02  	beq	a2, s0, 0x16568 <_malloc_r+0xdc>
   1654a: 7d 45        	li	a0, 0x1f
   1654c: 39 a0        	j	0x1655a <_malloc_r+0xce>
   1654e: 14 6c        	ld	a3, 0x18(s0)
   16550: 63 5b 07 28  	bgez	a4, 0x167e6 <_malloc_r+0x35a>
   16554: 63 0a d6 00  	beq	a2, a3, 0x16568 <_malloc_r+0xdc>
   16558: 36 84        	mv	s0, a3
   1655a: 1c 64        	ld	a5, 0x8(s0)
   1655c: f1 9b        	andi	a5, a5, -0x4
   1655e: 33 87 97 40  	sub	a4, a5, s1
   16562: e3 56 e5 fe  	bge	a0, a4, 0x1654e <_malloc_r+0xc2>
   16566: c2 85        	mv	a1, a6
   16568: 03 b4 09 02  	ld	s0, 0x20(s3)
   1656c: 97 b8 00 00  	auipc	a7, 0xb
   16570: 93 88 c8 d7  	addi	a7, a7, -0x284
   16574: 63 06 14 27  	beq	s0, a7, 0x167e0 <_malloc_r+0x354>
   16578: 1c 64        	ld	a5, 0x8(s0)
   1657a: fd 46        	li	a3, 0x1f
   1657c: f1 9b        	andi	a5, a5, -0x4
   1657e: 33 87 97 40  	sub	a4, a5, s1
   16582: 63 ca e6 34  	blt	a3, a4, 0x168d6 <_malloc_r+0x44a>
   16586: 23 b4 19 03  	sd	a7, 0x28(s3)
   1658a: 23 b0 19 03  	sd	a7, 0x20(s3)
   1658e: 63 59 07 32  	bgez	a4, 0x168c0 <_malloc_r+0x434>
   16592: 13 07 f0 1f  	li	a4, 0x1ff
   16596: 03 b5 89 00  	ld	a0, 0x8(s3)
   1659a: 63 6f f7 26  	bltu	a4, a5, 0x16818 <_malloc_r+0x38c>
   1659e: 8d 83        	srli	a5, a5, 0x3
   165a0: 81 27        	sext.w	a5, a5
   165a2: 1b 87 17 00  	addiw	a4, a5, 0x1
   165a6: 1b 17 17 00  	slliw	a4, a4, 0x1
   165aa: 0e 07        	slli	a4, a4, 0x3
   165ac: 4e 97        	add	a4, a4, s3
   165ae: 10 63        	ld	a2, 0x0(a4)
   165b0: 9b d7 27 40  	sraiw	a5, a5, 0x2
   165b4: 85 46        	li	a3, 0x1
   165b6: b3 97 f6 00  	sll	a5, a3, a5
   165ba: 5d 8d        	or	a0, a0, a5
   165bc: 93 07 07 ff  	addi	a5, a4, -0x10
   165c0: 10 e8        	sd	a2, 0x10(s0)
   165c2: 1c ec        	sd	a5, 0x18(s0)
   165c4: 23 b4 a9 00  	sd	a0, 0x8(s3)
   165c8: 00 e3        	sd	s0, 0x0(a4)
   165ca: 00 ee        	sd	s0, 0x18(a2)
   165cc: 9b d7 25 40  	sraiw	a5, a1, 0x2
   165d0: 05 46        	li	a2, 0x1
   165d2: 33 16 f6 00  	sll	a2, a2, a5
   165d6: 63 67 c5 08  	bltu	a0, a2, 0x16664 <_malloc_r+0x1d8>
   165da: b3 77 a6 00  	and	a5, a2, a0
   165de: 81 ef        	bnez	a5, 0x165f6 <_malloc_r+0x16a>
   165e0: 06 06        	slli	a2, a2, 0x1
   165e2: f1 99        	andi	a1, a1, -0x4
   165e4: b3 77 a6 00  	and	a5, a2, a0
   165e8: 91 25        	addiw	a1, a1, 0x4
   165ea: 91 e7        	bnez	a5, 0x165f6 <_malloc_r+0x16a>
   165ec: 06 06        	slli	a2, a2, 0x1
   165ee: b3 77 a6 00  	and	a5, a2, a0
   165f2: 91 25        	addiw	a1, a1, 0x4
   165f4: e5 df        	beqz	a5, 0x165ec <_malloc_r+0x160>
   165f6: 7d 48        	li	a6, 0x1f
   165f8: 1b 83 15 00  	addiw	t1, a1, 0x1
   165fc: 1b 13 13 00  	slliw	t1, t1, 0x1
   16600: 0e 03        	slli	t1, t1, 0x3
   16602: 41 13        	addi	t1, t1, -0x10
   16604: 4e 93        	add	t1, t1, s3
   16606: 1a 85        	mv	a0, t1
   16608: 1c 6d        	ld	a5, 0x18(a0)
   1660a: 2e 8e        	mv	t3, a1
   1660c: 63 09 f5 26  	beq	a0, a5, 0x1687e <_malloc_r+0x3f2>
   16610: 98 67        	ld	a4, 0x8(a5)
   16612: 3e 84        	mv	s0, a5
   16614: 9c 6f        	ld	a5, 0x18(a5)
   16616: 71 9b        	andi	a4, a4, -0x4
   16618: b3 06 97 40  	sub	a3, a4, s1
   1661c: 63 48 d8 26  	blt	a6, a3, 0x1688c <_malloc_r+0x400>
   16620: e3 c6 06 fe  	bltz	a3, 0x1660c <_malloc_r+0x180>
   16624: 22 97        	add	a4, a4, s0
   16626: 14 67        	ld	a3, 0x8(a4)
   16628: 10 68        	ld	a2, 0x10(s0)
   1662a: 4a 85        	mv	a0, s2
   1662c: 93 e6 16 00  	ori	a3, a3, 0x1
   16630: 14 e7        	sd	a3, 0x8(a4)
   16632: 1c ee        	sd	a5, 0x18(a2)
   16634: 90 eb        	sd	a2, 0x10(a5)
   16636: ef 00 20 6f  	jal	0x16d28 <__malloc_unlock>
   1663a: 13 05 04 01  	addi	a0, s0, 0x10
   1663e: 29 a0        	j	0x16648 <_malloc_r+0x1bc>
   16640: b1 47        	li	a5, 0xc
   16642: 23 20 f9 00  	sw	a5, 0x0(s2)
   16646: 01 45        	li	a0, 0x0
   16648: e6 60        	ld	ra, 0x58(sp)
   1664a: 46 64        	ld	s0, 0x50(sp)
   1664c: a6 64        	ld	s1, 0x48(sp)
   1664e: 06 69        	ld	s2, 0x40(sp)
   16650: e2 79        	ld	s3, 0x38(sp)
   16652: 25 61        	addi	sp, sp, 0x60
   16654: 82 80        	ret
   16656: 13 06 00 40  	li	a2, 0x400
   1665a: 93 05 00 04  	li	a1, 0x40
   1665e: 13 08 f0 03  	li	a6, 0x3f
   16662: d9 bd        	j	0x16538 <_malloc_r+0xac>
   16664: 03 b4 09 01  	ld	s0, 0x10(s3)
   16668: 56 f4        	sd	s5, 0x28(sp)
   1666a: 1c 64        	ld	a5, 0x8(s0)
   1666c: 93 fa c7 ff  	andi	s5, a5, -0x4
   16670: 63 e7 9a 00  	bltu	s5, s1, 0x1667e <_malloc_r+0x1f2>
   16674: 33 87 9a 40  	sub	a4, s5, s1
   16678: fd 47        	li	a5, 0x1f
   1667a: 63 cd e7 12  	blt	a5, a4, 0x167b4 <_malloc_r+0x328>
   1667e: 62 e8        	sd	s8, 0x10(sp)
   16680: 13 8c 81 71  	addi	s8, gp, 0x718
   16684: 52 f8        	sd	s4, 0x30(sp)
   16686: 03 37 0c 00  	ld	a4, 0x0(s8)
   1668a: 03 ba 01 78  	ld	s4, 0x780(gp)
   1668e: 5e ec        	sd	s7, 0x18(sp)
   16690: 5a f0        	sd	s6, 0x20(sp)
   16692: fd 57        	li	a5, -0x1
   16694: b3 0b 54 01  	add	s7, s0, s5
   16698: 26 9a        	add	s4, s4, s1
   1669a: 63 0b f7 2e  	beq	a4, a5, 0x16990 <_malloc_r+0x504>
   1669e: 85 67        	lui	a5, 0x1
   166a0: fd 07        	addi	a5, a5, 0x1f
   166a2: 3e 9a        	add	s4, s4, a5
   166a4: fd 77        	lui	a5, 0xfffff
   166a6: 33 7a fa 00  	and	s4, s4, a5
   166aa: d2 85        	mv	a1, s4
   166ac: 4a 85        	mv	a0, s2
   166ae: ef 10 70 04  	jal	0x17ef4 <_sbrk_r>
   166b2: fd 57        	li	a5, -0x1
   166b4: 2a 8b        	mv	s6, a0
   166b6: 63 0f f5 36  	beq	a0, a5, 0x16a34 <_malloc_r+0x5a8>
   166ba: 66 e4        	sd	s9, 0x8(sp)
   166bc: 63 6a 75 0d  	bltu	a0, s7, 0x16790 <_malloc_r+0x304>
   166c0: 17 b7 00 00  	auipc	a4, 0xb
   166c4: 03 27 07 76  	lw	a4, 0x760(a4)
   166c8: 97 bc 00 00  	auipc	s9, 0xb
   166cc: 93 8c 8c 75  	addi	s9, s9, 0x758
   166d0: 3b 07 47 01  	addw	a4, a4, s4
   166d4: 23 a0 ec 00  	sw	a4, 0x0(s9)
   166d8: ba 86        	mv	a3, a4
   166da: 63 81 ab 36  	beq	s7, a0, 0x16a3c <_malloc_r+0x5b0>
   166de: 03 37 0c 00  	ld	a4, 0x0(s8)
   166e2: fd 57        	li	a5, -0x1
   166e4: 63 09 f7 36  	beq	a4, a5, 0x16a56 <_malloc_r+0x5ca>
   166e8: b3 07 7b 41  	sub	a5, s6, s7
   166ec: b5 9f        	addw	a5, a5, a3
   166ee: 23 a0 fc 00  	sw	a5, 0x0(s9)
   166f2: 13 7c fb 00  	andi	s8, s6, 0xf
   166f6: 63 09 0c 2a  	beqz	s8, 0x169a8 <_malloc_r+0x51c>
   166fa: 33 0b 8b 41  	sub	s6, s6, s8
   166fe: 85 66        	lui	a3, 0x1
   16700: 41 0b        	addi	s6, s6, 0x10
   16702: c1 06        	addi	a3, a3, 0x10
   16704: 5a 9a        	add	s4, s4, s6
   16706: b3 86 86 41  	sub	a3, a3, s8
   1670a: b3 86 46 41  	sub	a3, a3, s4
   1670e: d2 16        	slli	a3, a3, 0x34
   16710: 93 db 46 03  	srli	s7, a3, 0x34
   16714: de 85        	mv	a1, s7
   16716: 4a 85        	mv	a0, s2
   16718: ef 10 c0 7d  	jal	0x17ef4 <_sbrk_r>
   1671c: fd 57        	li	a5, -0x1
   1671e: 63 0b f5 36  	beq	a0, a5, 0x16a94 <_malloc_r+0x608>
   16722: 33 05 65 41  	sub	a0, a0, s6
   16726: 33 0a 75 01  	add	s4, a0, s7
   1672a: 9b 86 0b 00  	sext.w	a3, s7
   1672e: 17 b7 00 00  	auipc	a4, 0xb
   16732: 03 27 27 6f  	lw	a4, 0x6f2(a4)
   16736: 23 b8 69 01  	sd	s6, 0x10(s3)
   1673a: 93 67 1a 00  	ori	a5, s4, 0x1
   1673e: 35 9f        	addw	a4, a4, a3
   16740: 23 34 fb 00  	sd	a5, 0x8(s6)
   16744: 23 a0 ec 00  	sw	a4, 0x0(s9)
   16748: 63 05 34 03  	beq	s0, s3, 0x16772 <_malloc_r+0x2e6>
   1674c: 7d 46        	li	a2, 0x1f
   1674e: 63 7d 56 27  	bgeu	a2, s5, 0x169c8 <_malloc_r+0x53c>
   16752: 14 64        	ld	a3, 0x8(s0)
   16754: 93 87 8a fe  	addi	a5, s5, -0x18
   16758: c1 9b        	andi	a5, a5, -0x10
   1675a: 85 8a        	andi	a3, a3, 0x1
   1675c: dd 8e        	or	a3, a3, a5
   1675e: 14 e4        	sd	a3, 0x8(s0)
   16760: a5 45        	li	a1, 0x9
   16762: b3 06 f4 00  	add	a3, s0, a5
   16766: 8c e6        	sd	a1, 0x8(a3)
   16768: 8c ea        	sd	a1, 0x10(a3)
   1676a: 63 67 f6 20  	bltu	a2, a5, 0x16978 <_malloc_r+0x4ec>
   1676e: 83 37 8b 00  	ld	a5, 0x8(s6)
   16772: 93 86 81 77  	addi	a3, gp, 0x778
   16776: 90 62        	ld	a2, 0x0(a3)
   16778: 63 73 e6 00  	bgeu	a2, a4, 0x1677e <_malloc_r+0x2f2>
   1677c: 98 e2        	sd	a4, 0x0(a3)
   1677e: 93 86 01 77  	addi	a3, gp, 0x770
   16782: 90 62        	ld	a2, 0x0(a3)
   16784: 63 73 e6 00  	bgeu	a2, a4, 0x1678a <_malloc_r+0x2fe>
   16788: 98 e2        	sd	a4, 0x0(a3)
   1678a: a2 6c        	ld	s9, 0x8(sp)
   1678c: 5a 84        	mv	s0, s6
   1678e: 39 a0        	j	0x1679c <_malloc_r+0x310>
   16790: 63 05 34 29  	beq	s0, s3, 0x16a1a <_malloc_r+0x58e>
   16794: 03 b4 09 01  	ld	s0, 0x10(s3)
   16798: a2 6c        	ld	s9, 0x8(sp)
   1679a: 1c 64        	ld	a5, 0x8(s0)
   1679c: f1 9b        	andi	a5, a5, -0x4
   1679e: 33 87 97 40  	sub	a4, a5, s1
   167a2: 63 e7 97 22  	bltu	a5, s1, 0x169d0 <_malloc_r+0x544>
   167a6: fd 47        	li	a5, 0x1f
   167a8: 63 d4 e7 22  	bge	a5, a4, 0x169d0 <_malloc_r+0x544>
   167ac: 42 7a        	ld	s4, 0x30(sp)
   167ae: 02 7b        	ld	s6, 0x20(sp)
   167b0: e2 6b        	ld	s7, 0x18(sp)
   167b2: 42 6c        	ld	s8, 0x10(sp)
   167b4: 93 e7 14 00  	ori	a5, s1, 0x1
   167b8: 1c e4        	sd	a5, 0x8(s0)
   167ba: a2 94        	add	s1, s1, s0
   167bc: 23 b8 99 00  	sd	s1, 0x10(s3)
   167c0: 13 67 17 00  	ori	a4, a4, 0x1
   167c4: 4a 85        	mv	a0, s2
   167c6: 98 e4        	sd	a4, 0x8(s1)
   167c8: ef 00 00 56  	jal	0x16d28 <__malloc_unlock>
   167cc: e6 60        	ld	ra, 0x58(sp)
   167ce: 13 05 04 01  	addi	a0, s0, 0x10
   167d2: 46 64        	ld	s0, 0x50(sp)
   167d4: a2 7a        	ld	s5, 0x28(sp)
   167d6: a6 64        	ld	s1, 0x48(sp)
   167d8: 06 69        	ld	s2, 0x40(sp)
   167da: e2 79        	ld	s3, 0x38(sp)
   167dc: 25 61        	addi	sp, sp, 0x60
   167de: 82 80        	ret
   167e0: 03 b5 89 00  	ld	a0, 0x8(s3)
   167e4: e5 b3        	j	0x165cc <_malloc_r+0x140>
   167e6: 10 68        	ld	a2, 0x10(s0)
   167e8: a2 97        	add	a5, a5, s0
   167ea: 98 67        	ld	a4, 0x8(a5)
   167ec: 14 ee        	sd	a3, 0x18(a2)
   167ee: 90 ea        	sd	a2, 0x10(a3)
   167f0: 13 67 17 00  	ori	a4, a4, 0x1
   167f4: 4a 85        	mv	a0, s2
   167f6: 98 e7        	sd	a4, 0x8(a5)
   167f8: ef 00 00 53  	jal	0x16d28 <__malloc_unlock>
   167fc: e6 60        	ld	ra, 0x58(sp)
   167fe: 13 05 04 01  	addi	a0, s0, 0x10
   16802: 46 64        	ld	s0, 0x50(sp)
   16804: a6 64        	ld	s1, 0x48(sp)
   16806: 06 69        	ld	s2, 0x40(sp)
   16808: e2 79        	ld	s3, 0x38(sp)
   1680a: 25 61        	addi	sp, sp, 0x60
   1680c: 82 80        	ret
   1680e: 80 6f        	ld	s0, 0x18(a5)
   16810: 89 25        	addiw	a1, a1, 0x2
   16812: e3 8b 87 d4  	beq	a5, s0, 0x16568 <_malloc_r+0xdc>
   16816: 5d b9        	j	0x164cc <_malloc_r+0x40>
   16818: 13 d7 97 00  	srli	a4, a5, 0x9
   1681c: 91 46        	li	a3, 0x4
   1681e: 63 fc e6 0e  	bgeu	a3, a4, 0x16916 <_malloc_r+0x48a>
   16822: d1 46        	li	a3, 0x14
   16824: 63 ef e6 1a  	bltu	a3, a4, 0x169e2 <_malloc_r+0x556>
   16828: 1b 06 c7 05  	addiw	a2, a4, 0x5c
   1682c: 1b 16 16 00  	slliw	a2, a2, 0x1
   16830: 0e 06        	slli	a2, a2, 0x3
   16832: 9b 06 b7 05  	addiw	a3, a4, 0x5b
   16836: 4e 96        	add	a2, a2, s3
   16838: 18 62        	ld	a4, 0x0(a2)
   1683a: 41 16        	addi	a2, a2, -0x10
   1683c: 63 16 e6 00  	bne	a2, a4, 0x16848 <_malloc_r+0x3bc>
   16840: 99 aa        	j	0x16996 <_malloc_r+0x50a>
   16842: 18 6b        	ld	a4, 0x10(a4)
   16844: 63 06 e6 00  	beq	a2, a4, 0x16850 <_malloc_r+0x3c4>
   16848: 14 67        	ld	a3, 0x8(a4)
   1684a: f1 9a        	andi	a3, a3, -0x4
   1684c: e3 eb d7 fe  	bltu	a5, a3, 0x16842 <_malloc_r+0x3b6>
   16850: 10 6f        	ld	a2, 0x18(a4)
   16852: 10 ec        	sd	a2, 0x18(s0)
   16854: 18 e8        	sd	a4, 0x10(s0)
   16856: 00 ea        	sd	s0, 0x10(a2)
   16858: 00 ef        	sd	s0, 0x18(a4)
   1685a: 8d bb        	j	0x165cc <_malloc_r+0x140>
   1685c: 51 47        	li	a4, 0x14
   1685e: 63 76 f7 0c  	bgeu	a4, a5, 0x1692a <_malloc_r+0x49e>
   16862: 13 07 40 05  	li	a4, 0x54
   16866: 63 6c f7 18  	bltu	a4, a5, 0x169fe <_malloc_r+0x572>
   1686a: 93 d7 c4 00  	srli	a5, s1, 0xc
   1686e: 9b 85 f7 06  	addiw	a1, a5, 0x6f
   16872: 1b 96 15 00  	slliw	a2, a1, 0x1
   16876: 1b 88 e7 06  	addiw	a6, a5, 0x6e
   1687a: 0e 06        	slli	a2, a2, 0x3
   1687c: 75 b9        	j	0x16538 <_malloc_r+0xac>
   1687e: 05 2e        	addiw	t3, t3, 0x1
   16880: 93 77 3e 00  	andi	a5, t3, 0x3
   16884: 41 05        	addi	a0, a0, 0x10
   16886: dd cf        	beqz	a5, 0x16944 <_malloc_r+0x4b8>
   16888: 1c 6d        	ld	a5, 0x18(a0)
   1688a: 49 b3        	j	0x1660c <_malloc_r+0x180>
   1688c: 10 68        	ld	a2, 0x10(s0)
   1688e: 93 e5 14 00  	ori	a1, s1, 0x1
   16892: 0c e4        	sd	a1, 0x8(s0)
   16894: 1c ee        	sd	a5, 0x18(a2)
   16896: 90 eb        	sd	a2, 0x10(a5)
   16898: a2 94        	add	s1, s1, s0
   1689a: 23 b4 99 02  	sd	s1, 0x28(s3)
   1689e: 23 b0 99 02  	sd	s1, 0x20(s3)
   168a2: 93 e7 16 00  	ori	a5, a3, 0x1
   168a6: 22 97        	add	a4, a4, s0
   168a8: 23 bc 14 01  	sd	a7, 0x18(s1)
   168ac: 23 b8 14 01  	sd	a7, 0x10(s1)
   168b0: 9c e4        	sd	a5, 0x8(s1)
   168b2: 4a 85        	mv	a0, s2
   168b4: 14 e3        	sd	a3, 0x0(a4)
   168b6: ef 00 20 47  	jal	0x16d28 <__malloc_unlock>
   168ba: 13 05 04 01  	addi	a0, s0, 0x10
   168be: 69 b3        	j	0x16648 <_malloc_r+0x1bc>
   168c0: a2 97        	add	a5, a5, s0
   168c2: 98 67        	ld	a4, 0x8(a5)
   168c4: 4a 85        	mv	a0, s2
   168c6: 13 67 17 00  	ori	a4, a4, 0x1
   168ca: 98 e7        	sd	a4, 0x8(a5)
   168cc: ef 00 c0 45  	jal	0x16d28 <__malloc_unlock>
   168d0: 13 05 04 01  	addi	a0, s0, 0x10
   168d4: 95 bb        	j	0x16648 <_malloc_r+0x1bc>
   168d6: 93 e6 14 00  	ori	a3, s1, 0x1
   168da: 14 e4        	sd	a3, 0x8(s0)
   168dc: a2 94        	add	s1, s1, s0
   168de: 23 b4 99 02  	sd	s1, 0x28(s3)
   168e2: 23 b0 99 02  	sd	s1, 0x20(s3)
   168e6: 93 66 17 00  	ori	a3, a4, 0x1
   168ea: a2 97        	add	a5, a5, s0
   168ec: 23 bc 14 01  	sd	a7, 0x18(s1)
   168f0: 23 b8 14 01  	sd	a7, 0x10(s1)
   168f4: 94 e4        	sd	a3, 0x8(s1)
   168f6: 4a 85        	mv	a0, s2
   168f8: 98 e3        	sd	a4, 0x0(a5)
   168fa: ef 00 e0 42  	jal	0x16d28 <__malloc_unlock>
   168fe: 13 05 04 01  	addi	a0, s0, 0x10
   16902: 99 b3        	j	0x16648 <_malloc_r+0x1bc>
   16904: 93 d5 34 00  	srli	a1, s1, 0x3
   16908: 9b 87 15 00  	addiw	a5, a1, 0x1
   1690c: 9b 97 17 00  	slliw	a5, a5, 0x1
   16910: 8e 07        	slli	a5, a5, 0x3
   16912: 81 25        	sext.w	a1, a1
   16914: 55 b6        	j	0x164b8 <_malloc_r+0x2c>
   16916: 13 d7 67 00  	srli	a4, a5, 0x6
   1691a: 1b 06 97 03  	addiw	a2, a4, 0x39
   1691e: 1b 16 16 00  	slliw	a2, a2, 0x1
   16922: 0e 06        	slli	a2, a2, 0x3
   16924: 9b 06 87 03  	addiw	a3, a4, 0x38
   16928: 39 b7        	j	0x16836 <_malloc_r+0x3aa>
   1692a: 9b 85 c7 05  	addiw	a1, a5, 0x5c
   1692e: 1b 96 15 00  	slliw	a2, a1, 0x1
   16932: 1b 88 b7 05  	addiw	a6, a5, 0x5b
   16936: 0e 06        	slli	a2, a2, 0x3
   16938: 01 b1        	j	0x16538 <_malloc_r+0xac>
   1693a: 83 37 03 01  	ld	a5, 0x10(t1)
   1693e: fd 35        	addiw	a1, a1, -0x1
   16940: 63 9a 67 18  	bne	a5, t1, 0x16ad4 <_malloc_r+0x648>
   16944: 93 f7 35 00  	andi	a5, a1, 0x3
   16948: 41 13        	addi	t1, t1, -0x10
   1694a: e5 fb        	bnez	a5, 0x1693a <_malloc_r+0x4ae>
   1694c: 03 b7 89 00  	ld	a4, 0x8(s3)
   16950: 93 47 f6 ff  	not	a5, a2
   16954: f9 8f        	and	a5, a5, a4
   16956: 23 b4 f9 00  	sd	a5, 0x8(s3)
   1695a: 06 06        	slli	a2, a2, 0x1
   1695c: e3 e4 c7 d0  	bltu	a5, a2, 0x16664 <_malloc_r+0x1d8>
   16960: e3 02 06 d0  	beqz	a2, 0x16664 <_malloc_r+0x1d8>
   16964: 33 77 f6 00  	and	a4, a2, a5
   16968: 11 e7        	bnez	a4, 0x16974 <_malloc_r+0x4e8>
   1696a: 06 06        	slli	a2, a2, 0x1
   1696c: 33 77 f6 00  	and	a4, a2, a5
   16970: 11 2e        	addiw	t3, t3, 0x4
   16972: 65 df        	beqz	a4, 0x1696a <_malloc_r+0x4de>
   16974: f2 85        	mv	a1, t3
   16976: 49 b1        	j	0x165f8 <_malloc_r+0x16c>
   16978: 93 05 04 01  	addi	a1, s0, 0x10
   1697c: 4a 85        	mv	a0, s2
   1697e: ef c0 ff f7  	jal	0x138fc <_free_r>
   16982: 17 b7 00 00  	auipc	a4, 0xb
   16986: 03 27 e7 49  	lw	a4, 0x49e(a4)
   1698a: 03 bb 09 01  	ld	s6, 0x10(s3)
   1698e: c5 b3        	j	0x1676e <_malloc_r+0x2e2>
   16990: 13 0a 0a 02  	addi	s4, s4, 0x20
   16994: 19 bb        	j	0x166aa <_malloc_r+0x21e>
   16996: 9b d6 26 40  	sraiw	a3, a3, 0x2
   1699a: 85 47        	li	a5, 0x1
   1699c: b3 97 d7 00  	sll	a5, a5, a3
   169a0: 5d 8d        	or	a0, a0, a5
   169a2: 23 b4 a9 00  	sd	a0, 0x8(s3)
   169a6: 75 b5        	j	0x16852 <_malloc_r+0x3c6>
   169a8: b3 0b 4b 01  	add	s7, s6, s4
   169ac: b3 0b 70 41  	neg	s7, s7
   169b0: d2 1b        	slli	s7, s7, 0x34
   169b2: 93 db 4b 03  	srli	s7, s7, 0x34
   169b6: de 85        	mv	a1, s7
   169b8: 4a 85        	mv	a0, s2
   169ba: ef 10 a0 53  	jal	0x17ef4 <_sbrk_r>
   169be: fd 57        	li	a5, -0x1
   169c0: 81 46        	li	a3, 0x0
   169c2: e3 10 f5 d6  	bne	a0, a5, 0x16722 <_malloc_r+0x296>
   169c6: a5 b3        	j	0x1672e <_malloc_r+0x2a2>
   169c8: a2 6c        	ld	s9, 0x8(sp)
   169ca: 85 47        	li	a5, 0x1
   169cc: 23 34 fb 00  	sd	a5, 0x8(s6)
   169d0: 4a 85        	mv	a0, s2
   169d2: ef 00 60 35  	jal	0x16d28 <__malloc_unlock>
   169d6: 42 7a        	ld	s4, 0x30(sp)
   169d8: a2 7a        	ld	s5, 0x28(sp)
   169da: 02 7b        	ld	s6, 0x20(sp)
   169dc: e2 6b        	ld	s7, 0x18(sp)
   169de: 42 6c        	ld	s8, 0x10(sp)
   169e0: 9d b1        	j	0x16646 <_malloc_r+0x1ba>
   169e2: 93 06 40 05  	li	a3, 0x54
   169e6: 63 eb e6 06  	bltu	a3, a4, 0x16a5c <_malloc_r+0x5d0>
   169ea: 13 d7 c7 00  	srli	a4, a5, 0xc
   169ee: 1b 06 f7 06  	addiw	a2, a4, 0x6f
   169f2: 1b 16 16 00  	slliw	a2, a2, 0x1
   169f6: 0e 06        	slli	a2, a2, 0x3
   169f8: 9b 06 e7 06  	addiw	a3, a4, 0x6e
   169fc: 2d bd        	j	0x16836 <_malloc_r+0x3aa>
   169fe: 13 07 40 15  	li	a4, 0x154
   16a02: 63 6b f7 06  	bltu	a4, a5, 0x16a78 <_malloc_r+0x5ec>
   16a06: 93 d7 f4 00  	srli	a5, s1, 0xf
   16a0a: 9b 85 87 07  	addiw	a1, a5, 0x78
   16a0e: 1b 96 15 00  	slliw	a2, a1, 0x1
   16a12: 1b 88 77 07  	addiw	a6, a5, 0x77
   16a16: 0e 06        	slli	a2, a2, 0x3
   16a18: 05 b6        	j	0x16538 <_malloc_r+0xac>
   16a1a: 97 b6 00 00  	auipc	a3, 0xb
   16a1e: 83 a6 66 40  	lw	a3, 0x406(a3)
   16a22: 97 bc 00 00  	auipc	s9, 0xb
   16a26: 93 8c ec 3f  	addi	s9, s9, 0x3fe
   16a2a: bb 86 46 01  	addw	a3, a3, s4
   16a2e: 23 a0 dc 00  	sw	a3, 0x0(s9)
   16a32: 75 b1        	j	0x166de <_malloc_r+0x252>
   16a34: 03 b4 09 01  	ld	s0, 0x10(s3)
   16a38: 1c 64        	ld	a5, 0x8(s0)
   16a3a: 8d b3        	j	0x1679c <_malloc_r+0x310>
   16a3c: 93 17 45 03  	slli	a5, a0, 0x34
   16a40: e3 9f 07 c8  	bnez	a5, 0x166de <_malloc_r+0x252>
   16a44: 03 bb 09 01  	ld	s6, 0x10(s3)
   16a48: b3 87 4a 01  	add	a5, s5, s4
   16a4c: 93 e7 17 00  	ori	a5, a5, 0x1
   16a50: 23 34 fb 00  	sd	a5, 0x8(s6)
   16a54: 39 bb        	j	0x16772 <_malloc_r+0x2e6>
   16a56: 23 30 6c 01  	sd	s6, 0x0(s8)
   16a5a: 61 b9        	j	0x166f2 <_malloc_r+0x266>
   16a5c: 93 06 40 15  	li	a3, 0x154
   16a60: 63 e0 e6 04  	bltu	a3, a4, 0x16aa0 <_malloc_r+0x614>
   16a64: 13 d7 f7 00  	srli	a4, a5, 0xf
   16a68: 1b 06 87 07  	addiw	a2, a4, 0x78
   16a6c: 1b 16 16 00  	slliw	a2, a2, 0x1
   16a70: 0e 06        	slli	a2, a2, 0x3
   16a72: 9b 06 77 07  	addiw	a3, a4, 0x77
   16a76: c1 b3        	j	0x16836 <_malloc_r+0x3aa>
   16a78: 13 07 40 55  	li	a4, 0x554
   16a7c: 63 60 f7 04  	bltu	a4, a5, 0x16abc <_malloc_r+0x630>
   16a80: 93 d7 24 01  	srli	a5, s1, 0x12
   16a84: 9b 85 d7 07  	addiw	a1, a5, 0x7d
   16a88: 1b 96 15 00  	slliw	a2, a1, 0x1
   16a8c: 1b 88 c7 07  	addiw	a6, a5, 0x7c
   16a90: 0e 06        	slli	a2, a2, 0x3
   16a92: 5d b4        	j	0x16538 <_malloc_r+0xac>
   16a94: 41 1c        	addi	s8, s8, -0x10
   16a96: 62 9a        	add	s4, s4, s8
   16a98: 33 0a 6a 41  	sub	s4, s4, s6
   16a9c: 81 46        	li	a3, 0x0
   16a9e: 41 b9        	j	0x1672e <_malloc_r+0x2a2>
   16aa0: 93 06 40 55  	li	a3, 0x554
   16aa4: 63 e3 e6 02  	bltu	a3, a4, 0x16aca <_malloc_r+0x63e>
   16aa8: 13 d7 27 01  	srli	a4, a5, 0x12
   16aac: 1b 06 d7 07  	addiw	a2, a4, 0x7d
   16ab0: 1b 16 16 00  	slliw	a2, a2, 0x1
   16ab4: 0e 06        	slli	a2, a2, 0x3
   16ab6: 9b 06 c7 07  	addiw	a3, a4, 0x7c
   16aba: b5 bb        	j	0x16836 <_malloc_r+0x3aa>
   16abc: 13 06 00 7f  	li	a2, 0x7f0
   16ac0: 93 05 f0 07  	li	a1, 0x7f
   16ac4: 13 08 e0 07  	li	a6, 0x7e
   16ac8: 85 bc        	j	0x16538 <_malloc_r+0xac>
   16aca: 13 06 00 7f  	li	a2, 0x7f0
   16ace: 93 06 e0 07  	li	a3, 0x7e
   16ad2: 95 b3        	j	0x16836 <_malloc_r+0x3aa>
   16ad4: 83 b7 89 00  	ld	a5, 0x8(s3)
   16ad8: 49 b5        	j	0x1695a <_malloc_r+0x4ce>

0000000000016ada <memchr>:
   16ada: 13 77 75 00  	andi	a4, a0, 0x7
   16ade: aa 87        	mv	a5, a0
   16ae0: 93 f8 f5 0f  	andi	a7, a1, 0xff
   16ae4: 2a 83        	mv	t1, a0
   16ae6: 0d c7        	beqz	a4, 0x16b10 <memchr+0x36>
   16ae8: 33 08 c5 00  	add	a6, a0, a2
   16aec: 39 a0        	j	0x16afa <memchr+0x20>
   16aee: 83 c6 07 00  	lbu	a3, 0x0(a5)
   16af2: 63 82 16 09  	beq	a3, a7, 0x16b76 <memchr+0x9c>
   16af6: 11 cb        	beqz	a4, 0x16b0a <memchr+0x30>
   16af8: aa 87        	mv	a5, a0
   16afa: 13 85 17 00  	addi	a0, a5, 0x1
   16afe: 13 77 75 00  	andi	a4, a0, 0x7
   16b02: e3 16 f8 fe  	bne	a6, a5, 0x16aee <memchr+0x14>
   16b06: 01 45        	li	a0, 0x0
   16b08: 82 80        	ret
   16b0a: 7d 16        	addi	a2, a2, -0x1
   16b0c: 1a 96        	add	a2, a2, t1
   16b0e: 1d 8e        	sub	a2, a2, a5
   16b10: 9d 47        	li	a5, 0x7
   16b12: 63 f7 c7 04  	bgeu	a5, a2, 0x16b60 <memchr+0x86>
   16b16: 93 f5 f5 0f  	andi	a1, a1, 0xff
   16b1a: 1b 97 85 00  	slliw	a4, a1, 0x8
   16b1e: ba 95        	add	a1, a1, a4
   16b20: 93 96 05 01  	slli	a3, a1, 0x10
   16b24: 37 07 ff fe  	lui	a4, 0xfeff0
   16b28: ae 96        	add	a3, a3, a1
   16b2a: 13 07 f7 ef  	addi	a4, a4, -0x101
   16b2e: 17 b3 00 00  	auipc	t1, 0xb
   16b32: 03 33 23 16  	ld	t1, 0x162(t1)
   16b36: 13 9e 06 02  	slli	t3, a3, 0x20
   16b3a: 13 18 07 02  	slli	a6, a4, 0x20
   16b3e: be 85        	mv	a1, a5
   16b40: f2 96        	add	a3, a3, t3
   16b42: 3a 98        	add	a6, a6, a4
   16b44: 1c 61        	ld	a5, 0x0(a0)
   16b46: b5 8f        	xor	a5, a5, a3
   16b48: 33 87 07 01  	add	a4, a5, a6
   16b4c: 93 c7 f7 ff  	not	a5, a5
   16b50: f9 8f        	and	a5, a5, a4
   16b52: b3 f7 67 00  	and	a5, a5, t1
   16b56: 91 e7        	bnez	a5, 0x16b62 <memchr+0x88>
   16b58: 61 16        	addi	a2, a2, -0x8
   16b5a: 21 05        	addi	a0, a0, 0x8
   16b5c: e3 e4 c5 fe  	bltu	a1, a2, 0x16b44 <memchr+0x6a>
   16b60: 5d d2        	beqz	a2, 0x16b06 <memchr+0x2c>
   16b62: 2a 96        	add	a2, a2, a0
   16b64: 21 a0        	j	0x16b6c <memchr+0x92>
   16b66: 05 05        	addi	a0, a0, 0x1
   16b68: e3 0f c5 f8  	beq	a0, a2, 0x16b06 <memchr+0x2c>
   16b6c: 83 47 05 00  	lbu	a5, 0x0(a0)
   16b70: e3 9b 17 ff  	bne	a5, a7, 0x16b66 <memchr+0x8c>
   16b74: 82 80        	ret
   16b76: 3e 85        	mv	a0, a5
   16b78: 82 80        	ret
   16b7a: 00 00        	unimp

0000000000016b7c <memcpy>:
   16b7c: 93 36 86 00  	sltiu	a3, a2, 0x8
   16b80: aa 82        	mv	t0, a0
   16b82: 33 03 c5 00  	add	t1, a0, a2
   16b86: b5 ee        	bnez	a3, 0x16c02 <memcpy+0x86>
   16b88: b3 46 b5 00  	xor	a3, a0, a1
   16b8c: 9d 8a        	andi	a3, a3, 0x7
   16b8e: b5 ea        	bnez	a3, 0x16c02 <memcpy+0x86>
   16b90: 93 76 75 00  	andi	a3, a0, 0x7
   16b94: a1 43        	li	t2, 0x8
   16b96: c9 e2        	bnez	a3, 0x16c18 <memcpy+0x9c>
   16b98: 93 73 83 ff  	andi	t2, t1, -0x8
   16b9c: 13 83 03 fc  	addi	t1, t2, -0x40
   16ba0: 63 62 a3 04  	bltu	t1, a0, 0x16be4 <memcpy+0x68>
   16ba4: 13 76 f6 03  	andi	a2, a2, 0x3f
   16ba8: 98 61        	ld	a4, 0x0(a1)
   16baa: 18 e1        	sd	a4, 0x0(a0)
   16bac: 9c 65        	ld	a5, 0x8(a1)
   16bae: 1c e5        	sd	a5, 0x8(a0)
   16bb0: 03 b8 05 01  	ld	a6, 0x10(a1)
   16bb4: 23 38 05 01  	sd	a6, 0x10(a0)
   16bb8: 83 b8 85 01  	ld	a7, 0x18(a1)
   16bbc: 23 3c 15 01  	sd	a7, 0x18(a0)
   16bc0: 98 71        	ld	a4, 0x20(a1)
   16bc2: 18 f1        	sd	a4, 0x20(a0)
   16bc4: 9c 75        	ld	a5, 0x28(a1)
   16bc6: 1c f5        	sd	a5, 0x28(a0)
   16bc8: 03 b8 05 03  	ld	a6, 0x30(a1)
   16bcc: 23 38 05 03  	sd	a6, 0x30(a0)
   16bd0: 83 b8 85 03  	ld	a7, 0x38(a1)
   16bd4: 93 85 05 04  	addi	a1, a1, 0x40
   16bd8: 23 3c 15 03  	sd	a7, 0x38(a0)
   16bdc: 13 05 05 04  	addi	a0, a0, 0x40
   16be0: e3 74 a3 fc  	bgeu	t1, a0, 0x16ba8 <memcpy+0x2c>
   16be4: 93 73 83 ff  	andi	t2, t1, -0x8
   16be8: 13 83 83 ff  	addi	t1, t2, -0x8
   16bec: 63 69 a3 00  	bltu	t1, a0, 0x16bfe <memcpy+0x82>
   16bf0: 0d 8a        	andi	a2, a2, 0x3
   16bf2: 98 41        	lw	a4, 0x0(a1)
   16bf4: 91 05        	addi	a1, a1, 0x4
   16bf6: 18 c1        	sw	a4, 0x0(a0)
   16bf8: 11 05        	addi	a0, a0, 0x4
   16bfa: e3 7c a3 fe  	bgeu	t1, a0, 0x16bf2 <memcpy+0x76>
   16bfe: 33 03 c5 00  	add	t1, a0, a2
   16c02: 09 ca        	beqz	a2, 0x16c14 <memcpy+0x98>
   16c04: 03 87 05 00  	lb	a4, 0x0(a1)
   16c08: 85 05        	addi	a1, a1, 0x1
   16c0a: 23 00 e5 00  	sb	a4, 0x0(a0)
   16c0e: 05 05        	addi	a0, a0, 0x1
   16c10: e3 6a 65 fe  	bltu	a0, t1, 0x16c04 <memcpy+0x88>
   16c14: 16 85        	mv	a0, t0
   16c16: 82 80        	ret
   16c18: b3 86 d3 40  	sub	a3, t2, a3
   16c1c: b6 83        	mv	t2, a3
   16c1e: 03 87 05 00  	lb	a4, 0x0(a1)
   16c22: 85 05        	addi	a1, a1, 0x1
   16c24: fd 16        	addi	a3, a3, -0x1
   16c26: 23 00 e5 00  	sb	a4, 0x0(a0)
   16c2a: 05 05        	addi	a0, a0, 0x1
   16c2c: ed fa        	bnez	a3, 0x16c1e <memcpy+0xa2>
   16c2e: 33 06 76 40  	sub	a2, a2, t2
   16c32: 93 36 26 00  	sltiu	a3, a2, 0x2
   16c36: f1 f6        	bnez	a3, 0x16c02 <memcpy+0x86>
   16c38: 85 b7        	j	0x16b98 <memcpy+0x1c>

0000000000016c3a <memmove>:
   16c3a: 63 f2 a5 02  	bgeu	a1, a0, 0x16c5e <memmove+0x24>
   16c3e: 33 87 c5 00  	add	a4, a1, a2
   16c42: 63 7e e5 00  	bgeu	a0, a4, 0x16c5e <memmove+0x24>
   16c46: b3 07 c5 00  	add	a5, a0, a2
   16c4a: 1d ca        	beqz	a2, 0x16c80 <memmove+0x46>
   16c4c: 83 46 f7 ff  	lbu	a3, -0x1(a4)
   16c50: fd 17        	addi	a5, a5, -0x1
   16c52: 7d 17        	addi	a4, a4, -0x1
   16c54: 23 80 d7 00  	sb	a3, 0x0(a5)
   16c58: e3 1a f5 fe  	bne	a0, a5, 0x16c4c <memmove+0x12>
   16c5c: 82 80        	ret
   16c5e: fd 47        	li	a5, 0x1f
   16c60: 63 e1 c7 02  	bltu	a5, a2, 0x16c82 <memmove+0x48>
   16c64: aa 87        	mv	a5, a0
   16c66: 93 06 f6 ff  	addi	a3, a2, -0x1
   16c6a: 45 ca        	beqz	a2, 0x16d1a <memmove+0xe0>
   16c6c: 85 06        	addi	a3, a3, 0x1
   16c6e: be 96        	add	a3, a3, a5
   16c70: 03 c7 05 00  	lbu	a4, 0x0(a1)
   16c74: 85 07        	addi	a5, a5, 0x1
   16c76: 85 05        	addi	a1, a1, 0x1
   16c78: a3 8f e7 fe  	sb	a4, -0x1(a5)
   16c7c: e3 9a d7 fe  	bne	a5, a3, 0x16c70 <memmove+0x36>
   16c80: 82 80        	ret
   16c82: b3 67 b5 00  	or	a5, a0, a1
   16c86: 9d 8b        	andi	a5, a5, 0x7
   16c88: ae 88        	mv	a7, a1
   16c8a: c1 e7        	bnez	a5, 0x16d12 <memmove+0xd8>
   16c8c: 93 07 06 fe  	addi	a5, a2, -0x20
   16c90: 13 f8 07 fe  	andi	a6, a5, -0x20
   16c94: 13 08 08 02  	addi	a6, a6, 0x20
   16c98: 2a 98        	add	a6, a6, a0
   16c9a: 2a 87        	mv	a4, a0
   16c9c: 94 61        	ld	a3, 0x0(a1)
   16c9e: 93 85 05 02  	addi	a1, a1, 0x20
   16ca2: 13 07 07 02  	addi	a4, a4, 0x20
   16ca6: 23 30 d7 fe  	sd	a3, -0x20(a4)
   16caa: 83 b6 85 fe  	ld	a3, -0x18(a1)
   16cae: 23 34 d7 fe  	sd	a3, -0x18(a4)
   16cb2: 83 b6 05 ff  	ld	a3, -0x10(a1)
   16cb6: 23 38 d7 fe  	sd	a3, -0x10(a4)
   16cba: 83 b6 85 ff  	ld	a3, -0x8(a1)
   16cbe: 23 3c d7 fe  	sd	a3, -0x8(a4)
   16cc2: e3 1d 07 fd  	bne	a4, a6, 0x16c9c <memmove+0x62>
   16cc6: 81 9b        	andi	a5, a5, -0x20
   16cc8: 33 87 17 01  	add	a4, a5, a7
   16ccc: 93 05 07 02  	addi	a1, a4, 0x20
   16cd0: aa 97        	add	a5, a5, a0
   16cd2: 13 78 86 01  	andi	a6, a2, 0x18
   16cd6: 93 87 07 02  	addi	a5, a5, 0x20
   16cda: 2e 8e        	mv	t3, a1
   16cdc: 93 76 f6 01  	andi	a3, a2, 0x1f
   16ce0: 63 0e 08 02  	beqz	a6, 0x16d1c <memmove+0xe2>
   16ce4: e1 16        	addi	a3, a3, -0x8
   16ce6: e1 9a        	andi	a3, a3, -0x8
   16ce8: 36 97        	add	a4, a4, a3
   16cea: 13 07 87 02  	addi	a4, a4, 0x28
   16cee: 33 08 15 41  	sub	a6, a0, a7
   16cf2: 03 b3 05 00  	ld	t1, 0x0(a1)
   16cf6: b3 88 05 01  	add	a7, a1, a6
   16cfa: a1 05        	addi	a1, a1, 0x8
   16cfc: 23 b0 68 00  	sd	t1, 0x0(a7)
   16d00: e3 99 e5 fe  	bne	a1, a4, 0x16cf2 <memmove+0xb8>
   16d04: 13 87 86 00  	addi	a4, a3, 0x8
   16d08: b3 05 c7 01  	add	a1, a4, t3
   16d0c: ba 97        	add	a5, a5, a4
   16d0e: 1d 8a        	andi	a2, a2, 0x7
   16d10: 99 bf        	j	0x16c66 <memmove+0x2c>
   16d12: 93 06 f6 ff  	addi	a3, a2, -0x1
   16d16: aa 87        	mv	a5, a0
   16d18: 91 bf        	j	0x16c6c <memmove+0x32>
   16d1a: 82 80        	ret
   16d1c: 36 86        	mv	a2, a3
   16d1e: a1 b7        	j	0x16c66 <memmove+0x2c>

0000000000016d20 <__malloc_lock>:
   16d20: 13 85 81 74  	addi	a0, gp, 0x748
   16d24: 6f f0 0f dc  	j	0x162e4 <__retarget_lock_acquire_recursive>

0000000000016d28 <__malloc_unlock>:
   16d28: 13 85 81 74  	addi	a0, gp, 0x748
   16d2c: 6f f0 4f dc  	j	0x162f0 <__retarget_lock_release_recursive>

0000000000016d30 <_Balloc>:
   16d30: 3c 7d        	ld	a5, 0x78(a0)
   16d32: 01 11        	addi	sp, sp, -0x20
   16d34: 22 e8        	sd	s0, 0x10(sp)
   16d36: 26 e4        	sd	s1, 0x8(sp)
   16d38: 06 ec        	sd	ra, 0x18(sp)
   16d3a: 2a 84        	mv	s0, a0
   16d3c: ae 84        	mv	s1, a1
   16d3e: 99 cf        	beqz	a5, 0x16d5c <_Balloc+0x2c>
   16d40: 13 97 34 00  	slli	a4, s1, 0x3
   16d44: ba 97        	add	a5, a5, a4
   16d46: 88 63        	ld	a0, 0x0(a5)
   16d48: 05 c5        	beqz	a0, 0x16d70 <_Balloc+0x40>
   16d4a: 18 61        	ld	a4, 0x0(a0)
   16d4c: 98 e3        	sd	a4, 0x0(a5)
   16d4e: 23 38 05 00  	sd	zero, 0x10(a0)
   16d52: e2 60        	ld	ra, 0x18(sp)
   16d54: 42 64        	ld	s0, 0x10(sp)
   16d56: a2 64        	ld	s1, 0x8(sp)
   16d58: 05 61        	addi	sp, sp, 0x20
   16d5a: 82 80        	ret
   16d5c: 13 06 10 04  	li	a2, 0x41
   16d60: a1 45        	li	a1, 0x8
   16d62: ef 40 20 75  	jal	0x1b4b4 <_calloc_r>
   16d66: 28 fc        	sd	a0, 0x78(s0)
   16d68: aa 87        	mv	a5, a0
   16d6a: 79 f9        	bnez	a0, 0x16d40 <_Balloc+0x10>
   16d6c: 01 45        	li	a0, 0x0
   16d6e: d5 b7        	j	0x16d52 <_Balloc+0x22>
   16d70: 4a e0        	sd	s2, 0x0(sp)
   16d72: 05 49        	li	s2, 0x1
   16d74: 3b 19 99 00  	sllw	s2, s2, s1
   16d78: 13 06 79 00  	addi	a2, s2, 0x7
   16d7c: 22 85        	mv	a0, s0
   16d7e: 0a 06        	slli	a2, a2, 0x2
   16d80: 85 45        	li	a1, 0x1
   16d82: ef 40 20 73  	jal	0x1b4b4 <_calloc_r>
   16d86: 11 c5        	beqz	a0, 0x16d92 <_Balloc+0x62>
   16d88: 23 26 25 01  	sw	s2, 0xc(a0)
   16d8c: 04 c5        	sw	s1, 0x8(a0)
   16d8e: 02 69        	ld	s2, 0x0(sp)
   16d90: 7d bf        	j	0x16d4e <_Balloc+0x1e>
   16d92: 02 69        	ld	s2, 0x0(sp)
   16d94: 01 45        	li	a0, 0x0
   16d96: 75 bf        	j	0x16d52 <_Balloc+0x22>

0000000000016d98 <_Bfree>:
   16d98: 81 c9        	beqz	a1, 0x16da8 <_Bfree+0x10>
   16d9a: 98 45        	lw	a4, 0x8(a1)
   16d9c: 3c 7d        	ld	a5, 0x78(a0)
   16d9e: 0e 07        	slli	a4, a4, 0x3
   16da0: ba 97        	add	a5, a5, a4
   16da2: 98 63        	ld	a4, 0x0(a5)
   16da4: 98 e1        	sd	a4, 0x0(a1)
   16da6: 8c e3        	sd	a1, 0x0(a5)
   16da8: 82 80        	ret

0000000000016daa <__multadd>:
   16daa: 79 71        	addi	sp, sp, -0x30
   16dac: 26 ec        	sd	s1, 0x18(sp)
   16dae: c4 49        	lw	s1, 0x14(a1)
   16db0: 22 f0        	sd	s0, 0x20(sp)
   16db2: 4a e8        	sd	s2, 0x10(sp)
   16db4: 4e e4        	sd	s3, 0x8(sp)
   16db6: 06 f4        	sd	ra, 0x28(sp)
   16db8: 2e 89        	mv	s2, a1
   16dba: aa 89        	mv	s3, a0
   16dbc: 36 84        	mv	s0, a3
   16dbe: 13 88 85 01  	addi	a6, a1, 0x18
   16dc2: 81 48        	li	a7, 0x0
   16dc4: 83 27 08 00  	lw	a5, 0x0(a6)
   16dc8: 11 08        	addi	a6, a6, 0x4
   16dca: 85 28        	addiw	a7, a7, 0x1
   16dcc: 93 96 07 03  	slli	a3, a5, 0x30
   16dd0: c1 92        	srli	a3, a3, 0x30
   16dd2: bb 86 c6 02  	mulw	a3, a3, a2
   16dd6: 9b d7 07 01  	srliw	a5, a5, 0x10
   16dda: bb 87 c7 02  	mulw	a5, a5, a2
   16dde: a1 9e        	addw	a3, a3, s0
   16de0: 1b d7 06 01  	srliw	a4, a3, 0x10
   16de4: c2 16        	slli	a3, a3, 0x30
   16de6: c1 92        	srli	a3, a3, 0x30
   16de8: b9 9f        	addw	a5, a5, a4
   16dea: 1b 97 07 01  	slliw	a4, a5, 0x10
   16dee: 35 9f        	addw	a4, a4, a3
   16df0: 23 2e e8 fe  	sw	a4, -0x4(a6)
   16df4: 1b d4 07 01  	srliw	s0, a5, 0x10
   16df8: e3 c6 98 fc  	blt	a7, s1, 0x16dc4 <__multadd+0x1a>
   16dfc: 09 cc        	beqz	s0, 0x16e16 <__multadd+0x6c>
   16dfe: 83 27 c9 00  	lw	a5, 0xc(s2)
   16e02: 63 d2 f4 02  	bge	s1, a5, 0x16e26 <__multadd+0x7c>
   16e06: 13 97 24 00  	slli	a4, s1, 0x2
   16e0a: 4a 97        	add	a4, a4, s2
   16e0c: 00 cf        	sw	s0, 0x18(a4)
   16e0e: 9b 87 14 00  	addiw	a5, s1, 0x1
   16e12: 23 2a f9 00  	sw	a5, 0x14(s2)
   16e16: a2 70        	ld	ra, 0x28(sp)
   16e18: 02 74        	ld	s0, 0x20(sp)
   16e1a: e2 64        	ld	s1, 0x18(sp)
   16e1c: a2 69        	ld	s3, 0x8(sp)
   16e1e: 4a 85        	mv	a0, s2
   16e20: 42 69        	ld	s2, 0x10(sp)
   16e22: 45 61        	addi	sp, sp, 0x30
   16e24: 82 80        	ret
   16e26: 83 25 89 00  	lw	a1, 0x8(s2)
   16e2a: 4e 85        	mv	a0, s3
   16e2c: 52 e0        	sd	s4, 0x0(sp)
   16e2e: 85 25        	addiw	a1, a1, 0x1
   16e30: ef f0 1f f0  	jal	0x16d30 <_Balloc>
   16e34: 2a 8a        	mv	s4, a0
   16e36: 21 c1        	beqz	a0, 0x16e76 <__multadd+0xcc>
   16e38: 03 26 49 01  	lw	a2, 0x14(s2)
   16e3c: 93 05 09 01  	addi	a1, s2, 0x10
   16e40: 41 05        	addi	a0, a0, 0x10
   16e42: 09 06        	addi	a2, a2, 0x2
   16e44: 0a 06        	slli	a2, a2, 0x2
   16e46: ef f0 7f d3  	jal	0x16b7c <memcpy>
   16e4a: 03 27 89 00  	lw	a4, 0x8(s2)
   16e4e: 83 b7 89 07  	ld	a5, 0x78(s3)
   16e52: 0e 07        	slli	a4, a4, 0x3
   16e54: ba 97        	add	a5, a5, a4
   16e56: 98 63        	ld	a4, 0x0(a5)
   16e58: 23 30 e9 00  	sd	a4, 0x0(s2)
   16e5c: 23 b0 27 01  	sd	s2, 0x0(a5)
   16e60: 13 97 24 00  	slli	a4, s1, 0x2
   16e64: 52 89        	mv	s2, s4
   16e66: 4a 97        	add	a4, a4, s2
   16e68: 02 6a        	ld	s4, 0x0(sp)
   16e6a: 9b 87 14 00  	addiw	a5, s1, 0x1
   16e6e: 00 cf        	sw	s0, 0x18(a4)
   16e70: 23 2a f9 00  	sw	a5, 0x14(s2)
   16e74: 4d b7        	j	0x16e16 <__multadd+0x6c>
   16e76: 97 86 00 00  	auipc	a3, 0x8
   16e7a: 93 86 26 f0  	addi	a3, a3, -0xfe
   16e7e: 01 46        	li	a2, 0x0
   16e80: 93 05 50 0b  	li	a1, 0xb5
   16e84: 17 85 00 00  	auipc	a0, 0x8
   16e88: 13 05 c5 f0  	addi	a0, a0, -0xf4
   16e8c: ef 40 20 5e  	jal	0x1b46e <__assert_func>

0000000000016e90 <__s2b>:
   16e90: 39 71        	addi	sp, sp, -0x40
   16e92: 4e ec        	sd	s3, 0x18(sp)
   16e94: b6 89        	mv	s3, a3
   16e96: b7 96 e3 38  	lui	a3, 0x38e39
   16e9a: 9b 87 89 00  	addiw	a5, s3, 0x8
   16e9e: 93 86 96 e3  	addi	a3, a3, -0x1c7
   16ea2: b3 86 d7 02  	mul	a3, a5, a3
   16ea6: 22 f8        	sd	s0, 0x30(sp)
   16ea8: 26 f4        	sd	s1, 0x28(sp)
   16eaa: 4a f0        	sd	s2, 0x20(sp)
   16eac: 52 e8        	sd	s4, 0x10(sp)
   16eae: 2e 84        	mv	s0, a1
   16eb0: 9b d7 f7 41  	sraiw	a5, a5, 0x1f
   16eb4: 06 fc        	sd	ra, 0x38(sp)
   16eb6: a5 45        	li	a1, 0x9
   16eb8: 2a 89        	mv	s2, a0
   16eba: 85 96        	srai	a3, a3, 0x21
   16ebc: 32 8a        	mv	s4, a2
   16ebe: ba 84        	mv	s1, a4
   16ec0: 9d 9e        	subw	a3, a3, a5
   16ec2: 63 d2 35 0b  	bge	a1, s3, 0x16f66 <__s2b+0xd6>
   16ec6: 85 47        	li	a5, 0x1
   16ec8: 81 45        	li	a1, 0x0
   16eca: 9b 97 17 00  	slliw	a5, a5, 0x1
   16ece: 85 25        	addiw	a1, a1, 0x1
   16ed0: e3 cd d7 fe  	blt	a5, a3, 0x16eca <__s2b+0x3a>
   16ed4: 4a 85        	mv	a0, s2
   16ed6: ef f0 bf e5  	jal	0x16d30 <_Balloc>
   16eda: aa 85        	mv	a1, a0
   16edc: 59 c5        	beqz	a0, 0x16f6a <__s2b+0xda>
   16ede: 85 47        	li	a5, 0x1
   16ee0: 5c c9        	sw	a5, 0x14(a0)
   16ee2: 04 cd        	sw	s1, 0x18(a0)
   16ee4: a5 47        	li	a5, 0x9
   16ee6: 63 dd 47 07  	bge	a5, s4, 0x16f60 <__s2b+0xd0>
   16eea: 56 e4        	sd	s5, 0x8(sp)
   16eec: 93 17 0a 02  	slli	a5, s4, 0x20
   16ef0: 9b 0a 6a ff  	addiw	s5, s4, -0xa
   16ef4: 5a e0        	sd	s6, 0x0(sp)
   16ef6: 81 93        	srli	a5, a5, 0x20
   16ef8: 13 0b 94 00  	addi	s6, s0, 0x9
   16efc: 82 1a        	slli	s5, s5, 0x20
   16efe: 93 da 0a 02  	srli	s5, s5, 0x20
   16f02: 3e 94        	add	s0, s0, a5
   16f04: da 84        	mv	s1, s6
   16f06: 83 c6 04 00  	lbu	a3, 0x0(s1)
   16f0a: 29 46        	li	a2, 0xa
   16f0c: 4a 85        	mv	a0, s2
   16f0e: 9b 86 06 fd  	addiw	a3, a3, -0x30
   16f12: 85 04        	addi	s1, s1, 0x1
   16f14: ef f0 7f e9  	jal	0x16daa <__multadd>
   16f18: aa 85        	mv	a1, a0
   16f1a: e3 96 84 fe  	bne	s1, s0, 0x16f06 <__s2b+0x76>
   16f1e: 56 9b        	add	s6, s6, s5
   16f20: 13 04 2b 00  	addi	s0, s6, 0x2
   16f24: a2 6a        	ld	s5, 0x8(sp)
   16f26: 02 6b        	ld	s6, 0x0(sp)
   16f28: 63 53 3a 03  	bge	s4, s3, 0x16f4e <__s2b+0xbe>
   16f2c: bb 84 49 41  	subw	s1, s3, s4
   16f30: 82 14        	slli	s1, s1, 0x20
   16f32: 81 90        	srli	s1, s1, 0x20
   16f34: a2 94        	add	s1, s1, s0
   16f36: 83 46 04 00  	lbu	a3, 0x0(s0)
   16f3a: 29 46        	li	a2, 0xa
   16f3c: 4a 85        	mv	a0, s2
   16f3e: 9b 86 06 fd  	addiw	a3, a3, -0x30
   16f42: 05 04        	addi	s0, s0, 0x1
   16f44: ef f0 7f e6  	jal	0x16daa <__multadd>
   16f48: aa 85        	mv	a1, a0
   16f4a: e3 16 94 fe  	bne	s0, s1, 0x16f36 <__s2b+0xa6>
   16f4e: e2 70        	ld	ra, 0x38(sp)
   16f50: 42 74        	ld	s0, 0x30(sp)
   16f52: a2 74        	ld	s1, 0x28(sp)
   16f54: 02 79        	ld	s2, 0x20(sp)
   16f56: e2 69        	ld	s3, 0x18(sp)
   16f58: 42 6a        	ld	s4, 0x10(sp)
   16f5a: 2e 85        	mv	a0, a1
   16f5c: 21 61        	addi	sp, sp, 0x40
   16f5e: 82 80        	ret
   16f60: 29 04        	addi	s0, s0, 0xa
   16f62: 3e 8a        	mv	s4, a5
   16f64: d1 b7        	j	0x16f28 <__s2b+0x98>
   16f66: 81 45        	li	a1, 0x0
   16f68: b5 b7        	j	0x16ed4 <__s2b+0x44>
   16f6a: 97 86 00 00  	auipc	a3, 0x8
   16f6e: 93 86 e6 e0  	addi	a3, a3, -0x1f2
   16f72: 01 46        	li	a2, 0x0
   16f74: 93 05 e0 0c  	li	a1, 0xce
   16f78: 17 85 00 00  	auipc	a0, 0x8
   16f7c: 13 05 85 e1  	addi	a0, a0, -0x1e8
   16f80: 56 e4        	sd	s5, 0x8(sp)
   16f82: 5a e0        	sd	s6, 0x0(sp)
   16f84: ef 40 a0 4e  	jal	0x1b46e <__assert_func>

0000000000016f88 <__hi0bits>:
   16f88: aa 87        	mv	a5, a0
   16f8a: 41 67        	lui	a4, 0x10
   16f8c: 01 45        	li	a0, 0x0
   16f8e: 63 f5 e7 00  	bgeu	a5, a4, 0x16f98 <__hi0bits+0x10>
   16f92: 9b 97 07 01  	slliw	a5, a5, 0x10
   16f96: 41 45        	li	a0, 0x10
   16f98: 37 07 00 01  	lui	a4, 0x1000
   16f9c: 63 f5 e7 00  	bgeu	a5, a4, 0x16fa6 <__hi0bits+0x1e>
   16fa0: 21 25        	addiw	a0, a0, 0x8
   16fa2: 9b 97 87 00  	slliw	a5, a5, 0x8
   16fa6: 37 07 00 10  	lui	a4, 0x10000
   16faa: 63 ec e7 00  	bltu	a5, a4, 0x16fc2 <__hi0bits+0x3a>
   16fae: 37 07 00 40  	lui	a4, 0x40000
   16fb2: 63 f8 e7 02  	bgeu	a5, a4, 0x16fe2 <__hi0bits+0x5a>
   16fb6: 13 97 27 02  	slli	a4, a5, 0x22
   16fba: 63 49 07 02  	bltz	a4, 0x16fec <__hi0bits+0x64>
   16fbe: 0d 25        	addiw	a0, a0, 0x3
   16fc0: 82 80        	ret
   16fc2: 1b 97 47 00  	slliw	a4, a5, 0x4
   16fc6: b7 06 00 40  	lui	a3, 0x40000
   16fca: 11 25        	addiw	a0, a0, 0x4
   16fcc: 63 7c d7 00  	bgeu	a4, a3, 0x16fe4 <__hi0bits+0x5c>
   16fd0: 9b 97 67 00  	slliw	a5, a5, 0x6
   16fd4: 63 cc 07 00  	bltz	a5, 0x16fec <__hi0bits+0x64>
   16fd8: f5 8f        	and	a5, a5, a3
   16fda: f5 f3        	bnez	a5, 0x16fbe <__hi0bits+0x36>
   16fdc: 13 05 00 02  	li	a0, 0x20
   16fe0: 82 80        	ret
   16fe2: 3e 87        	mv	a4, a5
   16fe4: e3 4e 07 fe  	bltz	a4, 0x16fe0 <__hi0bits+0x58>
   16fe8: 05 25        	addiw	a0, a0, 0x1
   16fea: 82 80        	ret
   16fec: 09 25        	addiw	a0, a0, 0x2
   16fee: 82 80        	ret

0000000000016ff0 <__lo0bits>:
   16ff0: 1c 41        	lw	a5, 0x0(a0)
   16ff2: 2a 87        	mv	a4, a0
   16ff4: 93 f6 77 00  	andi	a3, a5, 0x7
   16ff8: 3e 86        	mv	a2, a5
   16ffa: 9d c2        	beqz	a3, 0x17020 <__lo0bits+0x30>
   16ffc: 93 f6 17 00  	andi	a3, a5, 0x1
   17000: 01 45        	li	a0, 0x0
   17002: 91 ee        	bnez	a3, 0x1701e <__lo0bits+0x2e>
   17004: 93 f6 27 00  	andi	a3, a5, 0x2
   17008: d1 c2        	beqz	a3, 0x1708c <__lo0bits+0x9c>
   1700a: 9b d7 17 00  	srliw	a5, a5, 0x1
   1700e: 1c c3        	sw	a5, 0x0(a4)
   17010: 05 45        	li	a0, 0x1
   17012: 82 80        	ret
   17014: 9b d7 37 00  	srliw	a5, a5, 0x3
   17018: d9 e3        	bnez	a5, 0x1709e <__lo0bits+0xae>
   1701a: 13 05 00 02  	li	a0, 0x20
   1701e: 82 80        	ret
   17020: 93 96 07 03  	slli	a3, a5, 0x30
   17024: c1 92        	srli	a3, a3, 0x30
   17026: 85 ea        	bnez	a3, 0x17056 <__lo0bits+0x66>
   17028: 9b d7 07 01  	srliw	a5, a5, 0x10
   1702c: 93 f6 f7 0f  	andi	a3, a5, 0xff
   17030: 41 45        	li	a0, 0x10
   17032: 81 e6        	bnez	a3, 0x1703a <__lo0bits+0x4a>
   17034: 61 45        	li	a0, 0x18
   17036: 9b d7 87 00  	srliw	a5, a5, 0x8
   1703a: 93 f6 f7 00  	andi	a3, a5, 0xf
   1703e: 9d ce        	beqz	a3, 0x1707c <__lo0bits+0x8c>
   17040: 93 f6 37 00  	andi	a3, a5, 0x3
   17044: 85 c6        	beqz	a3, 0x1706c <__lo0bits+0x7c>
   17046: 93 f6 17 00  	andi	a3, a5, 0x1
   1704a: 81 e6        	bnez	a3, 0x17052 <__lo0bits+0x62>
   1704c: 05 25        	addiw	a0, a0, 0x1
   1704e: 9b d7 17 00  	srliw	a5, a5, 0x1
   17052: 1c c3        	sw	a5, 0x0(a4)
   17054: 82 80        	ret
   17056: 93 f6 f7 0f  	andi	a3, a5, 0xff
   1705a: 8d c6        	beqz	a3, 0x17084 <__lo0bits+0x94>
   1705c: 3d 8a        	andi	a2, a2, 0xf
   1705e: 05 ee        	bnez	a2, 0x17096 <__lo0bits+0xa6>
   17060: 11 45        	li	a0, 0x4
   17062: 9b d7 47 00  	srliw	a5, a5, 0x4
   17066: 93 f6 37 00  	andi	a3, a5, 0x3
   1706a: f1 fe        	bnez	a3, 0x17046 <__lo0bits+0x56>
   1706c: 9b d6 27 00  	srliw	a3, a5, 0x2
   17070: 13 f6 16 00  	andi	a2, a3, 0x1
   17074: 45 d2        	beqz	a2, 0x17014 <__lo0bits+0x24>
   17076: 09 25        	addiw	a0, a0, 0x2
   17078: b6 87        	mv	a5, a3
   1707a: e1 bf        	j	0x17052 <__lo0bits+0x62>
   1707c: 11 25        	addiw	a0, a0, 0x4
   1707e: 9b d7 47 00  	srliw	a5, a5, 0x4
   17082: d5 b7        	j	0x17066 <__lo0bits+0x76>
   17084: 21 45        	li	a0, 0x8
   17086: 9b d7 87 00  	srliw	a5, a5, 0x8
   1708a: 45 bf        	j	0x1703a <__lo0bits+0x4a>
   1708c: 9b d7 27 00  	srliw	a5, a5, 0x2
   17090: 1c c3        	sw	a5, 0x0(a4)
   17092: 09 45        	li	a0, 0x2
   17094: 82 80        	ret
   17096: 9b d7 37 00  	srliw	a5, a5, 0x3
   1709a: 0d 45        	li	a0, 0x3
   1709c: 5d bf        	j	0x17052 <__lo0bits+0x62>
   1709e: 0d 25        	addiw	a0, a0, 0x3
   170a0: 4d bf        	j	0x17052 <__lo0bits+0x62>

00000000000170a2 <__i2b>:
   170a2: 3c 7d        	ld	a5, 0x78(a0)
   170a4: 01 11        	addi	sp, sp, -0x20
   170a6: 22 e8        	sd	s0, 0x10(sp)
   170a8: 26 e4        	sd	s1, 0x8(sp)
   170aa: 06 ec        	sd	ra, 0x18(sp)
   170ac: 2a 84        	mv	s0, a0
   170ae: ae 84        	mv	s1, a1
   170b0: 91 cf        	beqz	a5, 0x170cc <__i2b+0x2a>
   170b2: 88 67        	ld	a0, 0x8(a5)
   170b4: 29 c1        	beqz	a0, 0x170f6 <__i2b+0x54>
   170b6: 18 61        	ld	a4, 0x0(a0)
   170b8: 98 e7        	sd	a4, 0x8(a5)
   170ba: e2 60        	ld	ra, 0x18(sp)
   170bc: 42 64        	ld	s0, 0x10(sp)
   170be: 85 47        	li	a5, 0x1
   170c0: 82 17        	slli	a5, a5, 0x20
   170c2: 04 cd        	sw	s1, 0x18(a0)
   170c4: 1c e9        	sd	a5, 0x10(a0)
   170c6: a2 64        	ld	s1, 0x8(sp)
   170c8: 05 61        	addi	sp, sp, 0x20
   170ca: 82 80        	ret
   170cc: 13 06 10 04  	li	a2, 0x41
   170d0: a1 45        	li	a1, 0x8
   170d2: ef 40 20 3e  	jal	0x1b4b4 <_calloc_r>
   170d6: 28 fc        	sd	a0, 0x78(s0)
   170d8: aa 87        	mv	a5, a0
   170da: 61 fd        	bnez	a0, 0x170b2 <__i2b+0x10>
   170dc: 97 86 00 00  	auipc	a3, 0x8
   170e0: 93 86 c6 c9  	addi	a3, a3, -0x364
   170e4: 01 46        	li	a2, 0x0
   170e6: 93 05 00 14  	li	a1, 0x140
   170ea: 17 85 00 00  	auipc	a0, 0x8
   170ee: 13 05 65 ca  	addi	a0, a0, -0x35a
   170f2: ef 40 c0 37  	jal	0x1b46e <__assert_func>
   170f6: 22 85        	mv	a0, s0
   170f8: 13 06 40 02  	li	a2, 0x24
   170fc: 85 45        	li	a1, 0x1
   170fe: ef 40 60 3b  	jal	0x1b4b4 <_calloc_r>
   17102: 69 dd        	beqz	a0, 0x170dc <__i2b+0x3a>
   17104: 85 47        	li	a5, 0x1
   17106: 86 17        	slli	a5, a5, 0x21
   17108: 85 07        	addi	a5, a5, 0x1
   1710a: 1c e5        	sd	a5, 0x8(a0)
   1710c: 7d b7        	j	0x170ba <__i2b+0x18>

000000000001710e <__multiply>:
   1710e: 39 71        	addi	sp, sp, -0x40
   17110: 4e ec        	sd	s3, 0x18(sp)
   17112: 52 e8        	sd	s4, 0x10(sp)
   17114: 83 a9 45 01  	lw	s3, 0x14(a1)
   17118: 03 2a 46 01  	lw	s4, 0x14(a2)
   1711c: 4a f0        	sd	s2, 0x20(sp)
   1711e: 56 e4        	sd	s5, 0x8(sp)
   17120: 06 fc        	sd	ra, 0x38(sp)
   17122: 22 f8        	sd	s0, 0x30(sp)
   17124: 26 f4        	sd	s1, 0x28(sp)
   17126: ae 8a        	mv	s5, a1
   17128: 32 89        	mv	s2, a2
   1712a: 63 c7 49 01  	blt	s3, s4, 0x17138 <__multiply+0x2a>
   1712e: 52 87        	mv	a4, s4
   17130: 2e 89        	mv	s2, a1
   17132: 4e 8a        	mv	s4, s3
   17134: b2 8a        	mv	s5, a2
   17136: ba 89        	mv	s3, a4
   17138: 83 27 c9 00  	lw	a5, 0xc(s2)
   1713c: bb 04 3a 01  	addw	s1, s4, s3
   17140: 83 25 89 00  	lw	a1, 0x8(s2)
   17144: 26 84        	mv	s0, s1
   17146: 63 d3 97 00  	bge	a5, s1, 0x1714c <__multiply+0x3e>
   1714a: 85 25        	addiw	a1, a1, 0x1
   1714c: ef f0 5f be  	jal	0x16d30 <_Balloc>
   17150: 63 05 05 16  	beqz	a0, 0x172ba <__multiply+0x1ac>
   17154: 13 03 85 01  	addi	t1, a0, 0x18
   17158: 93 98 24 00  	slli	a7, s1, 0x2
   1715c: 9a 98        	add	a7, a7, t1
   1715e: 9a 87        	mv	a5, t1
   17160: 63 77 13 01  	bgeu	t1, a7, 0x1716e <__multiply+0x60>
   17164: 23 a0 07 00  	sw	zero, 0x0(a5)
   17168: 91 07        	addi	a5, a5, 0x4
   1716a: e3 ed 17 ff  	bltu	a5, a7, 0x17164 <__multiply+0x56>
   1716e: 13 88 8a 01  	addi	a6, s5, 0x18
   17172: 13 9e 29 00  	slli	t3, s3, 0x2
   17176: 93 15 2a 00  	slli	a1, s4, 0x2
   1717a: 93 0e 89 01  	addi	t4, s2, 0x18
   1717e: 42 9e        	add	t3, t3, a6
   17180: f6 95        	add	a1, a1, t4
   17182: 63 79 c8 11  	bgeu	a6, t3, 0x17294 <__multiply+0x186>
   17186: 93 07 99 01  	addi	a5, s2, 0x19
   1718a: 01 4f        	li	t5, 0x0
   1718c: 63 e7 f5 02  	bltu	a1, a5, 0x171ba <__multiply+0xac>
   17190: 83 2f 08 00  	lw	t6, 0x0(a6)
   17194: 33 89 25 41  	sub	s2, a1, s2
   17198: 1d 19        	addi	s2, s2, -0x19
   1719a: 93 93 0f 03  	slli	t2, t6, 0x30
   1719e: 93 d3 03 03  	srli	t2, t2, 0x30
   171a2: 13 7f c9 ff  	andi	t5, s2, -0x4
   171a6: 63 92 03 02  	bnez	t2, 0x171ca <__multiply+0xbc>
   171aa: 9b df 0f 01  	srliw	t6, t6, 0x10
   171ae: 63 91 0f 08  	bnez	t6, 0x17230 <__multiply+0x122>
   171b2: 11 08        	addi	a6, a6, 0x4
   171b4: 11 03        	addi	t1, t1, 0x4
   171b6: 63 7f c8 0d  	bgeu	a6, t3, 0x17294 <__multiply+0x186>
   171ba: 83 2f 08 00  	lw	t6, 0x0(a6)
   171be: 93 93 0f 03  	slli	t2, t6, 0x30
   171c2: 93 d3 03 03  	srli	t2, t2, 0x30
   171c6: e3 82 03 fe  	beqz	t2, 0x171aa <__multiply+0x9c>
   171ca: 9a 82        	mv	t0, t1
   171cc: f6 8f        	mv	t6, t4
   171ce: 01 47        	li	a4, 0x0
   171d0: 03 a6 0f 00  	lw	a2, 0x0(t6)
   171d4: 83 a6 02 00  	lw	a3, 0x0(t0)
   171d8: 91 02        	addi	t0, t0, 0x4
   171da: 93 17 06 03  	slli	a5, a2, 0x30
   171de: c1 93        	srli	a5, a5, 0x30
   171e0: bb 87 77 02  	mulw	a5, a5, t2
   171e4: 1b 56 06 01  	srliw	a2, a2, 0x10
   171e8: 13 99 06 03  	slli	s2, a3, 0x30
   171ec: 13 59 09 03  	srli	s2, s2, 0x30
   171f0: 9b d6 06 01  	srliw	a3, a3, 0x10
   171f4: 91 0f        	addi	t6, t6, 0x4
   171f6: 3b 06 76 02  	mulw	a2, a2, t2
   171fa: bb 87 27 01  	addw	a5, a5, s2
   171fe: b9 9f        	addw	a5, a5, a4
   17200: 1b d7 07 01  	srliw	a4, a5, 0x10
   17204: c2 17        	slli	a5, a5, 0x30
   17206: c1 93        	srli	a5, a5, 0x30
   17208: b1 9e        	addw	a3, a3, a2
   1720a: 35 9f        	addw	a4, a4, a3
   1720c: 9b 16 07 01  	slliw	a3, a4, 0x10
   17210: d5 8f        	or	a5, a5, a3
   17212: 23 ae f2 fe  	sw	a5, -0x4(t0)
   17216: 1b 57 07 01  	srliw	a4, a4, 0x10
   1721a: e3 eb bf fa  	bltu	t6, a1, 0x171d0 <__multiply+0xc2>
   1721e: b3 07 e3 01  	add	a5, t1, t5
   17222: d8 c3        	sw	a4, 0x4(a5)
   17224: 83 2f 08 00  	lw	t6, 0x0(a6)
   17228: 9b df 0f 01  	srliw	t6, t6, 0x10
   1722c: e3 83 0f f8  	beqz	t6, 0x171b2 <__multiply+0xa4>
   17230: 83 27 03 00  	lw	a5, 0x0(t1)
   17234: 9a 82        	mv	t0, t1
   17236: 76 86        	mv	a2, t4
   17238: be 83        	mv	t2, a5
   1723a: 01 49        	li	s2, 0x0
   1723c: 83 56 06 00  	lhu	a3, 0x0(a2)
   17240: 1b d7 03 01  	srliw	a4, t2, 0x10
   17244: c2 17        	slli	a5, a5, 0x30
   17246: bb 86 f6 03  	mulw	a3, a3, t6
   1724a: c1 93        	srli	a5, a5, 0x30
   1724c: 11 06        	addi	a2, a2, 0x4
   1724e: 83 a3 42 00  	lw	t2, 0x4(t0)
   17252: 91 02        	addi	t0, t0, 0x4
   17254: 93 99 03 03  	slli	s3, t2, 0x30
   17258: 93 d9 09 03  	srli	s3, s3, 0x30
   1725c: bb 86 26 01  	addw	a3, a3, s2
   17260: 35 9f        	addw	a4, a4, a3
   17262: 9b 16 07 01  	slliw	a3, a4, 0x10
   17266: d5 8f        	or	a5, a5, a3
   17268: 23 ae f2 fe  	sw	a5, -0x4(t0)
   1726c: 83 57 e6 ff  	lhu	a5, -0x2(a2)
   17270: 1b 57 07 01  	srliw	a4, a4, 0x10
   17274: bb 87 f7 03  	mulw	a5, a5, t6
   17278: bb 87 37 01  	addw	a5, a5, s3
   1727c: b9 9f        	addw	a5, a5, a4
   1727e: 1b d9 07 01  	srliw	s2, a5, 0x10
   17282: e3 6d b6 fa  	bltu	a2, a1, 0x1723c <__multiply+0x12e>
   17286: 33 07 e3 01  	add	a4, t1, t5
   1728a: 5c c3        	sw	a5, 0x4(a4)
   1728c: 11 08        	addi	a6, a6, 0x4
   1728e: 11 03        	addi	t1, t1, 0x4
   17290: e3 65 c8 f3  	bltu	a6, t3, 0x171ba <__multiply+0xac>
   17294: 63 45 90 00  	bgtz	s1, 0x1729e <__multiply+0x190>
   17298: 39 a0        	j	0x172a6 <__multiply+0x198>
   1729a: 7d 34        	addiw	s0, s0, -0x1
   1729c: 09 c4        	beqz	s0, 0x172a6 <__multiply+0x198>
   1729e: 83 a7 c8 ff  	lw	a5, -0x4(a7)
   172a2: f1 18        	addi	a7, a7, -0x4
   172a4: fd db        	beqz	a5, 0x1729a <__multiply+0x18c>
   172a6: e2 70        	ld	ra, 0x38(sp)
   172a8: 40 c9        	sw	s0, 0x14(a0)
   172aa: 42 74        	ld	s0, 0x30(sp)
   172ac: a2 74        	ld	s1, 0x28(sp)
   172ae: 02 79        	ld	s2, 0x20(sp)
   172b0: e2 69        	ld	s3, 0x18(sp)
   172b2: 42 6a        	ld	s4, 0x10(sp)
   172b4: a2 6a        	ld	s5, 0x8(sp)
   172b6: 21 61        	addi	sp, sp, 0x40
   172b8: 82 80        	ret
   172ba: 97 86 00 00  	auipc	a3, 0x8
   172be: 93 86 e6 ab  	addi	a3, a3, -0x542
   172c2: 01 46        	li	a2, 0x0
   172c4: 93 05 d0 15  	li	a1, 0x15d
   172c8: 17 85 00 00  	auipc	a0, 0x8
   172cc: 13 05 85 ac  	addi	a0, a0, -0x538
   172d0: ef 40 e0 19  	jal	0x1b46e <__assert_func>

00000000000172d4 <__pow5mult>:
   172d4: 79 71        	addi	sp, sp, -0x30
   172d6: 22 f0        	sd	s0, 0x20(sp)
   172d8: 4a e8        	sd	s2, 0x10(sp)
   172da: 4e e4        	sd	s3, 0x8(sp)
   172dc: 06 f4        	sd	ra, 0x28(sp)
   172de: 93 77 36 00  	andi	a5, a2, 0x3
   172e2: 32 84        	mv	s0, a2
   172e4: aa 89        	mv	s3, a0
   172e6: 2e 89        	mv	s2, a1
   172e8: d9 e3        	bnez	a5, 0x1736e <__pow5mult+0x9a>
   172ea: 1b 54 24 40  	sraiw	s0, s0, 0x2
   172ee: 2d c8        	beqz	s0, 0x17360 <__pow5mult+0x8c>
   172f0: 26 ec        	sd	s1, 0x18(sp)
   172f2: 83 b4 09 07  	ld	s1, 0x70(s3)
   172f6: c9 c8        	beqz	s1, 0x17388 <__pow5mult+0xb4>
   172f8: 93 77 14 00  	andi	a5, s0, 0x1
   172fc: 1b 54 14 40  	sraiw	s0, s0, 0x1
   17300: 89 eb        	bnez	a5, 0x17312 <__pow5mult+0x3e>
   17302: 88 60        	ld	a0, 0x0(s1)
   17304: 0d cd        	beqz	a0, 0x1733e <__pow5mult+0x6a>
   17306: aa 84        	mv	s1, a0
   17308: 93 77 14 00  	andi	a5, s0, 0x1
   1730c: 1b 54 14 40  	sraiw	s0, s0, 0x1
   17310: ed db        	beqz	a5, 0x17302 <__pow5mult+0x2e>
   17312: 26 86        	mv	a2, s1
   17314: ca 85        	mv	a1, s2
   17316: 4e 85        	mv	a0, s3
   17318: ef f0 7f df  	jal	0x1710e <__multiply>
   1731c: 63 0d 09 00  	beqz	s2, 0x17336 <__pow5mult+0x62>
   17320: 03 27 89 00  	lw	a4, 0x8(s2)
   17324: 83 b7 89 07  	ld	a5, 0x78(s3)
   17328: 0e 07        	slli	a4, a4, 0x3
   1732a: ba 97        	add	a5, a5, a4
   1732c: 98 63        	ld	a4, 0x0(a5)
   1732e: 23 30 e9 00  	sd	a4, 0x0(s2)
   17332: 23 b0 27 01  	sd	s2, 0x0(a5)
   17336: 11 cc        	beqz	s0, 0x17352 <__pow5mult+0x7e>
   17338: 2a 89        	mv	s2, a0
   1733a: 88 60        	ld	a0, 0x0(s1)
   1733c: 69 f5        	bnez	a0, 0x17306 <__pow5mult+0x32>
   1733e: 26 86        	mv	a2, s1
   17340: a6 85        	mv	a1, s1
   17342: 4e 85        	mv	a0, s3
   17344: ef f0 bf dc  	jal	0x1710e <__multiply>
   17348: 88 e0        	sd	a0, 0x0(s1)
   1734a: 23 30 05 00  	sd	zero, 0x0(a0)
   1734e: aa 84        	mv	s1, a0
   17350: 65 bf        	j	0x17308 <__pow5mult+0x34>
   17352: a2 70        	ld	ra, 0x28(sp)
   17354: 02 74        	ld	s0, 0x20(sp)
   17356: e2 64        	ld	s1, 0x18(sp)
   17358: 42 69        	ld	s2, 0x10(sp)
   1735a: a2 69        	ld	s3, 0x8(sp)
   1735c: 45 61        	addi	sp, sp, 0x30
   1735e: 82 80        	ret
   17360: a2 70        	ld	ra, 0x28(sp)
   17362: 02 74        	ld	s0, 0x20(sp)
   17364: a2 69        	ld	s3, 0x8(sp)
   17366: 4a 85        	mv	a0, s2
   17368: 42 69        	ld	s2, 0x10(sp)
   1736a: 45 61        	addi	sp, sp, 0x30
   1736c: 82 80        	ret
   1736e: fd 37        	addiw	a5, a5, -0x1
   17370: 17 87 00 00  	auipc	a4, 0x8
   17374: 13 07 87 ed  	addi	a4, a4, -0x128
   17378: 8a 07        	slli	a5, a5, 0x2
   1737a: ba 97        	add	a5, a5, a4
   1737c: 90 43        	lw	a2, 0x0(a5)
   1737e: 81 46        	li	a3, 0x0
   17380: ef f0 bf a2  	jal	0x16daa <__multadd>
   17384: 2a 89        	mv	s2, a0
   17386: 95 b7        	j	0x172ea <__pow5mult+0x16>
   17388: 85 45        	li	a1, 0x1
   1738a: 4e 85        	mv	a0, s3
   1738c: ef f0 5f 9a  	jal	0x16d30 <_Balloc>
   17390: aa 84        	mv	s1, a0
   17392: 19 c9        	beqz	a0, 0x173a8 <__pow5mult+0xd4>
   17394: 13 07 10 27  	li	a4, 0x271
   17398: 85 47        	li	a5, 0x1
   1739a: 18 cd        	sw	a4, 0x18(a0)
   1739c: 5c c9        	sw	a5, 0x14(a0)
   1739e: 23 b8 a9 06  	sd	a0, 0x70(s3)
   173a2: 23 30 05 00  	sd	zero, 0x0(a0)
   173a6: 89 bf        	j	0x172f8 <__pow5mult+0x24>
   173a8: 97 86 00 00  	auipc	a3, 0x8
   173ac: 93 86 06 9d  	addi	a3, a3, -0x630
   173b0: 01 46        	li	a2, 0x0
   173b2: 93 05 00 14  	li	a1, 0x140
   173b6: 17 85 00 00  	auipc	a0, 0x8
   173ba: 13 05 a5 9d  	addi	a0, a0, -0x626
   173be: ef 40 00 0b  	jal	0x1b46e <__assert_func>

00000000000173c2 <__lshift>:
   173c2: 39 71        	addi	sp, sp, -0x40
   173c4: 4a f0        	sd	s2, 0x20(sp)
   173c6: 03 a9 45 01  	lw	s2, 0x14(a1)
   173ca: dc 45        	lw	a5, 0xc(a1)
   173cc: 56 e4        	sd	s5, 0x8(sp)
   173ce: 9b 5a 56 40  	sraiw	s5, a2, 0x5
   173d2: 3b 09 59 01  	addw	s2, s2, s5
   173d6: 22 f8        	sd	s0, 0x30(sp)
   173d8: 26 f4        	sd	s1, 0x28(sp)
   173da: 4e ec        	sd	s3, 0x18(sp)
   173dc: 52 e8        	sd	s4, 0x10(sp)
   173de: 1b 07 19 00  	addiw	a4, s2, 0x1
   173e2: 06 fc        	sd	ra, 0x38(sp)
   173e4: 2e 84        	mv	s0, a1
   173e6: 32 8a        	mv	s4, a2
   173e8: 8c 45        	lw	a1, 0x8(a1)
   173ea: aa 84        	mv	s1, a0
   173ec: ba 89        	mv	s3, a4
   173ee: 63 d7 e7 00  	bge	a5, a4, 0x173fc <__lshift+0x3a>
   173f2: 9b 97 17 00  	slliw	a5, a5, 0x1
   173f6: 85 25        	addiw	a1, a1, 0x1
   173f8: e3 cd e7 fe  	blt	a5, a4, 0x173f2 <__lshift+0x30>
   173fc: 26 85        	mv	a0, s1
   173fe: ef f0 3f 93  	jal	0x16d30 <_Balloc>
   17402: 61 c1        	beqz	a0, 0x174c2 <__lshift+0x100>
   17404: 13 08 85 01  	addi	a6, a0, 0x18
   17408: 63 51 50 03  	blez	s5, 0x1742a <__lshift+0x68>
   1740c: 1b 87 6a 00  	addiw	a4, s5, 0x6
   17410: 0a 07        	slli	a4, a4, 0x2
   17412: 2a 97        	add	a4, a4, a0
   17414: c2 87        	mv	a5, a6
   17416: 91 07        	addi	a5, a5, 0x4
   17418: 23 ae 07 fe  	sw	zero, -0x4(a5)
   1741c: e3 1d f7 fe  	bne	a4, a5, 0x17416 <__lshift+0x54>
   17420: 93 97 0a 02  	slli	a5, s5, 0x20
   17424: 93 da e7 01  	srli	s5, a5, 0x1e
   17428: 56 98        	add	a6, a6, s5
   1742a: 83 28 44 01  	lw	a7, 0x14(s0)
   1742e: 93 07 84 01  	addi	a5, s0, 0x18
   17432: 13 76 fa 01  	andi	a2, s4, 0x1f
   17436: 8a 08        	slli	a7, a7, 0x2
   17438: be 98        	add	a7, a7, a5
   1743a: 2d c6        	beqz	a2, 0x174a4 <__lshift+0xe2>
   1743c: 93 05 00 02  	li	a1, 0x20
   17440: 91 9d        	subw	a1, a1, a2
   17442: 42 83        	mv	t1, a6
   17444: 81 46        	li	a3, 0x0
   17446: 98 43        	lw	a4, 0x0(a5)
   17448: 11 03        	addi	t1, t1, 0x4
   1744a: 91 07        	addi	a5, a5, 0x4
   1744c: 3b 17 c7 00  	sllw	a4, a4, a2
   17450: 55 8f        	or	a4, a4, a3
   17452: 23 2e e3 fe  	sw	a4, -0x4(t1)
   17456: 83 a6 c7 ff  	lw	a3, -0x4(a5)
   1745a: bb d6 b6 00  	srlw	a3, a3, a1
   1745e: e3 e4 17 ff  	bltu	a5, a7, 0x17446 <__lshift+0x84>
   17462: 93 07 94 01  	addi	a5, s0, 0x19
   17466: 01 47        	li	a4, 0x0
   17468: 63 e7 f8 00  	bltu	a7, a5, 0x17476 <__lshift+0xb4>
   1746c: b3 88 88 40  	sub	a7, a7, s0
   17470: 9d 18        	addi	a7, a7, -0x19
   17472: 13 f7 c8 ff  	andi	a4, a7, -0x4
   17476: 3a 98        	add	a6, a6, a4
   17478: 23 22 d8 00  	sw	a3, 0x4(a6)
   1747c: 91 e2        	bnez	a3, 0x17480 <__lshift+0xbe>
   1747e: ca 89        	mv	s3, s2
   17480: 18 44        	lw	a4, 0x8(s0)
   17482: bc 7c        	ld	a5, 0x78(s1)
   17484: 23 2a 35 01  	sw	s3, 0x14(a0)
   17488: 0e 07        	slli	a4, a4, 0x3
   1748a: ba 97        	add	a5, a5, a4
   1748c: 98 63        	ld	a4, 0x0(a5)
   1748e: e2 70        	ld	ra, 0x38(sp)
   17490: a2 74        	ld	s1, 0x28(sp)
   17492: 18 e0        	sd	a4, 0x0(s0)
   17494: 80 e3        	sd	s0, 0x0(a5)
   17496: 42 74        	ld	s0, 0x30(sp)
   17498: 02 79        	ld	s2, 0x20(sp)
   1749a: e2 69        	ld	s3, 0x18(sp)
   1749c: 42 6a        	ld	s4, 0x10(sp)
   1749e: a2 6a        	ld	s5, 0x8(sp)
   174a0: 21 61        	addi	sp, sp, 0x40
   174a2: 82 80        	ret
   174a4: 98 43        	lw	a4, 0x0(a5)
   174a6: 91 07        	addi	a5, a5, 0x4
   174a8: 11 08        	addi	a6, a6, 0x4
   174aa: 23 2e e8 fe  	sw	a4, -0x4(a6)
   174ae: e3 f8 17 fd  	bgeu	a5, a7, 0x1747e <__lshift+0xbc>
   174b2: 98 43        	lw	a4, 0x0(a5)
   174b4: 91 07        	addi	a5, a5, 0x4
   174b6: 11 08        	addi	a6, a6, 0x4
   174b8: 23 2e e8 fe  	sw	a4, -0x4(a6)
   174bc: e3 e4 17 ff  	bltu	a5, a7, 0x174a4 <__lshift+0xe2>
   174c0: 7d bf        	j	0x1747e <__lshift+0xbc>
   174c2: 97 86 00 00  	auipc	a3, 0x8
   174c6: 93 86 66 8b  	addi	a3, a3, -0x74a
   174ca: 01 46        	li	a2, 0x0
   174cc: 93 05 90 1d  	li	a1, 0x1d9
   174d0: 17 85 00 00  	auipc	a0, 0x8
   174d4: 13 05 05 8c  	addi	a0, a0, -0x740
   174d8: ef 30 70 79  	jal	0x1b46e <__assert_func>

00000000000174dc <__mcmp>:
   174dc: dc 49        	lw	a5, 0x14(a1)
   174de: 2a 88        	mv	a6, a0
   174e0: 48 49        	lw	a0, 0x14(a0)
   174e2: 1d 9d        	subw	a0, a0, a5
   174e4: 1d e5        	bnez	a0, 0x17512 <__mcmp+0x36>
   174e6: 8a 07        	slli	a5, a5, 0x2
   174e8: 61 08        	addi	a6, a6, 0x18
   174ea: e1 05        	addi	a1, a1, 0x18
   174ec: 33 87 f5 00  	add	a4, a1, a5
   174f0: c2 97        	add	a5, a5, a6
   174f2: 19 a0        	j	0x174f8 <__mcmp+0x1c>
   174f4: 63 7f f8 00  	bgeu	a6, a5, 0x17512 <__mcmp+0x36>
   174f8: 03 a6 c7 ff  	lw	a2, -0x4(a5)
   174fc: 83 26 c7 ff  	lw	a3, -0x4(a4)
   17500: f1 17        	addi	a5, a5, -0x4
   17502: 71 17        	addi	a4, a4, -0x4
   17504: e3 08 d6 fe  	beq	a2, a3, 0x174f4 <__mcmp+0x18>
   17508: 05 45        	li	a0, 0x1
   1750a: 63 74 d6 00  	bgeu	a2, a3, 0x17512 <__mcmp+0x36>
   1750e: 7d 55        	li	a0, -0x1
   17510: 82 80        	ret
   17512: 82 80        	ret

0000000000017514 <__mdiff>:
   17514: 01 11        	addi	sp, sp, -0x20
   17516: 5c 4a        	lw	a5, 0x14(a2)
   17518: 4a e0        	sd	s2, 0x0(sp)
   1751a: 03 a9 45 01  	lw	s2, 0x14(a1)
   1751e: 22 e8        	sd	s0, 0x10(sp)
   17520: 26 e4        	sd	s1, 0x8(sp)
   17522: 06 ec        	sd	ra, 0x18(sp)
   17524: 3b 09 f9 40  	subw	s2, s2, a5
   17528: 2e 84        	mv	s0, a1
   1752a: b2 84        	mv	s1, a2
   1752c: 63 11 09 12  	bnez	s2, 0x1764e <__mdiff+0x13a>
   17530: 93 96 27 00  	slli	a3, a5, 0x2
   17534: 13 86 85 01  	addi	a2, a1, 0x18
   17538: 13 87 84 01  	addi	a4, s1, 0x18
   1753c: b3 07 d6 00  	add	a5, a2, a3
   17540: 36 97        	add	a4, a4, a3
   17542: 19 a0        	j	0x17548 <__mdiff+0x34>
   17544: 63 73 f6 12  	bgeu	a2, a5, 0x1766a <__mdiff+0x156>
   17548: 83 a5 c7 ff  	lw	a1, -0x4(a5)
   1754c: 83 26 c7 ff  	lw	a3, -0x4(a4)
   17550: f1 17        	addi	a5, a5, -0x4
   17552: 71 17        	addi	a4, a4, -0x4
   17554: e3 88 d5 fe  	beq	a1, a3, 0x17544 <__mdiff+0x30>
   17558: 63 f7 d5 12  	bgeu	a1, a3, 0x17686 <__mdiff+0x172>
   1755c: 05 49        	li	s2, 0x1
   1755e: 8c 44        	lw	a1, 0x8(s1)
   17560: ef f0 0f fd  	jal	0x16d30 <_Balloc>
   17564: 63 07 05 12  	beqz	a0, 0x17692 <__mdiff+0x17e>
   17568: 83 a8 44 01  	lw	a7, 0x14(s1)
   1756c: 03 2f 44 01  	lw	t5, 0x14(s0)
   17570: e1 04        	addi	s1, s1, 0x18
   17572: 13 98 28 00  	slli	a6, a7, 0x2
   17576: 0a 0f        	slli	t5, t5, 0x2
   17578: 13 03 84 01  	addi	t1, s0, 0x18
   1757c: 93 0f 85 01  	addi	t6, a0, 0x18
   17580: 23 28 25 01  	sw	s2, 0x10(a0)
   17584: 26 98        	add	a6, a6, s1
   17586: 1a 9f        	add	t5, t5, t1
   17588: a6 8e        	mv	t4, s1
   1758a: 7e 8e        	mv	t3, t6
   1758c: 81 47        	li	a5, 0x0
   1758e: 83 a6 0e 00  	lw	a3, 0x0(t4)
   17592: 03 26 03 00  	lw	a2, 0x0(t1)
   17596: 11 0e        	addi	t3, t3, 0x4
   17598: 13 97 06 03  	slli	a4, a3, 0x30
   1759c: 93 15 06 03  	slli	a1, a2, 0x30
   175a0: 41 93        	srli	a4, a4, 0x30
   175a2: c1 91        	srli	a1, a1, 0x30
   175a4: 0d 9f        	subw	a4, a4, a1
   175a6: 3d 9f        	addw	a4, a4, a5
   175a8: 9b d6 06 01  	srliw	a3, a3, 0x10
   175ac: 1b 56 06 01  	srliw	a2, a2, 0x10
   175b0: 91 9e        	subw	a3, a3, a2
   175b2: 9b 57 07 41  	sraiw	a5, a4, 0x10
   175b6: b5 9f        	addw	a5, a5, a3
   175b8: 42 17        	slli	a4, a4, 0x30
   175ba: 9b 96 07 01  	slliw	a3, a5, 0x10
   175be: 41 93        	srli	a4, a4, 0x30
   175c0: d9 8e        	or	a3, a3, a4
   175c2: 11 03        	addi	t1, t1, 0x4
   175c4: 23 2e de fe  	sw	a3, -0x4(t3)
   175c8: 91 0e        	addi	t4, t4, 0x4
   175ca: 9b d7 07 41  	sraiw	a5, a5, 0x10
   175ce: e3 60 e3 fd  	bltu	t1, t5, 0x1758e <__mdiff+0x7a>
   175d2: 13 06 94 01  	addi	a2, s0, 0x19
   175d6: 01 47        	li	a4, 0x0
   175d8: 63 73 cf 08  	bgeu	t5, a2, 0x1765e <__mdiff+0x14a>
   175dc: b3 8e e4 00  	add	t4, s1, a4
   175e0: 91 0e        	addi	t4, t4, 0x4
   175e2: 7e 97        	add	a4, a4, t6
   175e4: 33 8e 9f 40  	sub	t3, t6, s1
   175e8: 76 86        	mv	a2, t4
   175ea: 13 0f 47 00  	addi	t5, a4, 0x4
   175ee: 63 f0 0e 0b  	bgeu	t4, a6, 0x1768e <__mdiff+0x17a>
   175f2: 18 42        	lw	a4, 0x0(a2)
   175f4: 33 03 c6 01  	add	t1, a2, t3
   175f8: 11 06        	addi	a2, a2, 0x4
   175fa: 93 16 07 03  	slli	a3, a4, 0x30
   175fe: c1 92        	srli	a3, a3, 0x30
   17600: bb 05 f7 00  	addw	a1, a4, a5
   17604: b5 9f        	addw	a5, a5, a3
   17606: 9b d7 07 41  	sraiw	a5, a5, 0x10
   1760a: 1b 57 07 01  	srliw	a4, a4, 0x10
   1760e: 3d 9f        	addw	a4, a4, a5
   17610: c2 15        	slli	a1, a1, 0x30
   17612: c1 91        	srli	a1, a1, 0x30
   17614: 9b 16 07 01  	slliw	a3, a4, 0x10
   17618: cd 8e        	or	a3, a3, a1
   1761a: 23 20 d3 00  	sw	a3, 0x0(t1)
   1761e: 9b 57 07 41  	sraiw	a5, a4, 0x10
   17622: e3 68 06 fd  	bltu	a2, a6, 0x175f2 <__mdiff+0xde>
   17626: 93 07 f8 ff  	addi	a5, a6, -0x1
   1762a: b3 87 d7 41  	sub	a5, a5, t4
   1762e: f1 9b        	andi	a5, a5, -0x4
   17630: fa 97        	add	a5, a5, t5
   17632: 91 e6        	bnez	a3, 0x1763e <__mdiff+0x12a>
   17634: 03 a7 c7 ff  	lw	a4, -0x4(a5)
   17638: f1 17        	addi	a5, a5, -0x4
   1763a: fd 38        	addiw	a7, a7, -0x1
   1763c: 65 df        	beqz	a4, 0x17634 <__mdiff+0x120>
   1763e: e2 60        	ld	ra, 0x18(sp)
   17640: 42 64        	ld	s0, 0x10(sp)
   17642: 23 2a 15 01  	sw	a7, 0x14(a0)
   17646: a2 64        	ld	s1, 0x8(sp)
   17648: 02 69        	ld	s2, 0x0(sp)
   1764a: 05 61        	addi	sp, sp, 0x20
   1764c: 82 80        	ret
   1764e: 4a 87        	mv	a4, s2
   17650: 05 49        	li	s2, 0x1
   17652: e3 46 07 f0  	bltz	a4, 0x1755e <__mdiff+0x4a>
   17656: 01 49        	li	s2, 0x0
   17658: ae 84        	mv	s1, a1
   1765a: 32 84        	mv	s0, a2
   1765c: 09 b7        	j	0x1755e <__mdiff+0x4a>
   1765e: 33 0f 8f 40  	sub	t5, t5, s0
   17662: 1d 1f        	addi	t5, t5, -0x19
   17664: 13 77 cf ff  	andi	a4, t5, -0x4
   17668: 95 bf        	j	0x175dc <__mdiff+0xc8>
   1766a: 81 45        	li	a1, 0x0
   1766c: ef f0 4f ec  	jal	0x16d30 <_Balloc>
   17670: 15 cd        	beqz	a0, 0x176ac <__mdiff+0x198>
   17672: e2 60        	ld	ra, 0x18(sp)
   17674: 42 64        	ld	s0, 0x10(sp)
   17676: 85 47        	li	a5, 0x1
   17678: 23 2c 05 00  	sw	zero, 0x18(a0)
   1767c: 5c c9        	sw	a5, 0x14(a0)
   1767e: a2 64        	ld	s1, 0x8(sp)
   17680: 02 69        	ld	s2, 0x0(sp)
   17682: 05 61        	addi	sp, sp, 0x20
   17684: 82 80        	ret
   17686: a6 87        	mv	a5, s1
   17688: a2 84        	mv	s1, s0
   1768a: 3e 84        	mv	s0, a5
   1768c: c9 bd        	j	0x1755e <__mdiff+0x4a>
   1768e: ba 87        	mv	a5, a4
   17690: 4d b7        	j	0x17632 <__mdiff+0x11e>
   17692: 97 76 00 00  	auipc	a3, 0x7
   17696: 93 86 66 6e  	addi	a3, a3, 0x6e6
   1769a: 01 46        	li	a2, 0x0
   1769c: 93 05 00 24  	li	a1, 0x240
   176a0: 17 75 00 00  	auipc	a0, 0x7
   176a4: 13 05 05 6f  	addi	a0, a0, 0x6f0
   176a8: ef 30 70 5c  	jal	0x1b46e <__assert_func>
   176ac: 97 76 00 00  	auipc	a3, 0x7
   176b0: 93 86 c6 6c  	addi	a3, a3, 0x6cc
   176b4: 01 46        	li	a2, 0x0
   176b6: 93 05 20 23  	li	a1, 0x232
   176ba: 17 75 00 00  	auipc	a0, 0x7
   176be: 13 05 65 6d  	addi	a0, a0, 0x6d6
   176c2: ef 30 d0 5a  	jal	0x1b46e <__assert_func>

00000000000176c6 <__ulp>:
   176c6: d3 07 05 e2  	fmv.x.d	a5, fa0
   176ca: b7 06 f0 7f  	lui	a3, 0x7ff00
   176ce: 37 07 c0 fc  	lui	a4, 0xfcc00
   176d2: 81 93        	srli	a5, a5, 0x20
   176d4: f5 8f        	and	a5, a5, a3
   176d6: b9 9f        	addw	a5, a5, a4
   176d8: 01 47        	li	a4, 0x0
   176da: 63 59 f0 00  	blez	a5, 0x176ec <__ulp+0x26>
   176de: 02 17        	slli	a4, a4, 0x20
   176e0: 01 93        	srli	a4, a4, 0x20
   176e2: 82 17        	slli	a5, a5, 0x20
   176e4: d9 8f        	or	a5, a5, a4
   176e6: 53 85 07 f2  	fmv.d.x	fa0, a5
   176ea: 82 80        	ret
   176ec: bb 07 f0 40  	negw	a5, a5
   176f0: 9b d7 47 41  	sraiw	a5, a5, 0x14
   176f4: 4d 47        	li	a4, 0x13
   176f6: 63 4e f7 00  	blt	a4, a5, 0x17712 <__ulp+0x4c>
   176fa: 37 07 08 00  	lui	a4, 0x80
   176fe: bb 57 f7 40  	sraw	a5, a4, a5
   17702: 01 47        	li	a4, 0x0
   17704: 02 17        	slli	a4, a4, 0x20
   17706: 01 93        	srli	a4, a4, 0x20
   17708: 82 17        	slli	a5, a5, 0x20
   1770a: d9 8f        	or	a5, a5, a4
   1770c: 53 85 07 f2  	fmv.d.x	fa0, a5
   17710: 82 80        	ret
   17712: b1 37        	addiw	a5, a5, -0x14
   17714: f9 46        	li	a3, 0x1e
   17716: 05 47        	li	a4, 0x1
   17718: 63 c6 f6 00  	blt	a3, a5, 0x17724 <__ulp+0x5e>
   1771c: 37 07 00 80  	lui	a4, 0x80000
   17720: 3b 57 f7 00  	srlw	a4, a4, a5
   17724: 81 47        	li	a5, 0x0
   17726: 02 17        	slli	a4, a4, 0x20
   17728: 01 93        	srli	a4, a4, 0x20
   1772a: 82 17        	slli	a5, a5, 0x20
   1772c: d9 8f        	or	a5, a5, a4
   1772e: 53 85 07 f2  	fmv.d.x	fa0, a5
   17732: 82 80        	ret

0000000000017734 <__b2d>:
   17734: 79 71        	addi	sp, sp, -0x30
   17736: 26 ec        	sd	s1, 0x18(sp)
   17738: 44 49        	lw	s1, 0x14(a0)
   1773a: 22 f0        	sd	s0, 0x20(sp)
   1773c: 13 04 85 01  	addi	s0, a0, 0x18
   17740: 8a 04        	slli	s1, s1, 0x2
   17742: a2 94        	add	s1, s1, s0
   17744: 4a e8        	sd	s2, 0x10(sp)
   17746: 03 a9 c4 ff  	lw	s2, -0x4(s1)
   1774a: 4e e4        	sd	s3, 0x8(sp)
   1774c: 52 e0        	sd	s4, 0x0(sp)
   1774e: 4a 85        	mv	a0, s2
   17750: ae 89        	mv	s3, a1
   17752: 06 f4        	sd	ra, 0x28(sp)
   17754: ef f0 5f 83  	jal	0x16f88 <__hi0bits>
   17758: 93 07 00 02  	li	a5, 0x20
   1775c: 3b 87 a7 40  	subw	a4, a5, a0
   17760: 23 a0 e9 00  	sw	a4, 0x0(s3)
   17764: 29 47        	li	a4, 0xa
   17766: 13 8a c4 ff  	addi	s4, s1, -0x4
   1776a: 63 5c a7 06  	bge	a4, a0, 0x177e2 <__b2d+0xae>
   1776e: 1b 06 55 ff  	addiw	a2, a0, -0xb
   17772: 63 7f 44 03  	bgeu	s0, s4, 0x177b0 <__b2d+0x7c>
   17776: 03 a7 84 ff  	lw	a4, -0x8(s1)
   1777a: 1d ce        	beqz	a2, 0x177b8 <__b2d+0x84>
   1777c: bb 86 c7 40  	subw	a3, a5, a2
   17780: bb 57 d7 00  	srlw	a5, a4, a3
   17784: 3b 19 c9 00  	sllw	s2, s2, a2
   17788: 33 69 f9 00  	or	s2, s2, a5
   1778c: b7 07 f0 3f  	lui	a5, 0x3ff00
   17790: 33 69 f9 00  	or	s2, s2, a5
   17794: 93 85 84 ff  	addi	a1, s1, -0x8
   17798: 3b 17 c7 00  	sllw	a4, a4, a2
   1779c: 93 17 09 02  	slli	a5, s2, 0x20
   177a0: 63 72 b4 02  	bgeu	s0, a1, 0x177c4 <__b2d+0x90>
   177a4: 03 a6 44 ff  	lw	a2, -0xc(s1)
   177a8: bb 56 d6 00  	srlw	a3, a2, a3
   177ac: 55 8f        	or	a4, a4, a3
   177ae: 19 a8        	j	0x177c4 <__b2d+0x90>
   177b0: ad 47        	li	a5, 0xb
   177b2: 01 47        	li	a4, 0x0
   177b4: 63 1c f5 04  	bne	a0, a5, 0x1780c <__b2d+0xd8>
   177b8: b7 07 f0 3f  	lui	a5, 0x3ff00
   177bc: 33 69 f9 00  	or	s2, s2, a5
   177c0: 93 17 09 02  	slli	a5, s2, 0x20
   177c4: a2 70        	ld	ra, 0x28(sp)
   177c6: 02 74        	ld	s0, 0x20(sp)
   177c8: 02 17        	slli	a4, a4, 0x20
   177ca: 81 93        	srli	a5, a5, 0x20
   177cc: 01 93        	srli	a4, a4, 0x20
   177ce: 82 17        	slli	a5, a5, 0x20
   177d0: d9 8f        	or	a5, a5, a4
   177d2: e2 64        	ld	s1, 0x18(sp)
   177d4: 42 69        	ld	s2, 0x10(sp)
   177d6: a2 69        	ld	s3, 0x8(sp)
   177d8: 02 6a        	ld	s4, 0x0(sp)
   177da: 53 85 07 f2  	fmv.d.x	fa0, a5
   177de: 45 61        	addi	sp, sp, 0x30
   177e0: 82 80        	ret
   177e2: ad 46        	li	a3, 0xb
   177e4: 89 9e        	subw	a3, a3, a0
   177e6: 37 07 f0 3f  	lui	a4, 0x3ff00
   177ea: bb 57 d9 00  	srlw	a5, s2, a3
   177ee: d9 8f        	or	a5, a5, a4
   177f0: 82 17        	slli	a5, a5, 0x20
   177f2: 01 47        	li	a4, 0x0
   177f4: 63 76 44 01  	bgeu	s0, s4, 0x17800 <__b2d+0xcc>
   177f8: 03 a7 84 ff  	lw	a4, -0x8(s1)
   177fc: 3b 57 d7 00  	srlw	a4, a4, a3
   17800: 55 25        	addiw	a0, a0, 0x15
   17802: 3b 19 a9 00  	sllw	s2, s2, a0
   17806: 33 67 e9 00  	or	a4, s2, a4
   1780a: 6d bf        	j	0x177c4 <__b2d+0x90>
   1780c: b7 07 f0 3f  	lui	a5, 0x3ff00
   17810: 3b 19 c9 00  	sllw	s2, s2, a2
   17814: 33 69 f9 00  	or	s2, s2, a5
   17818: 93 17 09 02  	slli	a5, s2, 0x20
   1781c: 01 47        	li	a4, 0x0
   1781e: 5d b7        	j	0x177c4 <__b2d+0x90>

0000000000017820 <__d2b>:
   17820: 39 71        	addi	sp, sp, -0x40
   17822: 52 e8        	sd	s4, 0x10(sp)
   17824: 2e 8a        	mv	s4, a1
   17826: 85 45        	li	a1, 0x1
   17828: 22 f8        	sd	s0, 0x30(sp)
   1782a: 4e ec        	sd	s3, 0x18(sp)
   1782c: 06 fc        	sd	ra, 0x38(sp)
   1782e: 26 f4        	sd	s1, 0x28(sp)
   17830: 4a f0        	sd	s2, 0x20(sp)
   17832: 53 04 05 e2  	fmv.x.d	s0, fa0
   17836: b2 89        	mv	s3, a2
   17838: ef f0 8f cf  	jal	0x16d30 <_Balloc>
   1783c: 55 c9        	beqz	a0, 0x178f0 <__d2b+0xd0>
   1783e: 93 57 04 42  	srai	a5, s0, 0x20
   17842: 1b d9 47 01  	srliw	s2, a5, 0x14
   17846: 37 07 10 00  	lui	a4, 0x100
   1784a: 93 06 f7 ff  	addi	a3, a4, -0x1
   1784e: 13 79 f9 7f  	andi	s2, s2, 0x7ff
   17852: aa 84        	mv	s1, a0
   17854: f5 8f        	and	a5, a5, a3
   17856: 63 03 09 00  	beqz	s2, 0x1785c <__d2b+0x3c>
   1785a: d9 8f        	or	a5, a5, a4
   1785c: 01 24        	sext.w	s0, s0
   1785e: 3e c6        	sw	a5, 0xc(sp)
   17860: 29 e0        	bnez	s0, 0x178a2 <__d2b+0x82>
   17862: 68 00        	addi	a0, sp, 0xc
   17864: ef f0 cf f8  	jal	0x16ff0 <__lo0bits>
   17868: b2 47        	lw	a5, 0xc(sp)
   1786a: 05 44        	li	s0, 0x1
   1786c: c0 c8        	sw	s0, 0x14(s1)
   1786e: 9c cc        	sw	a5, 0x18(s1)
   17870: 1b 05 05 02  	addiw	a0, a0, 0x20
   17874: 63 0f 09 04  	beqz	s2, 0x178d2 <__d2b+0xb2>
   17878: 1b 09 d9 bc  	addiw	s2, s2, -0x433
   1787c: 3b 09 a9 00  	addw	s2, s2, a0
   17880: 13 04 50 03  	li	s0, 0x35
   17884: 23 20 2a 01  	sw	s2, 0x0(s4)
   17888: 3b 05 a4 40  	subw	a0, s0, a0
   1788c: e2 70        	ld	ra, 0x38(sp)
   1788e: 42 74        	ld	s0, 0x30(sp)
   17890: 23 a0 a9 00  	sw	a0, 0x0(s3)
   17894: 02 79        	ld	s2, 0x20(sp)
   17896: e2 69        	ld	s3, 0x18(sp)
   17898: 42 6a        	ld	s4, 0x10(sp)
   1789a: 26 85        	mv	a0, s1
   1789c: a2 74        	ld	s1, 0x28(sp)
   1789e: 21 61        	addi	sp, sp, 0x40
   178a0: 82 80        	ret
   178a2: 28 00        	addi	a0, sp, 0x8
   178a4: 22 c4        	sw	s0, 0x8(sp)
   178a6: ef f0 af f4  	jal	0x16ff0 <__lo0bits>
   178aa: b2 47        	lw	a5, 0xc(sp)
   178ac: 22 47        	lw	a4, 0x8(sp)
   178ae: 11 c9        	beqz	a0, 0x178c2 <__d2b+0xa2>
   178b0: 93 06 00 02  	li	a3, 0x20
   178b4: 89 9e        	subw	a3, a3, a0
   178b6: bb 96 d7 00  	sllw	a3, a5, a3
   178ba: bb d7 a7 00  	srlw	a5, a5, a0
   178be: 55 8f        	or	a4, a4, a3
   178c0: 3e c6        	sw	a5, 0xc(sp)
   178c2: 33 34 f0 00  	snez	s0, a5
   178c6: 05 04        	addi	s0, s0, 0x1
   178c8: 98 cc        	sw	a4, 0x18(s1)
   178ca: dc cc        	sw	a5, 0x1c(s1)
   178cc: c0 c8        	sw	s0, 0x14(s1)
   178ce: e3 15 09 fa  	bnez	s2, 0x17878 <__d2b+0x58>
   178d2: 1b 05 e5 bc  	addiw	a0, a0, -0x432
   178d6: 93 17 24 00  	slli	a5, s0, 0x2
   178da: 23 20 aa 00  	sw	a0, 0x0(s4)
   178de: a6 97        	add	a5, a5, s1
   178e0: c8 4b        	lw	a0, 0x14(a5)
   178e2: 1b 14 54 00  	slliw	s0, s0, 0x5
   178e6: ef f0 2f ea  	jal	0x16f88 <__hi0bits>
   178ea: 3b 05 a4 40  	subw	a0, s0, a0
   178ee: 79 bf        	j	0x1788c <__d2b+0x6c>
   178f0: 97 76 00 00  	auipc	a3, 0x7
   178f4: 93 86 86 48  	addi	a3, a3, 0x488
   178f8: 01 46        	li	a2, 0x0
   178fa: 93 05 a0 30  	li	a1, 0x30a
   178fe: 17 75 00 00  	auipc	a0, 0x7
   17902: 13 05 25 49  	addi	a0, a0, 0x492
   17906: ef 30 90 36  	jal	0x1b46e <__assert_func>

000000000001790a <__ratio>:
   1790a: 39 71        	addi	sp, sp, -0x40
   1790c: 26 f4        	sd	s1, 0x28(sp)
   1790e: ae 84        	mv	s1, a1
   17910: 2c 00        	addi	a1, sp, 0x8
   17912: 06 fc        	sd	ra, 0x38(sp)
   17914: 22 f8        	sd	s0, 0x30(sp)
   17916: 4e ec        	sd	s3, 0x18(sp)
   17918: aa 89        	mv	s3, a0
   1791a: ef f0 bf e1  	jal	0x17734 <__b2d>
   1791e: 6c 00        	addi	a1, sp, 0xc
   17920: 26 85        	mv	a0, s1
   17922: 53 04 05 e2  	fmv.x.d	s0, fa0
   17926: ef f0 ff e0  	jal	0x17734 <__b2d>
   1792a: d8 48        	lw	a4, 0x14(s1)
   1792c: 83 a6 49 01  	lw	a3, 0x14(s3)
   17930: a2 47        	lw	a5, 0x8(sp)
   17932: 32 46        	lw	a2, 0xc(sp)
   17934: 99 9e        	subw	a3, a3, a4
   17936: 9b 96 56 00  	slliw	a3, a3, 0x5
   1793a: 91 9f        	subw	a5, a5, a2
   1793c: b5 9f        	addw	a5, a5, a3
   1793e: 53 07 05 e2  	fmv.x.d	a4, fa0
   17942: 63 5b f0 02  	blez	a5, 0x17978 <__ratio+0x6e>
   17946: 4a f0        	sd	s2, 0x20(sp)
   17948: 9b 97 47 01  	slliw	a5, a5, 0x14
   1794c: 22 89        	mv	s2, s0
   1794e: 01 90        	srli	s0, s0, 0x20
   17950: a1 9f        	addw	a5, a5, s0
   17952: 02 19        	slli	s2, s2, 0x20
   17954: 13 59 09 02  	srli	s2, s2, 0x20
   17958: 82 17        	slli	a5, a5, 0x20
   1795a: 33 64 f9 00  	or	s0, s2, a5
   1795e: 02 79        	ld	s2, 0x20(sp)
   17960: d3 07 04 f2  	fmv.d.x	fa5, s0
   17964: e2 70        	ld	ra, 0x38(sp)
   17966: 42 74        	ld	s0, 0x30(sp)
   17968: 53 07 07 f2  	fmv.d.x	fa4, a4
   1796c: a2 74        	ld	s1, 0x28(sp)
   1796e: e2 69        	ld	s3, 0x18(sp)
   17970: 53 f5 e7 1a  	fdiv.d	fa0, fa5, fa4
   17974: 21 61        	addi	sp, sp, 0x40
   17976: 82 80        	ret
   17978: bb 07 f0 40  	negw	a5, a5
   1797c: ba 86        	mv	a3, a4
   1797e: 9b 97 47 01  	slliw	a5, a5, 0x14
   17982: 01 93        	srli	a4, a4, 0x20
   17984: b9 9f        	addw	a5, a5, a4
   17986: 82 16        	slli	a3, a3, 0x20
   17988: 81 92        	srli	a3, a3, 0x20
   1798a: 82 17        	slli	a5, a5, 0x20
   1798c: 33 e7 f6 00  	or	a4, a3, a5
   17990: c1 bf        	j	0x17960 <__ratio+0x56>

0000000000017992 <_mprec_log10>:
   17992: dd 47        	li	a5, 0x17
   17994: 63 df a7 00  	bge	a5, a0, 0x179b2 <_mprec_log10+0x20>
   17998: 97 a7 00 00  	auipc	a5, 0xa
   1799c: 07 b5 07 30  	fld	fa0, 0x300(a5)
   179a0: 97 a7 00 00  	auipc	a5, 0xa
   179a4: 87 b7 07 30  	fld	fa5, 0x300(a5)
   179a8: 7d 35        	addiw	a0, a0, -0x1
   179aa: 53 75 f5 12  	fmul.d	fa0, fa0, fa5
   179ae: 6d fd        	bnez	a0, 0x179a8 <_mprec_log10+0x16>
   179b0: 82 80        	ret
   179b2: 0e 05        	slli	a0, a0, 0x3
   179b4: 97 87 00 00  	auipc	a5, 0x8
   179b8: 93 87 47 8f  	addi	a5, a5, -0x70c
   179bc: aa 97        	add	a5, a5, a0
   179be: 88 23        	fld	fa0, 0x0(a5)
   179c0: 82 80        	ret

00000000000179c2 <__copybits>:
   179c2: 54 4a        	lw	a3, 0x14(a2)
   179c4: fd 35        	addiw	a1, a1, -0x1
   179c6: 9b d5 55 40  	sraiw	a1, a1, 0x5
   179ca: 85 25        	addiw	a1, a1, 0x1
   179cc: 8a 06        	slli	a3, a3, 0x2
   179ce: 93 07 86 01  	addi	a5, a2, 0x18
   179d2: 8a 05        	slli	a1, a1, 0x2
   179d4: be 96        	add	a3, a3, a5
   179d6: aa 95        	add	a1, a1, a0
   179d8: 63 f0 d7 02  	bgeu	a5, a3, 0x179f8 <__copybits+0x36>
   179dc: 2a 87        	mv	a4, a0
   179de: 03 a8 07 00  	lw	a6, 0x0(a5)
   179e2: 91 07        	addi	a5, a5, 0x4
   179e4: 11 07        	addi	a4, a4, 0x4
   179e6: 23 2e 07 ff  	sw	a6, -0x4(a4)
   179ea: e3 ea d7 fe  	bltu	a5, a3, 0x179de <__copybits+0x1c>
   179ee: 91 8e        	sub	a3, a3, a2
   179f0: 9d 16        	addi	a3, a3, -0x19
   179f2: f1 9a        	andi	a3, a3, -0x4
   179f4: 11 05        	addi	a0, a0, 0x4
   179f6: 36 95        	add	a0, a0, a3
   179f8: 63 77 b5 00  	bgeu	a0, a1, 0x17a06 <__copybits+0x44>
   179fc: 11 05        	addi	a0, a0, 0x4
   179fe: 23 2e 05 fe  	sw	zero, -0x4(a0)
   17a02: e3 6d b5 fe  	bltu	a0, a1, 0x179fc <__copybits+0x3a>
   17a06: 82 80        	ret

0000000000017a08 <__any_on>:
   17a08: 58 49        	lw	a4, 0x14(a0)
   17a0a: 1b d6 55 40  	sraiw	a2, a1, 0x5
   17a0e: 93 06 85 01  	addi	a3, a0, 0x18
   17a12: 63 5d c7 00  	bge	a4, a2, 0x17a2c <__any_on+0x24>
   17a16: 0a 07        	slli	a4, a4, 0x2
   17a18: b3 87 e6 00  	add	a5, a3, a4
   17a1c: 63 f8 f6 02  	bgeu	a3, a5, 0x17a4c <__any_on+0x44>
   17a20: 03 a7 c7 ff  	lw	a4, -0x4(a5)
   17a24: f1 17        	addi	a5, a5, -0x4
   17a26: 7d db        	beqz	a4, 0x17a1c <__any_on+0x14>
   17a28: 05 45        	li	a0, 0x1
   17a2a: 82 80        	ret
   17a2c: 93 17 26 00  	slli	a5, a2, 0x2
   17a30: b6 97        	add	a5, a5, a3
   17a32: e3 55 e6 fe  	bge	a2, a4, 0x17a1c <__any_on+0x14>
   17a36: fd 89        	andi	a1, a1, 0x1f
   17a38: f5 d1        	beqz	a1, 0x17a1c <__any_on+0x14>
   17a3a: 90 43        	lw	a2, 0x0(a5)
   17a3c: 05 45        	li	a0, 0x1
   17a3e: 3b 57 b6 00  	srlw	a4, a2, a1
   17a42: 3b 17 b7 00  	sllw	a4, a4, a1
   17a46: e3 0b c7 fc  	beq	a4, a2, 0x17a1c <__any_on+0x14>
   17a4a: 82 80        	ret
   17a4c: 01 45        	li	a0, 0x0
   17a4e: 82 80        	ret

0000000000017a50 <_realloc_r>:
   17a50: 5d 71        	addi	sp, sp, -0x50
   17a52: 4a f8        	sd	s2, 0x30(sp)
   17a54: 86 e4        	sd	ra, 0x48(sp)
   17a56: 32 89        	mv	s2, a2
   17a58: 63 84 05 16  	beqz	a1, 0x17bc0 <_realloc_r+0x170>
   17a5c: a2 e0        	sd	s0, 0x40(sp)
   17a5e: 26 fc        	sd	s1, 0x38(sp)
   17a60: 2e 84        	mv	s0, a1
   17a62: 4e f4        	sd	s3, 0x28(sp)
   17a64: 52 f0        	sd	s4, 0x20(sp)
   17a66: 56 ec        	sd	s5, 0x18(sp)
   17a68: aa 89        	mv	s3, a0
   17a6a: ef f0 6f ab  	jal	0x16d20 <__malloc_lock>
   17a6e: 83 37 84 ff  	ld	a5, -0x8(s0)
   17a72: 93 04 79 01  	addi	s1, s2, 0x17
   17a76: 13 07 e0 02  	li	a4, 0x2e
   17a7a: 13 fa c7 ff  	andi	s4, a5, -0x4
   17a7e: 93 0a 04 ff  	addi	s5, s0, -0x10
   17a82: 63 74 97 0c  	bgeu	a4, s1, 0x17b4a <_realloc_r+0xfa>
   17a86: 37 07 00 80  	lui	a4, 0x80000
   17a8a: c1 98        	andi	s1, s1, -0x10
   17a8c: 13 47 f7 ff  	not	a4, a4
   17a90: 63 61 97 0c  	bltu	a4, s1, 0x17b52 <_realloc_r+0x102>
   17a94: 63 ef 24 0b  	bltu	s1, s2, 0x17b52 <_realloc_r+0x102>
   17a98: 63 51 9a 0e  	bge	s4, s1, 0x17b7a <_realloc_r+0x12a>
   17a9c: 62 e0        	sd	s8, 0x0(sp)
   17a9e: 17 ac 00 00  	auipc	s8, 0xa
   17aa2: 13 0c ac 83  	addi	s8, s8, -0x7c6
   17aa6: 03 36 0c 01  	ld	a2, 0x10(s8)
   17aaa: b3 86 4a 01  	add	a3, s5, s4
   17aae: 98 66        	ld	a4, 0x8(a3)
   17ab0: 63 0f d6 12  	beq	a2, a3, 0x17bee <_realloc_r+0x19e>
   17ab4: 13 76 e7 ff  	andi	a2, a4, -0x2
   17ab8: 36 96        	add	a2, a2, a3
   17aba: 10 66        	ld	a2, 0x8(a2)
   17abc: 05 8a        	andi	a2, a2, 0x1
   17abe: 6d e6        	bnez	a2, 0x17ba8 <_realloc_r+0x158>
   17ac0: 71 9b        	andi	a4, a4, -0x4
   17ac2: 33 06 ea 00  	add	a2, s4, a4
   17ac6: 63 54 96 0a  	bge	a2, s1, 0x17b6e <_realloc_r+0x11e>
   17aca: 85 8b        	andi	a5, a5, 0x1
   17acc: 8d e7        	bnez	a5, 0x17af6 <_realloc_r+0xa6>
   17ace: 5e e4        	sd	s7, 0x8(sp)
   17ad0: 83 3b 04 ff  	ld	s7, -0x10(s0)
   17ad4: 5a e8        	sd	s6, 0x10(sp)
   17ad6: b3 8b 7a 41  	sub	s7, s5, s7
   17ada: 83 b7 8b 00  	ld	a5, 0x8(s7)
   17ade: f1 9b        	andi	a5, a5, -0x4
   17ae0: 3e 97        	add	a4, a4, a5
   17ae2: 33 0b 47 01  	add	s6, a4, s4
   17ae6: 63 5c 9b 22  	bge	s6, s1, 0x17d1e <_realloc_r+0x2ce>
   17aea: 33 0b fa 00  	add	s6, s4, a5
   17aee: 63 57 9b 1c  	bge	s6, s1, 0x17cbc <_realloc_r+0x26c>
   17af2: 42 6b        	ld	s6, 0x10(sp)
   17af4: a2 6b        	ld	s7, 0x8(sp)
   17af6: ca 85        	mv	a1, s2
   17af8: 4e 85        	mv	a0, s3
   17afa: ef e0 3f 99  	jal	0x1648c <_malloc_r>
   17afe: 2a 89        	mv	s2, a0
   17b00: 63 0c 05 2c  	beqz	a0, 0x17dd8 <_realloc_r+0x388>
   17b04: 83 37 84 ff  	ld	a5, -0x8(s0)
   17b08: 13 07 05 ff  	addi	a4, a0, -0x10
   17b0c: f9 9b        	andi	a5, a5, -0x2
   17b0e: d6 97        	add	a5, a5, s5
   17b10: 63 80 e7 1a  	beq	a5, a4, 0x17cb0 <_realloc_r+0x260>
   17b14: 13 06 8a ff  	addi	a2, s4, -0x8
   17b18: 93 07 80 04  	li	a5, 0x48
   17b1c: 63 ed c7 1e  	bltu	a5, a2, 0x17d16 <_realloc_r+0x2c6>
   17b20: 13 07 70 02  	li	a4, 0x27
   17b24: 63 69 c7 16  	bltu	a4, a2, 0x17c96 <_realloc_r+0x246>
   17b28: aa 87        	mv	a5, a0
   17b2a: 22 87        	mv	a4, s0
   17b2c: 14 63        	ld	a3, 0x0(a4)
   17b2e: 94 e3        	sd	a3, 0x0(a5)
   17b30: 14 67        	ld	a3, 0x8(a4)
   17b32: 94 e7        	sd	a3, 0x8(a5)
   17b34: 18 6b        	ld	a4, 0x10(a4)
   17b36: 98 eb        	sd	a4, 0x10(a5)
   17b38: a2 85        	mv	a1, s0
   17b3a: 4e 85        	mv	a0, s3
   17b3c: ef b0 1f dc  	jal	0x138fc <_free_r>
   17b40: 4e 85        	mv	a0, s3
   17b42: ef f0 6f 9e  	jal	0x16d28 <__malloc_unlock>
   17b46: 02 6c        	ld	s8, 0x0(sp)
   17b48: 09 a8        	j	0x17b5a <_realloc_r+0x10a>
   17b4a: 93 04 00 02  	li	s1, 0x20
   17b4e: e3 f5 24 f5  	bgeu	s1, s2, 0x17a98 <_realloc_r+0x48>
   17b52: b1 47        	li	a5, 0xc
   17b54: 23 a0 f9 00  	sw	a5, 0x0(s3)
   17b58: 01 49        	li	s2, 0x0
   17b5a: 06 64        	ld	s0, 0x40(sp)
   17b5c: a6 60        	ld	ra, 0x48(sp)
   17b5e: e2 74        	ld	s1, 0x38(sp)
   17b60: a2 79        	ld	s3, 0x28(sp)
   17b62: 02 7a        	ld	s4, 0x20(sp)
   17b64: e2 6a        	ld	s5, 0x18(sp)
   17b66: 4a 85        	mv	a0, s2
   17b68: 42 79        	ld	s2, 0x30(sp)
   17b6a: 61 61        	addi	sp, sp, 0x50
   17b6c: 82 80        	ret
   17b6e: 9c 6e        	ld	a5, 0x18(a3)
   17b70: 98 6a        	ld	a4, 0x10(a3)
   17b72: 02 6c        	ld	s8, 0x0(sp)
   17b74: 32 8a        	mv	s4, a2
   17b76: 1c ef        	sd	a5, 0x18(a4)
   17b78: 98 eb        	sd	a4, 0x10(a5)
   17b7a: 83 b7 8a 00  	ld	a5, 0x8(s5)
   17b7e: b3 06 9a 40  	sub	a3, s4, s1
   17b82: 7d 46        	li	a2, 0x1f
   17b84: 85 8b        	andi	a5, a5, 0x1
   17b86: 33 87 4a 01  	add	a4, s5, s4
   17b8a: 63 61 d6 04  	bltu	a2, a3, 0x17bcc <_realloc_r+0x17c>
   17b8e: b3 e7 47 01  	or	a5, a5, s4
   17b92: 23 b4 fa 00  	sd	a5, 0x8(s5)
   17b96: 1c 67        	ld	a5, 0x8(a4)
   17b98: 93 e7 17 00  	ori	a5, a5, 0x1
   17b9c: 1c e7        	sd	a5, 0x8(a4)
   17b9e: 4e 85        	mv	a0, s3
   17ba0: ef f0 8f 98  	jal	0x16d28 <__malloc_unlock>
   17ba4: 22 89        	mv	s2, s0
   17ba6: 55 bf        	j	0x17b5a <_realloc_r+0x10a>
   17ba8: 85 8b        	andi	a5, a5, 0x1
   17baa: b1 f7        	bnez	a5, 0x17af6 <_realloc_r+0xa6>
   17bac: 5e e4        	sd	s7, 0x8(sp)
   17bae: 83 3b 04 ff  	ld	s7, -0x10(s0)
   17bb2: 5a e8        	sd	s6, 0x10(sp)
   17bb4: b3 8b 7a 41  	sub	s7, s5, s7
   17bb8: 83 b7 8b 00  	ld	a5, 0x8(s7)
   17bbc: f1 9b        	andi	a5, a5, -0x4
   17bbe: 35 b7        	j	0x17aea <_realloc_r+0x9a>
   17bc0: a6 60        	ld	ra, 0x48(sp)
   17bc2: 42 79        	ld	s2, 0x30(sp)
   17bc4: b2 85        	mv	a1, a2
   17bc6: 61 61        	addi	sp, sp, 0x50
   17bc8: 6f e0 5f 8c  	j	0x1648c <_malloc_r>
   17bcc: c5 8f        	or	a5, a5, s1
   17bce: 23 b4 fa 00  	sd	a5, 0x8(s5)
   17bd2: b3 85 9a 00  	add	a1, s5, s1
   17bd6: 93 e6 16 00  	ori	a3, a3, 0x1
   17bda: 94 e5        	sd	a3, 0x8(a1)
   17bdc: 1c 67        	ld	a5, 0x8(a4)
   17bde: c1 05        	addi	a1, a1, 0x10
   17be0: 4e 85        	mv	a0, s3
   17be2: 93 e7 17 00  	ori	a5, a5, 0x1
   17be6: 1c e7        	sd	a5, 0x8(a4)
   17be8: ef b0 5f d1  	jal	0x138fc <_free_r>
   17bec: 4d bf        	j	0x17b9e <_realloc_r+0x14e>
   17bee: 71 9b        	andi	a4, a4, -0x4
   17bf0: b3 06 47 01  	add	a3, a4, s4
   17bf4: 13 86 04 02  	addi	a2, s1, 0x20
   17bf8: 63 de c6 18  	bge	a3, a2, 0x17d94 <_realloc_r+0x344>
   17bfc: 85 8b        	andi	a5, a5, 0x1
   17bfe: e3 9c 07 ee  	bnez	a5, 0x17af6 <_realloc_r+0xa6>
   17c02: 5e e4        	sd	s7, 0x8(sp)
   17c04: 83 3b 04 ff  	ld	s7, -0x10(s0)
   17c08: 5a e8        	sd	s6, 0x10(sp)
   17c0a: b3 8b 7a 41  	sub	s7, s5, s7
   17c0e: 83 b7 8b 00  	ld	a5, 0x8(s7)
   17c12: f1 9b        	andi	a5, a5, -0x4
   17c14: 3e 97        	add	a4, a4, a5
   17c16: 33 0b 47 01  	add	s6, a4, s4
   17c1a: e3 48 cb ec  	blt	s6, a2, 0x17aea <_realloc_r+0x9a>
   17c1e: 83 b7 8b 01  	ld	a5, 0x18(s7)
   17c22: 03 b7 0b 01  	ld	a4, 0x10(s7)
   17c26: 13 06 8a ff  	addi	a2, s4, -0x8
   17c2a: 93 06 80 04  	li	a3, 0x48
   17c2e: 1c ef        	sd	a5, 0x18(a4)
   17c30: 98 eb        	sd	a4, 0x10(a5)
   17c32: 13 89 0b 01  	addi	s2, s7, 0x10
   17c36: 63 ee c6 1c  	bltu	a3, a2, 0x17e12 <_realloc_r+0x3c2>
   17c3a: 13 07 70 02  	li	a4, 0x27
   17c3e: ca 87        	mv	a5, s2
   17c40: 63 7f c7 00  	bgeu	a4, a2, 0x17c5e <_realloc_r+0x20e>
   17c44: 18 60        	ld	a4, 0x0(s0)
   17c46: 93 07 70 03  	li	a5, 0x37
   17c4a: 23 b8 eb 00  	sd	a4, 0x10(s7)
   17c4e: 18 64        	ld	a4, 0x8(s0)
   17c50: 23 bc eb 00  	sd	a4, 0x18(s7)
   17c54: 63 e0 c7 1e  	bltu	a5, a2, 0x17e34 <_realloc_r+0x3e4>
   17c58: 41 04        	addi	s0, s0, 0x10
   17c5a: 93 87 0b 02  	addi	a5, s7, 0x20
   17c5e: 18 60        	ld	a4, 0x0(s0)
   17c60: 98 e3        	sd	a4, 0x0(a5)
   17c62: 18 64        	ld	a4, 0x8(s0)
   17c64: 98 e7        	sd	a4, 0x8(a5)
   17c66: 18 68        	ld	a4, 0x10(s0)
   17c68: 98 eb        	sd	a4, 0x10(a5)
   17c6a: 33 87 9b 00  	add	a4, s7, s1
   17c6e: b3 07 9b 40  	sub	a5, s6, s1
   17c72: 23 38 ec 00  	sd	a4, 0x10(s8)
   17c76: 93 e7 17 00  	ori	a5, a5, 0x1
   17c7a: 1c e7        	sd	a5, 0x8(a4)
   17c7c: 83 b7 8b 00  	ld	a5, 0x8(s7)
   17c80: 4e 85        	mv	a0, s3
   17c82: 85 8b        	andi	a5, a5, 0x1
   17c84: c5 8f        	or	a5, a5, s1
   17c86: 23 b4 fb 00  	sd	a5, 0x8(s7)
   17c8a: ef f0 ef 89  	jal	0x16d28 <__malloc_unlock>
   17c8e: 42 6b        	ld	s6, 0x10(sp)
   17c90: a2 6b        	ld	s7, 0x8(sp)
   17c92: 02 6c        	ld	s8, 0x0(sp)
   17c94: d9 b5        	j	0x17b5a <_realloc_r+0x10a>
   17c96: 14 60        	ld	a3, 0x0(s0)
   17c98: 13 07 70 03  	li	a4, 0x37
   17c9c: 14 e1        	sd	a3, 0x0(a0)
   17c9e: 14 64        	ld	a3, 0x8(s0)
   17ca0: 14 e5        	sd	a3, 0x8(a0)
   17ca2: 63 6e c7 0c  	bltu	a4, a2, 0x17d7e <_realloc_r+0x32e>
   17ca6: 13 07 04 01  	addi	a4, s0, 0x10
   17caa: 93 07 05 01  	addi	a5, a0, 0x10
   17cae: bd bd        	j	0x17b2c <_realloc_r+0xdc>
   17cb0: 83 37 85 ff  	ld	a5, -0x8(a0)
   17cb4: 02 6c        	ld	s8, 0x0(sp)
   17cb6: f1 9b        	andi	a5, a5, -0x4
   17cb8: 3e 9a        	add	s4, s4, a5
   17cba: c1 b5        	j	0x17b7a <_realloc_r+0x12a>
   17cbc: 03 b7 8b 01  	ld	a4, 0x18(s7)
   17cc0: 83 b6 0b 01  	ld	a3, 0x10(s7)
   17cc4: 13 06 8a ff  	addi	a2, s4, -0x8
   17cc8: 93 05 80 04  	li	a1, 0x48
   17ccc: 98 ee        	sd	a4, 0x18(a3)
   17cce: 14 eb        	sd	a3, 0x10(a4)
   17cd0: 13 89 0b 01  	addi	s2, s7, 0x10
   17cd4: 63 e0 c5 0a  	bltu	a1, a2, 0x17d74 <_realloc_r+0x324>
   17cd8: 93 06 70 02  	li	a3, 0x27
   17cdc: 4a 87        	mv	a4, s2
   17cde: 63 ff c6 00  	bgeu	a3, a2, 0x17cfc <_realloc_r+0x2ac>
   17ce2: 18 60        	ld	a4, 0x0(s0)
   17ce4: 93 07 70 03  	li	a5, 0x37
   17ce8: 23 b8 eb 00  	sd	a4, 0x10(s7)
   17cec: 18 64        	ld	a4, 0x8(s0)
   17cee: 23 bc eb 00  	sd	a4, 0x18(s7)
   17cf2: 63 e6 c7 0c  	bltu	a5, a2, 0x17dbe <_realloc_r+0x36e>
   17cf6: 41 04        	addi	s0, s0, 0x10
   17cf8: 13 87 0b 02  	addi	a4, s7, 0x20
   17cfc: 14 60        	ld	a3, 0x0(s0)
   17cfe: 14 e3        	sd	a3, 0x0(a4)
   17d00: 14 64        	ld	a3, 0x8(s0)
   17d02: 14 e7        	sd	a3, 0x8(a4)
   17d04: 14 68        	ld	a3, 0x10(s0)
   17d06: 14 eb        	sd	a3, 0x10(a4)
   17d08: 5a 8a        	mv	s4, s6
   17d0a: de 8a        	mv	s5, s7
   17d0c: 42 6b        	ld	s6, 0x10(sp)
   17d0e: a2 6b        	ld	s7, 0x8(sp)
   17d10: 02 6c        	ld	s8, 0x0(sp)
   17d12: 4a 84        	mv	s0, s2
   17d14: 9d b5        	j	0x17b7a <_realloc_r+0x12a>
   17d16: a2 85        	mv	a1, s0
   17d18: ef e0 3f f2  	jal	0x16c3a <memmove>
   17d1c: 31 bd        	j	0x17b38 <_realloc_r+0xe8>
   17d1e: 9c 6e        	ld	a5, 0x18(a3)
   17d20: 98 6a        	ld	a4, 0x10(a3)
   17d22: 13 06 8a ff  	addi	a2, s4, -0x8
   17d26: 93 06 80 04  	li	a3, 0x48
   17d2a: 1c ef        	sd	a5, 0x18(a4)
   17d2c: 98 eb        	sd	a4, 0x10(a5)
   17d2e: 03 b7 0b 01  	ld	a4, 0x10(s7)
   17d32: 83 b7 8b 01  	ld	a5, 0x18(s7)
   17d36: 13 89 0b 01  	addi	s2, s7, 0x10
   17d3a: 1c ef        	sd	a5, 0x18(a4)
   17d3c: 98 eb        	sd	a4, 0x10(a5)
   17d3e: 63 eb c6 02  	bltu	a3, a2, 0x17d74 <_realloc_r+0x324>
   17d42: 13 07 70 02  	li	a4, 0x27
   17d46: ca 87        	mv	a5, s2
   17d48: 63 7f c7 00  	bgeu	a4, a2, 0x17d66 <_realloc_r+0x316>
   17d4c: 18 60        	ld	a4, 0x0(s0)
   17d4e: 93 07 70 03  	li	a5, 0x37
   17d52: 23 b8 eb 00  	sd	a4, 0x10(s7)
   17d56: 18 64        	ld	a4, 0x8(s0)
   17d58: 23 bc eb 00  	sd	a4, 0x18(s7)
   17d5c: 63 ec c7 08  	bltu	a5, a2, 0x17df4 <_realloc_r+0x3a4>
   17d60: 41 04        	addi	s0, s0, 0x10
   17d62: 93 87 0b 02  	addi	a5, s7, 0x20
   17d66: 18 60        	ld	a4, 0x0(s0)
   17d68: 98 e3        	sd	a4, 0x0(a5)
   17d6a: 18 64        	ld	a4, 0x8(s0)
   17d6c: 98 e7        	sd	a4, 0x8(a5)
   17d6e: 18 68        	ld	a4, 0x10(s0)
   17d70: 98 eb        	sd	a4, 0x10(a5)
   17d72: 59 bf        	j	0x17d08 <_realloc_r+0x2b8>
   17d74: a2 85        	mv	a1, s0
   17d76: 4a 85        	mv	a0, s2
   17d78: ef e0 3f ec  	jal	0x16c3a <memmove>
   17d7c: 71 b7        	j	0x17d08 <_realloc_r+0x2b8>
   17d7e: 18 68        	ld	a4, 0x10(s0)
   17d80: 18 e9        	sd	a4, 0x10(a0)
   17d82: 18 6c        	ld	a4, 0x18(s0)
   17d84: 18 ed        	sd	a4, 0x18(a0)
   17d86: 63 0e f6 04  	beq	a2, a5, 0x17de2 <_realloc_r+0x392>
   17d8a: 13 07 04 02  	addi	a4, s0, 0x20
   17d8e: 93 07 05 02  	addi	a5, a0, 0x20
   17d92: 69 bb        	j	0x17b2c <_realloc_r+0xdc>
   17d94: a6 9a        	add	s5, s5, s1
   17d96: b3 87 96 40  	sub	a5, a3, s1
   17d9a: 23 38 5c 01  	sd	s5, 0x10(s8)
   17d9e: 93 e7 17 00  	ori	a5, a5, 0x1
   17da2: 23 b4 fa 00  	sd	a5, 0x8(s5)
   17da6: 83 37 84 ff  	ld	a5, -0x8(s0)
   17daa: 4e 85        	mv	a0, s3
   17dac: 22 89        	mv	s2, s0
   17dae: 85 8b        	andi	a5, a5, 0x1
   17db0: c5 8f        	or	a5, a5, s1
   17db2: 23 3c f4 fe  	sd	a5, -0x8(s0)
   17db6: ef e0 3f f7  	jal	0x16d28 <__malloc_unlock>
   17dba: 02 6c        	ld	s8, 0x0(sp)
   17dbc: 79 bb        	j	0x17b5a <_realloc_r+0x10a>
   17dbe: 1c 68        	ld	a5, 0x10(s0)
   17dc0: 23 b0 fb 02  	sd	a5, 0x20(s7)
   17dc4: 1c 6c        	ld	a5, 0x18(s0)
   17dc6: 23 b4 fb 02  	sd	a5, 0x28(s7)
   17dca: 63 09 b6 04  	beq	a2, a1, 0x17e1c <_realloc_r+0x3cc>
   17dce: 13 04 04 02  	addi	s0, s0, 0x20
   17dd2: 13 87 0b 03  	addi	a4, s7, 0x30
   17dd6: 1d b7        	j	0x17cfc <_realloc_r+0x2ac>
   17dd8: 4e 85        	mv	a0, s3
   17dda: ef e0 ff f4  	jal	0x16d28 <__malloc_unlock>
   17dde: 02 6c        	ld	s8, 0x0(sp)
   17de0: a5 bb        	j	0x17b58 <_realloc_r+0x108>
   17de2: 14 70        	ld	a3, 0x20(s0)
   17de4: 13 07 04 03  	addi	a4, s0, 0x30
   17de8: 93 07 05 03  	addi	a5, a0, 0x30
   17dec: 14 f1        	sd	a3, 0x20(a0)
   17dee: 14 74        	ld	a3, 0x28(s0)
   17df0: 14 f5        	sd	a3, 0x28(a0)
   17df2: 2d bb        	j	0x17b2c <_realloc_r+0xdc>
   17df4: 18 68        	ld	a4, 0x10(s0)
   17df6: 93 07 80 04  	li	a5, 0x48
   17dfa: 23 b0 eb 02  	sd	a4, 0x20(s7)
   17dfe: 18 6c        	ld	a4, 0x18(s0)
   17e00: 23 b4 eb 02  	sd	a4, 0x28(s7)
   17e04: 63 05 f6 04  	beq	a2, a5, 0x17e4e <_realloc_r+0x3fe>
   17e08: 13 04 04 02  	addi	s0, s0, 0x20
   17e0c: 93 87 0b 03  	addi	a5, s7, 0x30
   17e10: 99 bf        	j	0x17d66 <_realloc_r+0x316>
   17e12: a2 85        	mv	a1, s0
   17e14: 4a 85        	mv	a0, s2
   17e16: ef e0 5f e2  	jal	0x16c3a <memmove>
   17e1a: 81 bd        	j	0x17c6a <_realloc_r+0x21a>
   17e1c: 1c 70        	ld	a5, 0x20(s0)
   17e1e: 13 87 0b 04  	addi	a4, s7, 0x40
   17e22: 13 04 04 03  	addi	s0, s0, 0x30
   17e26: 23 b8 fb 02  	sd	a5, 0x30(s7)
   17e2a: 83 37 84 ff  	ld	a5, -0x8(s0)
   17e2e: 23 bc fb 02  	sd	a5, 0x38(s7)
   17e32: e9 b5        	j	0x17cfc <_realloc_r+0x2ac>
   17e34: 1c 68        	ld	a5, 0x10(s0)
   17e36: 23 b0 fb 02  	sd	a5, 0x20(s7)
   17e3a: 1c 6c        	ld	a5, 0x18(s0)
   17e3c: 23 b4 fb 02  	sd	a5, 0x28(s7)
   17e40: 63 03 d6 02  	beq	a2, a3, 0x17e66 <_realloc_r+0x416>
   17e44: 13 04 04 02  	addi	s0, s0, 0x20
   17e48: 93 87 0b 03  	addi	a5, s7, 0x30
   17e4c: 09 bd        	j	0x17c5e <_realloc_r+0x20e>
   17e4e: 18 70        	ld	a4, 0x20(s0)
   17e50: 93 87 0b 04  	addi	a5, s7, 0x40
   17e54: 13 04 04 03  	addi	s0, s0, 0x30
   17e58: 23 b8 eb 02  	sd	a4, 0x30(s7)
   17e5c: 03 37 84 ff  	ld	a4, -0x8(s0)
   17e60: 23 bc eb 02  	sd	a4, 0x38(s7)
   17e64: 09 b7        	j	0x17d66 <_realloc_r+0x316>
   17e66: 18 70        	ld	a4, 0x20(s0)
   17e68: 93 87 0b 04  	addi	a5, s7, 0x40
   17e6c: 13 04 04 03  	addi	s0, s0, 0x30
   17e70: 23 b8 eb 02  	sd	a4, 0x30(s7)
   17e74: 03 37 84 ff  	ld	a4, -0x8(s0)
   17e78: 23 bc eb 02  	sd	a4, 0x38(s7)
   17e7c: cd b3        	j	0x17c5e <_realloc_r+0x20e>

0000000000017e7e <frexp>:
   17e7e: d3 07 05 e2  	fmv.x.d	a5, fa0
   17e82: 37 06 00 80  	lui	a2, 0x80000
   17e86: 13 46 f6 ff  	not	a2, a2
   17e8a: 93 d6 07 42  	srai	a3, a5, 0x20
   17e8e: 23 20 05 00  	sw	zero, 0x0(a0)
   17e92: 33 f7 c6 00  	and	a4, a3, a2
   17e96: b7 05 f0 7f  	lui	a1, 0x7ff00
   17e9a: 63 7b b7 02  	bgeu	a4, a1, 0x17ed0 <frexp+0x52>
   17e9e: 33 68 f7 00  	or	a6, a4, a5
   17ea2: 01 28        	sext.w	a6, a6
   17ea4: 63 06 08 02  	beqz	a6, 0x17ed0 <frexp+0x52>
   17ea8: f5 8d        	and	a1, a1, a3
   17eaa: 95 c5        	beqz	a1, 0x17ed6 <frexp+0x58>
   17eac: 81 45        	li	a1, 0x0
   17eae: 37 06 10 80  	lui	a2, 0x80100
   17eb2: 7d 16        	addi	a2, a2, -0x1
   17eb4: f1 8e        	and	a3, a3, a2
   17eb6: 1b 57 47 41  	sraiw	a4, a4, 0x14
   17eba: 37 06 e0 3f  	lui	a2, 0x3fe00
   17ebe: 82 17        	slli	a5, a5, 0x20
   17ec0: 1b 07 27 c0  	addiw	a4, a4, -0x3fe
   17ec4: d1 8e        	or	a3, a3, a2
   17ec6: 81 93        	srli	a5, a5, 0x20
   17ec8: 2d 9f        	addw	a4, a4, a1
   17eca: 82 16        	slli	a3, a3, 0x20
   17ecc: 18 c1        	sw	a4, 0x0(a0)
   17ece: d5 8f        	or	a5, a5, a3
   17ed0: 53 85 07 f2  	fmv.d.x	fa0, a5
   17ed4: 82 80        	ret
   17ed6: 17 a7 00 00  	auipc	a4, 0xa
   17eda: 87 37 27 dd  	fld	fa5, -0x22e(a4)
   17ede: 93 05 a0 fc  	li	a1, -0x36
   17ee2: d3 77 f5 12  	fmul.d	fa5, fa0, fa5
   17ee6: d3 87 07 e2  	fmv.x.d	a5, fa5
   17eea: 93 d6 07 42  	srai	a3, a5, 0x20
   17eee: 33 f7 c6 00  	and	a4, a3, a2
   17ef2: 75 bf        	j	0x17eae <frexp+0x30>

0000000000017ef4 <_sbrk_r>:
   17ef4: 41 11        	addi	sp, sp, -0x10
   17ef6: 22 e0        	sd	s0, 0x0(sp)
   17ef8: 2a 84        	mv	s0, a0
   17efa: 2e 85        	mv	a0, a1
   17efc: 23 a8 01 78  	sw	zero, 0x790(gp)
   17f00: 06 e4        	sd	ra, 0x8(sp)
   17f02: ef 50 40 48  	jal	0x1d386 <_sbrk>
   17f06: fd 57        	li	a5, -0x1
   17f08: 63 06 f5 00  	beq	a0, a5, 0x17f14 <_sbrk_r+0x20>
   17f0c: a2 60        	ld	ra, 0x8(sp)
   17f0e: 02 64        	ld	s0, 0x0(sp)
   17f10: 41 01        	addi	sp, sp, 0x10
   17f12: 82 80        	ret
   17f14: 83 a7 01 79  	lw	a5, 0x790(gp)
   17f18: f5 db        	beqz	a5, 0x17f0c <_sbrk_r+0x18>
   17f1a: a2 60        	ld	ra, 0x8(sp)
   17f1c: 1c c0        	sw	a5, 0x0(s0)
   17f1e: 02 64        	ld	s0, 0x0(sp)
   17f20: 41 01        	addi	sp, sp, 0x10
   17f22: 82 80        	ret

0000000000017f24 <_sprintf_r>:
   17f24: 11 71        	addi	sp, sp, -0x100
   17f26: 13 0f 81 0d  	addi	t5, sp, 0xd8
   17f2a: 37 03 00 80  	lui	t1, 0x80000
   17f2e: c1 7e        	lui	t4, 0xffff0
   17f30: 2e 8e        	mv	t3, a1
   17f32: b6 ed        	sd	a3, 0xd8(sp)
   17f34: 7d 13        	addi	t1, t1, -0x1
   17f36: 93 8e 8e 20  	addi	t4, t4, 0x208
   17f3a: 2c 00        	addi	a1, sp, 0x8
   17f3c: fa 86        	mv	a3, t5
   17f3e: 86 e5        	sd	ra, 0xc8(sp)
   17f40: be f5        	sd	a5, 0xe8(sp)
   17f42: 72 e4        	sd	t3, 0x8(sp)
   17f44: 72 f0        	sd	t3, 0x20(sp)
   17f46: ba f1        	sd	a4, 0xe0(sp)
   17f48: c2 f9        	sd	a6, 0xf0(sp)
   17f4a: c6 fd        	sd	a7, 0xf8(sp)
   17f4c: 1a ca        	sw	t1, 0x14(sp)
   17f4e: 1a d4        	sw	t1, 0x28(sp)
   17f50: 76 cc        	sw	t4, 0x18(sp)
   17f52: 7a e0        	sd	t5, 0x0(sp)
   17f54: ef 00 a0 25  	jal	0x181ae <_svfprintf_r>
   17f58: a2 67        	ld	a5, 0x8(sp)
   17f5a: 23 80 07 00  	sb	zero, 0x0(a5)
   17f5e: ae 60        	ld	ra, 0xc8(sp)
   17f60: 11 61        	addi	sp, sp, 0x100
   17f62: 82 80        	ret

0000000000017f64 <sprintf>:
   17f64: 11 71        	addi	sp, sp, -0x100
   17f66: 2a 8e        	mv	t3, a0
   17f68: 03 b5 81 70  	ld	a0, 0x708(gp)
   17f6c: 13 0f 01 0d  	addi	t5, sp, 0xd0
   17f70: 37 03 00 80  	lui	t1, 0x80000
   17f74: c1 7e        	lui	t4, 0xffff0
   17f76: b2 e9        	sd	a2, 0xd0(sp)
   17f78: b6 ed        	sd	a3, 0xd8(sp)
   17f7a: 7d 13        	addi	t1, t1, -0x1
   17f7c: 2e 86        	mv	a2, a1
   17f7e: 93 8e 8e 20  	addi	t4, t4, 0x208
   17f82: 2c 00        	addi	a1, sp, 0x8
   17f84: fa 86        	mv	a3, t5
   17f86: 86 e5        	sd	ra, 0xc8(sp)
   17f88: be f5        	sd	a5, 0xe8(sp)
   17f8a: 72 e4        	sd	t3, 0x8(sp)
   17f8c: 72 f0        	sd	t3, 0x20(sp)
   17f8e: ba f1        	sd	a4, 0xe0(sp)
   17f90: c2 f9        	sd	a6, 0xf0(sp)
   17f92: c6 fd        	sd	a7, 0xf8(sp)
   17f94: 1a ca        	sw	t1, 0x14(sp)
   17f96: 1a d4        	sw	t1, 0x28(sp)
   17f98: 76 cc        	sw	t4, 0x18(sp)
   17f9a: 7a e0        	sd	t5, 0x0(sp)
   17f9c: ef 00 20 21  	jal	0x181ae <_svfprintf_r>
   17fa0: a2 67        	ld	a5, 0x8(sp)
   17fa2: 23 80 07 00  	sb	zero, 0x0(a5)
   17fa6: ae 60        	ld	ra, 0xc8(sp)
   17fa8: 11 61        	addi	sp, sp, 0x100
   17faa: 82 80        	ret

0000000000017fac <__sread>:
   17fac: 41 11        	addi	sp, sp, -0x10
   17fae: 22 e0        	sd	s0, 0x0(sp)
   17fb0: 2e 84        	mv	s0, a1
   17fb2: 83 95 25 01  	lh	a1, 0x12(a1)
   17fb6: 06 e4        	sd	ra, 0x8(sp)
   17fb8: ef 30 10 28  	jal	0x1ba38 <_read_r>
   17fbc: 63 49 05 00  	bltz	a0, 0x17fce <__sread+0x22>
   17fc0: 5c 68        	ld	a5, 0x90(s0)
   17fc2: a2 60        	ld	ra, 0x8(sp)
   17fc4: aa 97        	add	a5, a5, a0
   17fc6: 5c e8        	sd	a5, 0x90(s0)
   17fc8: 02 64        	ld	s0, 0x0(sp)
   17fca: 41 01        	addi	sp, sp, 0x10
   17fcc: 82 80        	ret
   17fce: 83 57 04 01  	lhu	a5, 0x10(s0)
   17fd2: 7d 77        	lui	a4, 0xfffff
   17fd4: 7d 17        	addi	a4, a4, -0x1
   17fd6: f9 8f        	and	a5, a5, a4
   17fd8: a2 60        	ld	ra, 0x8(sp)
   17fda: 23 18 f4 00  	sh	a5, 0x10(s0)
   17fde: 02 64        	ld	s0, 0x0(sp)
   17fe0: 41 01        	addi	sp, sp, 0x10
   17fe2: 82 80        	ret

0000000000017fe4 <__seofread>:
   17fe4: 01 45        	li	a0, 0x0
   17fe6: 82 80        	ret

0000000000017fe8 <__swrite>:
   17fe8: 83 97 05 01  	lh	a5, 0x10(a1)
   17fec: 79 71        	addi	sp, sp, -0x30
   17fee: 22 f0        	sd	s0, 0x20(sp)
   17ff0: 26 ec        	sd	s1, 0x18(sp)
   17ff2: 4a e8        	sd	s2, 0x10(sp)
   17ff4: 4e e4        	sd	s3, 0x8(sp)
   17ff6: 06 f4        	sd	ra, 0x28(sp)
   17ff8: 13 f7 07 10  	andi	a4, a5, 0x100
   17ffc: 2e 84        	mv	s0, a1
   17ffe: 32 89        	mv	s2, a2
   18000: b6 89        	mv	s3, a3
   18002: aa 84        	mv	s1, a0
   18004: 1d e3        	bnez	a4, 0x1802a <__swrite+0x42>
   18006: 7d 77        	lui	a4, 0xfffff
   18008: 7d 17        	addi	a4, a4, -0x1
   1800a: f9 8f        	and	a5, a5, a4
   1800c: 83 15 24 01  	lh	a1, 0x12(s0)
   18010: 23 18 f4 00  	sh	a5, 0x10(s0)
   18014: 02 74        	ld	s0, 0x20(sp)
   18016: a2 70        	ld	ra, 0x28(sp)
   18018: ce 86        	mv	a3, s3
   1801a: 4a 86        	mv	a2, s2
   1801c: a2 69        	ld	s3, 0x8(sp)
   1801e: 42 69        	ld	s2, 0x10(sp)
   18020: 26 85        	mv	a0, s1
   18022: e2 64        	ld	s1, 0x18(sp)
   18024: 45 61        	addi	sp, sp, 0x30
   18026: 6f 30 40 37  	j	0x1b39a <_write_r>
   1802a: 83 95 25 01  	lh	a1, 0x12(a1)
   1802e: 89 46        	li	a3, 0x2
   18030: 01 46        	li	a2, 0x0
   18032: ef 30 b0 18  	jal	0x1b9bc <_lseek_r>
   18036: 83 17 04 01  	lh	a5, 0x10(s0)
   1803a: f1 b7        	j	0x18006 <__swrite+0x1e>

000000000001803c <__sseek>:
   1803c: 41 11        	addi	sp, sp, -0x10
   1803e: 22 e0        	sd	s0, 0x0(sp)
   18040: 2e 84        	mv	s0, a1
   18042: 83 95 25 01  	lh	a1, 0x12(a1)
   18046: 06 e4        	sd	ra, 0x8(sp)
   18048: ef 30 50 17  	jal	0x1b9bc <_lseek_r>
   1804c: 7d 57        	li	a4, -0x1
   1804e: 83 17 04 01  	lh	a5, 0x10(s0)
   18052: 63 0b e5 00  	beq	a0, a4, 0x18068 <__sseek+0x2c>
   18056: 05 67        	lui	a4, 0x1
   18058: d9 8f        	or	a5, a5, a4
   1805a: a2 60        	ld	ra, 0x8(sp)
   1805c: 48 e8        	sd	a0, 0x90(s0)
   1805e: 23 18 f4 00  	sh	a5, 0x10(s0)
   18062: 02 64        	ld	s0, 0x0(sp)
   18064: 41 01        	addi	sp, sp, 0x10
   18066: 82 80        	ret
   18068: 7d 77        	lui	a4, 0xfffff
   1806a: 7d 17        	addi	a4, a4, -0x1
   1806c: f9 8f        	and	a5, a5, a4
   1806e: a2 60        	ld	ra, 0x8(sp)
   18070: 23 18 f4 00  	sh	a5, 0x10(s0)
   18074: 02 64        	ld	s0, 0x0(sp)
   18076: 41 01        	addi	sp, sp, 0x10
   18078: 82 80        	ret

000000000001807a <__sclose>:
   1807a: 83 95 25 01  	lh	a1, 0x12(a1)
   1807e: 6f 30 80 4c  	j	0x1b546 <_close_r>
   18082: 00 00        	unimp

0000000000018084 <strcpy>:
   18084: b3 67 b5 00  	or	a5, a0, a1
   18088: 9d 8b        	andi	a5, a5, 0x7
   1808a: d9 e3        	bnez	a5, 0x18110 <strcpy+0x8c>
   1808c: b7 87 7f 7f  	lui	a5, 0x7f7f8
   18090: 93 87 f7 f7  	addi	a5, a5, -0x81
   18094: 98 61        	ld	a4, 0x0(a1)
   18096: 93 96 07 02  	slli	a3, a5, 0x20
   1809a: be 96        	add	a3, a3, a5
   1809c: 33 78 d7 00  	and	a6, a4, a3
   180a0: 36 98        	add	a6, a6, a3
   180a2: 33 68 e8 00  	or	a6, a6, a4
   180a6: 33 68 d8 00  	or	a6, a6, a3
   180aa: fd 57        	li	a5, -0x1
   180ac: 2a 86        	mv	a2, a0
   180ae: 63 1d f8 00  	bne	a6, a5, 0x180c8 <strcpy+0x44>
   180b2: a1 05        	addi	a1, a1, 0x8
   180b4: 18 e2        	sd	a4, 0x0(a2)
   180b6: 98 61        	ld	a4, 0x0(a1)
   180b8: 21 06        	addi	a2, a2, 0x8
   180ba: b3 77 d7 00  	and	a5, a4, a3
   180be: b6 97        	add	a5, a5, a3
   180c0: d9 8f        	or	a5, a5, a4
   180c2: d5 8f        	or	a5, a5, a3
   180c4: e3 87 07 ff  	beq	a5, a6, 0x180b2 <strcpy+0x2e>
   180c8: 83 c7 05 00  	lbu	a5, 0x0(a1)
   180cc: 03 c7 15 00  	lbu	a4, 0x1(a1)
   180d0: 83 c6 25 00  	lbu	a3, 0x2(a1)
   180d4: 23 00 f6 00  	sb	a5, 0x0(a2)
   180d8: 9d cb        	beqz	a5, 0x1810e <strcpy+0x8a>
   180da: a3 00 e6 00  	sb	a4, 0x1(a2)
   180de: 05 cb        	beqz	a4, 0x1810e <strcpy+0x8a>
   180e0: 83 c7 35 00  	lbu	a5, 0x3(a1)
   180e4: 23 01 d6 00  	sb	a3, 0x2(a2)
   180e8: 9d c2        	beqz	a3, 0x1810e <strcpy+0x8a>
   180ea: 03 c7 45 00  	lbu	a4, 0x4(a1)
   180ee: a3 01 f6 00  	sb	a5, 0x3(a2)
   180f2: 91 cf        	beqz	a5, 0x1810e <strcpy+0x8a>
   180f4: 83 c7 55 00  	lbu	a5, 0x5(a1)
   180f8: 23 02 e6 00  	sb	a4, 0x4(a2)
   180fc: 09 cb        	beqz	a4, 0x1810e <strcpy+0x8a>
   180fe: 03 c7 65 00  	lbu	a4, 0x6(a1)
   18102: a3 02 f6 00  	sb	a5, 0x5(a2)
   18106: 81 c7        	beqz	a5, 0x1810e <strcpy+0x8a>
   18108: 23 03 e6 00  	sb	a4, 0x6(a2)
   1810c: 19 eb        	bnez	a4, 0x18122 <strcpy+0x9e>
   1810e: 82 80        	ret
   18110: aa 87        	mv	a5, a0
   18112: 03 c7 05 00  	lbu	a4, 0x0(a1)
   18116: 85 07        	addi	a5, a5, 0x1
   18118: 85 05        	addi	a1, a1, 0x1
   1811a: a3 8f e7 fe  	sb	a4, -0x1(a5)
   1811e: 75 fb        	bnez	a4, 0x18112 <strcpy+0x8e>
   18120: 82 80        	ret
   18122: a3 03 06 00  	sb	zero, 0x7(a2)
   18126: 82 80        	ret
   18128: 00 00        	unimp

000000000001812a <strncpy>:
   1812a: b3 e7 a5 00  	or	a5, a1, a0
   1812e: 9d 8b        	andi	a5, a5, 0x7
   18130: 81 e7        	bnez	a5, 0x18138 <strncpy+0xe>
   18132: 9d 48        	li	a7, 0x7
   18134: 63 ef c8 02  	bltu	a7, a2, 0x18172 <strncpy+0x48>
   18138: aa 87        	mv	a5, a0
   1813a: b3 88 c5 00  	add	a7, a1, a2
   1813e: 2e 87        	mv	a4, a1
   18140: 09 a8        	j	0x18152 <strncpy+0x28>
   18142: 83 46 07 00  	lbu	a3, 0x0(a4)
   18146: 13 08 17 00  	addi	a6, a4, 0x1
   1814a: a3 8f d7 fe  	sb	a3, -0x1(a5)
   1814e: 91 c6        	beqz	a3, 0x1815a <strncpy+0x30>
   18150: 42 87        	mv	a4, a6
   18152: 85 07        	addi	a5, a5, 0x1
   18154: e3 17 17 ff  	bne	a4, a7, 0x18142 <strncpy+0x18>
   18158: 82 80        	ret
   1815a: 7d 16        	addi	a2, a2, -0x1
   1815c: b2 95        	add	a1, a1, a2
   1815e: 99 8d        	sub	a1, a1, a4
   18160: 33 87 b7 00  	add	a4, a5, a1
   18164: a1 c5        	beqz	a1, 0x181ac <strncpy+0x82>
   18166: 85 07        	addi	a5, a5, 0x1
   18168: a3 8f 07 fe  	sb	zero, -0x1(a5)
   1816c: e3 9d e7 fe  	bne	a5, a4, 0x18166 <strncpy+0x3c>
   18170: 82 80        	ret
   18172: b7 07 ff fe  	lui	a5, 0xfeff0
   18176: 93 87 f7 ef  	addi	a5, a5, -0x101
   1817a: 17 ae 00 00  	auipc	t3, 0xa
   1817e: 03 3e 6e b1  	ld	t3, -0x4ea(t3)
   18182: 13 93 07 02  	slli	t1, a5, 0x20
   18186: 3e 93        	add	t1, t1, a5
   18188: aa 87        	mv	a5, a0
   1818a: 94 61        	ld	a3, 0x0(a1)
   1818c: 33 87 66 00  	add	a4, a3, t1
   18190: 13 c8 f6 ff  	not	a6, a3
   18194: 33 77 07 01  	and	a4, a4, a6
   18198: 33 77 c7 01  	and	a4, a4, t3
   1819c: 59 ff        	bnez	a4, 0x1813a <strncpy+0x10>
   1819e: 61 16        	addi	a2, a2, -0x8
   181a0: 94 e3        	sd	a3, 0x0(a5)
   181a2: a1 07        	addi	a5, a5, 0x8
   181a4: a1 05        	addi	a1, a1, 0x8
   181a6: e3 e2 c8 fe  	bltu	a7, a2, 0x1818a <strncpy+0x60>
   181aa: 41 bf        	j	0x1813a <strncpy+0x10>
   181ac: 82 80        	ret

00000000000181ae <_svfprintf_r>:
   181ae: 13 01 01 db  	addi	sp, sp, -0x250
   181b2: 23 34 11 24  	sd	ra, 0x248(sp)
   181b6: 23 30 81 24  	sd	s0, 0x240(sp)
   181ba: 23 30 81 21  	sd	s8, 0x200(sp)
   181be: 2e 84        	mv	s0, a1
   181c0: 2e e8        	sd	a1, 0x10(sp)
   181c2: 32 8c        	mv	s8, a2
   181c4: 36 f4        	sd	a3, 0x28(sp)
   181c6: 2a e4        	sd	a0, 0x8(sp)
   181c8: ef e0 6f 90  	jal	0x162ce <_localeconv_r>
   181cc: 1c 61        	ld	a5, 0x0(a0)
   181ce: 3e 85        	mv	a0, a5
   181d0: be ec        	sd	a5, 0x58(sp)
   181d2: ef 80 3f ab  	jal	0x10c84 <strlen>
   181d6: 03 57 04 01  	lhu	a4, 0x10(s0)
   181da: 82 e9        	sd	zero, 0xd0(sp)
   181dc: 82 ed        	sd	zero, 0xd8(sp)
   181de: 13 77 07 08  	andi	a4, a4, 0x80
   181e2: aa e8        	sd	a0, 0x50(sp)
   181e4: 09 c7        	beqz	a4, 0x181ee <_svfprintf_r+0x40>
   181e6: 18 6c        	ld	a4, 0x18(s0)
   181e8: 19 e3        	bnez	a4, 0x181ee <_svfprintf_r+0x40>
   181ea: 6f 00 b0 7a  	j	0x19194 <_svfprintf_r+0xfe6>
   181ee: 23 3c 91 22  	sd	s1, 0x238(sp)
   181f2: 23 38 21 23  	sd	s2, 0x230(sp)
   181f6: 23 34 31 23  	sd	s3, 0x228(sp)
   181fa: 23 30 41 23  	sd	s4, 0x220(sp)
   181fe: 23 3c 51 21  	sd	s5, 0x218(sp)
   18202: 23 38 61 21  	sd	s6, 0x210(sp)
   18206: 23 34 71 21  	sd	s7, 0x208(sp)
   1820a: e6 ff        	sd	s9, 0x1f8(sp)
   1820c: ea fb        	sd	s10, 0x1f0(sp)
   1820e: ee f7        	sd	s11, 0x1e8(sp)
   18210: e2 8b        	mv	s7, s8
   18212: 03 c7 0b 00  	lbu	a4, 0x0(s7)
   18216: 93 09 01 16  	addi	s3, sp, 0x160
   1821a: 82 f9        	sd	zero, 0xf0(sp)
   1821c: 82 d5        	sw	zero, 0xe8(sp)
   1821e: ce f1        	sd	s3, 0xe0(sp)
   18220: 02 fc        	sd	zero, 0x38(sp)
   18222: 82 f0        	sd	zero, 0x60(sp)
   18224: 82 f8        	sd	zero, 0x70(sp)
   18226: 82 fc        	sd	zero, 0x78(sp)
   18228: 82 f4        	sd	zero, 0x68(sp)
   1822a: 02 ec        	sd	zero, 0x18(sp)
   1822c: 13 04 50 02  	li	s0, 0x25
   18230: c1 44        	li	s1, 0x10
   18232: 4e 89        	mv	s2, s3
   18234: 63 08 07 18  	beqz	a4, 0x183c4 <_svfprintf_r+0x216>
   18238: de 8a        	mv	s5, s7
   1823a: 63 02 87 1e  	beq	a4, s0, 0x1841e <_svfprintf_r+0x270>
   1823e: 03 c7 1a 00  	lbu	a4, 0x1(s5)
   18242: 85 0a        	addi	s5, s5, 0x1
   18244: 7d fb        	bnez	a4, 0x1823a <_svfprintf_r+0x8c>
   18246: 3b 8a 7a 41  	subw	s4, s5, s7
   1824a: 63 0d 0a 16  	beqz	s4, 0x183c4 <_svfprintf_r+0x216>
   1824e: ce 76        	ld	a3, 0xf0(sp)
   18250: 2e 57        	lw	a4, 0xe8(sp)
   18252: 23 30 79 01  	sd	s7, 0x0(s2)
   18256: d2 96        	add	a3, a3, s4
   18258: 05 27        	addiw	a4, a4, 0x1
   1825a: 23 34 49 01  	sd	s4, 0x8(s2)
   1825e: b6 f9        	sd	a3, 0xf0(sp)
   18260: ba d5        	sw	a4, 0xe8(sp)
   18262: 9d 46        	li	a3, 0x7
   18264: 41 09        	addi	s2, s2, 0x10
   18266: 63 c3 e6 1c  	blt	a3, a4, 0x1842c <_svfprintf_r+0x27e>
   1826a: e2 67        	ld	a5, 0x18(sp)
   1826c: 03 c7 0a 00  	lbu	a4, 0x0(s5)
   18270: bb 87 47 01  	addw	a5, a5, s4
   18274: 3e ec        	sd	a5, 0x18(sp)
   18276: 63 07 07 14  	beqz	a4, 0x183c4 <_svfprintf_r+0x216>
   1827a: 7d 53        	li	t1, -0x1
   1827c: 03 ce 1a 00  	lbu	t3, 0x1(s5)
   18280: a3 07 01 0a  	sb	zero, 0xaf(sp)
   18284: 85 0a        	addi	s5, s5, 0x1
   18286: 81 4c        	li	s9, 0x0
   18288: 01 4b        	li	s6, 0x0
   1828a: 13 0a a0 05  	li	s4, 0x5a
   1828e: 1a 8c        	mv	s8, t1
   18290: 85 0a        	addi	s5, s5, 0x1
   18292: 9b 07 0e fe  	addiw	a5, t3, -0x20
   18296: 63 67 fa 04  	bltu	s4, a5, 0x182e4 <_svfprintf_r+0x136>
   1829a: 13 97 07 02  	slli	a4, a5, 0x20
   1829e: 93 57 e7 01  	srli	a5, a4, 0x1e
   182a2: 17 77 00 00  	auipc	a4, 0x7
   182a6: 13 07 e7 0c  	addi	a4, a4, 0xce
   182aa: ba 97        	add	a5, a5, a4
   182ac: 9c 43        	lw	a5, 0x0(a5)
   182ae: ba 97        	add	a5, a5, a4
   182b0: 82 87        	jr	a5
   182b2: 81 4c        	li	s9, 0x0
   182b4: a5 46        	li	a3, 0x9
   182b6: 03 c7 0a 00  	lbu	a4, 0x0(s5)
   182ba: 9b 97 2c 00  	slliw	a5, s9, 0x2
   182be: bb 8c 97 01  	addw	s9, a5, s9
   182c2: 1b 0e 0e fd  	addiw	t3, t3, -0x30
   182c6: 9b 9c 1c 00  	slliw	s9, s9, 0x1
   182ca: 9b 07 07 fd  	addiw	a5, a4, -0x30
   182ce: 85 0a        	addi	s5, s5, 0x1
   182d0: bb 0c 9e 01  	addw	s9, t3, s9
   182d4: 1b 0e 07 00  	sext.w	t3, a4
   182d8: e3 ff f6 fc  	bgeu	a3, a5, 0x182b6 <_svfprintf_r+0x108>
   182dc: 9b 07 0e fe  	addiw	a5, t3, -0x20
   182e0: e3 7d fa fa  	bgeu	s4, a5, 0x1829a <_svfprintf_r+0xec>
   182e4: 63 00 0e 0e  	beqz	t3, 0x183c4 <_svfprintf_r+0x216>
   182e8: 05 4c        	li	s8, 0x1
   182ea: 23 0c c1 0f  	sb	t3, 0xf8(sp)
   182ee: a3 07 01 0a  	sb	zero, 0xaf(sp)
   182f2: e2 8d        	mv	s11, s8
   182f4: 02 f0        	sd	zero, 0x20(sp)
   182f6: 01 43        	li	t1, 0x0
   182f8: 82 e4        	sd	zero, 0x48(sp)
   182fa: 82 e0        	sd	zero, 0x40(sp)
   182fc: 02 f8        	sd	zero, 0x30(sp)
   182fe: 93 0b 81 0f  	addi	s7, sp, 0xf8
   18302: 4e 7a        	ld	s4, 0xf0(sp)
   18304: 13 7d 4b 08  	andi	s10, s6, 0x84
   18308: 52 86        	mv	a2, s4
   1830a: 63 03 0d 32  	beqz	s10, 0x18630 <_svfprintf_r+0x482>
   1830e: 03 47 f1 0a  	lbu	a4, 0xaf(sp)
   18312: 31 c3        	beqz	a4, 0x18356 <_svfprintf_r+0x1a8>
   18314: ae 55        	lw	a1, 0xe8(sp)
   18316: 01 47        	li	a4, 0x0
   18318: 85 46        	li	a3, 0x1
   1831a: 05 0a        	addi	s4, s4, 0x1
   1831c: 85 25        	addiw	a1, a1, 0x1
   1831e: 13 06 f1 0a  	addi	a2, sp, 0xaf
   18322: 23 34 d9 00  	sd	a3, 0x8(s2)
   18326: 23 30 c9 00  	sd	a2, 0x0(s2)
   1832a: d2 f9        	sd	s4, 0xf0(sp)
   1832c: ae d5        	sw	a1, 0xe8(sp)
   1832e: 9d 46        	li	a3, 0x7
   18330: 41 09        	addi	s2, s2, 0x10
   18332: 63 cb b6 1a  	blt	a3, a1, 0x184e8 <_svfprintf_r+0x33a>
   18336: 05 c3        	beqz	a4, 0x18356 <_svfprintf_r+0x1a8>
   18338: ae 55        	lw	a1, 0xe8(sp)
   1833a: 09 47        	li	a4, 0x2
   1833c: 09 0a        	addi	s4, s4, 0x2
   1833e: 85 25        	addiw	a1, a1, 0x1
   18340: 14 19        	addi	a3, sp, 0xb0
   18342: 23 34 e9 00  	sd	a4, 0x8(s2)
   18346: 23 30 d9 00  	sd	a3, 0x0(s2)
   1834a: d2 f9        	sd	s4, 0xf0(sp)
   1834c: ae d5        	sw	a1, 0xe8(sp)
   1834e: 1d 47        	li	a4, 0x7
   18350: 41 09        	addi	s2, s2, 0x10
   18352: e3 4d b7 14  	blt	a4, a1, 0x18cac <_svfprintf_r+0xafe>
   18356: 13 07 00 08  	li	a4, 0x80
   1835a: e3 05 ed 08  	beq	s10, a4, 0x18be4 <_svfprintf_r+0xa36>
   1835e: 3b 03 83 41  	subw	t1, t1, s8
   18362: 63 43 60 2e  	bgtz	t1, 0x18648 <_svfprintf_r+0x49a>
   18366: 13 77 0b 10  	andi	a4, s6, 0x100
   1836a: 63 1c 07 36  	bnez	a4, 0x186e2 <_svfprintf_r+0x534>
   1836e: 2e 57        	lw	a4, 0xe8(sp)
   18370: 62 9a        	add	s4, s4, s8
   18372: d2 f9        	sd	s4, 0xf0(sp)
   18374: 05 27        	addiw	a4, a4, 0x1
   18376: 23 30 79 01  	sd	s7, 0x0(s2)
   1837a: 23 34 89 01  	sd	s8, 0x8(s2)
   1837e: ba d5        	sw	a4, 0xe8(sp)
   18380: 9d 47        	li	a5, 0x7
   18382: 63 cf e7 20  	blt	a5, a4, 0x185a0 <_svfprintf_r+0x3f2>
   18386: 41 09        	addi	s2, s2, 0x10
   18388: 13 7f 4b 00  	andi	t5, s6, 0x4
   1838c: 63 06 0f 00  	beqz	t5, 0x18398 <_svfprintf_r+0x1ea>
   18390: 3b 8c bc 41  	subw	s8, s9, s11
   18394: e3 4a 80 13  	bgtz	s8, 0x18cc8 <_svfprintf_r+0xb1a>
   18398: e6 87        	mv	a5, s9
   1839a: 63 d3 bc 01  	bge	s9, s11, 0x183a0 <_svfprintf_r+0x1f2>
   1839e: ee 87        	mv	a5, s11
   183a0: 62 67        	ld	a4, 0x18(sp)
   183a2: b9 9f        	addw	a5, a5, a4
   183a4: 3e ec        	sd	a5, 0x18(sp)
   183a6: e3 13 0a 0e  	bnez	s4, 0x18c8c <_svfprintf_r+0xade>
   183aa: 82 77        	ld	a5, 0x20(sp)
   183ac: 82 d5        	sw	zero, 0xe8(sp)
   183ae: 89 c7        	beqz	a5, 0x183b8 <_svfprintf_r+0x20a>
   183b0: 82 75        	ld	a1, 0x20(sp)
   183b2: 22 65        	ld	a0, 0x8(sp)
   183b4: ef b0 8f d4  	jal	0x138fc <_free_r>
   183b8: 4e 89        	mv	s2, s3
   183ba: d6 8b        	mv	s7, s5
   183bc: 03 c7 0b 00  	lbu	a4, 0x0(s7)
   183c0: e3 1c 07 e6  	bnez	a4, 0x18238 <_svfprintf_r+0x8a>
   183c4: ce 77        	ld	a5, 0xf0(sp)
   183c6: 99 c3        	beqz	a5, 0x183cc <_svfprintf_r+0x21e>
   183c8: 6f 10 c0 7c  	j	0x19b94 <_svfprintf_r+0x19e6>
   183cc: c2 67        	ld	a5, 0x10(sp)
   183ce: 83 34 81 23  	ld	s1, 0x238(sp)
   183d2: 03 39 01 23  	ld	s2, 0x230(sp)
   183d6: 83 d7 07 01  	lhu	a5, 0x10(a5)
   183da: 83 39 81 22  	ld	s3, 0x228(sp)
   183de: 03 3a 01 22  	ld	s4, 0x220(sp)
   183e2: 93 f7 07 04  	andi	a5, a5, 0x40
   183e6: 83 3a 81 21  	ld	s5, 0x218(sp)
   183ea: 03 3b 01 21  	ld	s6, 0x210(sp)
   183ee: 83 3b 81 20  	ld	s7, 0x208(sp)
   183f2: fe 7c        	ld	s9, 0x1f8(sp)
   183f4: 5e 7d        	ld	s10, 0x1f0(sp)
   183f6: be 7d        	ld	s11, 0x1e8(sp)
   183f8: 99 c3        	beqz	a5, 0x183fe <_svfprintf_r+0x250>
   183fa: 6f 10 b0 5f  	j	0x1a1f4 <_svfprintf_r+0x2046>
   183fe: 83 30 81 24  	ld	ra, 0x248(sp)
   18402: 03 34 01 24  	ld	s0, 0x240(sp)
   18406: 62 65        	ld	a0, 0x18(sp)
   18408: 03 3c 01 20  	ld	s8, 0x200(sp)
   1840c: 13 01 01 25  	addi	sp, sp, 0x250
   18410: 82 80        	ret
   18412: 13 6b 0b 01  	ori	s6, s6, 0x10
   18416: 03 ce 0a 00  	lbu	t3, 0x0(s5)
   1841a: 01 2b        	sext.w	s6, s6
   1841c: 95 bd        	j	0x18290 <_svfprintf_r+0xe2>
   1841e: 3b 8a 7a 41  	subw	s4, s5, s7
   18422: e3 16 0a e2  	bnez	s4, 0x1824e <_svfprintf_r+0xa0>
   18426: 03 c7 0a 00  	lbu	a4, 0x0(s5)
   1842a: b1 b5        	j	0x18276 <_svfprintf_r+0xc8>
   1842c: c2 65        	ld	a1, 0x10(sp)
   1842e: 22 65        	ld	a0, 0x8(sp)
   18430: 90 11        	addi	a2, sp, 0xe0
   18432: ef 30 90 03  	jal	0x1bc6a <__ssprint_r>
   18436: 59 f9        	bnez	a0, 0x183cc <_svfprintf_r+0x21e>
   18438: 4e 89        	mv	s2, s3
   1843a: 05 bd        	j	0x1826a <_svfprintf_r+0xbc>
   1843c: 13 77 8b 00  	andi	a4, s6, 0x8
   18440: 62 83        	mv	t1, s8
   18442: e3 16 07 3c  	bnez	a4, 0x1900e <_svfprintf_r+0xe60>
   18446: a2 77        	ld	a5, 0x28(sp)
   18448: 72 f0        	sd	t3, 0x20(sp)
   1844a: 62 f8        	sd	s8, 0x30(sp)
   1844c: 88 23        	fld	fa0, 0x0(a5)
   1844e: 13 8d 87 00  	addi	s10, a5, 0x8
   18452: ef 60 60 11  	jal	0x1e568 <__extenddftf2>
   18456: 42 73        	ld	t1, 0x30(sp)
   18458: 02 7e        	ld	t3, 0x20(sp)
   1845a: 6a f4        	sd	s10, 0x28(sp)
   1845c: 2a 87        	mv	a4, a0
   1845e: 88 09        	addi	a0, sp, 0xd0
   18460: 1a f8        	sd	t1, 0x30(sp)
   18462: 72 f0        	sd	t3, 0x20(sp)
   18464: ba e9        	sd	a4, 0xd0(sp)
   18466: ae ed        	sd	a1, 0xd8(sp)
   18468: ef d0 ff e1  	jal	0x16286 <_ldcheck>
   1846c: 2a dd        	sw	a0, 0xb8(sp)
   1846e: 09 47        	li	a4, 0x2
   18470: 02 7e        	ld	t3, 0x20(sp)
   18472: 42 73        	ld	t1, 0x30(sp)
   18474: 63 14 e5 00  	bne	a0, a4, 0x1847c <_svfprintf_r+0x2ce>
   18478: 6f 10 80 12  	j	0x195a0 <_svfprintf_r+0x13f2>
   1847c: 85 46        	li	a3, 0x1
   1847e: 63 14 d5 00  	bne	a0, a3, 0x18486 <_svfprintf_r+0x2d8>
   18482: 6f 10 a0 53  	j	0x199bc <_svfprintf_r+0x180e>
   18486: 13 07 10 06  	li	a4, 0x61
   1848a: 63 14 ee 00  	bne	t3, a4, 0x18492 <_svfprintf_r+0x2e4>
   1848e: 6f 10 c0 28  	j	0x1971a <_svfprintf_r+0x156c>
   18492: 13 07 10 04  	li	a4, 0x41
   18496: 93 07 80 05  	li	a5, 0x58
   1849a: 63 14 ee 00  	bne	t3, a4, 0x184a2 <_svfprintf_r+0x2f4>
   1849e: 6f 10 00 28  	j	0x1971e <_svfprintf_r+0x1570>
   184a2: 7d 57        	li	a4, -0x1
   184a4: 63 14 e3 00  	bne	t1, a4, 0x184ac <_svfprintf_r+0x2fe>
   184a8: 6f 10 a0 74  	j	0x19bf2 <_svfprintf_r+0x1a44>
   184ac: ce 67        	ld	a5, 0xd0(sp)
   184ae: 13 6c 0b 10  	ori	s8, s6, 0x100
   184b2: 13 06 70 06  	li	a2, 0x67
   184b6: 6e 6a        	ld	s4, 0xd8(sp)
   184b8: 01 2c        	sext.w	s8, s8
   184ba: be 8d        	mv	s11, a5
   184bc: 63 14 ce 00  	bne	t3, a2, 0x184c4 <_svfprintf_r+0x316>
   184c0: 6f 10 90 41  	j	0x1a0d8 <_svfprintf_r+0x1f2a>
   184c4: 13 06 70 04  	li	a2, 0x47
   184c8: 63 14 ce 00  	bne	t3, a2, 0x184d0 <_svfprintf_r+0x322>
   184cc: 6f 10 90 2e  	j	0x19fb4 <_svfprintf_r+0x1e06>
   184d0: da e0        	sd	s6, 0x40(sp)
   184d2: 63 54 0a 00  	bgez	s4, 0x184da <_svfprintf_r+0x32c>
   184d6: 6f 10 50 48  	j	0x1a15a <_svfprintf_r+0x1fac>
   184da: 9b 06 fe fb  	addiw	a3, t3, -0x41
   184de: 62 8b        	mv	s6, s8
   184e0: 02 f0        	sd	zero, 0x20(sp)
   184e2: 02 e1        	sd	zero, 0x80(sp)
   184e4: 6f 10 40 27  	j	0x19758 <_svfprintf_r+0x15aa>
   184e8: c2 65        	ld	a1, 0x10(sp)
   184ea: 22 65        	ld	a0, 0x8(sp)
   184ec: 90 11        	addi	a2, sp, 0xe0
   184ee: 1a e9        	sd	t1, 0x90(sp)
   184f0: 72 e5        	sd	t3, 0x88(sp)
   184f2: 3a e1        	sd	a4, 0x80(sp)
   184f4: ef 30 60 77  	jal	0x1bc6a <__ssprint_r>
   184f8: 63 11 05 7a  	bnez	a0, 0x18c9a <_svfprintf_r+0xaec>
   184fc: 4e 7a        	ld	s4, 0xf0(sp)
   184fe: 4a 63        	ld	t1, 0x90(sp)
   18500: 2a 6e        	ld	t3, 0x88(sp)
   18502: 0a 67        	ld	a4, 0x80(sp)
   18504: 4e 89        	mv	s2, s3
   18506: 05 bd        	j	0x18336 <_svfprintf_r+0x188>
   18508: 2e 5c        	lw	s8, 0xe8(sp)
   1850a: e2 77        	ld	a5, 0x38(sp)
   1850c: 85 46        	li	a3, 0x1
   1850e: 05 2c        	addiw	s8, s8, 0x1
   18510: 36 9a        	add	s4, s4, a3
   18512: 62 87        	mv	a4, s8
   18514: 93 08 09 01  	addi	a7, s2, 0x10
   18518: e3 de f6 1e  	bge	a3, a5, 0x18f14 <_svfprintf_r+0xd66>
   1851c: 85 46        	li	a3, 0x1
   1851e: 23 34 d9 00  	sd	a3, 0x8(s2)
   18522: 23 30 79 01  	sd	s7, 0x0(s2)
   18526: d2 f9        	sd	s4, 0xf0(sp)
   18528: ba d5        	sw	a4, 0xe8(sp)
   1852a: 9d 46        	li	a3, 0x7
   1852c: e3 ca e6 26  	blt	a3, a4, 0x18fa0 <_svfprintf_r+0xdf2>
   18530: c6 67        	ld	a5, 0x50(sp)
   18532: 66 67        	ld	a4, 0x58(sp)
   18534: 05 2c        	addiw	s8, s8, 0x1
   18536: 3e 9a        	add	s4, s4, a5
   18538: 23 b0 e8 00  	sd	a4, 0x0(a7)
   1853c: 23 b4 f8 00  	sd	a5, 0x8(a7)
   18540: d2 f9        	sd	s4, 0xf0(sp)
   18542: e2 d5        	sw	s8, 0xe8(sp)
   18544: 1d 47        	li	a4, 0x7
   18546: c1 08        	addi	a7, a7, 0x10
   18548: e3 48 87 27  	blt	a4, s8, 0x18fb8 <_svfprintf_r+0xe0a>
   1854c: e2 77        	ld	a5, 0x38(sp)
   1854e: 4e 65        	ld	a0, 0xd0(sp)
   18550: ee 65        	ld	a1, 0xd8(sp)
   18552: 01 46        	li	a2, 0x0
   18554: 81 46        	li	a3, 0x0
   18556: 46 f8        	sd	a7, 0x30(sp)
   18558: 1b 89 f7 ff  	addiw	s2, a5, -0x1
   1855c: ef 40 70 72  	jal	0x1d482 <__netf2>
   18560: c2 78        	ld	a7, 0x30(sp)
   18562: e3 02 05 1e  	beqz	a0, 0x18f46 <_svfprintf_r+0xd98>
   18566: 93 87 1b 00  	addi	a5, s7, 0x1
   1856a: 05 2c        	addiw	s8, s8, 0x1
   1856c: 4a 9a        	add	s4, s4, s2
   1856e: 23 b0 f8 00  	sd	a5, 0x0(a7)
   18572: e2 d5        	sw	s8, 0xe8(sp)
   18574: d2 f9        	sd	s4, 0xf0(sp)
   18576: 23 b4 28 01  	sd	s2, 0x8(a7)
   1857a: 9d 47        	li	a5, 0x7
   1857c: e3 c9 87 1b  	blt	a5, s8, 0x18f2e <_svfprintf_r+0xd80>
   18580: c1 08        	addi	a7, a7, 0x10
   18582: 06 77        	ld	a4, 0x60(sp)
   18584: 9c 01        	addi	a5, sp, 0xc0
   18586: 05 2c        	addiw	s8, s8, 0x1
   18588: 3a 9a        	add	s4, s4, a4
   1858a: 23 b0 f8 00  	sd	a5, 0x0(a7)
   1858e: d2 f9        	sd	s4, 0xf0(sp)
   18590: e2 d5        	sw	s8, 0xe8(sp)
   18592: 23 b4 e8 00  	sd	a4, 0x8(a7)
   18596: 9d 47        	li	a5, 0x7
   18598: 13 89 08 01  	addi	s2, a7, 0x10
   1859c: e3 d6 87 df  	bge	a5, s8, 0x18388 <_svfprintf_r+0x1da>
   185a0: c2 65        	ld	a1, 0x10(sp)
   185a2: 22 65        	ld	a0, 0x8(sp)
   185a4: 90 11        	addi	a2, sp, 0xe0
   185a6: ef 30 40 6c  	jal	0x1bc6a <__ssprint_r>
   185aa: 63 18 05 6e  	bnez	a0, 0x18c9a <_svfprintf_r+0xaec>
   185ae: 4e 7a        	ld	s4, 0xf0(sp)
   185b0: 4e 89        	mv	s2, s3
   185b2: d9 bb        	j	0x18388 <_svfprintf_r+0x1da>
   185b4: 22 77        	ld	a4, 0x28(sp)
   185b6: 05 4c        	li	s8, 0x1
   185b8: a3 07 01 0a  	sb	zero, 0xaf(sp)
   185bc: 1c 43        	lw	a5, 0x0(a4)
   185be: 23 0c f1 0e  	sb	a5, 0xf8(sp)
   185c2: 93 07 87 00  	addi	a5, a4, 0x8
   185c6: 3e f4        	sd	a5, 0x28(sp)
   185c8: 2d b3        	j	0x182f2 <_svfprintf_r+0x144>
   185ca: a2 77        	ld	a5, 0x28(sp)
   185cc: a3 07 01 0a  	sb	zero, 0xaf(sp)
   185d0: 83 bb 07 00  	ld	s7, 0x0(a5)
   185d4: 13 8d 87 00  	addi	s10, a5, 0x8
   185d8: 63 94 0b 00  	bnez	s7, 0x185e0 <_svfprintf_r+0x432>
   185dc: 6f 10 20 02  	j	0x195fe <_svfprintf_r+0x1450>
   185e0: e3 4a 0c 44  	bltz	s8, 0x19234 <_svfprintf_r+0x1086>
   185e4: 62 86        	mv	a2, s8
   185e6: 81 45        	li	a1, 0x0
   185e8: 5e 85        	mv	a0, s7
   185ea: 72 f8        	sd	t3, 0x30(sp)
   185ec: 62 f4        	sd	s8, 0x28(sp)
   185ee: ef e0 cf ce  	jal	0x16ada <memchr>
   185f2: 2a f0        	sd	a0, 0x20(sp)
   185f4: 03 47 f1 0a  	lbu	a4, 0xaf(sp)
   185f8: 22 73        	ld	t1, 0x28(sp)
   185fa: 42 7e        	ld	t3, 0x30(sp)
   185fc: 19 e1        	bnez	a0, 0x18602 <_svfprintf_r+0x454>
   185fe: 6f 10 b0 10  	j	0x19f08 <_svfprintf_r+0x1d5a>
   18602: 3b 0c 75 41  	subw	s8, a0, s7
   18606: e2 86        	mv	a3, s8
   18608: 63 54 0c 00  	bgez	s8, 0x18610 <_svfprintf_r+0x462>
   1860c: 6f 10 20 55  	j	0x19b5e <_svfprintf_r+0x19b0>
   18610: b6 8d        	mv	s11, a3
   18612: 19 c3        	beqz	a4, 0x18618 <_svfprintf_r+0x46a>
   18614: 6f 10 60 4b  	j	0x19aca <_svfprintf_r+0x191c>
   18618: 6a f4        	sd	s10, 0x28(sp)
   1861a: 4e 7a        	ld	s4, 0xf0(sp)
   1861c: 02 f0        	sd	zero, 0x20(sp)
   1861e: 82 e4        	sd	zero, 0x48(sp)
   18620: 82 e0        	sd	zero, 0x40(sp)
   18622: 02 f8        	sd	zero, 0x30(sp)
   18624: 13 7d 4b 08  	andi	s10, s6, 0x84
   18628: 01 43        	li	t1, 0x0
   1862a: 52 86        	mv	a2, s4
   1862c: e3 11 0d ce  	bnez	s10, 0x1830e <_svfprintf_r+0x160>
   18630: 3b 87 bc 41  	subw	a4, s9, s11
   18634: e3 46 e0 04  	bgtz	a4, 0x18e80 <_svfprintf_r+0xcd2>
   18638: 03 47 f1 0a  	lbu	a4, 0xaf(sp)
   1863c: e3 1c 07 cc  	bnez	a4, 0x18314 <_svfprintf_r+0x166>
   18640: 3b 03 83 41  	subw	t1, t1, s8
   18644: e3 51 60 d2  	blez	t1, 0x18366 <_svfprintf_r+0x1b8>
   18648: 2e 56        	lw	a2, 0xe8(sp)
   1864a: 17 7d 00 00  	auipc	s10, 0x7
   1864e: 13 0d 6d e9  	addi	s10, s10, -0x16a
   18652: 63 dd 64 04  	bge	s1, t1, 0x186ac <_svfprintf_r+0x4fe>
   18656: ca 87        	mv	a5, s2
   18658: 52 87        	mv	a4, s4
   1865a: 9d 46        	li	a3, 0x7
   1865c: 6a 8a        	mv	s4, s10
   1865e: 1a 89        	mv	s2, t1
   18660: 5e 8d        	mv	s10, s7
   18662: da 8b        	mv	s7, s6
   18664: 72 8b        	mv	s6, t3
   18666: 21 a0        	j	0x1866e <_svfprintf_r+0x4c0>
   18668: 41 39        	addiw	s2, s2, -0x10
   1866a: 63 da 24 03  	bge	s1, s2, 0x1869e <_svfprintf_r+0x4f0>
   1866e: 41 07        	addi	a4, a4, 0x10
   18670: 05 26        	addiw	a2, a2, 0x1
   18672: 23 b0 47 01  	sd	s4, 0x0(a5)
   18676: 84 e7        	sd	s1, 0x8(a5)
   18678: ba f9        	sd	a4, 0xf0(sp)
   1867a: b2 d5        	sw	a2, 0xe8(sp)
   1867c: c1 07        	addi	a5, a5, 0x10
   1867e: e3 d5 c6 fe  	bge	a3, a2, 0x18668 <_svfprintf_r+0x4ba>
   18682: c2 65        	ld	a1, 0x10(sp)
   18684: 22 65        	ld	a0, 0x8(sp)
   18686: 90 11        	addi	a2, sp, 0xe0
   18688: ef 30 20 5e  	jal	0x1bc6a <__ssprint_r>
   1868c: 63 17 05 60  	bnez	a0, 0x18c9a <_svfprintf_r+0xaec>
   18690: 41 39        	addiw	s2, s2, -0x10
   18692: 4e 77        	ld	a4, 0xf0(sp)
   18694: 2e 56        	lw	a2, 0xe8(sp)
   18696: ce 87        	mv	a5, s3
   18698: 9d 46        	li	a3, 0x7
   1869a: e3 ca 24 fd  	blt	s1, s2, 0x1866e <_svfprintf_r+0x4c0>
   1869e: 4a 83        	mv	t1, s2
   186a0: 5a 8e        	mv	t3, s6
   186a2: 3e 89        	mv	s2, a5
   186a4: 5e 8b        	mv	s6, s7
   186a6: ea 8b        	mv	s7, s10
   186a8: 52 8d        	mv	s10, s4
   186aa: 3a 8a        	mv	s4, a4
   186ac: 1a 9a        	add	s4, s4, t1
   186ae: 05 26        	addiw	a2, a2, 0x1
   186b0: 23 30 a9 01  	sd	s10, 0x0(s2)
   186b4: 23 34 69 00  	sd	t1, 0x8(s2)
   186b8: d2 f9        	sd	s4, 0xf0(sp)
   186ba: b2 d5        	sw	a2, 0xe8(sp)
   186bc: 1d 47        	li	a4, 0x7
   186be: 41 09        	addi	s2, s2, 0x10
   186c0: e3 53 c7 ca  	bge	a4, a2, 0x18366 <_svfprintf_r+0x1b8>
   186c4: c2 65        	ld	a1, 0x10(sp)
   186c6: 22 65        	ld	a0, 0x8(sp)
   186c8: 90 11        	addi	a2, sp, 0xe0
   186ca: 72 e1        	sd	t3, 0x80(sp)
   186cc: ef 30 e0 59  	jal	0x1bc6a <__ssprint_r>
   186d0: 63 15 05 5c  	bnez	a0, 0x18c9a <_svfprintf_r+0xaec>
   186d4: 13 77 0b 10  	andi	a4, s6, 0x100
   186d8: 4e 7a        	ld	s4, 0xf0(sp)
   186da: 0a 6e        	ld	t3, 0x80(sp)
   186dc: 4e 89        	mv	s2, s3
   186de: e3 08 07 c8  	beqz	a4, 0x1836e <_svfprintf_r+0x1c0>
   186e2: 13 07 50 06  	li	a4, 0x65
   186e6: e3 51 c7 e3  	bge	a4, t3, 0x18508 <_svfprintf_r+0x35a>
   186ea: 4e 65        	ld	a0, 0xd0(sp)
   186ec: ee 65        	ld	a1, 0xd8(sp)
   186ee: 01 46        	li	a2, 0x0
   186f0: 81 46        	li	a3, 0x0
   186f2: ef 40 10 59  	jal	0x1d482 <__netf2>
   186f6: 63 11 05 66  	bnez	a0, 0x18d58 <_svfprintf_r+0xbaa>
   186fa: ae 57        	lw	a5, 0xe8(sp)
   186fc: 05 47        	li	a4, 0x1
   186fe: 05 0a        	addi	s4, s4, 0x1
   18700: 97 66 00 00  	auipc	a3, 0x6
   18704: 93 86 86 63  	addi	a3, a3, 0x638
   18708: 85 27        	addiw	a5, a5, 0x1
   1870a: 23 34 e9 00  	sd	a4, 0x8(s2)
   1870e: 23 30 d9 00  	sd	a3, 0x0(s2)
   18712: d2 f9        	sd	s4, 0xf0(sp)
   18714: be d5        	sw	a5, 0xe8(sp)
   18716: 1d 47        	li	a4, 0x7
   18718: 41 09        	addi	s2, s2, 0x10
   1871a: e3 45 f7 62  	blt	a4, a5, 0x19544 <_svfprintf_r+0x1396>
   1871e: ea 57        	lw	a5, 0xb8(sp)
   18720: 62 77        	ld	a4, 0x38(sp)
   18722: e3 d7 e7 0a  	bge	a5, a4, 0x18fd0 <_svfprintf_r+0xe22>
   18726: 46 67        	ld	a4, 0x50(sp)
   18728: ae 57        	lw	a5, 0xe8(sp)
   1872a: e6 66        	ld	a3, 0x58(sp)
   1872c: 3a 9a        	add	s4, s4, a4
   1872e: 85 27        	addiw	a5, a5, 0x1
   18730: 23 34 e9 00  	sd	a4, 0x8(s2)
   18734: 23 30 d9 00  	sd	a3, 0x0(s2)
   18738: d2 f9        	sd	s4, 0xf0(sp)
   1873a: be d5        	sw	a5, 0xe8(sp)
   1873c: 1d 47        	li	a4, 0x7
   1873e: 41 09        	addi	s2, s2, 0x10
   18740: e3 47 f7 20  	blt	a4, a5, 0x1914e <_svfprintf_r+0xfa0>
   18744: e2 77        	ld	a5, 0x38(sp)
   18746: 1b 8c f7 ff  	addiw	s8, a5, -0x1
   1874a: e3 5f 80 c3  	blez	s8, 0x18388 <_svfprintf_r+0x1da>
   1874e: c1 46        	li	a3, 0x10
   18750: ae 57        	lw	a5, 0xe8(sp)
   18752: 17 7d 00 00  	auipc	s10, 0x7
   18756: 13 0d ed d8  	addi	s10, s10, -0x272
   1875a: e3 d5 86 61  	bge	a3, s8, 0x19564 <_svfprintf_r+0x13b6>
   1875e: 52 87        	mv	a4, s4
   18760: 36 83        	mv	t1, a3
   18762: 6a 8a        	mv	s4, s10
   18764: 9d 4b        	li	s7, 0x7
   18766: 62 8d        	mv	s10, s8
   18768: 5a 8c        	mv	s8, s6
   1876a: 56 8b        	mv	s6, s5
   1876c: c2 6a        	ld	s5, 0x10(sp)
   1876e: 21 a0        	j	0x18776 <_svfprintf_r+0x5c8>
   18770: 41 3d        	addiw	s10, s10, -0x10
   18772: e3 54 a3 5f  	bge	t1, s10, 0x1955a <_svfprintf_r+0x13ac>
   18776: 41 07        	addi	a4, a4, 0x10
   18778: 85 27        	addiw	a5, a5, 0x1
   1877a: 23 30 49 01  	sd	s4, 0x0(s2)
   1877e: 23 34 d9 00  	sd	a3, 0x8(s2)
   18782: ba f9        	sd	a4, 0xf0(sp)
   18784: be d5        	sw	a5, 0xe8(sp)
   18786: 41 09        	addi	s2, s2, 0x10
   18788: e3 d4 fb fe  	bge	s7, a5, 0x18770 <_svfprintf_r+0x5c2>
   1878c: 22 65        	ld	a0, 0x8(sp)
   1878e: 90 11        	addi	a2, sp, 0xe0
   18790: d6 85        	mv	a1, s5
   18792: ef 30 80 4d  	jal	0x1bc6a <__ssprint_r>
   18796: 63 12 05 50  	bnez	a0, 0x18c9a <_svfprintf_r+0xaec>
   1879a: 41 43        	li	t1, 0x10
   1879c: 4e 77        	ld	a4, 0xf0(sp)
   1879e: ae 57        	lw	a5, 0xe8(sp)
   187a0: 4e 89        	mv	s2, s3
   187a2: 9a 86        	mv	a3, t1
   187a4: f1 b7        	j	0x18770 <_svfprintf_r+0x5c2>
   187a6: a2 77        	ld	a5, 0x28(sp)
   187a8: 13 77 0b 02  	andi	a4, s6, 0x20
   187ac: 62 83        	mv	t1, s8
   187ae: a1 07        	addi	a5, a5, 0x8
   187b0: 41 e7        	bnez	a4, 0x18838 <_svfprintf_r+0x68a>
   187b2: 13 77 0b 01  	andi	a4, s6, 0x10
   187b6: 19 c3        	beqz	a4, 0x187bc <_svfprintf_r+0x60e>
   187b8: 6f 10 c0 7b  	j	0x19f74 <_svfprintf_r+0x1dc6>
   187bc: a2 76        	ld	a3, 0x28(sp)
   187be: 13 77 0b 04  	andi	a4, s6, 0x40
   187c2: 03 aa 06 00  	lw	s4, 0x0(a3)
   187c6: e3 02 07 72  	beqz	a4, 0x196ea <_svfprintf_r+0x153c>
   187ca: 1b 1a 0a 01  	slliw	s4, s4, 0x10
   187ce: 1b 5a 0a 41  	sraiw	s4, s4, 0x10
   187d2: 3e f4        	sd	a5, 0x28(sp)
   187d4: 52 87        	mv	a4, s4
   187d6: 63 47 07 06  	bltz	a4, 0x18844 <_svfprintf_r+0x696>
   187da: 63 48 03 00  	bltz	t1, 0x187ea <_svfprintf_r+0x63c>
   187de: 13 7f fb f7  	andi	t5, s6, -0x81
   187e2: 1b 0b 0f 00  	sext.w	s6, t5
   187e6: e3 09 0a 0e  	beqz	s4, 0x190d8 <_svfprintf_r+0xf2a>
   187ea: a5 4d        	li	s11, 0x9
   187ec: 63 eb 4d 07  	bltu	s11, s4, 0x18862 <_svfprintf_r+0x6b4>
   187f0: 9b 07 0a 03  	addiw	a5, s4, 0x30
   187f4: 93 f7 f7 0f  	andi	a5, a5, 0xff
   187f8: a3 0d f1 14  	sb	a5, 0x15b(sp)
   187fc: 1a 88        	mv	a6, t1
   187fe: 63 43 60 00  	bgtz	t1, 0x18804 <_svfprintf_r+0x656>
   18802: 05 48        	li	a6, 0x1
   18804: 03 47 f1 0a  	lbu	a4, 0xaf(sp)
   18808: 9b 0d 08 00  	sext.w	s11, a6
   1880c: 05 4c        	li	s8, 0x1
   1880e: 93 0b b1 15  	addi	s7, sp, 0x15b
   18812: 63 0d 07 16  	beqz	a4, 0x1898c <_svfprintf_r+0x7de>
   18816: 85 2d        	addiw	s11, s11, 0x1
   18818: 02 f0        	sd	zero, 0x20(sp)
   1881a: 82 e4        	sd	zero, 0x48(sp)
   1881c: 82 e0        	sd	zero, 0x40(sp)
   1881e: 02 f8        	sd	zero, 0x30(sp)
   18820: cd b4        	j	0x18302 <_svfprintf_r+0x154>
   18822: 93 66 0b 01  	ori	a3, s6, 0x10
   18826: 13 7f 0b 02  	andi	t5, s6, 0x20
   1882a: 62 83        	mv	t1, s8
   1882c: 81 26        	sext.w	a3, a3
   1882e: 63 0b 0f 7e  	beqz	t5, 0x19024 <_svfprintf_r+0xe76>
   18832: a2 77        	ld	a5, 0x28(sp)
   18834: 36 8b        	mv	s6, a3
   18836: a1 07        	addi	a5, a5, 0x8
   18838: 22 77        	ld	a4, 0x28(sp)
   1883a: 3e f4        	sd	a5, 0x28(sp)
   1883c: 18 63        	ld	a4, 0x0(a4)
   1883e: 3a 8a        	mv	s4, a4
   18840: e3 5d 07 f8  	bgez	a4, 0x187da <_svfprintf_r+0x62c>
   18844: 93 07 d0 02  	li	a5, 0x2d
   18848: a3 07 f1 0a  	sb	a5, 0xaf(sp)
   1884c: 33 0a 40 41  	neg	s4, s4
   18850: e3 4d 03 f8  	bltz	t1, 0x187ea <_svfprintf_r+0x63c>
   18854: 13 7f fb f7  	andi	t5, s6, -0x81
   18858: a5 4d        	li	s11, 0x9
   1885a: 1b 0b 0f 00  	sext.w	s6, t5
   1885e: e3 f9 4d f9  	bgeu	s11, s4, 0x187f0 <_svfprintf_r+0x642>
   18862: b7 d7 cc cc  	lui	a5, 0xccccd
   18866: 93 87 d7 cc  	addi	a5, a5, -0x333
   1886a: 13 9c 07 02  	slli	s8, a5, 0x20
   1886e: 13 0d c1 15  	addi	s10, sp, 0x15c
   18872: c6 76        	ld	a3, 0x70(sp)
   18874: 3e 9c        	add	s8, s8, a5
   18876: 6a 86        	mv	a2, s10
   18878: 93 7f 0b 40  	andi	t6, s6, 0x400
   1887c: 81 45        	li	a1, 0x0
   1887e: 13 08 f0 0f  	li	a6, 0xff
   18882: 09 a8        	j	0x18894 <_svfprintf_r+0x6e6>
   18884: d2 87        	mv	a5, s4
   18886: 33 3a 8a 03  	mulhu	s4, s4, s8
   1888a: 5e 86        	mv	a2, s7
   1888c: 13 5a 3a 00  	srli	s4, s4, 0x3
   18890: 63 fe fd 02  	bgeu	s11, a5, 0x188cc <_svfprintf_r+0x71e>
   18894: 33 37 8a 03  	mulhu	a4, s4, s8
   18898: 85 25        	addiw	a1, a1, 0x1
   1889a: 93 0b f6 ff  	addi	s7, a2, -0x1
   1889e: 0d 83        	srli	a4, a4, 0x3
   188a0: 93 17 27 00  	slli	a5, a4, 0x2
   188a4: ba 97        	add	a5, a5, a4
   188a6: 86 07        	slli	a5, a5, 0x1
   188a8: b3 07 fa 40  	sub	a5, s4, a5
   188ac: 9b 87 07 03  	addiw	a5, a5, 0x30
   188b0: a3 0f f6 fe  	sb	a5, -0x1(a2)
   188b4: e3 88 0f fc  	beqz	t6, 0x18884 <_svfprintf_r+0x6d6>
   188b8: 83 c7 06 00  	lbu	a5, 0x0(a3)
   188bc: e3 94 b7 fc  	bne	a5, a1, 0x18884 <_svfprintf_r+0x6d6>
   188c0: e3 82 07 fd  	beq	a5, a6, 0x18884 <_svfprintf_r+0x6d6>
   188c4: 63 f4 4d 01  	bgeu	s11, s4, 0x188cc <_svfprintf_r+0x71e>
   188c8: 6f 10 80 18  	j	0x19a50 <_svfprintf_r+0x18a2>
   188cc: b6 f8        	sd	a3, 0x70(sp)
   188ce: 2e fc        	sd	a1, 0x38(sp)
   188d0: 3b 0c 7d 41  	subw	s8, s10, s7
   188d4: 1a 88        	mv	a6, t1
   188d6: 63 53 83 01  	bge	t1, s8, 0x188dc <_svfprintf_r+0x72e>
   188da: 62 88        	mv	a6, s8
   188dc: 03 47 f1 0a  	lbu	a4, 0xaf(sp)
   188e0: 9b 0d 08 00  	sext.w	s11, a6
   188e4: 3d b7        	j	0x18812 <_svfprintf_r+0x664>
   188e6: a2 77        	ld	a5, 0x28(sp)
   188e8: 83 ac 07 00  	lw	s9, 0x0(a5)
   188ec: a1 07        	addi	a5, a5, 0x8
   188ee: 63 d7 0c 6e  	bgez	s9, 0x18fdc <_svfprintf_r+0xe2e>
   188f2: bb 0c 90 41  	negw	s9, s9
   188f6: 3e f4        	sd	a5, 0x28(sp)
   188f8: 13 6b 4b 00  	ori	s6, s6, 0x4
   188fc: 03 ce 0a 00  	lbu	t3, 0x0(s5)
   18900: 01 2b        	sext.w	s6, s6
   18902: 79 b2        	j	0x18290 <_svfprintf_r+0xe2>
   18904: a2 77        	ld	a5, 0x28(sp)
   18906: 13 68 0b 01  	ori	a6, s6, 0x10
   1890a: 62 83        	mv	t1, s8
   1890c: 01 28        	sext.w	a6, a6
   1890e: a1 07        	addi	a5, a5, 0x8
   18910: 22 77        	ld	a4, 0x28(sp)
   18912: 18 63        	ld	a4, 0x0(a4)
   18914: 3e f4        	sd	a5, 0x28(sp)
   18916: a3 07 01 0a  	sb	zero, 0xaf(sp)
   1891a: 63 45 03 02  	bltz	t1, 0x18944 <_svfprintf_r+0x796>
   1891e: 13 7f f8 b7  	andi	t5, a6, -0x481
   18922: 1b 0b 0f 00  	sext.w	s6, t5
   18926: 1d e3        	bnez	a4, 0x1894c <_svfprintf_r+0x79e>
   18928: 63 12 03 02  	bnez	t1, 0x1894c <_svfprintf_r+0x79e>
   1892c: 93 7d 18 00  	andi	s11, a6, 0x1
   18930: e3 8d 0d 34  	beqz	s11, 0x1948a <_svfprintf_r+0x12dc>
   18934: 93 07 00 03  	li	a5, 0x30
   18938: a3 0d f1 14  	sb	a5, 0x15b(sp)
   1893c: 6e 8c        	mv	s8, s11
   1893e: 93 0b b1 15  	addi	s7, sp, 0x15b
   18942: a9 a0        	j	0x1898c <_svfprintf_r+0x7de>
   18944: 13 78 f8 bf  	andi	a6, a6, -0x401
   18948: 1b 0b 08 00  	sext.w	s6, a6
   1894c: 13 0d c1 15  	addi	s10, sp, 0x15c
   18950: ea 8b        	mv	s7, s10
   18952: 93 76 77 00  	andi	a3, a4, 0x7
   18956: 5e 86        	mv	a2, s7
   18958: 93 86 06 03  	addi	a3, a3, 0x30
   1895c: 0d 83        	srli	a4, a4, 0x3
   1895e: a3 8f db fe  	sb	a3, -0x1(s7)
   18962: fd 1b        	addi	s7, s7, -0x1
   18964: 7d f7        	bnez	a4, 0x18952 <_svfprintf_r+0x7a4>
   18966: 13 77 1b 00  	andi	a4, s6, 0x1
   1896a: 63 0e 07 3c  	beqz	a4, 0x18d46 <_svfprintf_r+0xb98>
   1896e: 13 07 00 03  	li	a4, 0x30
   18972: 63 8a e6 3c  	beq	a3, a4, 0x18d46 <_svfprintf_r+0xb98>
   18976: 79 16        	addi	a2, a2, -0x2
   18978: 3b 0c cd 40  	subw	s8, s10, a2
   1897c: a3 8f eb fe  	sb	a4, -0x1(s7)
   18980: 1a 88        	mv	a6, t1
   18982: 63 44 83 75  	blt	t1, s8, 0x190ca <_svfprintf_r+0xf1c>
   18986: 9b 0d 08 00  	sext.w	s11, a6
   1898a: b2 8b        	mv	s7, a2
   1898c: 02 f0        	sd	zero, 0x20(sp)
   1898e: 82 e4        	sd	zero, 0x48(sp)
   18990: 82 e0        	sd	zero, 0x40(sp)
   18992: 02 f8        	sd	zero, 0x30(sp)
   18994: bd b2        	j	0x18302 <_svfprintf_r+0x154>
   18996: 03 ce 0a 00  	lbu	t3, 0x0(s5)
   1899a: 93 07 80 06  	li	a5, 0x68
   1899e: 63 03 fe 7c  	beq	t3, a5, 0x19164 <_svfprintf_r+0xfb6>
   189a2: 13 6b 0b 04  	ori	s6, s6, 0x40
   189a6: 01 2b        	sext.w	s6, s6
   189a8: e5 b0        	j	0x18290 <_svfprintf_r+0xe2>
   189aa: a2 76        	ld	a3, 0x28(sp)
   189ac: 93 77 0b 02  	andi	a5, s6, 0x20
   189b0: 98 62        	ld	a4, 0x0(a3)
   189b2: a1 06        	addi	a3, a3, 0x8
   189b4: 36 f4        	sd	a3, 0x28(sp)
   189b6: 85 e7        	bnez	a5, 0x189de <_svfprintf_r+0x830>
   189b8: 93 77 0b 01  	andi	a5, s6, 0x10
   189bc: 8d e3        	bnez	a5, 0x189de <_svfprintf_r+0x830>
   189be: 93 77 0b 04  	andi	a5, s6, 0x40
   189c2: 99 c3        	beqz	a5, 0x189c8 <_svfprintf_r+0x81a>
   189c4: 6f 10 80 18  	j	0x19b4c <_svfprintf_r+0x199e>
   189c8: 13 7f 0b 20  	andi	t5, s6, 0x200
   189cc: e2 67        	ld	a5, 0x18(sp)
   189ce: 63 14 0f 00  	bnez	t5, 0x189d6 <_svfprintf_r+0x828>
   189d2: 6f 10 60 63  	j	0x1a008 <_svfprintf_r+0x1e5a>
   189d6: 23 00 f7 00  	sb	a5, 0x0(a4)
   189da: d6 8b        	mv	s7, s5
   189dc: c5 b2        	j	0x183bc <_svfprintf_r+0x20e>
   189de: e2 67        	ld	a5, 0x18(sp)
   189e0: d6 8b        	mv	s7, s5
   189e2: 1c e3        	sd	a5, 0x0(a4)
   189e4: e1 ba        	j	0x183bc <_svfprintf_r+0x20e>
   189e6: 03 ce 0a 00  	lbu	t3, 0x0(s5)
   189ea: 93 07 c0 06  	li	a5, 0x6c
   189ee: 63 05 fe 78  	beq	t3, a5, 0x19178 <_svfprintf_r+0xfca>
   189f2: 13 6b 0b 01  	ori	s6, s6, 0x10
   189f6: 01 2b        	sext.w	s6, s6
   189f8: 61 b8        	j	0x18290 <_svfprintf_r+0xe2>
   189fa: 93 77 0b 02  	andi	a5, s6, 0x20
   189fe: 62 83        	mv	t1, s8
   18a00: 63 99 07 5e  	bnez	a5, 0x18ff2 <_svfprintf_r+0xe44>
   18a04: 93 77 0b 01  	andi	a5, s6, 0x10
   18a08: 63 95 07 5e  	bnez	a5, 0x18ff2 <_svfprintf_r+0xe44>
   18a0c: a2 76        	ld	a3, 0x28(sp)
   18a0e: 93 77 0b 04  	andi	a5, s6, 0x40
   18a12: 03 aa 06 00  	lw	s4, 0x0(a3)
   18a16: 13 87 86 00  	addi	a4, a3, 0x8
   18a1a: e3 84 07 4e  	beqz	a5, 0x19702 <_svfprintf_r+0x1554>
   18a1e: 42 1a        	slli	s4, s4, 0x30
   18a20: a3 07 01 0a  	sb	zero, 0xaf(sp)
   18a24: 13 5a 0a 03  	srli	s4, s4, 0x30
   18a28: 63 4c 0c 0c  	bltz	s8, 0x18b00 <_svfprintf_r+0x952>
   18a2c: 13 7f fb f7  	andi	t5, s6, -0x81
   18a30: 1b 0b 0f 00  	sext.w	s6, t5
   18a34: 63 16 0a 0c  	bnez	s4, 0x18b00 <_svfprintf_r+0x952>
   18a38: 3a f4        	sd	a4, 0x28(sp)
   18a3a: e3 0c 03 20  	beqz	t1, 0x19452 <_svfprintf_r+0x12a4>
   18a3e: 01 4a        	li	s4, 0x0
   18a40: 45 bb        	j	0x187f0 <_svfprintf_r+0x642>
   18a42: 13 6b 0b 02  	ori	s6, s6, 0x20
   18a46: 03 ce 0a 00  	lbu	t3, 0x0(s5)
   18a4a: 01 2b        	sext.w	s6, s6
   18a4c: 91 b0        	j	0x18290 <_svfprintf_r+0xe2>
   18a4e: a2 76        	ld	a3, 0x28(sp)
   18a50: a1 67        	lui	a5, 0x8
   18a52: 93 87 07 83  	addi	a5, a5, -0x7d0
   18a56: 98 62        	ld	a4, 0x0(a3)
   18a58: 23 18 f1 0a  	sh	a5, 0xb0(sp)
   18a5c: a3 07 01 0a  	sb	zero, 0xaf(sp)
   18a60: 3a f0        	sd	a4, 0x20(sp)
   18a62: 62 83        	mv	t1, s8
   18a64: 93 87 86 00  	addi	a5, a3, 0x8
   18a68: 63 47 0c 5c  	bltz	s8, 0x19036 <_svfprintf_r+0xe88>
   18a6c: 93 76 fb f7  	andi	a3, s6, -0x81
   18a70: 81 26        	sext.w	a3, a3
   18a72: 13 e5 26 00  	ori	a0, a3, 0x2
   18a76: e3 16 07 36  	bnez	a4, 0x195e2 <_svfprintf_r+0x1434>
   18a7a: 63 04 0c 00  	beqz	s8, 0x18a82 <_svfprintf_r+0x8d4>
   18a7e: 6f 10 80 05  	j	0x19ad6 <_svfprintf_r+0x1928>
   18a82: 4e 7a        	ld	s4, 0xf0(sp)
   18a84: ae 55        	lw	a1, 0xe8(sp)
   18a86: 13 77 4b 00  	andi	a4, s6, 0x4
   18a8a: 3a f8        	sd	a4, 0x30(sp)
   18a8c: 52 86        	mv	a2, s4
   18a8e: ae 86        	mv	a3, a1
   18a90: e3 04 07 10  	beqz	a4, 0x19398 <_svfprintf_r+0x11ea>
   18a94: 3e f4        	sd	a5, 0x28(sp)
   18a96: 2a 8b        	mv	s6, a0
   18a98: 01 4c        	li	s8, 0x0
   18a9a: 82 e4        	sd	zero, 0x48(sp)
   18a9c: 82 e0        	sd	zero, 0x40(sp)
   18a9e: 02 f8        	sd	zero, 0x30(sp)
   18aa0: 89 4d        	li	s11, 0x2
   18aa2: 93 0b c1 15  	addi	s7, sp, 0x15c
   18aa6: 13 0e 80 07  	li	t3, 0x78
   18aaa: 11 4d        	li	s10, 0x4
   18aac: 79 b0        	j	0x1833a <_svfprintf_r+0x18c>
   18aae: a2 77        	ld	a5, 0x28(sp)
   18ab0: 13 77 0b 02  	andi	a4, s6, 0x20
   18ab4: 62 83        	mv	t1, s8
   18ab6: a1 07        	addi	a5, a5, 0x8
   18ab8: 63 1b 07 52  	bnez	a4, 0x18fee <_svfprintf_r+0xe40>
   18abc: 13 77 0b 01  	andi	a4, s6, 0x10
   18ac0: 63 17 07 52  	bnez	a4, 0x18fee <_svfprintf_r+0xe40>
   18ac4: 22 77        	ld	a4, 0x28(sp)
   18ac6: 93 76 0b 04  	andi	a3, s6, 0x40
   18aca: 18 43        	lw	a4, 0x0(a4)
   18acc: e3 85 06 40  	beqz	a3, 0x196d6 <_svfprintf_r+0x1528>
   18ad0: 42 17        	slli	a4, a4, 0x30
   18ad2: 41 93        	srli	a4, a4, 0x30
   18ad4: 3e f4        	sd	a5, 0x28(sp)
   18ad6: 5a 88        	mv	a6, s6
   18ad8: 3d bd        	j	0x18916 <_svfprintf_r+0x768>
   18ada: a2 76        	ld	a3, 0x28(sp)
   18adc: 93 67 0b 01  	ori	a5, s6, 0x10
   18ae0: a3 07 01 0a  	sb	zero, 0xaf(sp)
   18ae4: 62 83        	mv	t1, s8
   18ae6: 03 ba 06 00  	ld	s4, 0x0(a3)
   18aea: 81 27        	sext.w	a5, a5
   18aec: 13 87 86 00  	addi	a4, a3, 0x8
   18af0: 63 4b 03 50  	bltz	t1, 0x19006 <_svfprintf_r+0xe58>
   18af4: 93 f7 f7 f7  	andi	a5, a5, -0x81
   18af8: 1b 8b 07 00  	sext.w	s6, a5
   18afc: e3 0e 0a f2  	beqz	s4, 0x18a38 <_svfprintf_r+0x88a>
   18b00: 3a f4        	sd	a4, 0x28(sp)
   18b02: e5 b1        	j	0x187ea <_svfprintf_r+0x63c>
   18b04: 13 6b 8b 00  	ori	s6, s6, 0x8
   18b08: 03 ce 0a 00  	lbu	t3, 0x0(s5)
   18b0c: 01 2b        	sext.w	s6, s6
   18b0e: 6f f0 2f f8  	j	0x18290 <_svfprintf_r+0xe2>
   18b12: 22 6d        	ld	s10, 0x8(sp)
   18b14: 6a 85        	mv	a0, s10
   18b16: ef d0 8f fb  	jal	0x162ce <_localeconv_r>
   18b1a: 1c 65        	ld	a5, 0x8(a0)
   18b1c: 3e 85        	mv	a0, a5
   18b1e: be f4        	sd	a5, 0x68(sp)
   18b20: ef 80 4f 96  	jal	0x10c84 <strlen>
   18b24: aa 87        	mv	a5, a0
   18b26: 6a 85        	mv	a0, s10
   18b28: be fc        	sd	a5, 0x78(sp)
   18b2a: 3e 8d        	mv	s10, a5
   18b2c: ef d0 2f fa  	jal	0x162ce <_localeconv_r>
   18b30: 1c 69        	ld	a5, 0x10(a0)
   18b32: 03 ce 0a 00  	lbu	t3, 0x0(s5)
   18b36: be f8        	sd	a5, 0x70(sp)
   18b38: 63 0c 0d f4  	beqz	s10, 0x18290 <_svfprintf_r+0xe2>
   18b3c: 63 8a 07 f4  	beqz	a5, 0x18290 <_svfprintf_r+0xe2>
   18b40: 83 c7 07 00  	lbu	a5, 0x0(a5)
   18b44: 63 86 07 f4  	beqz	a5, 0x18290 <_svfprintf_r+0xe2>
   18b48: 13 6b 0b 40  	ori	s6, s6, 0x400
   18b4c: 01 2b        	sext.w	s6, s6
   18b4e: 6f f0 2f f4  	j	0x18290 <_svfprintf_r+0xe2>
   18b52: 13 6b 1b 00  	ori	s6, s6, 0x1
   18b56: 03 ce 0a 00  	lbu	t3, 0x0(s5)
   18b5a: 01 2b        	sext.w	s6, s6
   18b5c: 6f f0 4f f3  	j	0x18290 <_svfprintf_r+0xe2>
   18b60: 83 47 f1 0a  	lbu	a5, 0xaf(sp)
   18b64: 03 ce 0a 00  	lbu	t3, 0x0(s5)
   18b68: 63 94 07 f2  	bnez	a5, 0x18290 <_svfprintf_r+0xe2>
   18b6c: 93 07 00 02  	li	a5, 0x20
   18b70: a3 07 f1 0a  	sb	a5, 0xaf(sp)
   18b74: 6f f0 cf f1  	j	0x18290 <_svfprintf_r+0xe2>
   18b78: 13 6b 0b 08  	ori	s6, s6, 0x80
   18b7c: 03 ce 0a 00  	lbu	t3, 0x0(s5)
   18b80: 01 2b        	sext.w	s6, s6
   18b82: 6f f0 ef f0  	j	0x18290 <_svfprintf_r+0xe2>
   18b86: 93 07 b0 02  	li	a5, 0x2b
   18b8a: 03 ce 0a 00  	lbu	t3, 0x0(s5)
   18b8e: a3 07 f1 0a  	sb	a5, 0xaf(sp)
   18b92: 6f f0 ef ef  	j	0x18290 <_svfprintf_r+0xe2>
   18b96: 03 ce 0a 00  	lbu	t3, 0x0(s5)
   18b9a: 93 07 a0 02  	li	a5, 0x2a
   18b9e: 13 86 1a 00  	addi	a2, s5, 0x1
   18ba2: 63 14 fe 00  	bne	t3, a5, 0x18baa <_svfprintf_r+0x9fc>
   18ba6: 6f 10 e0 5c  	j	0x1a174 <_svfprintf_r+0x1fc6>
   18baa: 1b 07 0e fd  	addiw	a4, t3, -0x30
   18bae: a5 45        	li	a1, 0x9
   18bb0: 81 46        	li	a3, 0x0
   18bb2: b2 8a        	mv	s5, a2
   18bb4: 01 4c        	li	s8, 0x0
   18bb6: 63 ee e5 ec  	bltu	a1, a4, 0x18292 <_svfprintf_r+0xe4>
   18bba: 9b 97 26 00  	slliw	a5, a3, 0x2
   18bbe: 03 4e 06 00  	lbu	t3, 0x0(a2)
   18bc2: b5 9f        	addw	a5, a5, a3
   18bc4: 9b 97 17 00  	slliw	a5, a5, 0x1
   18bc8: bb 86 e7 00  	addw	a3, a5, a4
   18bcc: 1b 07 0e fd  	addiw	a4, t3, -0x30
   18bd0: 05 06        	addi	a2, a2, 0x1
   18bd2: e3 f4 e5 fe  	bgeu	a1, a4, 0x18bba <_svfprintf_r+0xa0c>
   18bd6: 36 83        	mv	t1, a3
   18bd8: 63 cb 06 4e  	bltz	a3, 0x190ce <_svfprintf_r+0xf20>
   18bdc: 1a 8c        	mv	s8, t1
   18bde: b2 8a        	mv	s5, a2
   18be0: 6f f0 2f eb  	j	0x18292 <_svfprintf_r+0xe4>
   18be4: bb 86 bc 41  	subw	a3, s9, s11
   18be8: 63 5b d0 f6  	blez	a3, 0x1835e <_svfprintf_r+0x1b0>
   18bec: c1 4f        	li	t6, 0x10
   18bee: 2e 56        	lw	a2, 0xe8(sp)
   18bf0: 17 7d 00 00  	auipc	s10, 0x7
   18bf4: 13 0d 0d 8f  	addi	s10, s10, -0x710
   18bf8: 63 d0 df 06  	bge	t6, a3, 0x18c58 <_svfprintf_r+0xaaa>
   18bfc: ca 87        	mv	a5, s2
   18bfe: 52 87        	mv	a4, s4
   18c00: fe 83        	mv	t2, t6
   18c02: 6a 8a        	mv	s4, s10
   18c04: 9d 42        	li	t0, 0x7
   18c06: 5e 8d        	mv	s10, s7
   18c08: 36 89        	mv	s2, a3
   18c0a: 72 e1        	sd	t3, 0x80(sp)
   18c0c: 9a 8b        	mv	s7, t1
   18c0e: 21 a0        	j	0x18c16 <_svfprintf_r+0xa68>
   18c10: 41 39        	addiw	s2, s2, -0x10
   18c12: 63 dc 23 03  	bge	t2, s2, 0x18c4a <_svfprintf_r+0xa9c>
   18c16: 41 07        	addi	a4, a4, 0x10
   18c18: 05 26        	addiw	a2, a2, 0x1
   18c1a: 23 b0 47 01  	sd	s4, 0x0(a5)
   18c1e: 23 b4 f7 01  	sd	t6, 0x8(a5)
   18c22: ba f9        	sd	a4, 0xf0(sp)
   18c24: b2 d5        	sw	a2, 0xe8(sp)
   18c26: c1 07        	addi	a5, a5, 0x10
   18c28: e3 d4 c2 fe  	bge	t0, a2, 0x18c10 <_svfprintf_r+0xa62>
   18c2c: c2 65        	ld	a1, 0x10(sp)
   18c2e: 22 65        	ld	a0, 0x8(sp)
   18c30: 90 11        	addi	a2, sp, 0xe0
   18c32: ef 30 80 03  	jal	0x1bc6a <__ssprint_r>
   18c36: 35 e1        	bnez	a0, 0x18c9a <_svfprintf_r+0xaec>
   18c38: c1 43        	li	t2, 0x10
   18c3a: 41 39        	addiw	s2, s2, -0x10
   18c3c: 4e 77        	ld	a4, 0xf0(sp)
   18c3e: 2e 56        	lw	a2, 0xe8(sp)
   18c40: ce 87        	mv	a5, s3
   18c42: 9d 42        	li	t0, 0x7
   18c44: 9e 8f        	mv	t6, t2
   18c46: e3 c8 23 fd  	blt	t2, s2, 0x18c16 <_svfprintf_r+0xa68>
   18c4a: 0a 6e        	ld	t3, 0x80(sp)
   18c4c: ca 86        	mv	a3, s2
   18c4e: 5e 83        	mv	t1, s7
   18c50: 3e 89        	mv	s2, a5
   18c52: ea 8b        	mv	s7, s10
   18c54: 52 8d        	mv	s10, s4
   18c56: 3a 8a        	mv	s4, a4
   18c58: 36 9a        	add	s4, s4, a3
   18c5a: 05 26        	addiw	a2, a2, 0x1
   18c5c: 23 30 a9 01  	sd	s10, 0x0(s2)
   18c60: 23 34 d9 00  	sd	a3, 0x8(s2)
   18c64: d2 f9        	sd	s4, 0xf0(sp)
   18c66: b2 d5        	sw	a2, 0xe8(sp)
   18c68: 1d 47        	li	a4, 0x7
   18c6a: 41 09        	addi	s2, s2, 0x10
   18c6c: 63 59 c7 ee  	bge	a4, a2, 0x1835e <_svfprintf_r+0x1b0>
   18c70: c2 65        	ld	a1, 0x10(sp)
   18c72: 22 65        	ld	a0, 0x8(sp)
   18c74: 90 11        	addi	a2, sp, 0xe0
   18c76: 1a e5        	sd	t1, 0x88(sp)
   18c78: 72 e1        	sd	t3, 0x80(sp)
   18c7a: ef 20 10 7f  	jal	0x1bc6a <__ssprint_r>
   18c7e: 11 ed        	bnez	a0, 0x18c9a <_svfprintf_r+0xaec>
   18c80: 4e 7a        	ld	s4, 0xf0(sp)
   18c82: 0a 6e        	ld	t3, 0x80(sp)
   18c84: 2a 63        	ld	t1, 0x88(sp)
   18c86: 4e 89        	mv	s2, s3
   18c88: 6f f0 6f ed  	j	0x1835e <_svfprintf_r+0x1b0>
   18c8c: c2 65        	ld	a1, 0x10(sp)
   18c8e: 22 65        	ld	a0, 0x8(sp)
   18c90: 90 11        	addi	a2, sp, 0xe0
   18c92: ef 20 90 7d  	jal	0x1bc6a <__ssprint_r>
   18c96: 63 0a 05 f0  	beqz	a0, 0x183aa <_svfprintf_r+0x1fc>
   18c9a: 82 72        	ld	t0, 0x20(sp)
   18c9c: 63 88 02 f2  	beqz	t0, 0x183cc <_svfprintf_r+0x21e>
   18ca0: 22 65        	ld	a0, 0x8(sp)
   18ca2: 96 85        	mv	a1, t0
   18ca4: ef a0 9f c5  	jal	0x138fc <_free_r>
   18ca8: 6f f0 4f f2  	j	0x183cc <_svfprintf_r+0x21e>
   18cac: c2 65        	ld	a1, 0x10(sp)
   18cae: 22 65        	ld	a0, 0x8(sp)
   18cb0: 90 11        	addi	a2, sp, 0xe0
   18cb2: 1a e5        	sd	t1, 0x88(sp)
   18cb4: 72 e1        	sd	t3, 0x80(sp)
   18cb6: ef 20 50 7b  	jal	0x1bc6a <__ssprint_r>
   18cba: 65 f1        	bnez	a0, 0x18c9a <_svfprintf_r+0xaec>
   18cbc: 4e 7a        	ld	s4, 0xf0(sp)
   18cbe: 2a 63        	ld	t1, 0x88(sp)
   18cc0: 0a 6e        	ld	t3, 0x80(sp)
   18cc2: 4e 89        	mv	s2, s3
   18cc4: 6f f0 2f e9  	j	0x18356 <_svfprintf_r+0x1a8>
   18cc8: 41 47        	li	a4, 0x10
   18cca: ae 57        	lw	a5, 0xe8(sp)
   18ccc: 97 76 00 00  	auipc	a3, 0x7
   18cd0: 93 86 46 82  	addi	a3, a3, -0x7dc
   18cd4: 63 55 87 05  	bge	a4, s8, 0x18d1e <_svfprintf_r+0xb70>
   18cd8: 52 86        	mv	a2, s4
   18cda: 22 6d        	ld	s10, 0x8(sp)
   18cdc: ba 8b        	mv	s7, a4
   18cde: 1d 4b        	li	s6, 0x7
   18ce0: 36 8a        	mv	s4, a3
   18ce2: 21 a0        	j	0x18cea <_svfprintf_r+0xb3c>
   18ce4: 41 3c        	addiw	s8, s8, -0x10
   18ce6: 63 da 8b 03  	bge	s7, s8, 0x18d1a <_svfprintf_r+0xb6c>
   18cea: 41 06        	addi	a2, a2, 0x10
   18cec: 85 27        	addiw	a5, a5, 0x1
   18cee: 23 30 49 01  	sd	s4, 0x0(s2)
   18cf2: 23 34 e9 00  	sd	a4, 0x8(s2)
   18cf6: b2 f9        	sd	a2, 0xf0(sp)
   18cf8: be d5        	sw	a5, 0xe8(sp)
   18cfa: 41 09        	addi	s2, s2, 0x10
   18cfc: e3 54 fb fe  	bge	s6, a5, 0x18ce4 <_svfprintf_r+0xb36>
   18d00: c2 65        	ld	a1, 0x10(sp)
   18d02: 90 11        	addi	a2, sp, 0xe0
   18d04: 6a 85        	mv	a0, s10
   18d06: ef 20 50 76  	jal	0x1bc6a <__ssprint_r>
   18d0a: 41 f9        	bnez	a0, 0x18c9a <_svfprintf_r+0xaec>
   18d0c: 41 3c        	addiw	s8, s8, -0x10
   18d0e: 4e 76        	ld	a2, 0xf0(sp)
   18d10: ae 57        	lw	a5, 0xe8(sp)
   18d12: 4e 89        	mv	s2, s3
   18d14: 41 47        	li	a4, 0x10
   18d16: e3 ca 8b fd  	blt	s7, s8, 0x18cea <_svfprintf_r+0xb3c>
   18d1a: d2 86        	mv	a3, s4
   18d1c: 32 8a        	mv	s4, a2
   18d1e: 62 9a        	add	s4, s4, s8
   18d20: 85 27        	addiw	a5, a5, 0x1
   18d22: d2 f9        	sd	s4, 0xf0(sp)
   18d24: be d5        	sw	a5, 0xe8(sp)
   18d26: 23 30 d9 00  	sd	a3, 0x0(s2)
   18d2a: 23 34 89 01  	sd	s8, 0x8(s2)
   18d2e: 1d 47        	li	a4, 0x7
   18d30: 63 54 f7 e6  	bge	a4, a5, 0x18398 <_svfprintf_r+0x1ea>
   18d34: c2 65        	ld	a1, 0x10(sp)
   18d36: 22 65        	ld	a0, 0x8(sp)
   18d38: 90 11        	addi	a2, sp, 0xe0
   18d3a: ef 20 10 73  	jal	0x1bc6a <__ssprint_r>
   18d3e: 31 fd        	bnez	a0, 0x18c9a <_svfprintf_r+0xaec>
   18d40: 4e 7a        	ld	s4, 0xf0(sp)
   18d42: 6f f0 6f e5  	j	0x18398 <_svfprintf_r+0x1ea>
   18d46: 3b 0c 7d 41  	subw	s8, s10, s7
   18d4a: 1a 88        	mv	a6, t1
   18d4c: 63 53 83 01  	bge	t1, s8, 0x18d52 <_svfprintf_r+0xba4>
   18d50: 62 88        	mv	a6, s8
   18d52: 9b 0d 08 00  	sext.w	s11, a6
   18d56: 1d b9        	j	0x1898c <_svfprintf_r+0x7de>
   18d58: 6a 56        	lw	a2, 0xb8(sp)
   18d5a: 63 5d c0 72  	blez	a2, 0x19494 <_svfprintf_r+0x12e6>
   18d5e: c2 77        	ld	a5, 0x30(sp)
   18d60: e2 76        	ld	a3, 0x38(sp)
   18d62: 3e 87        	mv	a4, a5
   18d64: 63 cd f6 34  	blt	a3, a5, 0x190be <_svfprintf_r+0xf10>
   18d68: 1b 0c 07 00  	sext.w	s8, a4
   18d6c: 63 5f 80 01  	blez	s8, 0x18d8a <_svfprintf_r+0xbdc>
   18d70: ae 56        	lw	a3, 0xe8(sp)
   18d72: 62 9a        	add	s4, s4, s8
   18d74: 23 30 79 01  	sd	s7, 0x0(s2)
   18d78: 85 26        	addiw	a3, a3, 0x1
   18d7a: 23 34 89 01  	sd	s8, 0x8(s2)
   18d7e: d2 f9        	sd	s4, 0xf0(sp)
   18d80: b6 d5        	sw	a3, 0xe8(sp)
   18d82: 1d 46        	li	a2, 0x7
   18d84: 41 09        	addi	s2, s2, 0x10
   18d86: e3 47 d6 52  	blt	a2, a3, 0x19ab4 <_svfprintf_r+0x1906>
   18d8a: e2 86        	mv	a3, s8
   18d8c: 63 44 0c 3e  	bltz	s8, 0x19174 <_svfprintf_r+0xfc6>
   18d90: c2 77        	ld	a5, 0x30(sp)
   18d92: 3b 8c d7 40  	subw	s8, a5, a3
   18d96: 63 41 80 45  	bgtz	s8, 0x191d8 <_svfprintf_r+0x102a>
   18d9a: c2 77        	ld	a5, 0x30(sp)
   18d9c: 13 77 0b 40  	andi	a4, s6, 0x400
   18da0: 33 8d fb 00  	add	s10, s7, a5
   18da4: 63 1b 07 4a  	bnez	a4, 0x1925a <_svfprintf_r+0x10ac>
   18da8: 6a 5c        	lw	s8, 0xb8(sp)
   18daa: e2 77        	ld	a5, 0x38(sp)
   18dac: 63 46 fc 00  	blt	s8, a5, 0x18db8 <_svfprintf_r+0xc0a>
   18db0: 13 77 1b 00  	andi	a4, s6, 0x1
   18db4: e3 06 07 54  	beqz	a4, 0x19b00 <_svfprintf_r+0x1952>
   18db8: 2e 57        	lw	a4, 0xe8(sp)
   18dba: c6 67        	ld	a5, 0x50(sp)
   18dbc: e6 66        	ld	a3, 0x58(sp)
   18dbe: 05 27        	addiw	a4, a4, 0x1
   18dc0: 3e 9a        	add	s4, s4, a5
   18dc2: 23 30 d9 00  	sd	a3, 0x0(s2)
   18dc6: 23 34 f9 00  	sd	a5, 0x8(s2)
   18dca: d2 f9        	sd	s4, 0xf0(sp)
   18dcc: ba d5        	sw	a4, 0xe8(sp)
   18dce: 9d 46        	li	a3, 0x7
   18dd0: 41 09        	addi	s2, s2, 0x10
   18dd2: 63 d4 e6 00  	bge	a3, a4, 0x18dda <_svfprintf_r+0xc2c>
   18dd6: 6f 10 40 0f  	j	0x19eca <_svfprintf_r+0x1d1c>
   18dda: 62 77        	ld	a4, 0x38(sp)
   18ddc: b3 87 eb 00  	add	a5, s7, a4
   18de0: b3 87 a7 41  	sub	a5, a5, s10
   18de4: bb 06 87 41  	subw	a3, a4, s8
   18de8: 1b 87 07 00  	sext.w	a4, a5
   18dec: 63 d3 e6 00  	bge	a3, a4, 0x18df2 <_svfprintf_r+0xc44>
   18df0: b6 87        	mv	a5, a3
   18df2: 1b 8c 07 00  	sext.w	s8, a5
   18df6: 63 51 80 03  	blez	s8, 0x18e18 <_svfprintf_r+0xc6a>
   18dfa: 2e 57        	lw	a4, 0xe8(sp)
   18dfc: 62 9a        	add	s4, s4, s8
   18dfe: 23 30 a9 01  	sd	s10, 0x0(s2)
   18e02: 05 27        	addiw	a4, a4, 0x1
   18e04: 23 34 89 01  	sd	s8, 0x8(s2)
   18e08: d2 f9        	sd	s4, 0xf0(sp)
   18e0a: ba d5        	sw	a4, 0xe8(sp)
   18e0c: 9d 47        	li	a5, 0x7
   18e0e: 41 09        	addi	s2, s2, 0x10
   18e10: 63 d4 e7 00  	bge	a5, a4, 0x18e18 <_svfprintf_r+0xc6a>
   18e14: 6f 10 c0 10  	j	0x19f20 <_svfprintf_r+0x1d72>
   18e18: 62 87        	mv	a4, s8
   18e1a: 63 53 0c 00  	bgez	s8, 0x18e20 <_svfprintf_r+0xc72>
   18e1e: 01 47        	li	a4, 0x0
   18e20: 3b 8c e6 40  	subw	s8, a3, a4
   18e24: 63 52 80 d7  	blez	s8, 0x18388 <_svfprintf_r+0x1da>
   18e28: c1 46        	li	a3, 0x10
   18e2a: ae 57        	lw	a5, 0xe8(sp)
   18e2c: 17 6d 00 00  	auipc	s10, 0x6
   18e30: 13 0d 4d 6b  	addi	s10, s10, 0x6b4
   18e34: 63 d8 86 73  	bge	a3, s8, 0x19564 <_svfprintf_r+0x13b6>
   18e38: 52 87        	mv	a4, s4
   18e3a: 36 83        	mv	t1, a3
   18e3c: 6a 8a        	mv	s4, s10
   18e3e: 9d 4b        	li	s7, 0x7
   18e40: 62 8d        	mv	s10, s8
   18e42: 5a 8c        	mv	s8, s6
   18e44: 56 8b        	mv	s6, s5
   18e46: c2 6a        	ld	s5, 0x10(sp)
   18e48: 21 a0        	j	0x18e50 <_svfprintf_r+0xca2>
   18e4a: 41 3d        	addiw	s10, s10, -0x10
   18e4c: 63 57 a3 71  	bge	t1, s10, 0x1955a <_svfprintf_r+0x13ac>
   18e50: 41 07        	addi	a4, a4, 0x10
   18e52: 85 27        	addiw	a5, a5, 0x1
   18e54: 23 30 49 01  	sd	s4, 0x0(s2)
   18e58: 23 34 d9 00  	sd	a3, 0x8(s2)
   18e5c: ba f9        	sd	a4, 0xf0(sp)
   18e5e: be d5        	sw	a5, 0xe8(sp)
   18e60: 41 09        	addi	s2, s2, 0x10
   18e62: e3 d4 fb fe  	bge	s7, a5, 0x18e4a <_svfprintf_r+0xc9c>
   18e66: 22 65        	ld	a0, 0x8(sp)
   18e68: 90 11        	addi	a2, sp, 0xe0
   18e6a: d6 85        	mv	a1, s5
   18e6c: ef 20 f0 5f  	jal	0x1bc6a <__ssprint_r>
   18e70: e3 15 05 e2  	bnez	a0, 0x18c9a <_svfprintf_r+0xaec>
   18e74: 41 43        	li	t1, 0x10
   18e76: 4e 77        	ld	a4, 0xf0(sp)
   18e78: ae 57        	lw	a5, 0xe8(sp)
   18e7a: 4e 89        	mv	s2, s3
   18e7c: 9a 86        	mv	a3, t1
   18e7e: f1 b7        	j	0x18e4a <_svfprintf_r+0xc9c>
   18e80: ae 56        	lw	a3, 0xe8(sp)
   18e82: 41 4a        	li	s4, 0x10
   18e84: b6 85        	mv	a1, a3
   18e86: 97 66 00 00  	auipc	a3, 0x6
   18e8a: 93 86 a6 66  	addi	a3, a3, 0x66a
   18e8e: 63 5e ea 04  	bge	s4, a4, 0x18eea <_svfprintf_r+0xd3c>
   18e92: 56 e1        	sd	s5, 0x80(sp)
   18e94: ca 87        	mv	a5, s2
   18e96: d2 83        	mv	t2, s4
   18e98: 9d 42        	li	t0, 0x7
   18e9a: 3a 89        	mv	s2, a4
   18e9c: 72 e5        	sd	t3, 0x88(sp)
   18e9e: 1a e9        	sd	t1, 0x90(sp)
   18ea0: b6 8a        	mv	s5, a3
   18ea2: 21 a0        	j	0x18eaa <_svfprintf_r+0xcfc>
   18ea4: 41 39        	addiw	s2, s2, -0x10
   18ea6: 63 dc 23 03  	bge	t2, s2, 0x18ede <_svfprintf_r+0xd30>
   18eaa: 41 06        	addi	a2, a2, 0x10
   18eac: 85 25        	addiw	a1, a1, 0x1
   18eae: 23 b0 57 01  	sd	s5, 0x0(a5)
   18eb2: 23 b4 47 01  	sd	s4, 0x8(a5)
   18eb6: b2 f9        	sd	a2, 0xf0(sp)
   18eb8: ae d5        	sw	a1, 0xe8(sp)
   18eba: c1 07        	addi	a5, a5, 0x10
   18ebc: e3 d4 b2 fe  	bge	t0, a1, 0x18ea4 <_svfprintf_r+0xcf6>
   18ec0: c2 65        	ld	a1, 0x10(sp)
   18ec2: 22 65        	ld	a0, 0x8(sp)
   18ec4: 90 11        	addi	a2, sp, 0xe0
   18ec6: ef 20 50 5a  	jal	0x1bc6a <__ssprint_r>
   18eca: e3 18 05 dc  	bnez	a0, 0x18c9a <_svfprintf_r+0xaec>
   18ece: c1 43        	li	t2, 0x10
   18ed0: 41 39        	addiw	s2, s2, -0x10
   18ed2: 4e 76        	ld	a2, 0xf0(sp)
   18ed4: ae 55        	lw	a1, 0xe8(sp)
   18ed6: ce 87        	mv	a5, s3
   18ed8: 9d 42        	li	t0, 0x7
   18eda: e3 c8 23 fd  	blt	t2, s2, 0x18eaa <_svfprintf_r+0xcfc>
   18ede: d6 86        	mv	a3, s5
   18ee0: 2a 6e        	ld	t3, 0x88(sp)
   18ee2: 4a 63        	ld	t1, 0x90(sp)
   18ee4: 8a 6a        	ld	s5, 0x80(sp)
   18ee6: 4a 87        	mv	a4, s2
   18ee8: 3e 89        	mv	s2, a5
   18eea: 33 0a c7 00  	add	s4, a4, a2
   18eee: 85 25        	addiw	a1, a1, 0x1
   18ef0: 23 34 e9 00  	sd	a4, 0x8(s2)
   18ef4: d2 f9        	sd	s4, 0xf0(sp)
   18ef6: ae d5        	sw	a1, 0xe8(sp)
   18ef8: 23 30 d9 00  	sd	a3, 0x0(s2)
   18efc: 1d 47        	li	a4, 0x7
   18efe: 63 40 b7 56  	blt	a4, a1, 0x1945e <_svfprintf_r+0x12b0>
   18f02: 03 47 f1 0a  	lbu	a4, 0xaf(sp)
   18f06: 41 09        	addi	s2, s2, 0x10
   18f08: 79 ef        	bnez	a4, 0x18fe6 <_svfprintf_r+0xe38>
   18f0a: 63 0a 0d c4  	beqz	s10, 0x1835e <_svfprintf_r+0x1b0>
   18f0e: 01 4d        	li	s10, 0x0
   18f10: 6f f0 af c2  	j	0x1833a <_svfprintf_r+0x18c>
   18f14: 33 76 db 00  	and	a2, s6, a3
   18f18: 63 12 06 e0  	bnez	a2, 0x1851c <_svfprintf_r+0x36e>
   18f1c: 23 30 79 01  	sd	s7, 0x0(s2)
   18f20: 23 34 d9 00  	sd	a3, 0x8(s2)
   18f24: d2 f9        	sd	s4, 0xf0(sp)
   18f26: e2 d5        	sw	s8, 0xe8(sp)
   18f28: 9d 47        	li	a5, 0x7
   18f2a: 63 dc 87 e5  	bge	a5, s8, 0x18582 <_svfprintf_r+0x3d4>
   18f2e: c2 65        	ld	a1, 0x10(sp)
   18f30: 22 65        	ld	a0, 0x8(sp)
   18f32: 90 11        	addi	a2, sp, 0xe0
   18f34: ef 20 70 53  	jal	0x1bc6a <__ssprint_r>
   18f38: e3 11 05 d6  	bnez	a0, 0x18c9a <_svfprintf_r+0xaec>
   18f3c: 4e 7a        	ld	s4, 0xf0(sp)
   18f3e: 2e 5c        	lw	s8, 0xe8(sp)
   18f40: ce 88        	mv	a7, s3
   18f42: 6f f0 0f e4  	j	0x18582 <_svfprintf_r+0x3d4>
   18f46: 62 77        	ld	a4, 0x38(sp)
   18f48: 85 47        	li	a5, 0x1
   18f4a: 63 dc e7 e2  	bge	a5, a4, 0x18582 <_svfprintf_r+0x3d4>
   18f4e: c5 47        	li	a5, 0x11
   18f50: 17 6d 00 00  	auipc	s10, 0x6
   18f54: 13 0d 0d 59  	addi	s10, s10, 0x590
   18f58: 63 da e7 6c  	bge	a5, a4, 0x1962c <_svfprintf_r+0x147e>
   18f5c: ea 86        	mv	a3, s10
   18f5e: 52 87        	mv	a4, s4
   18f60: 4a 8d        	mv	s10, s2
   18f62: 42 6a        	ld	s4, 0x10(sp)
   18f64: c1 47        	li	a5, 0x10
   18f66: 9d 4b        	li	s7, 0x7
   18f68: 36 89        	mv	s2, a3
   18f6a: 21 a0        	j	0x18f72 <_svfprintf_r+0xdc4>
   18f6c: 41 3d        	addiw	s10, s10, -0x10
   18f6e: 63 db a7 6b  	bge	a5, s10, 0x19624 <_svfprintf_r+0x1476>
   18f72: 41 07        	addi	a4, a4, 0x10
   18f74: 05 2c        	addiw	s8, s8, 0x1
   18f76: 23 b0 28 01  	sd	s2, 0x0(a7)
   18f7a: 23 b4 f8 00  	sd	a5, 0x8(a7)
   18f7e: ba f9        	sd	a4, 0xf0(sp)
   18f80: e2 d5        	sw	s8, 0xe8(sp)
   18f82: c1 08        	addi	a7, a7, 0x10
   18f84: e3 d4 8b ff  	bge	s7, s8, 0x18f6c <_svfprintf_r+0xdbe>
   18f88: 22 65        	ld	a0, 0x8(sp)
   18f8a: 90 11        	addi	a2, sp, 0xe0
   18f8c: d2 85        	mv	a1, s4
   18f8e: ef 20 d0 4d  	jal	0x1bc6a <__ssprint_r>
   18f92: e3 14 05 d0  	bnez	a0, 0x18c9a <_svfprintf_r+0xaec>
   18f96: 4e 77        	ld	a4, 0xf0(sp)
   18f98: 2e 5c        	lw	s8, 0xe8(sp)
   18f9a: ce 88        	mv	a7, s3
   18f9c: c1 47        	li	a5, 0x10
   18f9e: f9 b7        	j	0x18f6c <_svfprintf_r+0xdbe>
   18fa0: c2 65        	ld	a1, 0x10(sp)
   18fa2: 22 65        	ld	a0, 0x8(sp)
   18fa4: 90 11        	addi	a2, sp, 0xe0
   18fa6: ef 20 50 4c  	jal	0x1bc6a <__ssprint_r>
   18faa: e3 18 05 ce  	bnez	a0, 0x18c9a <_svfprintf_r+0xaec>
   18fae: 4e 7a        	ld	s4, 0xf0(sp)
   18fb0: 2e 5c        	lw	s8, 0xe8(sp)
   18fb2: ce 88        	mv	a7, s3
   18fb4: 6f f0 cf d7  	j	0x18530 <_svfprintf_r+0x382>
   18fb8: c2 65        	ld	a1, 0x10(sp)
   18fba: 22 65        	ld	a0, 0x8(sp)
   18fbc: 90 11        	addi	a2, sp, 0xe0
   18fbe: ef 20 d0 4a  	jal	0x1bc6a <__ssprint_r>
   18fc2: e3 1c 05 cc  	bnez	a0, 0x18c9a <_svfprintf_r+0xaec>
   18fc6: 4e 7a        	ld	s4, 0xf0(sp)
   18fc8: 2e 5c        	lw	s8, 0xe8(sp)
   18fca: ce 88        	mv	a7, s3
   18fcc: 6f f0 0f d8  	j	0x1854c <_svfprintf_r+0x39e>
   18fd0: 93 77 1b 00  	andi	a5, s6, 0x1
   18fd4: 63 8a 07 ba  	beqz	a5, 0x18388 <_svfprintf_r+0x1da>
   18fd8: 6f f0 ef f4  	j	0x18726 <_svfprintf_r+0x578>
   18fdc: 03 ce 0a 00  	lbu	t3, 0x0(s5)
   18fe0: 3e f4        	sd	a5, 0x28(sp)
   18fe2: 6f f0 ef aa  	j	0x18290 <_svfprintf_r+0xe2>
   18fe6: 6a 87        	mv	a4, s10
   18fe8: 01 4d        	li	s10, 0x0
   18fea: 6f f0 ef b2  	j	0x18318 <_svfprintf_r+0x16a>
   18fee: 5a 88        	mv	a6, s6
   18ff0: 05 b2        	j	0x18910 <_svfprintf_r+0x762>
   18ff2: a2 76        	ld	a3, 0x28(sp)
   18ff4: a3 07 01 0a  	sb	zero, 0xaf(sp)
   18ff8: da 87        	mv	a5, s6
   18ffa: 03 ba 06 00  	ld	s4, 0x0(a3)
   18ffe: 13 87 86 00  	addi	a4, a3, 0x8
   19002: e3 59 03 ae  	bgez	t1, 0x18af4 <_svfprintf_r+0x946>
   19006: 3a f4        	sd	a4, 0x28(sp)
   19008: 3e 8b        	mv	s6, a5
   1900a: 6f f0 0f fe  	j	0x187ea <_svfprintf_r+0x63c>
   1900e: a2 77        	ld	a5, 0x28(sp)
   19010: 93 86 f7 00  	addi	a3, a5, 0xf
   19014: c1 9a        	andi	a3, a3, -0x10
   19016: 93 87 06 01  	addi	a5, a3, 0x10
   1901a: 98 62        	ld	a4, 0x0(a3)
   1901c: 8c 66        	ld	a1, 0x8(a3)
   1901e: 3e f4        	sd	a5, 0x28(sp)
   19020: 6f f0 ef c3  	j	0x1845e <_svfprintf_r+0x2b0>
   19024: a2 77        	ld	a5, 0x28(sp)
   19026: a1 07        	addi	a5, a5, 0x8
   19028: 22 77        	ld	a4, 0x28(sp)
   1902a: 36 8b        	mv	s6, a3
   1902c: 3e f4        	sd	a5, 0x28(sp)
   1902e: 18 63        	ld	a4, 0x0(a4)
   19030: 3a 8a        	mv	s4, a4
   19032: 6f f0 4f fa  	j	0x187d6 <_svfprintf_r+0x628>
   19036: 02 76        	ld	a2, 0x20(sp)
   19038: 97 65 00 00  	auipc	a1, 0x6
   1903c: 93 85 85 cc  	addi	a1, a1, -0x338
   19040: 13 6f 2b 00  	ori	t5, s6, 0x2
   19044: 13 77 f6 00  	andi	a4, a2, 0xf
   19048: 2e 97        	add	a4, a4, a1
   1904a: 83 46 07 00  	lbu	a3, 0x0(a4)
   1904e: 3e f4        	sd	a5, 0x28(sp)
   19050: 13 57 46 00  	srli	a4, a2, 0x4
   19054: a3 0d d1 14  	sb	a3, 0x15b(sp)
   19058: 1b 0b 0f 00  	sext.w	s6, t5
   1905c: 09 46        	li	a2, 0x2
   1905e: 13 0e 80 07  	li	t3, 0x78
   19062: 19 e3        	bnez	a4, 0x19068 <_svfprintf_r+0xeba>
   19064: 6f 10 00 1b  	j	0x1a214 <_svfprintf_r+0x2066>
   19068: 93 0b b1 15  	addi	s7, sp, 0x15b
   1906c: 93 77 f7 00  	andi	a5, a4, 0xf
   19070: ae 97        	add	a5, a5, a1
   19072: 83 c7 07 00  	lbu	a5, 0x0(a5)
   19076: 11 83        	srli	a4, a4, 0x4
   19078: fd 1b        	addi	s7, s7, -0x1
   1907a: 23 80 fb 00  	sb	a5, 0x0(s7)
   1907e: 7d f7        	bnez	a4, 0x1906c <_svfprintf_r+0xebe>
   19080: 93 08 c1 15  	addi	a7, sp, 0x15c
   19084: 3b 8c 78 41  	subw	s8, a7, s7
   19088: 1a 88        	mv	a6, t1
   1908a: 63 53 83 01  	bge	t1, s8, 0x19090 <_svfprintf_r+0xee2>
   1908e: 62 88        	mv	a6, s8
   19090: 9b 0d 08 00  	sext.w	s11, a6
   19094: 02 f0        	sd	zero, 0x20(sp)
   19096: 82 e4        	sd	zero, 0x48(sp)
   19098: 82 e0        	sd	zero, 0x40(sp)
   1909a: 02 f8        	sd	zero, 0x30(sp)
   1909c: 01 45        	li	a0, 0x0
   1909e: 63 02 06 a6  	beqz	a2, 0x18302 <_svfprintf_r+0x154>
   190a2: 4e 7a        	ld	s4, 0xf0(sp)
   190a4: ae 55        	lw	a1, 0xe8(sp)
   190a6: 13 7d 4b 08  	andi	s10, s6, 0x84
   190aa: 89 2d        	addiw	s11, s11, 0x2
   190ac: 52 86        	mv	a2, s4
   190ae: ae 86        	mv	a3, a1
   190b0: 63 0f 0d 2e  	beqz	s10, 0x193ae <_svfprintf_r+0x1200>
   190b4: 09 47        	li	a4, 0x2
   190b6: 63 11 05 a6  	bnez	a0, 0x18318 <_svfprintf_r+0x16a>
   190ba: 6f f0 0f a8  	j	0x1833a <_svfprintf_r+0x18c>
   190be: 36 87        	mv	a4, a3
   190c0: 1b 0c 07 00  	sext.w	s8, a4
   190c4: e3 46 80 cb  	bgtz	s8, 0x18d70 <_svfprintf_r+0xbc2>
   190c8: c9 b1        	j	0x18d8a <_svfprintf_r+0xbdc>
   190ca: 62 88        	mv	a6, s8
   190cc: 6d b8        	j	0x18986 <_svfprintf_r+0x7d8>
   190ce: 7d 53        	li	t1, -0x1
   190d0: 1a 8c        	mv	s8, t1
   190d2: b2 8a        	mv	s5, a2
   190d4: 6f f0 ef 9b  	j	0x18292 <_svfprintf_r+0xe4>
   190d8: e3 1a 03 1c  	bnez	t1, 0x19aac <_svfprintf_r+0x18fe>
   190dc: 03 47 f1 0a  	lbu	a4, 0xaf(sp)
   190e0: 81 4d        	li	s11, 0x0
   190e2: 01 4c        	li	s8, 0x0
   190e4: 93 0b c1 15  	addi	s7, sp, 0x15c
   190e8: 6f f0 af f2  	j	0x18812 <_svfprintf_r+0x664>
   190ec: 62 83        	mv	t1, s8
   190ee: 97 65 00 00  	auipc	a1, 0x6
   190f2: 93 85 a5 c2  	addi	a1, a1, -0x3d6
   190f6: a2 76        	ld	a3, 0x28(sp)
   190f8: 13 77 0b 02  	andi	a4, s6, 0x20
   190fc: 93 87 86 00  	addi	a5, a3, 0x8
   19100: 63 04 07 30  	beqz	a4, 0x19408 <_svfprintf_r+0x125a>
   19104: 98 62        	ld	a4, 0x0(a3)
   19106: 93 76 1b 00  	andi	a3, s6, 0x1
   1910a: 63 8f 06 2a  	beqz	a3, 0x193c8 <_svfprintf_r+0x121a>
   1910e: 63 09 07 40  	beqz	a4, 0x19520 <_svfprintf_r+0x1372>
   19112: 93 06 00 03  	li	a3, 0x30
   19116: a3 08 c1 0b  	sb	t3, 0xb1(sp)
   1911a: a3 07 01 0a  	sb	zero, 0xaf(sp)
   1911e: 23 08 d1 0a  	sb	a3, 0xb0(sp)
   19122: 63 46 03 30  	bltz	t1, 0x1942e <_svfprintf_r+0x1280>
   19126: 13 7f fb b7  	andi	t5, s6, -0x481
   1912a: 01 2f        	sext.w	t5, t5
   1912c: 13 6b 2f 00  	ori	s6, t5, 0x2
   19130: 93 76 f7 00  	andi	a3, a4, 0xf
   19134: ae 96        	add	a3, a3, a1
   19136: 83 c6 06 00  	lbu	a3, 0x0(a3)
   1913a: 13 76 2b 00  	andi	a2, s6, 0x2
   1913e: 3e f4        	sd	a5, 0x28(sp)
   19140: a3 0d d1 14  	sb	a3, 0x15b(sp)
   19144: 11 83        	srli	a4, a4, 0x4
   19146: 0d f3        	bnez	a4, 0x19068 <_svfprintf_r+0xeba>
   19148: 93 0b b1 15  	addi	s7, sp, 0x15b
   1914c: 15 bf        	j	0x19080 <_svfprintf_r+0xed2>
   1914e: c2 65        	ld	a1, 0x10(sp)
   19150: 22 65        	ld	a0, 0x8(sp)
   19152: 90 11        	addi	a2, sp, 0xe0
   19154: ef 20 70 31  	jal	0x1bc6a <__ssprint_r>
   19158: e3 11 05 b4  	bnez	a0, 0x18c9a <_svfprintf_r+0xaec>
   1915c: 4e 7a        	ld	s4, 0xf0(sp)
   1915e: 4e 89        	mv	s2, s3
   19160: 6f f0 4f de  	j	0x18744 <_svfprintf_r+0x596>
   19164: 13 6b 0b 20  	ori	s6, s6, 0x200
   19168: 03 ce 1a 00  	lbu	t3, 0x1(s5)
   1916c: 01 2b        	sext.w	s6, s6
   1916e: 85 0a        	addi	s5, s5, 0x1
   19170: 6f f0 0f 92  	j	0x18290 <_svfprintf_r+0xe2>
   19174: 81 46        	li	a3, 0x0
   19176: 29 b9        	j	0x18d90 <_svfprintf_r+0xbe2>
   19178: 13 6b 0b 02  	ori	s6, s6, 0x20
   1917c: 03 ce 1a 00  	lbu	t3, 0x1(s5)
   19180: 01 2b        	sext.w	s6, s6
   19182: 85 0a        	addi	s5, s5, 0x1
   19184: 6f f0 cf 90  	j	0x18290 <_svfprintf_r+0xe2>
   19188: 62 83        	mv	t1, s8
   1918a: 97 65 00 00  	auipc	a1, 0x6
   1918e: 93 85 65 b7  	addi	a1, a1, -0x48a
   19192: 95 b7        	j	0x190f6 <_svfprintf_r+0xf48>
   19194: 22 65        	ld	a0, 0x8(sp)
   19196: 93 05 00 04  	li	a1, 0x40
   1919a: ef d0 2f af  	jal	0x1648c <_malloc_r>
   1919e: c2 67        	ld	a5, 0x10(sp)
   191a0: 88 e3        	sd	a0, 0x0(a5)
   191a2: 88 ef        	sd	a0, 0x18(a5)
   191a4: 19 e1        	bnez	a0, 0x191aa <_svfprintf_r+0xffc>
   191a6: 6f 10 80 04  	j	0x1a1ee <_svfprintf_r+0x2040>
   191aa: c2 67        	ld	a5, 0x10(sp)
   191ac: 23 3c 91 22  	sd	s1, 0x238(sp)
   191b0: 23 38 21 23  	sd	s2, 0x230(sp)
   191b4: 23 34 31 23  	sd	s3, 0x228(sp)
   191b8: 23 30 41 23  	sd	s4, 0x220(sp)
   191bc: 23 3c 51 21  	sd	s5, 0x218(sp)
   191c0: 23 38 61 21  	sd	s6, 0x210(sp)
   191c4: 23 34 71 21  	sd	s7, 0x208(sp)
   191c8: e6 ff        	sd	s9, 0x1f8(sp)
   191ca: ea fb        	sd	s10, 0x1f0(sp)
   191cc: ee f7        	sd	s11, 0x1e8(sp)
   191ce: 13 07 00 04  	li	a4, 0x40
   191d2: 98 d3        	sw	a4, 0x20(a5)
   191d4: 6f f0 cf 83  	j	0x18210 <_svfprintf_r+0x62>
   191d8: c1 48        	li	a7, 0x10
   191da: 2e 56        	lw	a2, 0xe8(sp)
   191dc: 17 6d 00 00  	auipc	s10, 0x6
   191e0: 13 0d 4d 30  	addi	s10, s10, 0x304
   191e4: e3 d1 88 03  	bge	a7, s8, 0x19a06 <_svfprintf_r+0x1858>
   191e8: d2 87        	mv	a5, s4
   191ea: 46 8e        	mv	t3, a7
   191ec: 6a 8a        	mv	s4, s10
   191ee: 1d 43        	li	t1, 0x7
   191f0: 62 8d        	mv	s10, s8
   191f2: 5e 8c        	mv	s8, s7
   191f4: da 8b        	mv	s7, s6
   191f6: 56 8b        	mv	s6, s5
   191f8: c2 6a        	ld	s5, 0x10(sp)
   191fa: 21 a0        	j	0x19202 <_svfprintf_r+0x1054>
   191fc: 41 3d        	addiw	s10, s10, -0x10
   191fe: 63 5e ae 7f  	bge	t3, s10, 0x199fa <_svfprintf_r+0x184c>
   19202: c1 07        	addi	a5, a5, 0x10
   19204: 05 26        	addiw	a2, a2, 0x1
   19206: 23 30 49 01  	sd	s4, 0x0(s2)
   1920a: 23 34 19 01  	sd	a7, 0x8(s2)
   1920e: be f9        	sd	a5, 0xf0(sp)
   19210: b2 d5        	sw	a2, 0xe8(sp)
   19212: 41 09        	addi	s2, s2, 0x10
   19214: e3 54 c3 fe  	bge	t1, a2, 0x191fc <_svfprintf_r+0x104e>
   19218: 22 65        	ld	a0, 0x8(sp)
   1921a: 90 11        	addi	a2, sp, 0xe0
   1921c: d6 85        	mv	a1, s5
   1921e: ef 20 d0 24  	jal	0x1bc6a <__ssprint_r>
   19222: e3 1c 05 a6  	bnez	a0, 0x18c9a <_svfprintf_r+0xaec>
   19226: 41 4e        	li	t3, 0x10
   19228: ce 77        	ld	a5, 0xf0(sp)
   1922a: 2e 56        	lw	a2, 0xe8(sp)
   1922c: 4e 89        	mv	s2, s3
   1922e: 1d 43        	li	t1, 0x7
   19230: f2 88        	mv	a7, t3
   19232: e9 b7        	j	0x191fc <_svfprintf_r+0x104e>
   19234: 5e 85        	mv	a0, s7
   19236: 72 f0        	sd	t3, 0x20(sp)
   19238: ef 70 df a4  	jal	0x10c84 <strlen>
   1923c: 1b 0c 05 00  	sext.w	s8, a0
   19240: 02 7e        	ld	t3, 0x20(sp)
   19242: 62 87        	mv	a4, s8
   19244: e3 4a 0c 10  	bltz	s8, 0x19b58 <_svfprintf_r+0x19aa>
   19248: 83 46 f1 0a  	lbu	a3, 0xaf(sp)
   1924c: ba 8d        	mv	s11, a4
   1924e: 63 85 06 bc  	beqz	a3, 0x18618 <_svfprintf_r+0x46a>
   19252: 9b 0d 17 00  	addiw	s11, a4, 0x1
   19256: 6f f0 2f bc  	j	0x18618 <_svfprintf_r+0x46a>
   1925a: e2 77        	ld	a5, 0x38(sp)
   1925c: 56 e1        	sd	s5, 0x80(sp)
   1925e: 66 e5        	sd	s9, 0x88(sp)
   19260: de 97        	add	a5, a5, s7
   19262: 3e f8        	sd	a5, 0x30(sp)
   19264: ca 87        	mv	a5, s2
   19266: 06 69        	ld	s2, 0x40(sp)
   19268: 6e ed        	sd	s11, 0x98(sp)
   1926a: 52 86        	mv	a2, s4
   1926c: 5a e9        	sd	s6, 0x90(sp)
   1926e: 26 6a        	ld	s4, 0x48(sp)
   19270: de e4        	sd	s7, 0x48(sp)
   19272: c6 7d        	ld	s11, 0x70(sp)
   19274: ea 8b        	mv	s7, s10
   19276: a2 6a        	ld	s5, 0x8(sp)
   19278: c2 6c        	ld	s9, 0x10(sp)
   1927a: 66 7d        	ld	s10, 0x78(sp)
   1927c: 9d 46        	li	a3, 0x7
   1927e: 41 47        	li	a4, 0x10
   19280: 17 6c 00 00  	auipc	s8, 0x6
   19284: 13 0c 0c 26  	addi	s8, s8, 0x260
   19288: 63 5a 20 07  	blez	s2, 0x192fc <_svfprintf_r+0x114e>
   1928c: 63 53 40 11  	blez	s4, 0x19392 <_svfprintf_r+0x11e4>
   19290: 7d 3a        	addiw	s4, s4, -0x1
   19292: ae 55        	lw	a1, 0xe8(sp)
   19294: 26 75        	ld	a0, 0x68(sp)
   19296: 6a 96        	add	a2, a2, s10
   19298: 85 25        	addiw	a1, a1, 0x1
   1929a: 88 e3        	sd	a0, 0x0(a5)
   1929c: 23 b4 a7 01  	sd	s10, 0x8(a5)
   192a0: b2 f9        	sd	a2, 0xf0(sp)
   192a2: ae d5        	sw	a1, 0xe8(sp)
   192a4: c1 07        	addi	a5, a5, 0x10
   192a6: 63 c8 b6 16  	blt	a3, a1, 0x19416 <_svfprintf_r+0x1268>
   192aa: 42 75        	ld	a0, 0x30(sp)
   192ac: 83 c5 0d 00  	lbu	a1, 0x0(s11)
   192b0: b3 08 75 41  	sub	a7, a0, s7
   192b4: 1b 85 08 00  	sext.w	a0, a7
   192b8: 2e 88        	mv	a6, a1
   192ba: 63 d3 a5 00  	bge	a1, a0, 0x192c0 <_svfprintf_r+0x1112>
   192be: ae 88        	mv	a7, a1
   192c0: 1b 8b 08 00  	sext.w	s6, a7
   192c4: 63 51 60 03  	blez	s6, 0x192e6 <_svfprintf_r+0x1138>
   192c8: ae 55        	lw	a1, 0xe8(sp)
   192ca: 5a 96        	add	a2, a2, s6
   192cc: b2 f9        	sd	a2, 0xf0(sp)
   192ce: 85 25        	addiw	a1, a1, 0x1
   192d0: 23 b0 77 01  	sd	s7, 0x0(a5)
   192d4: 23 b4 67 01  	sd	s6, 0x8(a5)
   192d8: ae d5        	sw	a1, 0xe8(sp)
   192da: 63 c4 b6 2a  	blt	a3, a1, 0x19582 <_svfprintf_r+0x13d4>
   192de: 83 c5 0d 00  	lbu	a1, 0x0(s11)
   192e2: c1 07        	addi	a5, a5, 0x10
   192e4: 2e 88        	mv	a6, a1
   192e6: 5a 85        	mv	a0, s6
   192e8: 63 53 0b 00  	bgez	s6, 0x192ee <_svfprintf_r+0x1140>
   192ec: 01 45        	li	a0, 0x0
   192ee: 3b 0b a8 40  	subw	s6, a6, a0
   192f2: 63 47 60 03  	bgtz	s6, 0x19320 <_svfprintf_r+0x1172>
   192f6: ae 9b        	add	s7, s7, a1
   192f8: e3 4a 20 f9  	bgtz	s2, 0x1928c <_svfprintf_r+0x10de>
   192fc: e3 4a 40 f9  	bgtz	s4, 0x19290 <_svfprintf_r+0x10e2>
   19300: 5e 8d        	mv	s10, s7
   19302: 3e 89        	mv	s2, a5
   19304: a6 6b        	ld	s7, 0x48(sp)
   19306: e2 77        	ld	a5, 0x38(sp)
   19308: ee f8        	sd	s11, 0x70(sp)
   1930a: 8a 6a        	ld	s5, 0x80(sp)
   1930c: 33 87 fb 00  	add	a4, s7, a5
   19310: aa 6c        	ld	s9, 0x88(sp)
   19312: 4a 6b        	ld	s6, 0x90(sp)
   19314: ea 6d        	ld	s11, 0x98(sp)
   19316: 32 8a        	mv	s4, a2
   19318: e3 78 a7 a9  	bgeu	a4, s10, 0x18da8 <_svfprintf_r+0xbfa>
   1931c: 3a 8d        	mv	s10, a4
   1931e: 69 b4        	j	0x18da8 <_svfprintf_r+0xbfa>
   19320: ae 55        	lw	a1, 0xe8(sp)
   19322: 97 68 00 00  	auipc	a7, 0x6
   19326: 93 88 e8 1b  	addi	a7, a7, 0x1be
   1932a: 63 55 67 05  	bge	a4, s6, 0x19374 <_svfprintf_r+0x11c6>
   1932e: ca e0        	sd	s2, 0x40(sp)
   19330: 5a 89        	mv	s2, s6
   19332: 46 8b        	mv	s6, a7
   19334: 21 a0        	j	0x1933c <_svfprintf_r+0x118e>
   19336: 41 39        	addiw	s2, s2, -0x10
   19338: 63 5b 27 03  	bge	a4, s2, 0x1936e <_svfprintf_r+0x11c0>
   1933c: 41 06        	addi	a2, a2, 0x10
   1933e: 85 25        	addiw	a1, a1, 0x1
   19340: 23 b0 87 01  	sd	s8, 0x0(a5)
   19344: 98 e7        	sd	a4, 0x8(a5)
   19346: b2 f9        	sd	a2, 0xf0(sp)
   19348: ae d5        	sw	a1, 0xe8(sp)
   1934a: c1 07        	addi	a5, a5, 0x10
   1934c: e3 d5 b6 fe  	bge	a3, a1, 0x19336 <_svfprintf_r+0x1188>
   19350: 90 11        	addi	a2, sp, 0xe0
   19352: e6 85        	mv	a1, s9
   19354: 56 85        	mv	a0, s5
   19356: ef 20 50 11  	jal	0x1bc6a <__ssprint_r>
   1935a: e3 10 05 94  	bnez	a0, 0x18c9a <_svfprintf_r+0xaec>
   1935e: 41 47        	li	a4, 0x10
   19360: 41 39        	addiw	s2, s2, -0x10
   19362: 4e 76        	ld	a2, 0xf0(sp)
   19364: ae 55        	lw	a1, 0xe8(sp)
   19366: ce 87        	mv	a5, s3
   19368: 9d 46        	li	a3, 0x7
   1936a: e3 49 27 fd  	blt	a4, s2, 0x1933c <_svfprintf_r+0x118e>
   1936e: da 88        	mv	a7, s6
   19370: 4a 8b        	mv	s6, s2
   19372: 06 69        	ld	s2, 0x40(sp)
   19374: 5a 96        	add	a2, a2, s6
   19376: 85 25        	addiw	a1, a1, 0x1
   19378: b2 f9        	sd	a2, 0xf0(sp)
   1937a: ae d5        	sw	a1, 0xe8(sp)
   1937c: 23 b0 17 01  	sd	a7, 0x0(a5)
   19380: 23 b4 67 01  	sd	s6, 0x8(a5)
   19384: e3 c8 b6 20  	blt	a3, a1, 0x19d94 <_svfprintf_r+0x1be6>
   19388: 83 c5 0d 00  	lbu	a1, 0x0(s11)
   1938c: c1 07        	addi	a5, a5, 0x10
   1938e: ae 9b        	add	s7, s7, a1
   19390: a5 b7        	j	0x192f8 <_svfprintf_r+0x114a>
   19392: fd 1d        	addi	s11, s11, -0x1
   19394: 7d 39        	addiw	s2, s2, -0x1
   19396: f5 bd        	j	0x19292 <_svfprintf_r+0x10e4>
   19398: 2a 8b        	mv	s6, a0
   1939a: 3e f4        	sd	a5, 0x28(sp)
   1939c: 01 4c        	li	s8, 0x0
   1939e: 82 e4        	sd	zero, 0x48(sp)
   193a0: 82 e0        	sd	zero, 0x40(sp)
   193a2: 13 0e 80 07  	li	t3, 0x78
   193a6: 93 0b c1 15  	addi	s7, sp, 0x15c
   193aa: 01 45        	li	a0, 0x0
   193ac: 89 4d        	li	s11, 0x2
   193ae: 3b 87 bc 41  	subw	a4, s9, s11
   193b2: 63 49 e0 00  	bgtz	a4, 0x193c4 <_svfprintf_r+0x1216>
   193b6: 01 4d        	li	s10, 0x0
   193b8: 19 e1        	bnez	a0, 0x193be <_svfprintf_r+0x1210>
   193ba: 6f e0 1f f8  	j	0x1833a <_svfprintf_r+0x18c>
   193be: 09 47        	li	a4, 0x2
   193c0: 6f e0 9f f5  	j	0x18318 <_svfprintf_r+0x16a>
   193c4: 09 4d        	li	s10, 0x2
   193c6: 75 bc        	j	0x18e82 <_svfprintf_r+0xcd4>
   193c8: a3 07 01 0a  	sb	zero, 0xaf(sp)
   193cc: 63 45 03 06  	bltz	t1, 0x19436 <_svfprintf_r+0x1288>
   193d0: 13 7f fb b7  	andi	t5, s6, -0x481
   193d4: 1b 0b 0f 00  	sext.w	s6, t5
   193d8: e3 1c 07 d4  	bnez	a4, 0x19130 <_svfprintf_r+0xf82>
   193dc: 63 0a 03 06  	beqz	t1, 0x19450 <_svfprintf_r+0x12a2>
   193e0: 03 c7 05 00  	lbu	a4, 0x0(a1)
   193e4: 1a 88        	mv	a6, t1
   193e6: a3 0d e1 14  	sb	a4, 0x15b(sp)
   193ea: 63 43 60 00  	bgtz	t1, 0x193f0 <_svfprintf_r+0x1242>
   193ee: 05 48        	li	a6, 0x1
   193f0: 9b 0d 08 00  	sext.w	s11, a6
   193f4: 3e f4        	sd	a5, 0x28(sp)
   193f6: 02 f0        	sd	zero, 0x20(sp)
   193f8: 05 4c        	li	s8, 0x1
   193fa: 82 e4        	sd	zero, 0x48(sp)
   193fc: 82 e0        	sd	zero, 0x40(sp)
   193fe: 02 f8        	sd	zero, 0x30(sp)
   19400: 93 0b b1 15  	addi	s7, sp, 0x15b
   19404: 6f e0 ff ef  	j	0x18302 <_svfprintf_r+0x154>
   19408: 13 77 0b 01  	andi	a4, s6, 0x10
   1940c: 63 03 07 12  	beqz	a4, 0x19532 <_svfprintf_r+0x1384>
   19410: 22 77        	ld	a4, 0x28(sp)
   19412: 18 63        	ld	a4, 0x0(a4)
   19414: cd b9        	j	0x19106 <_svfprintf_r+0xf58>
   19416: 90 11        	addi	a2, sp, 0xe0
   19418: e6 85        	mv	a1, s9
   1941a: 56 85        	mv	a0, s5
   1941c: ef 20 f0 04  	jal	0x1bc6a <__ssprint_r>
   19420: e3 1d 05 86  	bnez	a0, 0x18c9a <_svfprintf_r+0xaec>
   19424: 4e 76        	ld	a2, 0xf0(sp)
   19426: ce 87        	mv	a5, s3
   19428: 41 47        	li	a4, 0x10
   1942a: 9d 46        	li	a3, 0x7
   1942c: bd bd        	j	0x192aa <_svfprintf_r+0x10fc>
   1942e: 13 6f 2b 00  	ori	t5, s6, 0x2
   19432: 1b 0b 0f 00  	sext.w	s6, t5
   19436: 93 76 f7 00  	andi	a3, a4, 0xf
   1943a: ae 96        	add	a3, a3, a1
   1943c: 13 75 fb bf  	andi	a0, s6, -0x401
   19440: 13 76 2b 00  	andi	a2, s6, 0x2
   19444: 83 c6 06 00  	lbu	a3, 0x0(a3)
   19448: 3e f4        	sd	a5, 0x28(sp)
   1944a: 1b 0b 05 00  	sext.w	s6, a0
   1944e: cd b9        	j	0x19140 <_svfprintf_r+0xf92>
   19450: 3e f4        	sd	a5, 0x28(sp)
   19452: 01 4c        	li	s8, 0x0
   19454: 81 4d        	li	s11, 0x0
   19456: 93 0b c1 15  	addi	s7, sp, 0x15c
   1945a: 6f f0 2f d3  	j	0x1898c <_svfprintf_r+0x7de>
   1945e: c2 65        	ld	a1, 0x10(sp)
   19460: 22 65        	ld	a0, 0x8(sp)
   19462: 90 11        	addi	a2, sp, 0xe0
   19464: 1a e5        	sd	t1, 0x88(sp)
   19466: 72 e1        	sd	t3, 0x80(sp)
   19468: ef 20 30 00  	jal	0x1bc6a <__ssprint_r>
   1946c: e3 17 05 82  	bnez	a0, 0x18c9a <_svfprintf_r+0xaec>
   19470: 03 47 f1 0a  	lbu	a4, 0xaf(sp)
   19474: 4e 7a        	ld	s4, 0xf0(sp)
   19476: 0a 6e        	ld	t3, 0x80(sp)
   19478: 2a 63        	ld	t1, 0x88(sp)
   1947a: 63 07 07 1c  	beqz	a4, 0x19648 <_svfprintf_r+0x149a>
   1947e: 6a 87        	mv	a4, s10
   19480: ae 55        	lw	a1, 0xe8(sp)
   19482: 01 4d        	li	s10, 0x0
   19484: 4e 89        	mv	s2, s3
   19486: 6f e0 3f e9  	j	0x18318 <_svfprintf_r+0x16a>
   1948a: 01 4c        	li	s8, 0x0
   1948c: 93 0b c1 15  	addi	s7, sp, 0x15c
   19490: 6f f0 cf cf  	j	0x1898c <_svfprintf_r+0x7de>
   19494: 2e 57        	lw	a4, 0xe8(sp)
   19496: 85 46        	li	a3, 0x1
   19498: 05 0a        	addi	s4, s4, 0x1
   1949a: 97 65 00 00  	auipc	a1, 0x6
   1949e: 93 85 e5 89  	addi	a1, a1, -0x762
   194a2: 05 27        	addiw	a4, a4, 0x1
   194a4: 23 34 d9 00  	sd	a3, 0x8(s2)
   194a8: 23 30 b9 00  	sd	a1, 0x0(s2)
   194ac: d2 f9        	sd	s4, 0xf0(sp)
   194ae: ba d5        	sw	a4, 0xe8(sp)
   194b0: 9d 46        	li	a3, 0x7
   194b2: 41 09        	addi	s2, s2, 0x10
   194b4: 63 cb e6 04  	blt	a3, a4, 0x1950a <_svfprintf_r+0x135c>
   194b8: 63 1f 06 18  	bnez	a2, 0x19656 <_svfprintf_r+0x14a8>
   194bc: e2 77        	ld	a5, 0x38(sp)
   194be: 13 77 1b 00  	andi	a4, s6, 0x1
   194c2: 5d 8f        	or	a4, a4, a5
   194c4: 01 27        	sext.w	a4, a4
   194c6: 19 e3        	bnez	a4, 0x194cc <_svfprintf_r+0x131e>
   194c8: 6f e0 1f ec  	j	0x18388 <_svfprintf_r+0x1da>
   194cc: ae 56        	lw	a3, 0xe8(sp)
   194ce: c6 67        	ld	a5, 0x50(sp)
   194d0: 66 67        	ld	a4, 0x58(sp)
   194d2: 85 26        	addiw	a3, a3, 0x1
   194d4: 3e 9a        	add	s4, s4, a5
   194d6: 23 30 e9 00  	sd	a4, 0x0(s2)
   194da: d2 f9        	sd	s4, 0xf0(sp)
   194dc: 23 34 f9 00  	sd	a5, 0x8(s2)
   194e0: b6 d5        	sw	a3, 0xe8(sp)
   194e2: 1d 47        	li	a4, 0x7
   194e4: 63 4f d7 6a  	blt	a4, a3, 0x19ba2 <_svfprintf_r+0x19f4>
   194e8: 41 09        	addi	s2, s2, 0x10
   194ea: e2 77        	ld	a5, 0x38(sp)
   194ec: 85 26        	addiw	a3, a3, 0x1
   194ee: b6 d5        	sw	a3, 0xe8(sp)
   194f0: 3e 9a        	add	s4, s4, a5
   194f2: 23 34 f9 00  	sd	a5, 0x8(s2)
   194f6: d2 f9        	sd	s4, 0xf0(sp)
   194f8: 23 30 79 01  	sd	s7, 0x0(s2)
   194fc: 9d 47        	li	a5, 0x7
   194fe: 63 c4 d7 00  	blt	a5, a3, 0x19506 <_svfprintf_r+0x1358>
   19502: 6f e0 5f e8  	j	0x18386 <_svfprintf_r+0x1d8>
   19506: 6f f0 af 89  	j	0x185a0 <_svfprintf_r+0x3f2>
   1950a: c2 65        	ld	a1, 0x10(sp)
   1950c: 22 65        	ld	a0, 0x8(sp)
   1950e: 90 11        	addi	a2, sp, 0xe0
   19510: ef 20 a0 75  	jal	0x1bc6a <__ssprint_r>
   19514: 63 13 05 f8  	bnez	a0, 0x18c9a <_svfprintf_r+0xaec>
   19518: 6a 56        	lw	a2, 0xb8(sp)
   1951a: 4e 7a        	ld	s4, 0xf0(sp)
   1951c: 4e 89        	mv	s2, s3
   1951e: 69 bf        	j	0x194b8 <_svfprintf_r+0x130a>
   19520: a3 07 01 0a  	sb	zero, 0xaf(sp)
   19524: 63 48 03 50  	bltz	t1, 0x19a34 <_svfprintf_r+0x1886>
   19528: 13 7f fb b7  	andi	t5, s6, -0x481
   1952c: 1b 0b 0f 00  	sext.w	s6, t5
   19530: 75 b5        	j	0x193dc <_svfprintf_r+0x122e>
   19532: 22 77        	ld	a4, 0x28(sp)
   19534: 93 76 0b 04  	andi	a3, s6, 0x40
   19538: 18 43        	lw	a4, 0x0(a4)
   1953a: 63 87 06 18  	beqz	a3, 0x196c8 <_svfprintf_r+0x151a>
   1953e: 42 17        	slli	a4, a4, 0x30
   19540: 41 93        	srli	a4, a4, 0x30
   19542: d1 b6        	j	0x19106 <_svfprintf_r+0xf58>
   19544: c2 65        	ld	a1, 0x10(sp)
   19546: 22 65        	ld	a0, 0x8(sp)
   19548: 90 11        	addi	a2, sp, 0xe0
   1954a: ef 20 00 72  	jal	0x1bc6a <__ssprint_r>
   1954e: 63 16 05 f4  	bnez	a0, 0x18c9a <_svfprintf_r+0xaec>
   19552: 4e 7a        	ld	s4, 0xf0(sp)
   19554: 4e 89        	mv	s2, s3
   19556: 6f f0 8f 9c  	j	0x1871e <_svfprintf_r+0x570>
   1955a: da 8a        	mv	s5, s6
   1955c: 62 8b        	mv	s6, s8
   1955e: 6a 8c        	mv	s8, s10
   19560: 52 8d        	mv	s10, s4
   19562: 3a 8a        	mv	s4, a4
   19564: 62 9a        	add	s4, s4, s8
   19566: 85 27        	addiw	a5, a5, 0x1
   19568: d2 f9        	sd	s4, 0xf0(sp)
   1956a: be d5        	sw	a5, 0xe8(sp)
   1956c: 23 30 a9 01  	sd	s10, 0x0(s2)
   19570: 23 34 89 01  	sd	s8, 0x8(s2)
   19574: 1d 47        	li	a4, 0x7
   19576: 63 44 f7 00  	blt	a4, a5, 0x1957e <_svfprintf_r+0x13d0>
   1957a: 6f e0 df e0  	j	0x18386 <_svfprintf_r+0x1d8>
   1957e: 6f f0 2f 82  	j	0x185a0 <_svfprintf_r+0x3f2>
   19582: 90 11        	addi	a2, sp, 0xe0
   19584: e6 85        	mv	a1, s9
   19586: 56 85        	mv	a0, s5
   19588: ef 20 20 6e  	jal	0x1bc6a <__ssprint_r>
   1958c: 63 17 05 f0  	bnez	a0, 0x18c9a <_svfprintf_r+0xaec>
   19590: 83 c5 0d 00  	lbu	a1, 0x0(s11)
   19594: 4e 76        	ld	a2, 0xf0(sp)
   19596: ce 87        	mv	a5, s3
   19598: 2e 88        	mv	a6, a1
   1959a: 41 47        	li	a4, 0x10
   1959c: 9d 46        	li	a3, 0x7
   1959e: a1 b3        	j	0x192e6 <_svfprintf_r+0x1138>
   195a0: 4e 65        	ld	a0, 0xd0(sp)
   195a2: ee 65        	ld	a1, 0xd8(sp)
   195a4: 13 7f fb f7  	andi	t5, s6, -0x81
   195a8: 01 46        	li	a2, 0x0
   195aa: 81 46        	li	a3, 0x0
   195ac: 1b 0b 0f 00  	sext.w	s6, t5
   195b0: ef 40 40 01  	jal	0x1d5c4 <__lttf2>
   195b4: 02 7e        	ld	t3, 0x20(sp)
   195b6: e3 4a 05 06  	bltz	a0, 0x19e2a <_svfprintf_r+0x1c7c>
   195ba: 93 06 70 04  	li	a3, 0x47
   195be: 03 47 f1 0a  	lbu	a4, 0xaf(sp)
   195c2: 97 5b 00 00  	auipc	s7, 0x5
   195c6: 93 8b eb 71  	addi	s7, s7, 0x71e
   195ca: 63 d6 c6 01  	bge	a3, t3, 0x195d6 <_svfprintf_r+0x1428>
   195ce: 97 5b 00 00  	auipc	s7, 0x5
   195d2: 93 8b ab 71  	addi	s7, s7, 0x71a
   195d6: 63 19 07 6e  	bnez	a4, 0x19cc8 <_svfprintf_r+0x1b1a>
   195da: 0d 4c        	li	s8, 0x3
   195dc: e2 8d        	mv	s11, s8
   195de: 6f f0 cf 83  	j	0x1861a <_svfprintf_r+0x46c>
   195e2: 13 76 f7 00  	andi	a2, a4, 0xf
   195e6: 97 55 00 00  	auipc	a1, 0x5
   195ea: 93 85 a5 71  	addi	a1, a1, 0x71a
   195ee: 2e 96        	add	a2, a2, a1
   195f0: 83 46 06 00  	lbu	a3, 0x0(a2)
   195f4: 2a 8b        	mv	s6, a0
   195f6: 09 46        	li	a2, 0x2
   195f8: 13 0e 80 07  	li	t3, 0x78
   195fc: 89 b6        	j	0x1913e <_svfprintf_r+0xf90>
   195fe: 99 47        	li	a5, 0x6
   19600: 62 88        	mv	a6, s8
   19602: 63 e8 87 4d  	bltu	a5, s8, 0x19ad2 <_svfprintf_r+0x1924>
   19606: 9b 0d 08 00  	sext.w	s11, a6
   1960a: 6a f4        	sd	s10, 0x28(sp)
   1960c: 6e 8c        	mv	s8, s11
   1960e: 02 f0        	sd	zero, 0x20(sp)
   19610: 01 43        	li	t1, 0x0
   19612: 82 e4        	sd	zero, 0x48(sp)
   19614: 82 e0        	sd	zero, 0x40(sp)
   19616: 02 f8        	sd	zero, 0x30(sp)
   19618: 97 5b 00 00  	auipc	s7, 0x5
   1961c: 93 8b 8b 71  	addi	s7, s7, 0x718
   19620: 6f e0 3f ce  	j	0x18302 <_svfprintf_r+0x154>
   19624: ca 87        	mv	a5, s2
   19626: 3a 8a        	mv	s4, a4
   19628: 6a 89        	mv	s2, s10
   1962a: 3e 8d        	mv	s10, a5
   1962c: 4a 9a        	add	s4, s4, s2
   1962e: 05 2c        	addiw	s8, s8, 0x1
   19630: d2 f9        	sd	s4, 0xf0(sp)
   19632: e2 d5        	sw	s8, 0xe8(sp)
   19634: 23 b0 a8 01  	sd	s10, 0x0(a7)
   19638: 23 b4 28 01  	sd	s2, 0x8(a7)
   1963c: 9d 47        	li	a5, 0x7
   1963e: 63 c4 87 01  	blt	a5, s8, 0x19646 <_svfprintf_r+0x1498>
   19642: 6f e0 ff f3  	j	0x18580 <_svfprintf_r+0x3d2>
   19646: e5 b0        	j	0x18f2e <_svfprintf_r+0xd80>
   19648: 63 09 0d 4a  	beqz	s10, 0x19afa <_svfprintf_r+0x194c>
   1964c: ae 55        	lw	a1, 0xe8(sp)
   1964e: 01 4d        	li	s10, 0x0
   19650: 4e 89        	mv	s2, s3
   19652: 6f e0 9f ce  	j	0x1833a <_svfprintf_r+0x18c>
   19656: ae 56        	lw	a3, 0xe8(sp)
   19658: c6 67        	ld	a5, 0x50(sp)
   1965a: 66 67        	ld	a4, 0x58(sp)
   1965c: 85 26        	addiw	a3, a3, 0x1
   1965e: 3e 9a        	add	s4, s4, a5
   19660: 23 30 e9 00  	sd	a4, 0x0(s2)
   19664: 23 34 f9 00  	sd	a5, 0x8(s2)
   19668: d2 f9        	sd	s4, 0xf0(sp)
   1966a: b6 d5        	sw	a3, 0xe8(sp)
   1966c: 1d 47        	li	a4, 0x7
   1966e: 41 09        	addi	s2, s2, 0x10
   19670: 63 49 d7 52  	blt	a4, a3, 0x19ba2 <_svfprintf_r+0x19f4>
   19674: e3 5b 06 e6  	bgez	a2, 0x194ea <_svfprintf_r+0x133c>
   19678: 41 57        	li	a4, -0x10
   1967a: 3b 0c c0 40  	negw	s8, a2
   1967e: 17 6d 00 00  	auipc	s10, 0x6
   19682: 13 0d 2d e6  	addi	s10, s10, -0x19e
   19686: c1 48        	li	a7, 0x10
   19688: 1d 43        	li	t1, 0x7
   1968a: 63 47 e6 00  	blt	a2, a4, 0x19698 <_svfprintf_r+0x14ea>
   1968e: 6f 00 d0 0e  	j	0x19f7a <_svfprintf_r+0x1dcc>
   19692: 41 3c        	addiw	s8, s8, -0x10
   19694: e3 d3 88 0f  	bge	a7, s8, 0x19f7a <_svfprintf_r+0x1dcc>
   19698: 41 0a        	addi	s4, s4, 0x10
   1969a: 85 26        	addiw	a3, a3, 0x1
   1969c: 23 30 a9 01  	sd	s10, 0x0(s2)
   196a0: 23 34 19 01  	sd	a7, 0x8(s2)
   196a4: d2 f9        	sd	s4, 0xf0(sp)
   196a6: b6 d5        	sw	a3, 0xe8(sp)
   196a8: 41 09        	addi	s2, s2, 0x10
   196aa: e3 54 d3 fe  	bge	t1, a3, 0x19692 <_svfprintf_r+0x14e4>
   196ae: c2 65        	ld	a1, 0x10(sp)
   196b0: 22 65        	ld	a0, 0x8(sp)
   196b2: 90 11        	addi	a2, sp, 0xe0
   196b4: ef 20 60 5b  	jal	0x1bc6a <__ssprint_r>
   196b8: 63 11 05 de  	bnez	a0, 0x18c9a <_svfprintf_r+0xaec>
   196bc: 4e 7a        	ld	s4, 0xf0(sp)
   196be: ae 56        	lw	a3, 0xe8(sp)
   196c0: 4e 89        	mv	s2, s3
   196c2: 1d 43        	li	t1, 0x7
   196c4: c1 48        	li	a7, 0x10
   196c6: f1 b7        	j	0x19692 <_svfprintf_r+0x14e4>
   196c8: 93 76 0b 20  	andi	a3, s6, 0x200
   196cc: 63 8c 06 46  	beqz	a3, 0x19b44 <_svfprintf_r+0x1996>
   196d0: 13 77 f7 0f  	andi	a4, a4, 0xff
   196d4: 0d bc        	j	0x19106 <_svfprintf_r+0xf58>
   196d6: 93 76 0b 20  	andi	a3, s6, 0x200
   196da: 63 8b 06 44  	beqz	a3, 0x19b30 <_svfprintf_r+0x1982>
   196de: 13 77 f7 0f  	andi	a4, a4, 0xff
   196e2: 3e f4        	sd	a5, 0x28(sp)
   196e4: 5a 88        	mv	a6, s6
   196e6: 6f f0 0f a3  	j	0x18916 <_svfprintf_r+0x768>
   196ea: 13 77 0b 20  	andi	a4, s6, 0x200
   196ee: 63 07 07 44  	beqz	a4, 0x19b3c <_svfprintf_r+0x198e>
   196f2: 1b 1a 8a 01  	slliw	s4, s4, 0x18
   196f6: 1b 5a 8a 41  	sraiw	s4, s4, 0x18
   196fa: 3e f4        	sd	a5, 0x28(sp)
   196fc: 52 87        	mv	a4, s4
   196fe: 6f f0 8f 8d  	j	0x187d6 <_svfprintf_r+0x628>
   19702: 93 77 0b 20  	andi	a5, s6, 0x200
   19706: a3 07 01 0a  	sb	zero, 0xaf(sp)
   1970a: 63 8a 07 40  	beqz	a5, 0x19b1e <_svfprintf_r+0x1970>
   1970e: 13 7a fa 0f  	andi	s4, s4, 0xff
   19712: 63 5d 0c b0  	bgez	s8, 0x18a2c <_svfprintf_r+0x87e>
   19716: 6f f0 af be  	j	0x18b00 <_svfprintf_r+0x952>
   1971a: 93 07 80 07  	li	a5, 0x78
   1971e: a3 08 f1 0a  	sb	a5, 0xb1(sp)
   19722: 93 67 2b 00  	ori	a5, s6, 0x2
   19726: 13 07 00 03  	li	a4, 0x30
   1972a: 81 27        	sext.w	a5, a5
   1972c: 23 08 e1 0a  	sb	a4, 0xb0(sp)
   19730: be e0        	sd	a5, 0x40(sp)
   19732: 13 07 30 06  	li	a4, 0x63
   19736: 63 44 67 48  	blt	a4, t1, 0x19bbe <_svfprintf_r+0x1a10>
   1973a: ce 67        	ld	a5, 0xd0(sp)
   1973c: 6e 6a        	ld	s4, 0xd8(sp)
   1973e: 13 6f 2b 10  	ori	t5, s6, 0x102
   19742: 1b 0b 0f 00  	sext.w	s6, t5
   19746: be 8d        	mv	s11, a5
   19748: 63 47 0a 66  	bltz	s4, 0x19db6 <_svfprintf_r+0x1c08>
   1974c: 9b 06 fe fb  	addiw	a3, t3, -0x41
   19750: 02 f0        	sd	zero, 0x20(sp)
   19752: 93 0b 81 0f  	addi	s7, sp, 0xf8
   19756: 02 e1        	sd	zero, 0x80(sp)
   19758: 13 06 00 02  	li	a2, 0x20
   1975c: 13 17 06 02  	slli	a4, a2, 0x20
   19760: 05 4c        	li	s8, 0x1
   19762: 32 97        	add	a4, a4, a2
   19764: b3 16 dc 00  	sll	a3, s8, a3
   19768: 75 8f        	and	a4, a4, a3
   1976a: 63 1e 07 56  	bnez	a4, 0x19ce6 <_svfprintf_r+0x1b38>
   1976e: 41 46        	li	a2, 0x10
   19770: 13 17 06 02  	slli	a4, a2, 0x20
   19774: 32 97        	add	a4, a4, a2
   19776: 75 8f        	and	a4, a4, a3
   19778: e3 19 07 02  	bnez	a4, 0x19faa <_svfprintf_r+0x1dfc>
   1977c: 13 17 0c 02  	slli	a4, s8, 0x20
   19780: 62 97        	add	a4, a4, s8
   19782: 75 8f        	and	a4, a4, a3
   19784: e3 06 07 04  	beqz	a4, 0x19fd0 <_svfprintf_r+0x1e22>
   19788: d2 85        	mv	a1, s4
   1978a: 6e 85        	mv	a0, s11
   1978c: 1a fc        	sd	t1, 0x38(sp)
   1978e: 72 f8        	sd	t3, 0x30(sp)
   19790: ef 40 d0 69  	jal	0x1e62c <__trunctfdf2>
   19794: 28 19        	addi	a0, sp, 0xb8
   19796: ef e0 8f ee  	jal	0x17e7e <frexp>
   1979a: ef 40 f0 5c  	jal	0x1e568 <__extenddftf2>
   1979e: 17 67 00 00  	auipc	a4, 0x6
   197a2: 13 07 27 81  	addi	a4, a4, -0x7ee
   197a6: 10 63        	ld	a2, 0x0(a4)
   197a8: 14 67        	ld	a3, 0x8(a4)
   197aa: ef 30 90 6b  	jal	0x1d662 <__multf3>
   197ae: 01 46        	li	a2, 0x0
   197b0: 81 46        	li	a3, 0x0
   197b2: 2a 8d        	mv	s10, a0
   197b4: 2e 8a        	mv	s4, a1
   197b6: ef 30 d0 4c  	jal	0x1d482 <__netf2>
   197ba: 42 7e        	ld	t3, 0x30(sp)
   197bc: 62 73        	ld	t1, 0x38(sp)
   197be: 11 e1        	bnez	a0, 0x197c2 <_svfprintf_r+0x1614>
   197c0: 62 dd        	sw	s8, 0xb8(sp)
   197c2: 13 07 10 06  	li	a4, 0x61
   197c6: 17 5c 00 00  	auipc	s8, 0x5
   197ca: 13 0c 2c 55  	addi	s8, s8, 0x552
   197ce: 63 16 ee 00  	bne	t3, a4, 0x197da <_svfprintf_r+0x162c>
   197d2: 17 5c 00 00  	auipc	s8, 0x5
   197d6: 13 0c ec 52  	addi	s8, s8, 0x52e
   197da: 97 56 00 00  	auipc	a3, 0x5
   197de: 93 86 66 7e  	addi	a3, a3, 0x7e6
   197e2: 9c 62        	ld	a5, 0x0(a3)
   197e4: 13 17 03 02  	slli	a4, t1, 0x20
   197e8: 01 93        	srli	a4, a4, 0x20
   197ea: 3e f8        	sd	a5, 0x30(sp)
   197ec: 9c 66        	ld	a5, 0x8(a3)
   197ee: 05 07        	addi	a4, a4, 0x1
   197f0: d6 e4        	sd	s5, 0x48(sp)
   197f2: 3e fc        	sd	a5, 0x38(sp)
   197f4: b3 87 eb 00  	add	a5, s7, a4
   197f8: ca f0        	sd	s2, 0x60(sp)
   197fa: de 8a        	mv	s5, s7
   197fc: de 8d        	mv	s11, s7
   197fe: 3e 89        	mv	s2, a5
   19800: 72 e5        	sd	t3, 0x88(sp)
   19802: 9a 8b        	mv	s7, t1
   19804: 39 a0        	j	0x19812 <_svfprintf_r+0x1664>
   19806: 01 46        	li	a2, 0x0
   19808: 81 46        	li	a3, 0x0
   1980a: ef 30 90 47  	jal	0x1d482 <__netf2>
   1980e: e3 00 05 10  	beqz	a0, 0x1a10e <_svfprintf_r+0x1f60>
   19812: 42 76        	ld	a2, 0x30(sp)
   19814: e2 76        	ld	a3, 0x38(sp)
   19816: 6a 85        	mv	a0, s10
   19818: d2 85        	mv	a1, s4
   1981a: ef 30 90 64  	jal	0x1d662 <__multf3>
   1981e: 2e 8a        	mv	s4, a1
   19820: 2a 8d        	mv	s10, a0
   19822: ef 40 90 46  	jal	0x1e48a <__fixtfsi>
   19826: 1b 0b 05 00  	sext.w	s6, a0
   1982a: 5a 85        	mv	a0, s6
   1982c: ef 40 b0 4e  	jal	0x1e516 <__floatsitf>
   19830: ae 86        	mv	a3, a1
   19832: 2a 86        	mv	a2, a0
   19834: d2 85        	mv	a1, s4
   19836: 6a 85        	mv	a0, s10
   19838: ef 40 60 42  	jal	0x1dc5e <__subtf3>
   1983c: b3 07 6c 01  	add	a5, s8, s6
   19840: 83 c6 07 00  	lbu	a3, 0x0(a5)
   19844: d6 87        	mv	a5, s5
   19846: 85 0a        	addi	s5, s5, 0x1
   19848: a3 8f da fe  	sb	a3, -0x1(s5)
   1984c: 2a 8d        	mv	s10, a0
   1984e: 2e 8a        	mv	s4, a1
   19850: e3 1b 59 fb  	bne	s2, s5, 0x19806 <_svfprintf_r+0x1658>
   19854: 97 56 00 00  	auipc	a3, 0x5
   19858: 93 86 c6 77  	addi	a3, a3, 0x77c
   1985c: 2a 6e        	ld	t3, 0x88(sp)
   1985e: 90 62        	ld	a2, 0x0(a3)
   19860: 94 66        	ld	a3, 0x8(a3)
   19862: 72 fc        	sd	t3, 0x38(sp)
   19864: 3e f8        	sd	a5, 0x30(sp)
   19866: 06 79        	ld	s2, 0x60(sp)
   19868: ee 8b        	mv	s7, s11
   1986a: b2 f0        	sd	a2, 0x60(sp)
   1986c: da 8d        	mv	s11, s6
   1986e: 56 8b        	mv	s6, s5
   19870: a6 6a        	ld	s5, 0x48(sp)
   19872: b6 e4        	sd	a3, 0x48(sp)
   19874: ef 30 30 4b  	jal	0x1d526 <__gttf2>
   19878: c2 77        	ld	a5, 0x30(sp)
   1987a: 62 7e        	ld	t3, 0x38(sp)
   1987c: 63 40 a0 02  	bgtz	a0, 0x1989c <_svfprintf_r+0x16ee>
   19880: 06 76        	ld	a2, 0x60(sp)
   19882: a6 66        	ld	a3, 0x48(sp)
   19884: 6a 85        	mv	a0, s10
   19886: d2 85        	mv	a1, s4
   19888: 72 f8        	sd	t3, 0x30(sp)
   1988a: 3e fc        	sd	a5, 0x38(sp)
   1988c: ef 30 70 3f  	jal	0x1d482 <__netf2>
   19890: 42 7e        	ld	t3, 0x30(sp)
   19892: 31 e1        	bnez	a0, 0x198d6 <_svfprintf_r+0x1728>
   19894: 13 f7 1d 00  	andi	a4, s11, 0x1
   19898: e2 77        	ld	a5, 0x38(sp)
   1989a: 15 cf        	beqz	a4, 0x198d6 <_svfprintf_r+0x1728>
   1989c: be e5        	sd	a5, 0xc8(sp)
   1989e: 83 46 fb ff  	lbu	a3, -0x1(s6)
   198a2: 03 46 fc 00  	lbu	a2, 0xf(s8)
   198a6: 5a 87        	mv	a4, s6
   198a8: 63 9e c6 00  	bne	a3, a2, 0x198c4 <_svfprintf_r+0x1716>
   198ac: 93 05 00 03  	li	a1, 0x30
   198b0: a3 0f b7 fe  	sb	a1, -0x1(a4)
   198b4: 2e 67        	ld	a4, 0xc8(sp)
   198b6: 93 07 f7 ff  	addi	a5, a4, -0x1
   198ba: be e5        	sd	a5, 0xc8(sp)
   198bc: 83 46 f7 ff  	lbu	a3, -0x1(a4)
   198c0: e3 88 c6 fe  	beq	a3, a2, 0x198b0 <_svfprintf_r+0x1702>
   198c4: 13 06 90 03  	li	a2, 0x39
   198c8: e3 8e c6 08  	beq	a3, a2, 0x1a164 <_svfprintf_r+0x1fb6>
   198cc: 85 26        	addiw	a3, a3, 0x1
   198ce: 93 f6 f6 0f  	andi	a3, a3, 0xff
   198d2: a3 0f d7 fe  	sb	a3, -0x1(a4)
   198d6: ea 57        	lw	a5, 0xb8(sp)
   198d8: 3b 07 7b 41  	subw	a4, s6, s7
   198dc: 3a fc        	sd	a4, 0x38(sp)
   198de: 9b 86 f7 ff  	addiw	a3, a5, -0x1
   198e2: 3e f8        	sd	a5, 0x30(sp)
   198e4: 13 06 10 06  	li	a2, 0x61
   198e8: 36 dd        	sw	a3, 0xb8(sp)
   198ea: 36 87        	mv	a4, a3
   198ec: e3 0e ce 04  	beq	t3, a2, 0x1a148 <_svfprintf_r+0x1f9a>
   198f0: 93 05 10 04  	li	a1, 0x41
   198f4: 13 06 00 05  	li	a2, 0x50
   198f8: 63 1c be 46  	bne	t3, a1, 0x19d70 <_svfprintf_r+0x1bc2>
   198fc: 23 00 c1 0c  	sb	a2, 0xc0(sp)
   19900: 63 cd 06 38  	bltz	a3, 0x19c9a <_svfprintf_r+0x1aec>
   19904: 13 06 b0 02  	li	a2, 0x2b
   19908: a3 00 c1 0c  	sb	a2, 0xc1(sp)
   1990c: 25 46        	li	a2, 0x9
   1990e: 63 50 d6 3a  	bge	a2, a3, 0x19cae <_svfprintf_r+0x1b00>
   19912: 37 d5 0c 00  	lui	a0, 0xcd
   19916: 13 05 d5 cc  	addi	a0, a0, -0x333
   1991a: 32 05        	slli	a0, a0, 0xc
   1991c: 93 08 f1 0c  	addi	a7, sp, 0xcf
   19920: 13 05 d5 cc  	addi	a0, a0, -0x333
   19924: c6 85        	mv	a1, a7
   19926: 13 03 30 06  	li	t1, 0x63
   1992a: 93 17 07 02  	slli	a5, a4, 0x20
   1992e: 81 93        	srli	a5, a5, 0x20
   19930: b3 87 a7 02  	mul	a5, a5, a0
   19934: 3a 88        	mv	a6, a4
   19936: 2e 86        	mv	a2, a1
   19938: fd 15        	addi	a1, a1, -0x1
   1993a: 8d 93        	srli	a5, a5, 0x23
   1993c: 9b 96 27 00  	slliw	a3, a5, 0x2
   19940: bd 9e        	addw	a3, a3, a5
   19942: 9b 96 16 00  	slliw	a3, a3, 0x1
   19946: 15 9f        	subw	a4, a4, a3
   19948: 1b 07 07 03  	addiw	a4, a4, 0x30
   1994c: a3 0f e6 fe  	sb	a4, -0x1(a2)
   19950: 3e 87        	mv	a4, a5
   19952: e3 4c 03 fd  	blt	t1, a6, 0x1992a <_svfprintf_r+0x177c>
   19956: 1b 87 07 03  	addiw	a4, a5, 0x30
   1995a: a3 8f e5 fe  	sb	a4, -0x1(a1)
   1995e: 13 07 e6 ff  	addi	a4, a2, -0x2
   19962: e3 75 17 01  	bgeu	a4, a7, 0x1a16c <_svfprintf_r+0x1fbe>
   19966: 93 05 21 0c  	addi	a1, sp, 0xc2
   1996a: ae 86        	mv	a3, a1
   1996c: 83 47 07 00  	lbu	a5, 0x0(a4)
   19970: 05 07        	addi	a4, a4, 0x1
   19972: 85 06        	addi	a3, a3, 0x1
   19974: a3 8f f6 fe  	sb	a5, -0x1(a3)
   19978: e3 1a 17 ff  	bne	a4, a7, 0x1996c <_svfprintf_r+0x17be>
   1997c: 2e 97        	add	a4, a4, a1
   1997e: 09 07        	addi	a4, a4, 0x2
   19980: 11 8f        	sub	a4, a4, a2
   19982: 94 01        	addi	a3, sp, 0xc0
   19984: bb 07 d7 40  	subw	a5, a4, a3
   19988: be f0        	sd	a5, 0x60(sp)
   1998a: e2 77        	ld	a5, 0x38(sp)
   1998c: 06 77        	ld	a4, 0x60(sp)
   1998e: 85 46        	li	a3, 0x1
   19990: 3d 9f        	addw	a4, a4, a5
   19992: 3a 8c        	mv	s8, a4
   19994: 63 d5 f6 66  	bge	a3, a5, 0x19ffe <_svfprintf_r+0x1e50>
   19998: c6 67        	ld	a5, 0x50(sp)
   1999a: 3b 8c e7 00  	addw	s8, a5, a4
   1999e: 86 67        	ld	a5, 0x40(sp)
   199a0: 62 88        	mv	a6, s8
   199a2: 13 ff f7 bf  	andi	t5, a5, -0x401
   199a6: 01 2f        	sext.w	t5, t5
   199a8: 13 6b 0f 10  	ori	s6, t5, 0x100
   199ac: 63 53 0c 00  	bgez	s8, 0x199b2 <_svfprintf_r+0x1804>
   199b0: 01 48        	li	a6, 0x0
   199b2: c2 8d        	mv	s11, a6
   199b4: 82 e4        	sd	zero, 0x48(sp)
   199b6: 82 e0        	sd	zero, 0x40(sp)
   199b8: 02 f8        	sd	zero, 0x30(sp)
   199ba: e1 a4        	j	0x19c82 <_svfprintf_r+0x1ad4>
   199bc: ee 67        	ld	a5, 0xd8(sp)
   199be: 13 7f fb f7  	andi	t5, s6, -0x81
   199c2: 1b 0b 0f 00  	sext.w	s6, t5
   199c6: 13 d7 f7 03  	srli	a4, a5, 0x3f
   199ca: 3a f8        	sd	a4, 0x30(sp)
   199cc: 63 dc 07 18  	bgez	a5, 0x19b64 <_svfprintf_r+0x19b6>
   199d0: 93 07 d0 02  	li	a5, 0x2d
   199d4: a3 07 f1 0a  	sb	a5, 0xaf(sp)
   199d8: 02 f0        	sd	zero, 0x20(sp)
   199da: 93 07 70 04  	li	a5, 0x47
   199de: 82 e4        	sd	zero, 0x48(sp)
   199e0: 82 e0        	sd	zero, 0x40(sp)
   199e2: 02 f8        	sd	zero, 0x30(sp)
   199e4: 0d 4c        	li	s8, 0x3
   199e6: 01 43        	li	t1, 0x0
   199e8: 63 d2 c7 6d  	bge	a5, t3, 0x1a0ac <_svfprintf_r+0x1efe>
   199ec: 97 5b 00 00  	auipc	s7, 0x5
   199f0: 93 8b cb 30  	addi	s7, s7, 0x30c
   199f4: 91 4d        	li	s11, 0x4
   199f6: 6f e0 df 90  	j	0x18302 <_svfprintf_r+0x154>
   199fa: da 8a        	mv	s5, s6
   199fc: 5e 8b        	mv	s6, s7
   199fe: e2 8b        	mv	s7, s8
   19a00: 6a 8c        	mv	s8, s10
   19a02: 52 8d        	mv	s10, s4
   19a04: 3e 8a        	mv	s4, a5
   19a06: 62 9a        	add	s4, s4, s8
   19a08: 05 26        	addiw	a2, a2, 0x1
   19a0a: 23 30 a9 01  	sd	s10, 0x0(s2)
   19a0e: 23 34 89 01  	sd	s8, 0x8(s2)
   19a12: d2 f9        	sd	s4, 0xf0(sp)
   19a14: b2 d5        	sw	a2, 0xe8(sp)
   19a16: 1d 47        	li	a4, 0x7
   19a18: 41 09        	addi	s2, s2, 0x10
   19a1a: 63 50 c7 b8  	bge	a4, a2, 0x18d9a <_svfprintf_r+0xbec>
   19a1e: c2 65        	ld	a1, 0x10(sp)
   19a20: 22 65        	ld	a0, 0x8(sp)
   19a22: 90 11        	addi	a2, sp, 0xe0
   19a24: ef 20 60 24  	jal	0x1bc6a <__ssprint_r>
   19a28: 63 19 05 a6  	bnez	a0, 0x18c9a <_svfprintf_r+0xaec>
   19a2c: 4e 7a        	ld	s4, 0xf0(sp)
   19a2e: 4e 89        	mv	s2, s3
   19a30: 6f f0 af b6  	j	0x18d9a <_svfprintf_r+0xbec>
   19a34: 03 c7 05 00  	lbu	a4, 0x0(a1)
   19a38: 13 7f fb bf  	andi	t5, s6, -0x401
   19a3c: 1b 0b 0f 00  	sext.w	s6, t5
   19a40: a3 0d e1 14  	sb	a4, 0x15b(sp)
   19a44: 3e f4        	sd	a5, 0x28(sp)
   19a46: 01 46        	li	a2, 0x0
   19a48: 93 0b b1 15  	addi	s7, sp, 0x15b
   19a4c: 6f f0 4f e3  	j	0x19080 <_svfprintf_r+0xed2>
   19a50: 33 3a 8a 03  	mulhu	s4, s4, s8
   19a54: 66 76        	ld	a2, 0x78(sp)
   19a56: a6 75        	ld	a1, 0x68(sp)
   19a58: fe e4        	sd	t6, 0x48(sp)
   19a5a: b3 88 cb 40  	sub	a7, s7, a2
   19a5e: 46 85        	mv	a0, a7
   19a60: 9a e0        	sd	t1, 0x40(sp)
   19a62: 72 fc        	sd	t3, 0x38(sp)
   19a64: 36 f8        	sd	a3, 0x30(sp)
   19a66: 46 f0        	sd	a7, 0x20(sp)
   19a68: 13 5a 3a 00  	srli	s4, s4, 0x3
   19a6c: ef e0 ef eb  	jal	0x1812a <strncpy>
   19a70: 33 37 8a 03  	mulhu	a4, s4, s8
   19a74: c2 76        	ld	a3, 0x30(sp)
   19a76: 82 78        	ld	a7, 0x20(sp)
   19a78: 62 7e        	ld	t3, 0x38(sp)
   19a7a: 83 c7 16 00  	lbu	a5, 0x1(a3)
   19a7e: 06 63        	ld	t1, 0x40(sp)
   19a80: a6 6f        	ld	t6, 0x48(sp)
   19a82: b3 37 f0 00  	snez	a5, a5
   19a86: be 96        	add	a3, a3, a5
   19a88: 93 8b f8 ff  	addi	s7, a7, -0x1
   19a8c: 0d 83        	srli	a4, a4, 0x3
   19a8e: 93 17 27 00  	slli	a5, a4, 0x2
   19a92: ba 97        	add	a5, a5, a4
   19a94: 86 07        	slli	a5, a5, 0x1
   19a96: b3 07 fa 40  	sub	a5, s4, a5
   19a9a: 9b 87 07 03  	addiw	a5, a5, 0x30
   19a9e: 85 45        	li	a1, 0x1
   19aa0: a3 8f f8 fe  	sb	a5, -0x1(a7)
   19aa4: 13 08 f0 0f  	li	a6, 0xff
   19aa8: 6f e0 1f e1  	j	0x188b8 <_svfprintf_r+0x70a>
   19aac: 93 07 00 03  	li	a5, 0x30
   19ab0: 6f e0 9f d4  	j	0x187f8 <_svfprintf_r+0x64a>
   19ab4: c2 65        	ld	a1, 0x10(sp)
   19ab6: 22 65        	ld	a0, 0x8(sp)
   19ab8: 90 11        	addi	a2, sp, 0xe0
   19aba: ef 20 00 1b  	jal	0x1bc6a <__ssprint_r>
   19abe: 63 1e 05 9c  	bnez	a0, 0x18c9a <_svfprintf_r+0xaec>
   19ac2: 4e 7a        	ld	s4, 0xf0(sp)
   19ac4: 4e 89        	mv	s2, s3
   19ac6: 6f f0 4f ac  	j	0x18d8a <_svfprintf_r+0xbdc>
   19aca: 9b 8d 16 00  	addiw	s11, a3, 0x1
   19ace: 6f e0 bf b4  	j	0x18618 <_svfprintf_r+0x46a>
   19ad2: 3e 88        	mv	a6, a5
   19ad4: 0d be        	j	0x19606 <_svfprintf_r+0x1458>
   19ad6: 13 07 00 03  	li	a4, 0x30
   19ada: 2a 8b        	mv	s6, a0
   19adc: e2 8d        	mv	s11, s8
   19ade: 3e f4        	sd	a5, 0x28(sp)
   19ae0: a3 0d e1 14  	sb	a4, 0x15b(sp)
   19ae4: 82 e0        	sd	zero, 0x40(sp)
   19ae6: 82 e4        	sd	zero, 0x48(sp)
   19ae8: 05 4c        	li	s8, 0x1
   19aea: 02 f8        	sd	zero, 0x30(sp)
   19aec: 93 0b b1 15  	addi	s7, sp, 0x15b
   19af0: 13 0e 80 07  	li	t3, 0x78
   19af4: 01 45        	li	a0, 0x0
   19af6: 6f f0 cf da  	j	0x190a2 <_svfprintf_r+0xef4>
   19afa: 4e 89        	mv	s2, s3
   19afc: 6f e0 3f 86  	j	0x1835e <_svfprintf_r+0x1b0>
   19b00: 3e 87        	mv	a4, a5
   19b02: de 97        	add	a5, a5, s7
   19b04: b3 87 a7 41  	sub	a5, a5, s10
   19b08: bb 06 87 41  	subw	a3, a4, s8
   19b0c: 1b 87 07 00  	sext.w	a4, a5
   19b10: 63 d3 e6 00  	bge	a3, a4, 0x19b16 <_svfprintf_r+0x1968>
   19b14: b6 87        	mv	a5, a3
   19b16: 1b 8c 07 00  	sext.w	s8, a5
   19b1a: 6f f0 ef af  	j	0x18e18 <_svfprintf_r+0xc6a>
   19b1e: 02 1a        	slli	s4, s4, 0x20
   19b20: 13 5a 0a 02  	srli	s4, s4, 0x20
   19b24: 63 44 0c 00  	bltz	s8, 0x19b2c <_svfprintf_r+0x197e>
   19b28: 6f e0 5f f0  	j	0x18a2c <_svfprintf_r+0x87e>
   19b2c: 6f e0 5f fd  	j	0x18b00 <_svfprintf_r+0x952>
   19b30: 02 17        	slli	a4, a4, 0x20
   19b32: 01 93        	srli	a4, a4, 0x20
   19b34: 3e f4        	sd	a5, 0x28(sp)
   19b36: 5a 88        	mv	a6, s6
   19b38: 6f e0 ff dd  	j	0x18916 <_svfprintf_r+0x768>
   19b3c: 3e f4        	sd	a5, 0x28(sp)
   19b3e: 52 87        	mv	a4, s4
   19b40: 6f e0 7f c9  	j	0x187d6 <_svfprintf_r+0x628>
   19b44: 02 17        	slli	a4, a4, 0x20
   19b46: 01 93        	srli	a4, a4, 0x20
   19b48: 6f f0 ef db  	j	0x19106 <_svfprintf_r+0xf58>
   19b4c: e2 67        	ld	a5, 0x18(sp)
   19b4e: d6 8b        	mv	s7, s5
   19b50: 23 10 f7 00  	sh	a5, 0x0(a4)
   19b54: 6f e0 9f 86  	j	0x183bc <_svfprintf_r+0x20e>
   19b58: 01 47        	li	a4, 0x0
   19b5a: 6f f0 ef ee  	j	0x19248 <_svfprintf_r+0x109a>
   19b5e: 81 46        	li	a3, 0x0
   19b60: 6f e0 1f ab  	j	0x18610 <_svfprintf_r+0x462>
   19b64: 93 06 70 04  	li	a3, 0x47
   19b68: 03 47 f1 0a  	lbu	a4, 0xaf(sp)
   19b6c: 97 5b 00 00  	auipc	s7, 0x5
   19b70: 93 8b 4b 18  	addi	s7, s7, 0x184
   19b74: 63 d6 c6 01  	bge	a3, t3, 0x19b80 <_svfprintf_r+0x19d2>
   19b78: 97 5b 00 00  	auipc	s7, 0x5
   19b7c: 93 8b 0b 18  	addi	s7, s7, 0x180
   19b80: 63 1f 07 64  	bnez	a4, 0x1a1de <_svfprintf_r+0x2030>
   19b84: 0d 4c        	li	s8, 0x3
   19b86: e2 8d        	mv	s11, s8
   19b88: 01 43        	li	t1, 0x0
   19b8a: 82 e4        	sd	zero, 0x48(sp)
   19b8c: 82 e0        	sd	zero, 0x40(sp)
   19b8e: 02 f0        	sd	zero, 0x20(sp)
   19b90: 6f e0 2f f7  	j	0x18302 <_svfprintf_r+0x154>
   19b94: 22 65        	ld	a0, 0x8(sp)
   19b96: c2 65        	ld	a1, 0x10(sp)
   19b98: 90 11        	addi	a2, sp, 0xe0
   19b9a: ef 20 00 0d  	jal	0x1bc6a <__ssprint_r>
   19b9e: 6f e0 ff 82  	j	0x183cc <_svfprintf_r+0x21e>
   19ba2: c2 65        	ld	a1, 0x10(sp)
   19ba4: 22 65        	ld	a0, 0x8(sp)
   19ba6: 90 11        	addi	a2, sp, 0xe0
   19ba8: ef 20 20 0c  	jal	0x1bc6a <__ssprint_r>
   19bac: 63 17 05 8e  	bnez	a0, 0x18c9a <_svfprintf_r+0xaec>
   19bb0: 6a 56        	lw	a2, 0xb8(sp)
   19bb2: 4e 7a        	ld	s4, 0xf0(sp)
   19bb4: ae 56        	lw	a3, 0xe8(sp)
   19bb6: 4e 89        	mv	s2, s3
   19bb8: e3 59 06 92  	bgez	a2, 0x194ea <_svfprintf_r+0x133c>
   19bbc: 75 bc        	j	0x19678 <_svfprintf_r+0x14ca>
   19bbe: 22 65        	ld	a0, 0x8(sp)
   19bc0: 9b 05 13 00  	addiw	a1, t1, 0x1
   19bc4: 72 fc        	sd	t3, 0x38(sp)
   19bc6: 1a f8        	sd	t1, 0x30(sp)
   19bc8: ef c0 5f 8c  	jal	0x1648c <_malloc_r>
   19bcc: 2a f0        	sd	a0, 0x20(sp)
   19bce: 42 73        	ld	t1, 0x30(sp)
   19bd0: 62 7e        	ld	t3, 0x38(sp)
   19bd2: 63 05 05 62  	beqz	a0, 0x1a1fc <_svfprintf_r+0x204e>
   19bd6: ce 67        	ld	a5, 0xd0(sp)
   19bd8: 6e 6a        	ld	s4, 0xd8(sp)
   19bda: 13 6f 2b 10  	ori	t5, s6, 0x102
   19bde: 1b 0b 0f 00  	sext.w	s6, t5
   19be2: be 8d        	mv	s11, a5
   19be4: 63 4e 0a 56  	bltz	s4, 0x1a160 <_svfprintf_r+0x1fb2>
   19be8: 82 7b        	ld	s7, 0x20(sp)
   19bea: 9b 06 fe fb  	addiw	a3, t3, -0x41
   19bee: 02 e1        	sd	zero, 0x80(sp)
   19bf0: a5 b6        	j	0x19758 <_svfprintf_r+0x15aa>
   19bf2: ce 67        	ld	a5, 0xd0(sp)
   19bf4: 6e 6a        	ld	s4, 0xd8(sp)
   19bf6: 13 67 0b 10  	ori	a4, s6, 0x100
   19bfa: 01 27        	sext.w	a4, a4
   19bfc: da e0        	sd	s6, 0x40(sp)
   19bfe: 02 f0        	sd	zero, 0x20(sp)
   19c00: be 8d        	mv	s11, a5
   19c02: 3a 8b        	mv	s6, a4
   19c04: 19 43        	li	t1, 0x6
   19c06: 63 4b 0a 1a  	bltz	s4, 0x19dbc <_svfprintf_r+0x1c0e>
   19c0a: 02 e1        	sd	zero, 0x80(sp)
   19c0c: 9b 06 fe fb  	addiw	a3, t3, -0x41
   19c10: 13 07 60 02  	li	a4, 0x26
   19c14: e3 92 e6 b4  	bne	a3, a4, 0x19758 <_svfprintf_r+0x15aa>
   19c18: 22 65        	ld	a0, 0x8(sp)
   19c1a: 1a 87        	mv	a4, t1
   19c1c: 93 08 81 0c  	addi	a7, sp, 0xc8
   19c20: 13 08 c1 0b  	addi	a6, sp, 0xbc
   19c24: 3c 19        	addi	a5, sp, 0xb8
   19c26: 89 46        	li	a3, 0x2
   19c28: ee 85        	mv	a1, s11
   19c2a: 52 86        	mv	a2, s4
   19c2c: 72 fc        	sd	t3, 0x38(sp)
   19c2e: 1a f8        	sd	t1, 0x30(sp)
   19c30: ef b0 0f ef  	jal	0x15320 <_ldtoa_r>
   19c34: 42 73        	ld	t1, 0x30(sp)
   19c36: 62 7e        	ld	t3, 0x38(sp)
   19c38: aa 8b        	mv	s7, a0
   19c3a: 86 67        	ld	a5, 0x40(sp)
   19c3c: 13 f7 17 00  	andi	a4, a5, 0x1
   19c40: 63 10 07 30  	bnez	a4, 0x19f40 <_svfprintf_r+0x1d92>
   19c44: ae 67        	ld	a5, 0xc8(sp)
   19c46: ea 56        	lw	a3, 0xb8(sp)
   19c48: 75 57        	li	a4, -0x3
   19c4a: bb 87 77 41  	subw	a5, a5, s7
   19c4e: 36 f8        	sd	a3, 0x30(sp)
   19c50: 3e fc        	sd	a5, 0x38(sp)
   19c52: 63 c9 e6 28  	blt	a3, a4, 0x19ee4 <_svfprintf_r+0x1d36>
   19c56: 63 4b d3 18  	blt	t1, a3, 0x19dec <_svfprintf_r+0x1c3e>
   19c5a: 63 c8 f6 2e  	blt	a3, a5, 0x19f4a <_svfprintf_r+0x1d9c>
   19c5e: 42 7c        	ld	s8, 0x30(sp)
   19c60: 86 67        	ld	a5, 0x40(sp)
   19c62: 13 f7 07 40  	andi	a4, a5, 0x400
   19c66: 01 c7        	beqz	a4, 0x19c6e <_svfprintf_r+0x1ac0>
   19c68: c2 77        	ld	a5, 0x30(sp)
   19c6a: 63 42 f0 3e  	bgtz	a5, 0x1a04e <_svfprintf_r+0x1ea0>
   19c6e: 62 88        	mv	a6, s8
   19c70: 63 53 0c 00  	bgez	s8, 0x19c76 <_svfprintf_r+0x1ac8>
   19c74: 01 48        	li	a6, 0x0
   19c76: 9b 0d 08 00  	sext.w	s11, a6
   19c7a: 13 0e 70 06  	li	t3, 0x67
   19c7e: 82 e4        	sd	zero, 0x48(sp)
   19c80: 82 e0        	sd	zero, 0x40(sp)
   19c82: 8a 67        	ld	a5, 0x80(sp)
   19c84: 13 76 2b 00  	andi	a2, s6, 0x2
   19c88: a9 cb        	beqz	a5, 0x19cda <_svfprintf_r+0x1b2c>
   19c8a: 13 05 d0 02  	li	a0, 0x2d
   19c8e: a3 07 a1 0a  	sb	a0, 0xaf(sp)
   19c92: 85 2d        	addiw	s11, s11, 0x1
   19c94: 01 43        	li	t1, 0x0
   19c96: 6f f0 8f c0  	j	0x1909e <_svfprintf_r+0xef0>
   19c9a: c2 77        	ld	a5, 0x30(sp)
   19c9c: 93 06 d0 02  	li	a3, 0x2d
   19ca0: 05 47        	li	a4, 0x1
   19ca2: a3 00 d1 0c  	sb	a3, 0xc1(sp)
   19ca6: 1d 9f        	subw	a4, a4, a5
   19ca8: a5 46        	li	a3, 0x9
   19caa: e3 c4 e6 c6  	blt	a3, a4, 0x19912 <_svfprintf_r+0x1764>
   19cae: 93 06 21 0c  	addi	a3, sp, 0xc2
   19cb2: 9c 13        	addi	a5, sp, 0x1e0
   19cb4: 33 86 f6 40  	sub	a2, a3, a5
   19cb8: 1b 07 07 03  	addiw	a4, a4, 0x30
   19cbc: 9b 07 16 12  	addiw	a5, a2, 0x121
   19cc0: 23 80 e6 00  	sb	a4, 0x0(a3)
   19cc4: be f0        	sd	a5, 0x60(sp)
   19cc6: d1 b1        	j	0x1998a <_svfprintf_r+0x17dc>
   19cc8: 02 f0        	sd	zero, 0x20(sp)
   19cca: 0d 4c        	li	s8, 0x3
   19ccc: 01 43        	li	t1, 0x0
   19cce: 82 e4        	sd	zero, 0x48(sp)
   19cd0: 82 e0        	sd	zero, 0x40(sp)
   19cd2: 02 f8        	sd	zero, 0x30(sp)
   19cd4: 91 4d        	li	s11, 0x4
   19cd6: 6f e0 cf e2  	j	0x18302 <_svfprintf_r+0x154>
   19cda: 03 45 f1 0a  	lbu	a0, 0xaf(sp)
   19cde: 55 f9        	bnez	a0, 0x19c92 <_svfprintf_r+0x1ae4>
   19ce0: 01 43        	li	t1, 0x0
   19ce2: 6f f0 cf bb  	j	0x1909e <_svfprintf_r+0xef0>
   19ce6: 1a fc        	sd	t1, 0x38(sp)
   19ce8: 8d 46        	li	a3, 0x3
   19cea: 62 77        	ld	a4, 0x38(sp)
   19cec: 22 65        	ld	a0, 0x8(sp)
   19cee: 93 08 81 0c  	addi	a7, sp, 0xc8
   19cf2: 13 08 c1 0b  	addi	a6, sp, 0xbc
   19cf6: 3c 19        	addi	a5, sp, 0xb8
   19cf8: ee 85        	mv	a1, s11
   19cfa: 52 86        	mv	a2, s4
   19cfc: 9a e4        	sd	t1, 0x48(sp)
   19cfe: 72 f8        	sd	t3, 0x30(sp)
   19d00: ef b0 0f e2  	jal	0x15320 <_ldtoa_r>
   19d04: 42 7e        	ld	t3, 0x30(sp)
   19d06: 26 63        	ld	t1, 0x48(sp)
   19d08: aa 8b        	mv	s7, a0
   19d0a: e2 77        	ld	a5, 0x38(sp)
   19d0c: 13 7c fe fd  	andi	s8, t3, -0x21
   19d10: 93 06 60 04  	li	a3, 0x46
   19d14: 33 8d fb 00  	add	s10, s7, a5
   19d18: 63 0e dc 12  	beq	s8, a3, 0x19e54 <_svfprintf_r+0x1ca6>
   19d1c: 6e 85        	mv	a0, s11
   19d1e: d2 85        	mv	a1, s4
   19d20: 01 46        	li	a2, 0x0
   19d22: 81 46        	li	a3, 0x0
   19d24: 9a e4        	sd	t1, 0x48(sp)
   19d26: 72 f8        	sd	t3, 0x30(sp)
   19d28: ef 30 a0 75  	jal	0x1d482 <__netf2>
   19d2c: 42 7e        	ld	t3, 0x30(sp)
   19d2e: 26 63        	ld	t1, 0x48(sp)
   19d30: 63 05 05 38  	beqz	a0, 0x1a0ba <_svfprintf_r+0x1f0c>
   19d34: ae 67        	ld	a5, 0xc8(sp)
   19d36: 63 fa a7 49  	bgeu	a5, s10, 0x1a1ca <_svfprintf_r+0x201c>
   19d3a: 13 06 00 03  	li	a2, 0x30
   19d3e: 13 87 17 00  	addi	a4, a5, 0x1
   19d42: ba e5        	sd	a4, 0xc8(sp)
   19d44: 23 80 c7 00  	sb	a2, 0x0(a5)
   19d48: ae 67        	ld	a5, 0xc8(sp)
   19d4a: e3 ea a7 ff  	bltu	a5, s10, 0x19d3e <_svfprintf_r+0x1b90>
   19d4e: bb 87 77 41  	subw	a5, a5, s7
   19d52: 3e fc        	sd	a5, 0x38(sp)
   19d54: ea 57        	lw	a5, 0xb8(sp)
   19d56: 13 07 70 04  	li	a4, 0x47
   19d5a: 3e f8        	sd	a5, 0x30(sp)
   19d5c: 63 01 ec 08  	beq	s8, a4, 0x19dde <_svfprintf_r+0x1c30>
   19d60: 13 07 60 04  	li	a4, 0x46
   19d64: 63 07 ec 12  	beq	s8, a4, 0x19e92 <_svfprintf_r+0x1ce4>
   19d68: c2 77        	ld	a5, 0x30(sp)
   19d6a: 1b 87 f7 ff  	addiw	a4, a5, -0x1
   19d6e: 3a dd        	sw	a4, 0xb8(sp)
   19d70: 23 00 c1 0d  	sb	t3, 0xc0(sp)
   19d74: 63 4f 07 16  	bltz	a4, 0x19ef2 <_svfprintf_r+0x1d44>
   19d78: 93 06 b0 02  	li	a3, 0x2b
   19d7c: a3 00 d1 0c  	sb	a3, 0xc1(sp)
   19d80: a5 46        	li	a3, 0x9
   19d82: e3 c8 e6 b8  	blt	a3, a4, 0x19912 <_svfprintf_r+0x1764>
   19d86: 93 06 00 03  	li	a3, 0x30
   19d8a: 23 01 d1 0c  	sb	a3, 0xc2(sp)
   19d8e: 93 06 31 0c  	addi	a3, sp, 0xc3
   19d92: 05 b7        	j	0x19cb2 <_svfprintf_r+0x1b04>
   19d94: 90 11        	addi	a2, sp, 0xe0
   19d96: e6 85        	mv	a1, s9
   19d98: 56 85        	mv	a0, s5
   19d9a: ef 10 10 6d  	jal	0x1bc6a <__ssprint_r>
   19d9e: 19 c1        	beqz	a0, 0x19da4 <_svfprintf_r+0x1bf6>
   19da0: 6f e0 bf ef  	j	0x18c9a <_svfprintf_r+0xaec>
   19da4: 83 c5 0d 00  	lbu	a1, 0x0(s11)
   19da8: 4e 76        	ld	a2, 0xf0(sp)
   19daa: ce 87        	mv	a5, s3
   19dac: 41 47        	li	a4, 0x10
   19dae: 9d 46        	li	a3, 0x7
   19db0: ae 9b        	add	s7, s7, a1
   19db2: 6f f0 6f d4  	j	0x192f8 <_svfprintf_r+0x114a>
   19db6: 02 f0        	sd	zero, 0x20(sp)
   19db8: 93 0b 81 0f  	addi	s7, sp, 0xf8
   19dbc: 7d 57        	li	a4, -0x1
   19dbe: 7e 17        	slli	a4, a4, 0x3f
   19dc0: 93 07 d0 02  	li	a5, 0x2d
   19dc4: 33 4a ea 00  	xor	s4, s4, a4
   19dc8: 3e e1        	sd	a5, 0x80(sp)
   19dca: 89 b5        	j	0x19c0c <_svfprintf_r+0x1a5e>
   19dcc: ea 57        	lw	a5, 0xb8(sp)
   19dce: 3e f8        	sd	a5, 0x30(sp)
   19dd0: bb 07 7d 41  	subw	a5, s10, s7
   19dd4: 93 06 70 04  	li	a3, 0x47
   19dd8: 3e fc        	sd	a5, 0x38(sp)
   19dda: 63 1c dc 0a  	bne	s8, a3, 0x19e92 <_svfprintf_r+0x1ce4>
   19dde: c2 77        	ld	a5, 0x30(sp)
   19de0: 75 57        	li	a4, -0x3
   19de2: 63 c1 e7 10  	blt	a5, a4, 0x19ee4 <_svfprintf_r+0x1d36>
   19de6: c2 77        	ld	a5, 0x30(sp)
   19de8: 63 52 f3 02  	bge	t1, a5, 0x19e0c <_svfprintf_r+0x1c5e>
   19dec: c2 77        	ld	a5, 0x30(sp)
   19dee: 79 3e        	addiw	t3, t3, -0x2
   19df0: 23 00 c1 0d  	sb	t3, 0xc0(sp)
   19df4: 1b 87 f7 ff  	addiw	a4, a5, -0x1
   19df8: 3a dd        	sw	a4, 0xb8(sp)
   19dfa: e3 5f 07 f6  	bgez	a4, 0x19d78 <_svfprintf_r+0x1bca>
   19dfe: 05 47        	li	a4, 0x1
   19e00: 93 06 d0 02  	li	a3, 0x2d
   19e04: 1d 9f        	subw	a4, a4, a5
   19e06: a3 00 d1 0c  	sb	a3, 0xc1(sp)
   19e0a: b5 bf        	j	0x19d86 <_svfprintf_r+0x1bd8>
   19e0c: e2 77        	ld	a5, 0x38(sp)
   19e0e: 42 77        	ld	a4, 0x30(sp)
   19e10: 63 4d f7 12  	blt	a4, a5, 0x19f4a <_svfprintf_r+0x1d9c>
   19e14: 86 67        	ld	a5, 0x40(sp)
   19e16: 13 f7 17 00  	andi	a4, a5, 0x1
   19e1a: c2 77        	ld	a5, 0x30(sp)
   19e1c: 3e 8c        	mv	s8, a5
   19e1e: e3 01 07 e4  	beqz	a4, 0x19c60 <_svfprintf_r+0x1ab2>
   19e22: 46 67        	ld	a4, 0x50(sp)
   19e24: 3b 0c f7 00  	addw	s8, a4, a5
   19e28: 25 bd        	j	0x19c60 <_svfprintf_r+0x1ab2>
   19e2a: 93 07 d0 02  	li	a5, 0x2d
   19e2e: a3 07 f1 0a  	sb	a5, 0xaf(sp)
   19e32: 02 f0        	sd	zero, 0x20(sp)
   19e34: 93 07 70 04  	li	a5, 0x47
   19e38: 82 e4        	sd	zero, 0x48(sp)
   19e3a: 82 e0        	sd	zero, 0x40(sp)
   19e3c: 02 f8        	sd	zero, 0x30(sp)
   19e3e: 0d 4c        	li	s8, 0x3
   19e40: 01 43        	li	t1, 0x0
   19e42: 63 d7 c7 1d  	bge	a5, t3, 0x1a010 <_svfprintf_r+0x1e62>
   19e46: 97 5b 00 00  	auipc	s7, 0x5
   19e4a: 93 8b 2b ea  	addi	s7, s7, -0x15e
   19e4e: 91 4d        	li	s11, 0x4
   19e50: 6f e0 2f cb  	j	0x18302 <_svfprintf_r+0x154>
   19e54: 03 c6 0b 00  	lbu	a2, 0x0(s7)
   19e58: 93 06 00 03  	li	a3, 0x30
   19e5c: 63 09 d6 1c  	beq	a2, a3, 0x1a02e <_svfprintf_r+0x1e80>
   19e60: ea 56        	lw	a3, 0xb8(sp)
   19e62: 36 9d        	add	s10, s10, a3
   19e64: 6e 85        	mv	a0, s11
   19e66: d2 85        	mv	a1, s4
   19e68: 01 46        	li	a2, 0x0
   19e6a: 81 46        	li	a3, 0x0
   19e6c: 1a fc        	sd	t1, 0x38(sp)
   19e6e: 72 f8        	sd	t3, 0x30(sp)
   19e70: ef 30 20 61  	jal	0x1d482 <__netf2>
   19e74: 42 7e        	ld	t3, 0x30(sp)
   19e76: 62 73        	ld	t1, 0x38(sp)
   19e78: 31 d9        	beqz	a0, 0x19dcc <_svfprintf_r+0x1c1e>
   19e7a: ae 67        	ld	a5, 0xc8(sp)
   19e7c: e3 ef a7 eb  	bltu	a5, s10, 0x19d3a <_svfprintf_r+0x1b8c>
   19e80: bb 87 77 41  	subw	a5, a5, s7
   19e84: 3e fc        	sd	a5, 0x38(sp)
   19e86: ea 57        	lw	a5, 0xb8(sp)
   19e88: 13 07 70 04  	li	a4, 0x47
   19e8c: 3e f8        	sd	a5, 0x30(sp)
   19e8e: e3 08 ec f4  	beq	s8, a4, 0x19dde <_svfprintf_r+0x1c30>
   19e92: 86 67        	ld	a5, 0x40(sp)
   19e94: 13 f7 17 00  	andi	a4, a5, 0x1
   19e98: c2 77        	ld	a5, 0x30(sp)
   19e9a: 33 67 e3 00  	or	a4, t1, a4
   19e9e: 63 59 f0 2e  	blez	a5, 0x1a190 <_svfprintf_r+0x1fe2>
   19ea2: 63 13 07 22  	bnez	a4, 0x1a0c8 <_svfprintf_r+0x1f1a>
   19ea6: 42 7c        	ld	s8, 0x30(sp)
   19ea8: 13 0e 60 06  	li	t3, 0x66
   19eac: 86 67        	ld	a5, 0x40(sp)
   19eae: 13 f7 07 40  	andi	a4, a5, 0x400
   19eb2: 63 10 07 1a  	bnez	a4, 0x1a052 <_svfprintf_r+0x1ea4>
   19eb6: 62 88        	mv	a6, s8
   19eb8: 63 45 0c 00  	bltz	s8, 0x19ec2 <_svfprintf_r+0x1d14>
   19ebc: 9b 0d 08 00  	sext.w	s11, a6
   19ec0: 7d bb        	j	0x19c7e <_svfprintf_r+0x1ad0>
   19ec2: 01 48        	li	a6, 0x0
   19ec4: 9b 0d 08 00  	sext.w	s11, a6
   19ec8: 5d bb        	j	0x19c7e <_svfprintf_r+0x1ad0>
   19eca: c2 65        	ld	a1, 0x10(sp)
   19ecc: 22 65        	ld	a0, 0x8(sp)
   19ece: 90 11        	addi	a2, sp, 0xe0
   19ed0: ef 10 b0 59  	jal	0x1bc6a <__ssprint_r>
   19ed4: 19 c1        	beqz	a0, 0x19eda <_svfprintf_r+0x1d2c>
   19ed6: 6f e0 5f dc  	j	0x18c9a <_svfprintf_r+0xaec>
   19eda: 6a 5c        	lw	s8, 0xb8(sp)
   19edc: 4e 7a        	ld	s4, 0xf0(sp)
   19ede: 4e 89        	mv	s2, s3
   19ee0: 6f e0 bf ef  	j	0x18dda <_svfprintf_r+0xc2c>
   19ee4: c2 77        	ld	a5, 0x30(sp)
   19ee6: 79 3e        	addiw	t3, t3, -0x2
   19ee8: 23 00 c1 0d  	sb	t3, 0xc0(sp)
   19eec: 1b 87 f7 ff  	addiw	a4, a5, -0x1
   19ef0: 3a dd        	sw	a4, 0xb8(sp)
   19ef2: c2 77        	ld	a5, 0x30(sp)
   19ef4: 93 06 d0 02  	li	a3, 0x2d
   19ef8: 05 47        	li	a4, 0x1
   19efa: a3 00 d1 0c  	sb	a3, 0xc1(sp)
   19efe: 1d 9f        	subw	a4, a4, a5
   19f00: a5 46        	li	a3, 0x9
   19f02: e3 c8 e6 a0  	blt	a3, a4, 0x19912 <_svfprintf_r+0x1764>
   19f06: 41 b5        	j	0x19d86 <_svfprintf_r+0x1bd8>
   19f08: 6a f4        	sd	s10, 0x28(sp)
   19f0a: 63 0a 07 10  	beqz	a4, 0x1a01e <_svfprintf_r+0x1e70>
   19f0e: 9b 0d 13 00  	addiw	s11, t1, 0x1
   19f12: 1a 8c        	mv	s8, t1
   19f14: 82 e4        	sd	zero, 0x48(sp)
   19f16: 01 43        	li	t1, 0x0
   19f18: 82 e0        	sd	zero, 0x40(sp)
   19f1a: 02 f8        	sd	zero, 0x30(sp)
   19f1c: 6f e0 6f be  	j	0x18302 <_svfprintf_r+0x154>
   19f20: c2 65        	ld	a1, 0x10(sp)
   19f22: 22 65        	ld	a0, 0x8(sp)
   19f24: 90 11        	addi	a2, sp, 0xe0
   19f26: ef 10 50 54  	jal	0x1bc6a <__ssprint_r>
   19f2a: 19 c1        	beqz	a0, 0x19f30 <_svfprintf_r+0x1d82>
   19f2c: 6f e0 ff d6  	j	0x18c9a <_svfprintf_r+0xaec>
   19f30: ea 56        	lw	a3, 0xb8(sp)
   19f32: e2 77        	ld	a5, 0x38(sp)
   19f34: 4e 7a        	ld	s4, 0xf0(sp)
   19f36: 4e 89        	mv	s2, s3
   19f38: bb 86 d7 40  	subw	a3, a5, a3
   19f3c: 6f e0 df ed  	j	0x18e18 <_svfprintf_r+0xc6a>
   19f40: 33 8d 6b 00  	add	s10, s7, t1
   19f44: 13 0c 70 04  	li	s8, 0x47
   19f48: 31 bf        	j	0x19e64 <_svfprintf_r+0x1cb6>
   19f4a: c6 67        	ld	a5, 0x50(sp)
   19f4c: 62 77        	ld	a4, 0x38(sp)
   19f4e: 13 0e 70 06  	li	t3, 0x67
   19f52: 3b 8c e7 00  	addw	s8, a5, a4
   19f56: c2 77        	ld	a5, 0x30(sp)
   19f58: e3 4a f0 f4  	bgtz	a5, 0x19eac <_svfprintf_r+0x1cfe>
   19f5c: bb 08 fc 40  	subw	a7, s8, a5
   19f60: 1b 8c 18 00  	addiw	s8, a7, 0x1
   19f64: 62 88        	mv	a6, s8
   19f66: 63 53 0c 00  	bgez	s8, 0x19f6c <_svfprintf_r+0x1dbe>
   19f6a: 01 48        	li	a6, 0x0
   19f6c: c2 8d        	mv	s11, a6
   19f6e: 13 0e 70 06  	li	t3, 0x67
   19f72: 31 b3        	j	0x19c7e <_svfprintf_r+0x1ad0>
   19f74: da 86        	mv	a3, s6
   19f76: 6f f0 2f 8b  	j	0x19028 <_svfprintf_r+0xe7a>
   19f7a: 62 9a        	add	s4, s4, s8
   19f7c: 85 26        	addiw	a3, a3, 0x1
   19f7e: d2 f9        	sd	s4, 0xf0(sp)
   19f80: b6 d5        	sw	a3, 0xe8(sp)
   19f82: 23 30 a9 01  	sd	s10, 0x0(s2)
   19f86: 23 34 89 01  	sd	s8, 0x8(s2)
   19f8a: 1d 47        	li	a4, 0x7
   19f8c: 63 5e d7 d4  	bge	a4, a3, 0x194e8 <_svfprintf_r+0x133a>
   19f90: c2 65        	ld	a1, 0x10(sp)
   19f92: 22 65        	ld	a0, 0x8(sp)
   19f94: 90 11        	addi	a2, sp, 0xe0
   19f96: ef 10 50 4d  	jal	0x1bc6a <__ssprint_r>
   19f9a: 19 c1        	beqz	a0, 0x19fa0 <_svfprintf_r+0x1df2>
   19f9c: 6f e0 ff cf  	j	0x18c9a <_svfprintf_r+0xaec>
   19fa0: 4e 7a        	ld	s4, 0xf0(sp)
   19fa2: ae 56        	lw	a3, 0xe8(sp)
   19fa4: 4e 89        	mv	s2, s3
   19fa6: 6f f0 4f d4  	j	0x194ea <_svfprintf_r+0x133c>
   19faa: 9b 07 13 00  	addiw	a5, t1, 0x1
   19fae: 3e fc        	sd	a5, 0x38(sp)
   19fb0: 89 46        	li	a3, 0x2
   19fb2: 25 bb        	j	0x19cea <_svfprintf_r+0x1b3c>
   19fb4: 63 13 03 00  	bnez	t1, 0x19fba <_svfprintf_r+0x1e0c>
   19fb8: 36 83        	mv	t1, a3
   19fba: 63 54 0a 12  	bgez	s4, 0x1a0e2 <_svfprintf_r+0x1f34>
   19fbe: 7e 17        	slli	a4, a4, 0x3f
   19fc0: 93 07 d0 02  	li	a5, 0x2d
   19fc4: da e0        	sd	s6, 0x40(sp)
   19fc6: 33 4a ea 00  	xor	s4, s4, a4
   19fca: 02 f0        	sd	zero, 0x20(sp)
   19fcc: 62 8b        	mv	s6, s8
   19fce: 3e e1        	sd	a5, 0x80(sp)
   19fd0: 22 65        	ld	a0, 0x8(sp)
   19fd2: 1a 87        	mv	a4, t1
   19fd4: 93 08 81 0c  	addi	a7, sp, 0xc8
   19fd8: 13 08 c1 0b  	addi	a6, sp, 0xbc
   19fdc: 3c 19        	addi	a5, sp, 0xb8
   19fde: 89 46        	li	a3, 0x2
   19fe0: ee 85        	mv	a1, s11
   19fe2: 52 86        	mv	a2, s4
   19fe4: 72 fc        	sd	t3, 0x38(sp)
   19fe6: 1a f8        	sd	t1, 0x30(sp)
   19fe8: ef b0 8f b3  	jal	0x15320 <_ldtoa_r>
   19fec: 62 7e        	ld	t3, 0x38(sp)
   19fee: 13 07 70 04  	li	a4, 0x47
   19ff2: 42 73        	ld	t1, 0x30(sp)
   19ff4: aa 8b        	mv	s7, a0
   19ff6: e3 02 ee c4  	beq	t3, a4, 0x19c3a <_svfprintf_r+0x1a8c>
   19ffa: 1a fc        	sd	t1, 0x38(sp)
   19ffc: 39 b3        	j	0x19d0a <_svfprintf_r+0x1b5c>
   19ffe: 86 67        	ld	a5, 0x40(sp)
   1a000: fd 8e        	and	a3, a3, a5
   1a002: e3 8e 06 98  	beqz	a3, 0x1999e <_svfprintf_r+0x17f0>
   1a006: 49 ba        	j	0x19998 <_svfprintf_r+0x17ea>
   1a008: 1c c3        	sw	a5, 0x0(a4)
   1a00a: d6 8b        	mv	s7, s5
   1a00c: 6f e0 0f bb  	j	0x183bc <_svfprintf_r+0x20e>
   1a010: 97 5b 00 00  	auipc	s7, 0x5
   1a014: 93 8b 0b cd  	addi	s7, s7, -0x330
   1a018: 91 4d        	li	s11, 0x4
   1a01a: 6f e0 8f ae  	j	0x18302 <_svfprintf_r+0x154>
   1a01e: 1a 8c        	mv	s8, t1
   1a020: 9a 8d        	mv	s11, t1
   1a022: 82 e4        	sd	zero, 0x48(sp)
   1a024: 01 43        	li	t1, 0x0
   1a026: 82 e0        	sd	zero, 0x40(sp)
   1a028: 02 f8        	sd	zero, 0x30(sp)
   1a02a: 6f e0 8f ad  	j	0x18302 <_svfprintf_r+0x154>
   1a02e: 01 46        	li	a2, 0x0
   1a030: 81 46        	li	a3, 0x0
   1a032: 6e 85        	mv	a0, s11
   1a034: d2 85        	mv	a1, s4
   1a036: 9a e4        	sd	t1, 0x48(sp)
   1a038: 72 f8        	sd	t3, 0x30(sp)
   1a03a: ef 30 80 44  	jal	0x1d482 <__netf2>
   1a03e: 42 7e        	ld	t3, 0x30(sp)
   1a040: 26 63        	ld	t1, 0x48(sp)
   1a042: 63 17 05 10  	bnez	a0, 0x1a150 <_svfprintf_r+0x1fa2>
   1a046: ea 57        	lw	a5, 0xb8(sp)
   1a048: 3e f8        	sd	a5, 0x30(sp)
   1a04a: 3e 9d        	add	s10, s10, a5
   1a04c: 51 b3        	j	0x19dd0 <_svfprintf_r+0x1c22>
   1a04e: 13 0e 70 06  	li	t3, 0x67
   1a052: 46 76        	ld	a2, 0x70(sp)
   1a054: 93 06 f0 0f  	li	a3, 0xff
   1a058: 03 47 06 00  	lbu	a4, 0x0(a2)
   1a05c: 63 09 d7 1a  	beq	a4, a3, 0x1a20e <_svfprintf_r+0x2060>
   1a060: c2 77        	ld	a5, 0x30(sp)
   1a062: 01 48        	li	a6, 0x0
   1a064: 01 45        	li	a0, 0x0
   1a066: ba 85        	mv	a1, a4
   1a068: 63 5a f7 00  	bge	a4, a5, 0x1a07c <_svfprintf_r+0x1ece>
   1a06c: 03 47 16 00  	lbu	a4, 0x1(a2)
   1a070: 8d 9f        	subw	a5, a5, a1
   1a072: 0d cb        	beqz	a4, 0x1a0a4 <_svfprintf_r+0x1ef6>
   1a074: 05 25        	addiw	a0, a0, 0x1
   1a076: 05 06        	addi	a2, a2, 0x1
   1a078: e3 17 d7 fe  	bne	a4, a3, 0x1a066 <_svfprintf_r+0x1eb8>
   1a07c: b2 f8        	sd	a2, 0x70(sp)
   1a07e: 3e f8        	sd	a5, 0x30(sp)
   1a080: aa e0        	sd	a0, 0x40(sp)
   1a082: c2 e4        	sd	a6, 0x48(sp)
   1a084: a6 67        	ld	a5, 0x48(sp)
   1a086: 06 67        	ld	a4, 0x40(sp)
   1a088: 3d 9f        	addw	a4, a4, a5
   1a08a: e6 77        	ld	a5, 0x78(sp)
   1a08c: 3b 07 f7 02  	mulw	a4, a4, a5
   1a090: 3b 0c 87 01  	addw	s8, a4, s8
   1a094: 62 88        	mv	a6, s8
   1a096: 63 44 0c 00  	bltz	s8, 0x1a09e <_svfprintf_r+0x1ef0>
   1a09a: c2 8d        	mv	s11, a6
   1a09c: dd b6        	j	0x19c82 <_svfprintf_r+0x1ad4>
   1a09e: 01 48        	li	a6, 0x0
   1a0a0: c2 8d        	mv	s11, a6
   1a0a2: c5 b6        	j	0x19c82 <_svfprintf_r+0x1ad4>
   1a0a4: 03 47 06 00  	lbu	a4, 0x0(a2)
   1a0a8: 05 28        	addiw	a6, a6, 0x1
   1a0aa: f9 b7        	j	0x1a078 <_svfprintf_r+0x1eca>
   1a0ac: 97 5b 00 00  	auipc	s7, 0x5
   1a0b0: 93 8b 4b c4  	addi	s7, s7, -0x3bc
   1a0b4: 91 4d        	li	s11, 0x4
   1a0b6: 6f e0 cf a4  	j	0x18302 <_svfprintf_r+0x154>
   1a0ba: ea 57        	lw	a5, 0xb8(sp)
   1a0bc: 13 07 70 04  	li	a4, 0x47
   1a0c0: 3e f8        	sd	a5, 0x30(sp)
   1a0c2: e3 13 ec ca  	bne	s8, a4, 0x19d68 <_svfprintf_r+0x1bba>
   1a0c6: 21 bb        	j	0x19dde <_svfprintf_r+0x1c30>
   1a0c8: bb 08 f3 00  	addw	a7, t1, a5
   1a0cc: c6 67        	ld	a5, 0x50(sp)
   1a0ce: 13 0e 60 06  	li	t3, 0x66
   1a0d2: 3b 8c f8 00  	addw	s8, a7, a5
   1a0d6: d9 bb        	j	0x19eac <_svfprintf_r+0x1cfe>
   1a0d8: 63 13 03 00  	bnez	t1, 0x1a0de <_svfprintf_r+0x1f30>
   1a0dc: 36 83        	mv	t1, a3
   1a0de: 63 4c 0a 0c  	bltz	s4, 0x1a1b6 <_svfprintf_r+0x2008>
   1a0e2: 22 65        	ld	a0, 0x8(sp)
   1a0e4: 1a 87        	mv	a4, t1
   1a0e6: 93 08 81 0c  	addi	a7, sp, 0xc8
   1a0ea: 13 08 c1 0b  	addi	a6, sp, 0xbc
   1a0ee: 3c 19        	addi	a5, sp, 0xb8
   1a0f0: 89 46        	li	a3, 0x2
   1a0f2: ee 85        	mv	a1, s11
   1a0f4: 52 86        	mv	a2, s4
   1a0f6: 72 fc        	sd	t3, 0x38(sp)
   1a0f8: 1a f8        	sd	t1, 0x30(sp)
   1a0fa: ef b0 6f a2  	jal	0x15320 <_ldtoa_r>
   1a0fe: 42 73        	ld	t1, 0x30(sp)
   1a100: da e0        	sd	s6, 0x40(sp)
   1a102: 62 7e        	ld	t3, 0x38(sp)
   1a104: aa 8b        	mv	s7, a0
   1a106: 62 8b        	mv	s6, s8
   1a108: 02 e1        	sd	zero, 0x80(sp)
   1a10a: 02 f0        	sd	zero, 0x20(sp)
   1a10c: 3d b6        	j	0x19c3a <_svfprintf_r+0x1a8c>
   1a10e: 5e 83        	mv	t1, s7
   1a110: 56 8b        	mv	s6, s5
   1a112: bb 86 6d 00  	addw	a3, s11, t1
   1a116: bb 86 66 41  	subw	a3, a3, s6
   1a11a: 06 79        	ld	s2, 0x60(sp)
   1a11c: a6 6a        	ld	s5, 0x48(sp)
   1a11e: 2a 6e        	ld	t3, 0x88(sp)
   1a120: ee 8b        	mv	s7, s11
   1a122: 63 ca 06 fa  	bltz	a3, 0x198d6 <_svfprintf_r+0x1728>
   1a126: 13 86 16 00  	addi	a2, a3, 0x1
   1a12a: 5a 96        	add	a2, a2, s6
   1a12c: 5a 87        	mv	a4, s6
   1a12e: 93 05 00 03  	li	a1, 0x30
   1a132: 05 07        	addi	a4, a4, 0x1
   1a134: a3 0f b7 fe  	sb	a1, -0x1(a4)
   1a138: e3 1d c7 fe  	bne	a4, a2, 0x1a132 <_svfprintf_r+0x1f84>
   1a13c: 93 07 1b 00  	addi	a5, s6, 0x1
   1a140: 33 8b d7 00  	add	s6, a5, a3
   1a144: 6f f0 2f f9  	j	0x198d6 <_svfprintf_r+0x1728>
   1a148: 13 06 00 07  	li	a2, 0x70
   1a14c: 6f f0 0f fb  	j	0x198fc <_svfprintf_r+0x174e>
   1a150: e2 77        	ld	a5, 0x38(sp)
   1a152: 85 46        	li	a3, 0x1
   1a154: 9d 9e        	subw	a3, a3, a5
   1a156: 36 dd        	sw	a3, 0xb8(sp)
   1a158: 29 b3        	j	0x19e62 <_svfprintf_r+0x1cb4>
   1a15a: 02 f0        	sd	zero, 0x20(sp)
   1a15c: 62 8b        	mv	s6, s8
   1a15e: b9 b9        	j	0x19dbc <_svfprintf_r+0x1c0e>
   1a160: 82 7b        	ld	s7, 0x20(sp)
   1a162: a9 b9        	j	0x19dbc <_svfprintf_r+0x1c0e>
   1a164: 83 46 ac 00  	lbu	a3, 0xa(s8)
   1a168: 6f f0 af f6  	j	0x198d2 <_svfprintf_r+0x1724>
   1a16c: 89 47        	li	a5, 0x2
   1a16e: be f0        	sd	a5, 0x60(sp)
   1a170: 6f f0 bf 81  	j	0x1998a <_svfprintf_r+0x17dc>
   1a174: 22 77        	ld	a4, 0x28(sp)
   1a176: 1c 43        	lw	a5, 0x0(a4)
   1a178: 21 07        	addi	a4, a4, 0x8
   1a17a: 3e 83        	mv	t1, a5
   1a17c: 63 d3 07 00  	bgez	a5, 0x1a182 <_svfprintf_r+0x1fd4>
   1a180: 7d 53        	li	t1, -0x1
   1a182: 03 ce 1a 00  	lbu	t3, 0x1(s5)
   1a186: 1a 8c        	mv	s8, t1
   1a188: 3a f4        	sd	a4, 0x28(sp)
   1a18a: b2 8a        	mv	s5, a2
   1a18c: 6f e0 4f 90  	j	0x18290 <_svfprintf_r+0xe2>
   1a190: 11 e7        	bnez	a4, 0x1a19c <_svfprintf_r+0x1fee>
   1a192: 85 4d        	li	s11, 0x1
   1a194: 6e 8c        	mv	s8, s11
   1a196: 13 0e 60 06  	li	t3, 0x66
   1a19a: d5 b4        	j	0x19c7e <_svfprintf_r+0x1ad0>
   1a19c: c6 67        	ld	a5, 0x50(sp)
   1a19e: 9b 88 17 00  	addiw	a7, a5, 0x1
   1a1a2: 3b 8c 68 00  	addw	s8, a7, t1
   1a1a6: 62 88        	mv	a6, s8
   1a1a8: 63 53 0c 00  	bgez	s8, 0x1a1ae <_svfprintf_r+0x2000>
   1a1ac: 01 48        	li	a6, 0x0
   1a1ae: c2 8d        	mv	s11, a6
   1a1b0: 13 0e 60 06  	li	t3, 0x66
   1a1b4: e9 b4        	j	0x19c7e <_svfprintf_r+0x1ad0>
   1a1b6: 7e 17        	slli	a4, a4, 0x3f
   1a1b8: 93 07 d0 02  	li	a5, 0x2d
   1a1bc: da e0        	sd	s6, 0x40(sp)
   1a1be: 33 4a ea 00  	xor	s4, s4, a4
   1a1c2: 02 f0        	sd	zero, 0x20(sp)
   1a1c4: 62 8b        	mv	s6, s8
   1a1c6: 3e e1        	sd	a5, 0x80(sp)
   1a1c8: 81 bc        	j	0x19c18 <_svfprintf_r+0x1a6a>
   1a1ca: bb 87 77 41  	subw	a5, a5, s7
   1a1ce: 3e fc        	sd	a5, 0x38(sp)
   1a1d0: ea 57        	lw	a5, 0xb8(sp)
   1a1d2: 13 07 70 04  	li	a4, 0x47
   1a1d6: 3e f8        	sd	a5, 0x30(sp)
   1a1d8: e3 18 ec b8  	bne	s8, a4, 0x19d68 <_svfprintf_r+0x1bba>
   1a1dc: 09 b1        	j	0x19dde <_svfprintf_r+0x1c30>
   1a1de: 01 43        	li	t1, 0x0
   1a1e0: 82 e4        	sd	zero, 0x48(sp)
   1a1e2: 82 e0        	sd	zero, 0x40(sp)
   1a1e4: 02 f0        	sd	zero, 0x20(sp)
   1a1e6: 0d 4c        	li	s8, 0x3
   1a1e8: 91 4d        	li	s11, 0x4
   1a1ea: 6f e0 8f 91  	j	0x18302 <_svfprintf_r+0x154>
   1a1ee: 22 67        	ld	a4, 0x8(sp)
   1a1f0: b1 47        	li	a5, 0xc
   1a1f2: 1c c3        	sw	a5, 0x0(a4)
   1a1f4: fd 57        	li	a5, -0x1
   1a1f6: 3e ec        	sd	a5, 0x18(sp)
   1a1f8: 6f e0 6f a0  	j	0x183fe <_svfprintf_r+0x250>
   1a1fc: 42 67        	ld	a4, 0x10(sp)
   1a1fe: 83 57 07 01  	lhu	a5, 0x10(a4)
   1a202: 93 e7 07 04  	ori	a5, a5, 0x40
   1a206: 23 18 f7 00  	sh	a5, 0x10(a4)
   1a20a: 6f e0 2f 9c  	j	0x183cc <_svfprintf_r+0x21e>
   1a20e: 82 e4        	sd	zero, 0x48(sp)
   1a210: 82 e0        	sd	zero, 0x40(sp)
   1a212: 8d bd        	j	0x1a084 <_svfprintf_r+0x1ed6>
   1a214: 85 4d        	li	s11, 0x1
   1a216: 82 e0        	sd	zero, 0x40(sp)
   1a218: 82 e4        	sd	zero, 0x48(sp)
   1a21a: 6e 8c        	mv	s8, s11
   1a21c: 02 f0        	sd	zero, 0x20(sp)
   1a21e: 02 f8        	sd	zero, 0x30(sp)
   1a220: 93 0b b1 15  	addi	s7, sp, 0x15b
   1a224: 13 0e 80 07  	li	t3, 0x78
   1a228: 01 45        	li	a0, 0x0
   1a22a: 6f e0 9f e7  	j	0x190a2 <_svfprintf_r+0xef4>

000000000001a22e <__sprint_r.part.0>:
   1a22e: 83 a7 05 0b  	lw	a5, 0xb0(a1)
   1a232: 5d 71        	addi	sp, sp, -0x50
   1a234: 56 ec        	sd	s5, 0x18(sp)
   1a236: 86 e4        	sd	ra, 0x48(sp)
   1a238: 13 97 27 03  	slli	a4, a5, 0x32
   1a23c: b2 8a        	mv	s5, a2
   1a23e: 63 5e 07 08  	bgez	a4, 0x1a2da <__sprint_r.part.0+0xac>
   1a242: 1c 6a        	ld	a5, 0x10(a2)
   1a244: 4a f8        	sd	s2, 0x30(sp)
   1a246: 4e f4        	sd	s3, 0x28(sp)
   1a248: 52 f0        	sd	s4, 0x20(sp)
   1a24a: 5a e8        	sd	s6, 0x10(sp)
   1a24c: 2e 89        	mv	s2, a1
   1a24e: 03 3b 06 00  	ld	s6, 0x0(a2)
   1a252: 2a 8a        	mv	s4, a0
   1a254: fd 59        	li	s3, -0x1
   1a256: a5 cf        	beqz	a5, 0x1a2ce <__sprint_r.part.0+0xa0>
   1a258: a2 e0        	sd	s0, 0x40(sp)
   1a25a: 26 fc        	sd	s1, 0x38(sp)
   1a25c: 5e e4        	sd	s7, 0x8(sp)
   1a25e: 83 34 8b 00  	ld	s1, 0x8(s6)
   1a262: 03 34 0b 00  	ld	s0, 0x0(s6)
   1a266: 89 80        	srli	s1, s1, 0x2
   1a268: 9b 8b 04 00  	sext.w	s7, s1
   1a26c: 63 57 70 05  	blez	s7, 0x1a2ba <__sprint_r.part.0+0x8c>
   1a270: fd 34        	addiw	s1, s1, -0x1
   1a272: 93 97 04 02  	slli	a5, s1, 0x20
   1a276: 93 d4 e7 01  	srli	s1, a5, 0x1e
   1a27a: 93 07 44 00  	addi	a5, s0, 0x4
   1a27e: be 94        	add	s1, s1, a5
   1a280: 19 a0        	j	0x1a286 <__sprint_r.part.0+0x58>
   1a282: 63 8a 84 02  	beq	s1, s0, 0x1a2b6 <__sprint_r.part.0+0x88>
   1a286: 0c 40        	lw	a1, 0x0(s0)
   1a288: 4a 86        	mv	a2, s2
   1a28a: 52 85        	mv	a0, s4
   1a28c: ef 10 60 4f  	jal	0x1b782 <_fputwc_r>
   1a290: 11 04        	addi	s0, s0, 0x4
   1a292: e3 18 35 ff  	bne	a0, s3, 0x1a282 <__sprint_r.part.0+0x54>
   1a296: 4e 85        	mv	a0, s3
   1a298: 06 64        	ld	s0, 0x40(sp)
   1a29a: e2 74        	ld	s1, 0x38(sp)
   1a29c: 42 79        	ld	s2, 0x30(sp)
   1a29e: a2 79        	ld	s3, 0x28(sp)
   1a2a0: 02 7a        	ld	s4, 0x20(sp)
   1a2a2: 42 6b        	ld	s6, 0x10(sp)
   1a2a4: a2 6b        	ld	s7, 0x8(sp)
   1a2a6: a6 60        	ld	ra, 0x48(sp)
   1a2a8: 23 b8 0a 00  	sd	zero, 0x10(s5)
   1a2ac: 23 a4 0a 00  	sw	zero, 0x8(s5)
   1a2b0: e2 6a        	ld	s5, 0x18(sp)
   1a2b2: 61 61        	addi	sp, sp, 0x50
   1a2b4: 82 80        	ret
   1a2b6: 83 b7 0a 01  	ld	a5, 0x10(s5)
   1a2ba: 8a 0b        	slli	s7, s7, 0x2
   1a2bc: b3 87 77 41  	sub	a5, a5, s7
   1a2c0: 23 b8 fa 00  	sd	a5, 0x10(s5)
   1a2c4: 41 0b        	addi	s6, s6, 0x10
   1a2c6: c1 ff        	bnez	a5, 0x1a25e <__sprint_r.part.0+0x30>
   1a2c8: 06 64        	ld	s0, 0x40(sp)
   1a2ca: e2 74        	ld	s1, 0x38(sp)
   1a2cc: a2 6b        	ld	s7, 0x8(sp)
   1a2ce: 42 79        	ld	s2, 0x30(sp)
   1a2d0: a2 79        	ld	s3, 0x28(sp)
   1a2d2: 02 7a        	ld	s4, 0x20(sp)
   1a2d4: 42 6b        	ld	s6, 0x10(sp)
   1a2d6: 01 45        	li	a0, 0x0
   1a2d8: f9 b7        	j	0x1a2a6 <__sprint_r.part.0+0x78>
   1a2da: ef 90 5f 86  	jal	0x13b3e <__sfvwrite_r>
   1a2de: a6 60        	ld	ra, 0x48(sp)
   1a2e0: 23 b8 0a 00  	sd	zero, 0x10(s5)
   1a2e4: 23 a4 0a 00  	sw	zero, 0x8(s5)
   1a2e8: e2 6a        	ld	s5, 0x18(sp)
   1a2ea: 61 61        	addi	sp, sp, 0x50
   1a2ec: 82 80        	ret

000000000001a2ee <__sprint_r>:
   1a2ee: 18 6a        	ld	a4, 0x10(a2)
   1a2f0: 19 c3        	beqz	a4, 0x1a2f6 <__sprint_r+0x8>
   1a2f2: 6f f0 df f3  	j	0x1a22e <__sprint_r.part.0>
   1a2f6: 23 24 06 00  	sw	zero, 0x8(a2)
   1a2fa: 01 45        	li	a0, 0x0
   1a2fc: 82 80        	ret

000000000001a2fe <_vfiprintf_r>:
   1a2fe: 05 71        	addi	sp, sp, -0x1e0
   1a300: 52 fb        	sd	s4, 0x1b0(sp)
   1a302: 5e ef        	sd	s7, 0x198(sp)
   1a304: ee fe        	sd	s11, 0x178(sp)
   1a306: 86 ef        	sd	ra, 0x1d8(sp)
   1a308: 36 e8        	sd	a3, 0x10(sp)
   1a30a: aa 8b        	mv	s7, a0
   1a30c: 2e 8a        	mv	s4, a1
   1a30e: b2 8d        	mv	s11, a2
   1a310: 01 c5        	beqz	a0, 0x1a318 <_vfiprintf_r+0x1a>
   1a312: 3c 49        	lw	a5, 0x50(a0)
   1a314: 63 80 07 30  	beqz	a5, 0x1a614 <_vfiprintf_r+0x316>
   1a318: 03 27 0a 0b  	lw	a4, 0xb0(s4)
   1a31c: 83 17 0a 01  	lh	a5, 0x10(s4)
   1a320: 05 8b        	andi	a4, a4, 0x1
   1a322: 09 e7        	bnez	a4, 0x1a32c <_vfiprintf_r+0x2e>
   1a324: 13 f7 07 20  	andi	a4, a5, 0x200
   1a328: e3 01 07 36  	beqz	a4, 0x1ae8a <_vfiprintf_r+0xb8c>
   1a32c: 13 97 27 03  	slli	a4, a5, 0x32
   1a330: 09 66        	lui	a2, 0x2
   1a332: 63 4c 07 00  	bltz	a4, 0x1a34a <_vfiprintf_r+0x4c>
   1a336: 03 27 0a 0b  	lw	a4, 0xb0(s4)
   1a33a: f9 76        	lui	a3, 0xffffe
   1a33c: fd 16        	addi	a3, a3, -0x1
   1a33e: d1 8f        	or	a5, a5, a2
   1a340: 75 8f        	and	a4, a4, a3
   1a342: 23 18 fa 00  	sh	a5, 0x10(s4)
   1a346: 23 28 ea 0a  	sw	a4, 0xb0(s4)
   1a34a: 13 f7 87 00  	andi	a4, a5, 0x8
   1a34e: 63 05 07 24  	beqz	a4, 0x1a598 <_vfiprintf_r+0x29a>
   1a352: 03 37 8a 01  	ld	a4, 0x18(s4)
   1a356: 63 01 07 24  	beqz	a4, 0x1a598 <_vfiprintf_r+0x29a>
   1a35a: 13 f7 a7 01  	andi	a4, a5, 0x1a
   1a35e: a9 46        	li	a3, 0xa
   1a360: 63 09 d7 24  	beq	a4, a3, 0x1a5b2 <_vfiprintf_r+0x2b4>
   1a364: 56 f7        	sd	s5, 0x1a8(sp)
   1a366: 93 0a 01 0f  	addi	s5, sp, 0xf0
   1a36a: a2 eb        	sd	s0, 0x1d0(sp)
   1a36c: 4e ff        	sd	s3, 0x1b8(sp)
   1a36e: 5a f3        	sd	s6, 0x1a0(sp)
   1a370: 62 eb        	sd	s8, 0x190(sp)
   1a372: 66 e7        	sd	s9, 0x188(sp)
   1a374: 6a e3        	sd	s10, 0x180(sp)
   1a376: a6 e7        	sd	s1, 0x1c8(sp)
   1a378: ca e3        	sd	s2, 0x1c0(sp)
   1a37a: 02 e1        	sd	zero, 0x80(sp)
   1a37c: 82 dc        	sw	zero, 0x78(sp)
   1a37e: d6 f8        	sd	s5, 0x70(sp)
   1a380: 56 84        	mv	s0, s5
   1a382: 02 fc        	sd	zero, 0x38(sp)
   1a384: 02 f8        	sd	zero, 0x30(sp)
   1a386: 82 e0        	sd	zero, 0x40(sp)
   1a388: 02 e4        	sd	zero, 0x8(sp)
   1a38a: 13 0d 50 02  	li	s10, 0x25
   1a38e: 1d 4b        	li	s6, 0x7
   1a390: 97 5c 00 00  	auipc	s9, 0x5
   1a394: 93 8c 0c 17  	addi	s9, s9, 0x170
   1a398: c1 49        	li	s3, 0x10
   1a39a: 6e 8c        	mv	s8, s11
   1a39c: 83 47 0c 00  	lbu	a5, 0x0(s8)
   1a3a0: 63 88 07 1a  	beqz	a5, 0x1a550 <_vfiprintf_r+0x252>
   1a3a4: e2 84        	mv	s1, s8
   1a3a6: 63 8d a7 23  	beq	a5, s10, 0x1a5e0 <_vfiprintf_r+0x2e2>
   1a3aa: 83 c7 14 00  	lbu	a5, 0x1(s1)
   1a3ae: 85 04        	addi	s1, s1, 0x1
   1a3b0: fd fb        	bnez	a5, 0x1a3a6 <_vfiprintf_r+0xa8>
   1a3b2: bb 8d 84 41  	subw	s11, s1, s8
   1a3b6: 63 8d 0d 18  	beqz	s11, 0x1a550 <_vfiprintf_r+0x252>
   1a3ba: 8a 66        	ld	a3, 0x80(sp)
   1a3bc: e6 57        	lw	a5, 0x78(sp)
   1a3be: 23 30 84 01  	sd	s8, 0x0(s0)
   1a3c2: 33 87 dd 00  	add	a4, s11, a3
   1a3c6: 85 27        	addiw	a5, a5, 0x1
   1a3c8: 23 34 b4 01  	sd	s11, 0x8(s0)
   1a3cc: 3a e1        	sd	a4, 0x80(sp)
   1a3ce: be dc        	sw	a5, 0x78(sp)
   1a3d0: 41 04        	addi	s0, s0, 0x10
   1a3d2: 63 5c fb 00  	bge	s6, a5, 0x1a3ea <_vfiprintf_r+0xec>
   1a3d6: e3 06 07 22  	beqz	a4, 0x1ae02 <_vfiprintf_r+0xb04>
   1a3da: 90 18        	addi	a2, sp, 0x70
   1a3dc: d2 85        	mv	a1, s4
   1a3de: 5e 85        	mv	a0, s7
   1a3e0: ef f0 ff e4  	jal	0x1a22e <__sprint_r.part.0>
   1a3e4: 63 1a 05 16  	bnez	a0, 0x1a558 <_vfiprintf_r+0x25a>
   1a3e8: 56 84        	mv	s0, s5
   1a3ea: 22 67        	ld	a4, 0x8(sp)
   1a3ec: 83 c7 04 00  	lbu	a5, 0x0(s1)
   1a3f0: 3b 07 b7 01  	addw	a4, a4, s11
   1a3f4: 3a e4        	sd	a4, 0x8(sp)
   1a3f6: 63 8d 07 14  	beqz	a5, 0x1a550 <_vfiprintf_r+0x252>
   1a3fa: 01 48        	li	a6, 0x0
   1a3fc: 83 c7 14 00  	lbu	a5, 0x1(s1)
   1a400: 13 8c 14 00  	addi	s8, s1, 0x1
   1a404: a3 03 01 06  	sb	zero, 0x67(sp)
   1a408: fd 54        	li	s1, -0x1
   1a40a: 81 46        	li	a3, 0x0
   1a40c: 93 0d a0 05  	li	s11, 0x5a
   1a410: 42 89        	mv	s2, a6
   1a412: 05 0c        	addi	s8, s8, 0x1
   1a414: 1b 87 07 fe  	addiw	a4, a5, -0x20
   1a418: 63 e3 ed 04  	bltu	s11, a4, 0x1a45e <_vfiprintf_r+0x160>
   1a41c: 13 16 07 02  	slli	a2, a4, 0x20
   1a420: 13 57 e6 01  	srli	a4, a2, 0x1e
   1a424: 66 97        	add	a4, a4, s9
   1a426: 18 43        	lw	a4, 0x0(a4)
   1a428: 66 97        	add	a4, a4, s9
   1a42a: 02 87        	jr	a4
   1a42c: 01 49        	li	s2, 0x0
   1a42e: a5 45        	li	a1, 0x9
   1a430: 03 46 0c 00  	lbu	a2, 0x0(s8)
   1a434: 1b 17 29 00  	slliw	a4, s2, 0x2
   1a438: 3b 08 27 01  	addw	a6, a4, s2
   1a43c: 9b 87 07 fd  	addiw	a5, a5, -0x30
   1a440: 1b 18 18 00  	slliw	a6, a6, 0x1
   1a444: 1b 07 06 fd  	addiw	a4, a2, -0x30
   1a448: 05 0c        	addi	s8, s8, 0x1
   1a44a: 3b 89 07 01  	addw	s2, a5, a6
   1a44e: 9b 07 06 00  	sext.w	a5, a2
   1a452: e3 ff e5 fc  	bgeu	a1, a4, 0x1a430 <_vfiprintf_r+0x132>
   1a456: 1b 87 07 fe  	addiw	a4, a5, -0x20
   1a45a: e3 f1 ed fc  	bgeu	s11, a4, 0x1a41c <_vfiprintf_r+0x11e>
   1a45e: 4a 88        	mv	a6, s2
   1a460: e5 cb        	beqz	a5, 0x1a550 <_vfiprintf_r+0x252>
   1a462: 05 4e        	li	t3, 0x1
   1a464: 23 04 f1 08  	sb	a5, 0x88(sp)
   1a468: a3 03 01 06  	sb	zero, 0x67(sp)
   1a46c: 72 89        	mv	s2, t3
   1a46e: 81 44        	li	s1, 0x0
   1a470: 93 0d 81 08  	addi	s11, sp, 0x88
   1a474: 93 f3 46 08  	andi	t2, a3, 0x84
   1a478: 63 8d 03 20  	beqz	t2, 0x1a692 <_vfiprintf_r+0x394>
   1a47c: 66 56        	lw	a2, 0x78(sp)
   1a47e: 83 45 71 06  	lbu	a1, 0x67(sp)
   1a482: 8a 67        	ld	a5, 0x80(sp)
   1a484: 9b 0e 16 00  	addiw	t4, a2, 0x1
   1a488: 9e 88        	mv	a7, t2
   1a48a: b9 cd        	beqz	a1, 0x1a4e8 <_vfiprintf_r+0x1ea>
   1a48c: 81 43        	li	t2, 0x0
   1a48e: 85 07        	addi	a5, a5, 0x1
   1a490: 93 05 71 06  	addi	a1, sp, 0x67
   1a494: 05 46        	li	a2, 0x1
   1a496: 3e e1        	sd	a5, 0x80(sp)
   1a498: f6 dc        	sw	t4, 0x78(sp)
   1a49a: 0c e0        	sd	a1, 0x0(s0)
   1a49c: 10 e4        	sd	a2, 0x8(s0)
   1a49e: 63 47 db 79  	blt	s6, t4, 0x1ac2c <_vfiprintf_r+0x92e>
   1a4a2: 76 86        	mv	a2, t4
   1a4a4: 41 04        	addi	s0, s0, 0x10
   1a4a6: 85 2e        	addiw	t4, t4, 0x1
   1a4a8: 63 80 03 04  	beqz	t2, 0x1a4e8 <_vfiprintf_r+0x1ea>
   1a4ac: 89 07        	addi	a5, a5, 0x2
   1a4ae: ac 10        	addi	a1, sp, 0x68
   1a4b0: 09 46        	li	a2, 0x2
   1a4b2: 3e e1        	sd	a5, 0x80(sp)
   1a4b4: f6 dc        	sw	t4, 0x78(sp)
   1a4b6: 0c e0        	sd	a1, 0x0(s0)
   1a4b8: 10 e4        	sd	a2, 0x8(s0)
   1a4ba: 63 55 db 21  	bge	s6, t4, 0x1a6c4 <_vfiprintf_r+0x3c6>
   1a4be: e3 85 07 14  	beqz	a5, 0x1ae08 <_vfiprintf_r+0xb0a>
   1a4c2: 90 18        	addi	a2, sp, 0x70
   1a4c4: d2 85        	mv	a1, s4
   1a4c6: 5e 85        	mv	a0, s7
   1a4c8: f2 e4        	sd	t3, 0x48(sp)
   1a4ca: 36 f4        	sd	a3, 0x28(sp)
   1a4cc: 46 f0        	sd	a7, 0x20(sp)
   1a4ce: 42 ec        	sd	a6, 0x18(sp)
   1a4d0: ef f0 ff d5  	jal	0x1a22e <__sprint_r.part.0>
   1a4d4: 51 e1        	bnez	a0, 0x1a558 <_vfiprintf_r+0x25a>
   1a4d6: 66 56        	lw	a2, 0x78(sp)
   1a4d8: 8a 67        	ld	a5, 0x80(sp)
   1a4da: 62 68        	ld	a6, 0x18(sp)
   1a4dc: 82 78        	ld	a7, 0x20(sp)
   1a4de: a2 76        	ld	a3, 0x28(sp)
   1a4e0: 26 6e        	ld	t3, 0x48(sp)
   1a4e2: 56 84        	mv	s0, s5
   1a4e4: 9b 0e 16 00  	addiw	t4, a2, 0x1
   1a4e8: 93 05 00 08  	li	a1, 0x80
   1a4ec: 63 83 b8 1e  	beq	a7, a1, 0x1a6d2 <_vfiprintf_r+0x3d4>
   1a4f0: bb 84 c4 41  	subw	s1, s1, t3
   1a4f4: 63 42 90 2a  	bgtz	s1, 0x1a798 <_vfiprintf_r+0x49a>
   1a4f8: f2 97        	add	a5, a5, t3
   1a4fa: 3e e1        	sd	a5, 0x80(sp)
   1a4fc: 23 30 b4 01  	sd	s11, 0x0(s0)
   1a500: 23 34 c4 01  	sd	t3, 0x8(s0)
   1a504: f6 dc        	sw	t4, 0x78(sp)
   1a506: 63 5b db 0f  	bge	s6, t4, 0x1a5fc <_vfiprintf_r+0x2fe>
   1a50a: 63 8e 07 7e  	beqz	a5, 0x1ad06 <_vfiprintf_r+0xa08>
   1a50e: 90 18        	addi	a2, sp, 0x70
   1a510: d2 85        	mv	a1, s4
   1a512: 5e 85        	mv	a0, s7
   1a514: 36 f0        	sd	a3, 0x20(sp)
   1a516: 42 ec        	sd	a6, 0x18(sp)
   1a518: ef f0 7f d1  	jal	0x1a22e <__sprint_r.part.0>
   1a51c: 15 ed        	bnez	a0, 0x1a558 <_vfiprintf_r+0x25a>
   1a51e: 8a 67        	ld	a5, 0x80(sp)
   1a520: 82 76        	ld	a3, 0x20(sp)
   1a522: 62 68        	ld	a6, 0x18(sp)
   1a524: 56 84        	mv	s0, s5
   1a526: 91 8a        	andi	a3, a3, 0x4
   1a528: 89 c6        	beqz	a3, 0x1a532 <_vfiprintf_r+0x234>
   1a52a: bb 04 28 41  	subw	s1, a6, s2
   1a52e: 63 44 90 7e  	bgtz	s1, 0x1ad16 <_vfiprintf_r+0xa18>
   1a532: c2 86        	mv	a3, a6
   1a534: 63 53 28 01  	bge	a6, s2, 0x1a53a <_vfiprintf_r+0x23c>
   1a538: ca 86        	mv	a3, s2
   1a53a: 22 67        	ld	a4, 0x8(sp)
   1a53c: 35 9f        	addw	a4, a4, a3
   1a53e: 3a e4        	sd	a4, 0x8(sp)
   1a540: 63 9a 07 6c  	bnez	a5, 0x1ac14 <_vfiprintf_r+0x916>
   1a544: 83 47 0c 00  	lbu	a5, 0x0(s8)
   1a548: 82 dc        	sw	zero, 0x78(sp)
   1a54a: 56 84        	mv	s0, s5
   1a54c: e3 9c 07 e4  	bnez	a5, 0x1a3a4 <_vfiprintf_r+0xa6>
   1a550: 8a 67        	ld	a5, 0x80(sp)
   1a552: e3 98 07 4c  	bnez	a5, 0x1b222 <_vfiprintf_r+0xf24>
   1a556: 82 dc        	sw	zero, 0x78(sp)
   1a558: 03 27 0a 0b  	lw	a4, 0xb0(s4)
   1a55c: 83 17 0a 01  	lh	a5, 0x10(s4)
   1a560: 05 8b        	andi	a4, a4, 0x1
   1a562: 59 cf        	beqz	a4, 0x1a600 <_vfiprintf_r+0x302>
   1a564: 93 f7 07 04  	andi	a5, a5, 0x40
   1a568: 5e 64        	ld	s0, 0x1d0(sp)
   1a56a: be 64        	ld	s1, 0x1c8(sp)
   1a56c: 1e 69        	ld	s2, 0x1c0(sp)
   1a56e: fa 79        	ld	s3, 0x1b8(sp)
   1a570: ba 7a        	ld	s5, 0x1a8(sp)
   1a572: 1a 7b        	ld	s6, 0x1a0(sp)
   1a574: 5a 6c        	ld	s8, 0x190(sp)
   1a576: ba 6c        	ld	s9, 0x188(sp)
   1a578: 1a 6d        	ld	s10, 0x180(sp)
   1a57a: e3 98 07 52  	bnez	a5, 0x1b2aa <_vfiprintf_r+0xfac>
   1a57e: fe 60        	ld	ra, 0x1d8(sp)
   1a580: 22 65        	ld	a0, 0x8(sp)
   1a582: 5a 7a        	ld	s4, 0x1b0(sp)
   1a584: fa 6b        	ld	s7, 0x198(sp)
   1a586: f6 7d        	ld	s11, 0x178(sp)
   1a588: 3d 61        	addi	sp, sp, 0x1e0
   1a58a: 82 80        	ret
   1a58c: 93 e6 06 01  	ori	a3, a3, 0x10
   1a590: 83 47 0c 00  	lbu	a5, 0x0(s8)
   1a594: 81 26        	sext.w	a3, a3
   1a596: b5 bd        	j	0x1a412 <_vfiprintf_r+0x114>
   1a598: d2 85        	mv	a1, s4
   1a59a: 5e 85        	mv	a0, s7
   1a59c: ef 80 9f a4  	jal	0x12fe4 <__swsetup_r>
   1a5a0: e3 11 05 50  	bnez	a0, 0x1b2a2 <_vfiprintf_r+0xfa4>
   1a5a4: 83 17 0a 01  	lh	a5, 0x10(s4)
   1a5a8: a9 46        	li	a3, 0xa
   1a5aa: 13 f7 a7 01  	andi	a4, a5, 0x1a
   1a5ae: e3 1b d7 da  	bne	a4, a3, 0x1a364 <_vfiprintf_r+0x66>
   1a5b2: 03 17 2a 01  	lh	a4, 0x12(s4)
   1a5b6: e3 47 07 da  	bltz	a4, 0x1a364 <_vfiprintf_r+0x66>
   1a5ba: 03 27 0a 0b  	lw	a4, 0xb0(s4)
   1a5be: 05 8b        	andi	a4, a4, 0x1
   1a5c0: 09 e7        	bnez	a4, 0x1a5ca <_vfiprintf_r+0x2cc>
   1a5c2: 93 f7 07 20  	andi	a5, a5, 0x200
   1a5c6: e3 88 07 46  	beqz	a5, 0x1b236 <_vfiprintf_r+0xf38>
   1a5ca: c2 66        	ld	a3, 0x10(sp)
   1a5cc: fe 60        	ld	ra, 0x1d8(sp)
   1a5ce: 6e 86        	mv	a2, s11
   1a5d0: d2 85        	mv	a1, s4
   1a5d2: f6 7d        	ld	s11, 0x178(sp)
   1a5d4: 5a 7a        	ld	s4, 0x1b0(sp)
   1a5d6: 5e 85        	mv	a0, s7
   1a5d8: fa 6b        	ld	s7, 0x198(sp)
   1a5da: 3d 61        	addi	sp, sp, 0x1e0
   1a5dc: 6f 00 d0 50  	j	0x1b2e8 <__sbprintf>
   1a5e0: bb 8d 84 41  	subw	s11, s1, s8
   1a5e4: e3 9b 0d dc  	bnez	s11, 0x1a3ba <_vfiprintf_r+0xbc>
   1a5e8: 83 c7 04 00  	lbu	a5, 0x0(s1)
   1a5ec: 29 b5        	j	0x1a3f6 <_vfiprintf_r+0xf8>
   1a5ee: 05 46        	li	a2, 0x1
   1a5f0: f2 87        	mv	a5, t3
   1a5f2: f2 fd        	sd	t3, 0xf8(sp)
   1a5f4: 72 e1        	sd	t3, 0x80(sp)
   1a5f6: ee f9        	sd	s11, 0xf0(sp)
   1a5f8: b2 dc        	sw	a2, 0x78(sp)
   1a5fa: 56 84        	mv	s0, s5
   1a5fc: 41 04        	addi	s0, s0, 0x10
   1a5fe: 25 b7        	j	0x1a526 <_vfiprintf_r+0x228>
   1a600: 13 f7 07 20  	andi	a4, a5, 0x200
   1a604: 25 f3        	bnez	a4, 0x1a564 <_vfiprintf_r+0x266>
   1a606: 03 35 0a 0a  	ld	a0, 0xa0(s4)
   1a60a: ef b0 7f ce  	jal	0x162f0 <__retarget_lock_release_recursive>
   1a60e: 83 17 0a 01  	lh	a5, 0x10(s4)
   1a612: 89 bf        	j	0x1a564 <_vfiprintf_r+0x266>
   1a614: ef 80 bf f3  	jal	0x1354e <__sinit>
   1a618: 01 b3        	j	0x1a318 <_vfiprintf_r+0x1a>
   1a61a: 42 67        	ld	a4, 0x10(sp)
   1a61c: 93 f7 06 02  	andi	a5, a3, 0x20
   1a620: 4a 88        	mv	a6, s2
   1a622: 13 06 87 00  	addi	a2, a4, 0x8
   1a626: 63 9e 07 26  	bnez	a5, 0x1a8a2 <_vfiprintf_r+0x5a4>
   1a62a: 93 f7 06 01  	andi	a5, a3, 0x10
   1a62e: e3 9c 07 48  	bnez	a5, 0x1b2c6 <_vfiprintf_r+0xfc8>
   1a632: c2 67        	ld	a5, 0x10(sp)
   1a634: 93 f5 06 04  	andi	a1, a3, 0x40
   1a638: 9c 43        	lw	a5, 0x0(a5)
   1a63a: e3 81 05 2c  	beqz	a1, 0x1b0fc <_vfiprintf_r+0xdfe>
   1a63e: 9b 97 07 01  	slliw	a5, a5, 0x10
   1a642: 9b d7 07 41  	sraiw	a5, a5, 0x10
   1a646: 32 e8        	sd	a2, 0x10(sp)
   1a648: be 85        	mv	a1, a5
   1a64a: 63 c2 05 26  	bltz	a1, 0x1a8ae <_vfiprintf_r+0x5b0>
   1a64e: 63 c7 04 00  	bltz	s1, 0x1a65c <_vfiprintf_r+0x35e>
   1a652: 93 f6 f6 f7  	andi	a3, a3, -0x81
   1a656: 81 26        	sext.w	a3, a3
   1a658: e3 88 07 0e  	beqz	a5, 0x1af48 <_vfiprintf_r+0xc4a>
   1a65c: 25 43        	li	t1, 0x9
   1a65e: 63 66 f3 26  	bltu	t1, a5, 0x1a8ca <_vfiprintf_r+0x5cc>
   1a662: 9b 87 07 03  	addiw	a5, a5, 0x30
   1a666: 93 f7 f7 0f  	andi	a5, a5, 0xff
   1a66a: a3 05 f1 0e  	sb	a5, 0xeb(sp)
   1a66e: a6 87        	mv	a5, s1
   1a670: 63 43 90 00  	bgtz	s1, 0x1a676 <_vfiprintf_r+0x378>
   1a674: 85 47        	li	a5, 0x1
   1a676: 03 46 71 06  	lbu	a2, 0x67(sp)
   1a67a: 1b 89 07 00  	sext.w	s2, a5
   1a67e: 19 c2        	beqz	a2, 0x1a684 <_vfiprintf_r+0x386>
   1a680: 1b 89 17 00  	addiw	s2, a5, 0x1
   1a684: 93 f3 46 08  	andi	t2, a3, 0x84
   1a688: 05 4e        	li	t3, 0x1
   1a68a: 93 0d b1 0e  	addi	s11, sp, 0xeb
   1a68e: e3 97 03 de  	bnez	t2, 0x1a47c <_vfiprintf_r+0x17e>
   1a692: 66 56        	lw	a2, 0x78(sp)
   1a694: bb 08 28 41  	subw	a7, a6, s2
   1a698: 8a 67        	ld	a5, 0x80(sp)
   1a69a: 9b 05 16 00  	addiw	a1, a2, 0x1
   1a69e: ae 8e        	mv	t4, a1
   1a6a0: 63 42 10 5d  	bgtz	a7, 0x1ac64 <_vfiprintf_r+0x966>
   1a6a4: 83 45 71 06  	lbu	a1, 0x67(sp)
   1a6a8: 63 9b 05 5a  	bnez	a1, 0x1ac5e <_vfiprintf_r+0x960>
   1a6ac: e3 82 03 e4  	beqz	t2, 0x1a4f0 <_vfiprintf_r+0x1f2>
   1a6b0: 89 07        	addi	a5, a5, 0x2
   1a6b2: ac 10        	addi	a1, sp, 0x68
   1a6b4: 09 46        	li	a2, 0x2
   1a6b6: 3e e1        	sd	a5, 0x80(sp)
   1a6b8: f6 dc        	sw	t4, 0x78(sp)
   1a6ba: 0c e0        	sd	a1, 0x0(s0)
   1a6bc: 10 e4        	sd	a2, 0x8(s0)
   1a6be: 81 48        	li	a7, 0x0
   1a6c0: e3 4f db df  	blt	s6, t4, 0x1a4be <_vfiprintf_r+0x1c0>
   1a6c4: 76 86        	mv	a2, t4
   1a6c6: 41 04        	addi	s0, s0, 0x10
   1a6c8: 85 2e        	addiw	t4, t4, 0x1
   1a6ca: 93 05 00 08  	li	a1, 0x80
   1a6ce: e3 91 b8 e2  	bne	a7, a1, 0x1a4f0 <_vfiprintf_r+0x1f2>
   1a6d2: 3b 0f 28 41  	subw	t5, a6, s2
   1a6d6: e3 5d e0 e1  	blez	t5, 0x1a4f0 <_vfiprintf_r+0x1f2>
   1a6da: c1 4f        	li	t6, 0x10
   1a6dc: e3 d8 ef 39  	bge	t6, t5, 0x1b26c <_vfiprintf_r+0xf6e>
   1a6e0: 97 58 00 00  	auipc	a7, 0x5
   1a6e4: 93 88 08 f9  	addi	a7, a7, -0x70
   1a6e8: 26 f0        	sd	s1, 0x20(sp)
   1a6ea: 36 f4        	sd	a3, 0x28(sp)
   1a6ec: fe 82        	mv	t0, t6
   1a6ee: a2 86        	mv	a3, s0
   1a6f0: 9d 4e        	li	t4, 0x7
   1a6f2: 42 ec        	sd	a6, 0x18(sp)
   1a6f4: 7a 84        	mv	s0, t5
   1a6f6: f2 e4        	sd	t3, 0x48(sp)
   1a6f8: c6 84        	mv	s1, a7
   1a6fa: 01 a8        	j	0x1a70a <_vfiprintf_r+0x40c>
   1a6fc: 1b 05 26 00  	addiw	a0, a2, 0x2
   1a700: c1 06        	addi	a3, a3, 0x10
   1a702: 3a 86        	mv	a2, a4
   1a704: 41 34        	addiw	s0, s0, -0x10
   1a706: 63 d0 82 04  	bge	t0, s0, 0x1a746 <_vfiprintf_r+0x448>
   1a70a: c1 07        	addi	a5, a5, 0x10
   1a70c: 1b 07 16 00  	addiw	a4, a2, 0x1
   1a710: 3e e1        	sd	a5, 0x80(sp)
   1a712: 84 e2        	sd	s1, 0x0(a3)
   1a714: 23 b4 f6 01  	sd	t6, 0x8(a3)
   1a718: ba dc        	sw	a4, 0x78(sp)
   1a71a: e3 d1 ee fe  	bge	t4, a4, 0x1a6fc <_vfiprintf_r+0x3fe>
   1a71e: 63 83 07 50  	beqz	a5, 0x1ac24 <_vfiprintf_r+0x926>
   1a722: 90 18        	addi	a2, sp, 0x70
   1a724: d2 85        	mv	a1, s4
   1a726: 5e 85        	mv	a0, s7
   1a728: ef f0 7f b0  	jal	0x1a22e <__sprint_r.part.0>
   1a72c: e3 16 05 e2  	bnez	a0, 0x1a558 <_vfiprintf_r+0x25a>
   1a730: 66 56        	lw	a2, 0x78(sp)
   1a732: c1 42        	li	t0, 0x10
   1a734: 41 34        	addiw	s0, s0, -0x10
   1a736: 8a 67        	ld	a5, 0x80(sp)
   1a738: d6 86        	mv	a3, s5
   1a73a: 1b 05 16 00  	addiw	a0, a2, 0x1
   1a73e: 9d 4e        	li	t4, 0x7
   1a740: 96 8f        	mv	t6, t0
   1a742: e3 c4 82 fc  	blt	t0, s0, 0x1a70a <_vfiprintf_r+0x40c>
   1a746: 22 8f        	mv	t5, s0
   1a748: a6 88        	mv	a7, s1
   1a74a: 36 84        	mv	s0, a3
   1a74c: 62 68        	ld	a6, 0x18(sp)
   1a74e: a2 76        	ld	a3, 0x28(sp)
   1a750: 26 6e        	ld	t3, 0x48(sp)
   1a752: 82 74        	ld	s1, 0x20(sp)
   1a754: fa 97        	add	a5, a5, t5
   1a756: 3e e1        	sd	a5, 0x80(sp)
   1a758: 23 30 14 01  	sd	a7, 0x0(s0)
   1a75c: 23 34 e4 01  	sd	t5, 0x8(s0)
   1a760: aa dc        	sw	a0, 0x78(sp)
   1a762: 1d 46        	li	a2, 0x7
   1a764: 63 5b a6 72  	bge	a2, a0, 0x1ae9a <_vfiprintf_r+0xb9c>
   1a768: e3 81 07 26  	beqz	a5, 0x1b1ca <_vfiprintf_r+0xecc>
   1a76c: 90 18        	addi	a2, sp, 0x70
   1a76e: d2 85        	mv	a1, s4
   1a770: 5e 85        	mv	a0, s7
   1a772: 72 f4        	sd	t3, 0x28(sp)
   1a774: 36 f0        	sd	a3, 0x20(sp)
   1a776: 42 ec        	sd	a6, 0x18(sp)
   1a778: ef f0 7f ab  	jal	0x1a22e <__sprint_r.part.0>
   1a77c: e3 1e 05 dc  	bnez	a0, 0x1a558 <_vfiprintf_r+0x25a>
   1a780: 22 7e        	ld	t3, 0x28(sp)
   1a782: 66 56        	lw	a2, 0x78(sp)
   1a784: 8a 67        	ld	a5, 0x80(sp)
   1a786: bb 84 c4 41  	subw	s1, s1, t3
   1a78a: 82 76        	ld	a3, 0x20(sp)
   1a78c: 62 68        	ld	a6, 0x18(sp)
   1a78e: 56 84        	mv	s0, s5
   1a790: 9b 0e 16 00  	addiw	t4, a2, 0x1
   1a794: e3 52 90 d6  	blez	s1, 0x1a4f8 <_vfiprintf_r+0x1fa>
   1a798: 97 58 00 00  	auipc	a7, 0x5
   1a79c: 93 88 88 ed  	addi	a7, a7, -0x128
   1a7a0: 63 d1 99 06  	bge	s3, s1, 0x1a802 <_vfiprintf_r+0x504>
   1a7a4: 36 f0        	sd	a3, 0x20(sp)
   1a7a6: 42 ec        	sd	a6, 0x18(sp)
   1a7a8: a2 86        	mv	a3, s0
   1a7aa: 72 f4        	sd	t3, 0x28(sp)
   1a7ac: 26 84        	mv	s0, s1
   1a7ae: c6 84        	mv	s1, a7
   1a7b0: 01 a8        	j	0x1a7c0 <_vfiprintf_r+0x4c2>
   1a7b2: 9b 0e 26 00  	addiw	t4, a2, 0x2
   1a7b6: c1 06        	addi	a3, a3, 0x10
   1a7b8: 3a 86        	mv	a2, a4
   1a7ba: 41 34        	addiw	s0, s0, -0x10
   1a7bc: 63 dd 89 02  	bge	s3, s0, 0x1a7f6 <_vfiprintf_r+0x4f8>
   1a7c0: c1 07        	addi	a5, a5, 0x10
   1a7c2: 1b 07 16 00  	addiw	a4, a2, 0x1
   1a7c6: 3e e1        	sd	a5, 0x80(sp)
   1a7c8: 84 e2        	sd	s1, 0x0(a3)
   1a7ca: 23 b4 36 01  	sd	s3, 0x8(a3)
   1a7ce: ba dc        	sw	a4, 0x78(sp)
   1a7d0: e3 51 eb fe  	bge	s6, a4, 0x1a7b2 <_vfiprintf_r+0x4b4>
   1a7d4: 63 8c 07 42  	beqz	a5, 0x1ac0c <_vfiprintf_r+0x90e>
   1a7d8: 90 18        	addi	a2, sp, 0x70
   1a7da: d2 85        	mv	a1, s4
   1a7dc: 5e 85        	mv	a0, s7
   1a7de: ef f0 1f a5  	jal	0x1a22e <__sprint_r.part.0>
   1a7e2: e3 1b 05 d6  	bnez	a0, 0x1a558 <_vfiprintf_r+0x25a>
   1a7e6: 66 56        	lw	a2, 0x78(sp)
   1a7e8: 41 34        	addiw	s0, s0, -0x10
   1a7ea: 8a 67        	ld	a5, 0x80(sp)
   1a7ec: d6 86        	mv	a3, s5
   1a7ee: 9b 0e 16 00  	addiw	t4, a2, 0x1
   1a7f2: e3 c7 89 fc  	blt	s3, s0, 0x1a7c0 <_vfiprintf_r+0x4c2>
   1a7f6: a6 88        	mv	a7, s1
   1a7f8: 62 68        	ld	a6, 0x18(sp)
   1a7fa: a2 84        	mv	s1, s0
   1a7fc: 22 7e        	ld	t3, 0x28(sp)
   1a7fe: 36 84        	mv	s0, a3
   1a800: 82 76        	ld	a3, 0x20(sp)
   1a802: a6 97        	add	a5, a5, s1
   1a804: 3e e1        	sd	a5, 0x80(sp)
   1a806: 23 30 14 01  	sd	a7, 0x0(s0)
   1a80a: 04 e4        	sd	s1, 0x8(s0)
   1a80c: f6 dc        	sw	t4, 0x78(sp)
   1a80e: 63 45 db 5d  	blt	s6, t4, 0x1add8 <_vfiprintf_r+0xada>
   1a812: 41 04        	addi	s0, s0, 0x10
   1a814: 85 2e        	addiw	t4, t4, 0x1
   1a816: cd b1        	j	0x1a4f8 <_vfiprintf_r+0x1fa>
   1a818: c2 67        	ld	a5, 0x10(sp)
   1a81a: a3 03 01 06  	sb	zero, 0x67(sp)
   1a81e: 4a 88        	mv	a6, s2
   1a820: 83 bd 07 00  	ld	s11, 0x0(a5)
   1a824: 13 87 87 00  	addi	a4, a5, 0x8
   1a828: e3 88 0d 08  	beqz	s11, 0x1b0b8 <_vfiprintf_r+0xdba>
   1a82c: 36 f0        	sd	a3, 0x20(sp)
   1a82e: 4a ec        	sd	s2, 0x18(sp)
   1a830: 3a e8        	sd	a4, 0x10(sp)
   1a832: 63 c0 04 78  	bltz	s1, 0x1afb2 <_vfiprintf_r+0xcb4>
   1a836: 26 86        	mv	a2, s1
   1a838: 81 45        	li	a1, 0x0
   1a83a: 6e 85        	mv	a0, s11
   1a83c: ef c0 ef a9  	jal	0x16ada <memchr>
   1a840: 83 47 71 06  	lbu	a5, 0x67(sp)
   1a844: 42 67        	ld	a4, 0x10(sp)
   1a846: 62 68        	ld	a6, 0x18(sp)
   1a848: 82 76        	ld	a3, 0x20(sp)
   1a84a: e3 0c 05 1e  	beqz	a0, 0x1b242 <_vfiprintf_r+0xf44>
   1a84e: 3b 0e b5 41  	subw	t3, a0, s11
   1a852: 72 86        	mv	a2, t3
   1a854: 63 53 0e 00  	bgez	t3, 0x1a85a <_vfiprintf_r+0x55c>
   1a858: 01 46        	li	a2, 0x0
   1a85a: 32 89        	mv	s2, a2
   1a85c: 63 86 07 78  	beqz	a5, 0x1afe8 <_vfiprintf_r+0xcea>
   1a860: 1b 09 16 00  	addiw	s2, a2, 0x1
   1a864: 3a e8        	sd	a4, 0x10(sp)
   1a866: 81 44        	li	s1, 0x0
   1a868: 31 b1        	j	0x1a474 <_vfiprintf_r+0x176>
   1a86a: 42 67        	ld	a4, 0x10(sp)
   1a86c: 05 4e        	li	t3, 0x1
   1a86e: 4a 88        	mv	a6, s2
   1a870: 1c 43        	lw	a5, 0x0(a4)
   1a872: a3 03 01 06  	sb	zero, 0x67(sp)
   1a876: 72 89        	mv	s2, t3
   1a878: 23 04 f1 08  	sb	a5, 0x88(sp)
   1a87c: 93 07 87 00  	addi	a5, a4, 0x8
   1a880: 3e e8        	sd	a5, 0x10(sp)
   1a882: 81 44        	li	s1, 0x0
   1a884: 93 0d 81 08  	addi	s11, sp, 0x88
   1a888: f5 b6        	j	0x1a474 <_vfiprintf_r+0x176>
   1a88a: 93 e7 06 01  	ori	a5, a3, 0x10
   1a88e: 93 f6 06 02  	andi	a3, a3, 0x20
   1a892: 4a 88        	mv	a6, s2
   1a894: 81 27        	sext.w	a5, a5
   1a896: 63 87 06 64  	beqz	a3, 0x1aee4 <_vfiprintf_r+0xbe6>
   1a89a: be 86        	mv	a3, a5
   1a89c: c2 67        	ld	a5, 0x10(sp)
   1a89e: 13 86 87 00  	addi	a2, a5, 0x8
   1a8a2: c2 67        	ld	a5, 0x10(sp)
   1a8a4: 32 e8        	sd	a2, 0x10(sp)
   1a8a6: 8c 63        	ld	a1, 0x0(a5)
   1a8a8: ae 87        	mv	a5, a1
   1a8aa: e3 d2 05 da  	bgez	a1, 0x1a64e <_vfiprintf_r+0x350>
   1a8ae: 13 06 d0 02  	li	a2, 0x2d
   1a8b2: a3 03 c1 06  	sb	a2, 0x67(sp)
   1a8b6: b3 07 f0 40  	neg	a5, a5
   1a8ba: e3 c1 04 da  	bltz	s1, 0x1a65c <_vfiprintf_r+0x35e>
   1a8be: 93 f6 f6 f7  	andi	a3, a3, -0x81
   1a8c2: 25 43        	li	t1, 0x9
   1a8c4: 81 26        	sext.w	a3, a3
   1a8c6: e3 7e f3 d8  	bgeu	t1, a5, 0x1a662 <_vfiprintf_r+0x364>
   1a8ca: 37 d6 cc cc  	lui	a2, 0xccccd
   1a8ce: 13 06 d6 cc  	addi	a2, a2, -0x333
   1a8d2: 93 18 06 02  	slli	a7, a2, 0x20
   1a8d6: 13 0e c1 0e  	addi	t3, sp, 0xec
   1a8da: e2 7e        	ld	t4, 0x38(sp)
   1a8dc: b2 98        	add	a7, a7, a2
   1a8de: f2 85        	mv	a1, t3
   1a8e0: 13 ff 06 40  	andi	t5, a3, 0x400
   1a8e4: 01 45        	li	a0, 0x0
   1a8e6: 13 09 f0 0f  	li	s2, 0xff
   1a8ea: 01 a8        	j	0x1a8fa <_vfiprintf_r+0x5fc>
   1a8ec: 3e 87        	mv	a4, a5
   1a8ee: b3 b7 17 03  	mulhu	a5, a5, a7
   1a8f2: ee 85        	mv	a1, s11
   1a8f4: 8d 83        	srli	a5, a5, 0x3
   1a8f6: 63 7c e3 02  	bgeu	t1, a4, 0x1a92e <_vfiprintf_r+0x630>
   1a8fa: 33 b6 17 03  	mulhu	a2, a5, a7
   1a8fe: 05 25        	addiw	a0, a0, 0x1
   1a900: 93 8d f5 ff  	addi	s11, a1, -0x1
   1a904: 0d 82        	srli	a2, a2, 0x3
   1a906: 13 17 26 00  	slli	a4, a2, 0x2
   1a90a: 32 97        	add	a4, a4, a2
   1a90c: 06 07        	slli	a4, a4, 0x1
   1a90e: 33 87 e7 40  	sub	a4, a5, a4
   1a912: 1b 07 07 03  	addiw	a4, a4, 0x30
   1a916: a3 8f e5 fe  	sb	a4, -0x1(a1)
   1a91a: e3 09 0f fc  	beqz	t5, 0x1a8ec <_vfiprintf_r+0x5ee>
   1a91e: 03 c7 0e 00  	lbu	a4, 0x0(t4)
   1a922: e3 15 a7 fc  	bne	a4, a0, 0x1a8ec <_vfiprintf_r+0x5ee>
   1a926: e3 03 27 fd  	beq	a4, s2, 0x1a8ec <_vfiprintf_r+0x5ee>
   1a92a: e3 67 f3 00  	bltu	t1, a5, 0x1b138 <_vfiprintf_r+0xe3a>
   1a92e: 76 fc        	sd	t4, 0x38(sp)
   1a930: 3b 0e be 41  	subw	t3, t3, s11
   1a934: a6 87        	mv	a5, s1
   1a936: 63 d3 c4 01  	bge	s1, t3, 0x1a93c <_vfiprintf_r+0x63e>
   1a93a: f2 87        	mv	a5, t3
   1a93c: 03 46 71 06  	lbu	a2, 0x67(sp)
   1a940: 1b 89 07 00  	sext.w	s2, a5
   1a944: e3 08 06 b2  	beqz	a2, 0x1a474 <_vfiprintf_r+0x176>
   1a948: 1b 89 17 00  	addiw	s2, a5, 0x1
   1a94c: 25 b6        	j	0x1a474 <_vfiprintf_r+0x176>
   1a94e: c2 67        	ld	a5, 0x10(sp)
   1a950: 03 a9 07 00  	lw	s2, 0x0(a5)
   1a954: a1 07        	addi	a5, a5, 0x8
   1a956: 63 56 09 50  	bgez	s2, 0x1ae62 <_vfiprintf_r+0xb64>
   1a95a: 3b 09 20 41  	negw	s2, s2
   1a95e: 3e e8        	sd	a5, 0x10(sp)
   1a960: 93 e6 46 00  	ori	a3, a3, 0x4
   1a964: 83 47 0c 00  	lbu	a5, 0x0(s8)
   1a968: 81 26        	sext.w	a3, a3
   1a96a: 65 b4        	j	0x1a412 <_vfiprintf_r+0x114>
   1a96c: c2 67        	ld	a5, 0x10(sp)
   1a96e: 13 e6 06 01  	ori	a2, a3, 0x10
   1a972: a3 03 01 06  	sb	zero, 0x67(sp)
   1a976: 93 85 87 00  	addi	a1, a5, 0x8
   1a97a: 4a 88        	mv	a6, s2
   1a97c: 9c 63        	ld	a5, 0x0(a5)
   1a97e: 01 26        	sext.w	a2, a2
   1a980: 63 ce 04 54  	bltz	s1, 0x1aedc <_vfiprintf_r+0xbde>
   1a984: 13 76 f6 f7  	andi	a2, a2, -0x81
   1a988: 9b 06 06 00  	sext.w	a3, a2
   1a98c: 63 8f 07 16  	beqz	a5, 0x1ab0a <_vfiprintf_r+0x80c>
   1a990: 2e e8        	sd	a1, 0x10(sp)
   1a992: e9 b1        	j	0x1a65c <_vfiprintf_r+0x35e>
   1a994: 93 07 b0 02  	li	a5, 0x2b
   1a998: a3 03 f1 06  	sb	a5, 0x67(sp)
   1a99c: 83 47 0c 00  	lbu	a5, 0x0(s8)
   1a9a0: 8d bc        	j	0x1a412 <_vfiprintf_r+0x114>
   1a9a2: 93 e6 06 08  	ori	a3, a3, 0x80
   1a9a6: 83 47 0c 00  	lbu	a5, 0x0(s8)
   1a9aa: 81 26        	sext.w	a3, a3
   1a9ac: 9d b4        	j	0x1a412 <_vfiprintf_r+0x114>
   1a9ae: 83 47 0c 00  	lbu	a5, 0x0(s8)
   1a9b2: 13 07 a0 02  	li	a4, 0x2a
   1a9b6: 13 05 1c 00  	addi	a0, s8, 0x1
   1a9ba: e3 87 e7 0c  	beq	a5, a4, 0x1b288 <_vfiprintf_r+0xf8a>
   1a9be: 1b 86 07 fd  	addiw	a2, a5, -0x30
   1a9c2: a5 48        	li	a7, 0x9
   1a9c4: 81 45        	li	a1, 0x0
   1a9c6: 2a 8c        	mv	s8, a0
   1a9c8: 81 44        	li	s1, 0x0
   1a9ca: e3 e5 c8 a4  	bltu	a7, a2, 0x1a414 <_vfiprintf_r+0x116>
   1a9ce: 1b 97 25 00  	slliw	a4, a1, 0x2
   1a9d2: 83 47 05 00  	lbu	a5, 0x0(a0)
   1a9d6: 2d 9f        	addw	a4, a4, a1
   1a9d8: 1b 17 17 00  	slliw	a4, a4, 0x1
   1a9dc: bb 05 c7 00  	addw	a1, a4, a2
   1a9e0: 1b 86 07 fd  	addiw	a2, a5, -0x30
   1a9e4: 05 05        	addi	a0, a0, 0x1
   1a9e6: e3 f4 c8 fe  	bgeu	a7, a2, 0x1a9ce <_vfiprintf_r+0x6d0>
   1a9ea: ae 84        	mv	s1, a1
   1a9ec: 63 ca 05 54  	bltz	a1, 0x1af40 <_vfiprintf_r+0xc42>
   1a9f0: 2a 8c        	mv	s8, a0
   1a9f2: 0d b4        	j	0x1a414 <_vfiprintf_r+0x116>
   1a9f4: 5e 85        	mv	a0, s7
   1a9f6: 36 ec        	sd	a3, 0x18(sp)
   1a9f8: ef b0 7f 8d  	jal	0x162ce <_localeconv_r>
   1a9fc: 1c 65        	ld	a5, 0x8(a0)
   1a9fe: 3e 85        	mv	a0, a5
   1aa00: be e0        	sd	a5, 0x40(sp)
   1aa02: ef 60 2f a8  	jal	0x10c84 <strlen>
   1aa06: aa 87        	mv	a5, a0
   1aa08: 5e 85        	mv	a0, s7
   1aa0a: 3e f8        	sd	a5, 0x30(sp)
   1aa0c: ef b0 3f 8c  	jal	0x162ce <_localeconv_r>
   1aa10: 10 69        	ld	a2, 0x10(a0)
   1aa12: 42 77        	ld	a4, 0x30(sp)
   1aa14: 83 47 0c 00  	lbu	a5, 0x0(s8)
   1aa18: 32 fc        	sd	a2, 0x38(sp)
   1aa1a: e2 66        	ld	a3, 0x18(sp)
   1aa1c: e3 0b 07 9e  	beqz	a4, 0x1a412 <_vfiprintf_r+0x114>
   1aa20: e3 09 06 9e  	beqz	a2, 0x1a412 <_vfiprintf_r+0x114>
   1aa24: 03 47 06 00  	lbu	a4, 0x0(a2)
   1aa28: e3 05 07 9e  	beqz	a4, 0x1a412 <_vfiprintf_r+0x114>
   1aa2c: 93 e6 06 40  	ori	a3, a3, 0x400
   1aa30: 81 26        	sext.w	a3, a3
   1aa32: c5 b2        	j	0x1a412 <_vfiprintf_r+0x114>
   1aa34: 93 e6 16 00  	ori	a3, a3, 0x1
   1aa38: 83 47 0c 00  	lbu	a5, 0x0(s8)
   1aa3c: 81 26        	sext.w	a3, a3
   1aa3e: d1 ba        	j	0x1a412 <_vfiprintf_r+0x114>
   1aa40: 03 47 71 06  	lbu	a4, 0x67(sp)
   1aa44: 83 47 0c 00  	lbu	a5, 0x0(s8)
   1aa48: e3 15 07 9c  	bnez	a4, 0x1a412 <_vfiprintf_r+0x114>
   1aa4c: 13 07 00 02  	li	a4, 0x20
   1aa50: a3 03 e1 06  	sb	a4, 0x67(sp)
   1aa54: 7d ba        	j	0x1a412 <_vfiprintf_r+0x114>
   1aa56: c2 67        	ld	a5, 0x10(sp)
   1aa58: 13 e3 06 01  	ori	t1, a3, 0x10
   1aa5c: 4a 88        	mv	a6, s2
   1aa5e: 01 23        	sext.w	t1, t1
   1aa60: 13 86 87 00  	addi	a2, a5, 0x8
   1aa64: c2 67        	ld	a5, 0x10(sp)
   1aa66: 9c 63        	ld	a5, 0x0(a5)
   1aa68: 32 e8        	sd	a2, 0x10(sp)
   1aa6a: a3 03 01 06  	sb	zero, 0x67(sp)
   1aa6e: 63 ce 04 3a  	bltz	s1, 0x1ae2a <_vfiprintf_r+0xb2c>
   1aa72: 93 76 f3 b7  	andi	a3, t1, -0x481
   1aa76: 81 26        	sext.w	a3, a3
   1aa78: 63 8a 07 3e  	beqz	a5, 0x1ae6c <_vfiprintf_r+0xb6e>
   1aa7c: 13 0e c1 0e  	addi	t3, sp, 0xec
   1aa80: f2 8d        	mv	s11, t3
   1aa82: 13 f6 77 00  	andi	a2, a5, 0x7
   1aa86: ee 85        	mv	a1, s11
   1aa88: 13 06 06 03  	addi	a2, a2, 0x30
   1aa8c: 8d 83        	srli	a5, a5, 0x3
   1aa8e: a3 8f cd fe  	sb	a2, -0x1(s11)
   1aa92: fd 1d        	addi	s11, s11, -0x1
   1aa94: fd f7        	bnez	a5, 0x1aa82 <_vfiprintf_r+0x784>
   1aa96: 93 f7 16 00  	andi	a5, a3, 0x1
   1aa9a: 63 85 07 32  	beqz	a5, 0x1adc4 <_vfiprintf_r+0xac6>
   1aa9e: 93 07 00 03  	li	a5, 0x30
   1aaa2: 63 01 f6 32  	beq	a2, a5, 0x1adc4 <_vfiprintf_r+0xac6>
   1aaa6: f9 15        	addi	a1, a1, -0x2
   1aaa8: 3b 0e be 40  	subw	t3, t3, a1
   1aaac: a3 8f fd fe  	sb	a5, -0x1(s11)
   1aab0: 26 83        	mv	t1, s1
   1aab2: 63 c1 c4 49  	blt	s1, t3, 0x1af34 <_vfiprintf_r+0xc36>
   1aab6: 1b 09 03 00  	sext.w	s2, t1
   1aaba: ae 8d        	mv	s11, a1
   1aabc: 65 ba        	j	0x1a474 <_vfiprintf_r+0x176>
   1aabe: 83 47 0c 00  	lbu	a5, 0x0(s8)
   1aac2: 13 07 80 06  	li	a4, 0x68
   1aac6: 63 89 e7 5c  	beq	a5, a4, 0x1b098 <_vfiprintf_r+0xd9a>
   1aaca: 93 e6 06 04  	ori	a3, a3, 0x40
   1aace: 81 26        	sext.w	a3, a3
   1aad0: 89 b2        	j	0x1a412 <_vfiprintf_r+0x114>
   1aad2: 93 f7 06 02  	andi	a5, a3, 0x20
   1aad6: 4a 88        	mv	a6, s2
   1aad8: 63 99 07 3e  	bnez	a5, 0x1aeca <_vfiprintf_r+0xbcc>
   1aadc: 93 f7 06 01  	andi	a5, a3, 0x10
   1aae0: 63 95 07 3e  	bnez	a5, 0x1aeca <_vfiprintf_r+0xbcc>
   1aae4: c2 67        	ld	a5, 0x10(sp)
   1aae6: 13 f6 06 04  	andi	a2, a3, 0x40
   1aaea: 93 85 87 00  	addi	a1, a5, 0x8
   1aaee: 9c 43        	lw	a5, 0x0(a5)
   1aaf0: 63 01 06 62  	beqz	a2, 0x1b112 <_vfiprintf_r+0xe14>
   1aaf4: c2 17        	slli	a5, a5, 0x30
   1aaf6: a3 03 01 06  	sb	zero, 0x67(sp)
   1aafa: c1 93        	srli	a5, a5, 0x30
   1aafc: e3 ca 04 e8  	bltz	s1, 0x1a990 <_vfiprintf_r+0x692>
   1ab00: 93 f6 f6 f7  	andi	a3, a3, -0x81
   1ab04: 81 26        	sext.w	a3, a3
   1ab06: e3 95 07 e8  	bnez	a5, 0x1a990 <_vfiprintf_r+0x692>
   1ab0a: 2e e8        	sd	a1, 0x10(sp)
   1ab0c: 63 80 04 58  	beqz	s1, 0x1b08c <_vfiprintf_r+0xd8e>
   1ab10: 81 47        	li	a5, 0x0
   1ab12: 81 be        	j	0x1a662 <_vfiprintf_r+0x364>
   1ab14: 93 e6 06 02  	ori	a3, a3, 0x20
   1ab18: 83 47 0c 00  	lbu	a5, 0x0(s8)
   1ab1c: 81 26        	sext.w	a3, a3
   1ab1e: d5 b8        	j	0x1a412 <_vfiprintf_r+0x114>
   1ab20: a1 67        	lui	a5, 0x8
   1ab22: 93 87 07 83  	addi	a5, a5, -0x7d0
   1ab26: 23 14 f1 06  	sh	a5, 0x68(sp)
   1ab2a: c2 67        	ld	a5, 0x10(sp)
   1ab2c: a3 03 01 06  	sb	zero, 0x67(sp)
   1ab30: 4a 88        	mv	a6, s2
   1ab32: 90 63        	ld	a2, 0x0(a5)
   1ab34: 13 85 87 00  	addi	a0, a5, 0x8
   1ab38: 63 c5 04 3c  	bltz	s1, 0x1af02 <_vfiprintf_r+0xc04>
   1ab3c: 93 f6 f6 f7  	andi	a3, a3, -0x81
   1ab40: 81 26        	sext.w	a3, a3
   1ab42: 93 e6 26 00  	ori	a3, a3, 0x2
   1ab46: 63 08 06 58  	beqz	a2, 0x1b0d6 <_vfiprintf_r+0xdd8>
   1ab4a: 93 77 f6 00  	andi	a5, a2, 0xf
   1ab4e: 97 45 00 00  	auipc	a1, 0x4
   1ab52: 93 85 25 1b  	addi	a1, a1, 0x1b2
   1ab56: ae 97        	add	a5, a5, a1
   1ab58: 83 c7 07 00  	lbu	a5, 0x0(a5)
   1ab5c: 2a e8        	sd	a0, 0x10(sp)
   1ab5e: 09 49        	li	s2, 0x2
   1ab60: a3 05 f1 0e  	sb	a5, 0xeb(sp)
   1ab64: 93 57 46 00  	srli	a5, a2, 0x4
   1ab68: 63 84 07 76  	beqz	a5, 0x1b2d0 <_vfiprintf_r+0xfd2>
   1ab6c: 93 0d b1 0e  	addi	s11, sp, 0xeb
   1ab70: 13 f7 f7 00  	andi	a4, a5, 0xf
   1ab74: 2e 97        	add	a4, a4, a1
   1ab76: 03 47 07 00  	lbu	a4, 0x0(a4)
   1ab7a: 91 83        	srli	a5, a5, 0x4
   1ab7c: fd 1d        	addi	s11, s11, -0x1
   1ab7e: 23 80 ed 00  	sb	a4, 0x0(s11)
   1ab82: fd f7        	bnez	a5, 0x1ab70 <_vfiprintf_r+0x872>
   1ab84: 13 0e c1 0e  	addi	t3, sp, 0xec
   1ab88: 3b 0e be 41  	subw	t3, t3, s11
   1ab8c: 9b 87 04 00  	sext.w	a5, s1
   1ab90: 63 d3 c4 01  	bge	s1, t3, 0x1ab96 <_vfiprintf_r+0x898>
   1ab94: f2 87        	mv	a5, t3
   1ab96: 63 0a 09 72  	beqz	s2, 0x1b2ca <_vfiprintf_r+0xfcc>
   1ab9a: 93 f8 46 08  	andi	a7, a3, 0x84
   1ab9e: 1b 89 27 00  	addiw	s2, a5, 0x2
   1aba2: 63 87 08 44  	beqz	a7, 0x1aff0 <_vfiprintf_r+0xcf2>
   1aba6: e6 5e        	lw	t4, 0x78(sp)
   1aba8: 8a 67        	ld	a5, 0x80(sp)
   1abaa: 85 2e        	addiw	t4, t4, 0x1
   1abac: 01 b2        	j	0x1a4ac <_vfiprintf_r+0x1ae>
   1abae: 42 67        	ld	a4, 0x10(sp)
   1abb0: 93 f7 06 02  	andi	a5, a3, 0x20
   1abb4: 4a 88        	mv	a6, s2
   1abb6: 13 06 87 00  	addi	a2, a4, 0x8
   1abba: 63 96 07 30  	bnez	a5, 0x1aec6 <_vfiprintf_r+0xbc8>
   1abbe: 93 f7 06 01  	andi	a5, a3, 0x10
   1abc2: 63 92 07 30  	bnez	a5, 0x1aec6 <_vfiprintf_r+0xbc8>
   1abc6: c2 67        	ld	a5, 0x10(sp)
   1abc8: 93 f5 06 04  	andi	a1, a3, 0x40
   1abcc: 9c 43        	lw	a5, 0x0(a5)
   1abce: 63 8d 05 54  	beqz	a1, 0x1b128 <_vfiprintf_r+0xe2a>
   1abd2: c2 17        	slli	a5, a5, 0x30
   1abd4: c1 93        	srli	a5, a5, 0x30
   1abd6: 32 e8        	sd	a2, 0x10(sp)
   1abd8: 36 83        	mv	t1, a3
   1abda: 41 bd        	j	0x1aa6a <_vfiprintf_r+0x76c>
   1abdc: 42 67        	ld	a4, 0x10(sp)
   1abde: 93 f7 06 02  	andi	a5, a3, 0x20
   1abe2: 10 63        	ld	a2, 0x0(a4)
   1abe4: 63 81 07 2c  	beqz	a5, 0x1aea6 <_vfiprintf_r+0xba8>
   1abe8: a2 67        	ld	a5, 0x8(sp)
   1abea: 1c e2        	sd	a5, 0x0(a2)
   1abec: c2 67        	ld	a5, 0x10(sp)
   1abee: a1 07        	addi	a5, a5, 0x8
   1abf0: 3e e8        	sd	a5, 0x10(sp)
   1abf2: 6f f0 af fa  	j	0x1a39c <_vfiprintf_r+0x9e>
   1abf6: 83 47 0c 00  	lbu	a5, 0x0(s8)
   1abfa: 13 07 c0 06  	li	a4, 0x6c
   1abfe: 63 85 e7 4a  	beq	a5, a4, 0x1b0a8 <_vfiprintf_r+0xdaa>
   1ac02: 93 e6 06 01  	ori	a3, a3, 0x10
   1ac06: 81 26        	sext.w	a3, a3
   1ac08: 6f f0 bf 80  	j	0x1a412 <_vfiprintf_r+0x114>
   1ac0c: 85 4e        	li	t4, 0x1
   1ac0e: 01 46        	li	a2, 0x0
   1ac10: d6 86        	mv	a3, s5
   1ac12: 65 b6        	j	0x1a7ba <_vfiprintf_r+0x4bc>
   1ac14: 90 18        	addi	a2, sp, 0x70
   1ac16: d2 85        	mv	a1, s4
   1ac18: 5e 85        	mv	a0, s7
   1ac1a: ef f0 4f e1  	jal	0x1a22e <__sprint_r.part.0>
   1ac1e: e3 03 05 92  	beqz	a0, 0x1a544 <_vfiprintf_r+0x246>
   1ac22: 1d ba        	j	0x1a558 <_vfiprintf_r+0x25a>
   1ac24: 05 45        	li	a0, 0x1
   1ac26: 01 46        	li	a2, 0x0
   1ac28: d6 86        	mv	a3, s5
   1ac2a: e9 bc        	j	0x1a704 <_vfiprintf_r+0x406>
   1ac2c: 63 83 07 1e  	beqz	a5, 0x1ae12 <_vfiprintf_r+0xb14>
   1ac30: 90 18        	addi	a2, sp, 0x70
   1ac32: d2 85        	mv	a1, s4
   1ac34: 5e 85        	mv	a0, s7
   1ac36: f2 e8        	sd	t3, 0x50(sp)
   1ac38: b6 e4        	sd	a3, 0x48(sp)
   1ac3a: 46 f4        	sd	a7, 0x28(sp)
   1ac3c: 1e f0        	sd	t2, 0x20(sp)
   1ac3e: 42 ec        	sd	a6, 0x18(sp)
   1ac40: ef f0 ef de  	jal	0x1a22e <__sprint_r.part.0>
   1ac44: e3 1a 05 90  	bnez	a0, 0x1a558 <_vfiprintf_r+0x25a>
   1ac48: 66 56        	lw	a2, 0x78(sp)
   1ac4a: 8a 67        	ld	a5, 0x80(sp)
   1ac4c: 46 6e        	ld	t3, 0x50(sp)
   1ac4e: a6 66        	ld	a3, 0x48(sp)
   1ac50: a2 78        	ld	a7, 0x28(sp)
   1ac52: 82 73        	ld	t2, 0x20(sp)
   1ac54: 62 68        	ld	a6, 0x18(sp)
   1ac56: 56 84        	mv	s0, s5
   1ac58: 9b 0e 16 00  	addiw	t4, a2, 0x1
   1ac5c: b1 b0        	j	0x1a4a8 <_vfiprintf_r+0x1aa>
   1ac5e: 81 48        	li	a7, 0x0
   1ac60: 6f f0 ff 82  	j	0x1a48e <_vfiprintf_r+0x190>
   1ac64: 41 4f        	li	t5, 0x10
   1ac66: 63 56 1f 5f  	bge	t5, a7, 0x1b252 <_vfiprintf_r+0xf54>
   1ac6a: 97 5e 00 00  	auipc	t4, 0x5
   1ac6e: 93 8e 6e a1  	addi	t4, t4, -0x5ea
   1ac72: 26 f0        	sd	s1, 0x20(sp)
   1ac74: 22 87        	mv	a4, s0
   1ac76: fa 82        	mv	t0, t5
   1ac78: 9d 4f        	li	t6, 0x7
   1ac7a: 42 ec        	sd	a6, 0x18(sp)
   1ac7c: 1e f4        	sd	t2, 0x28(sp)
   1ac7e: 46 84        	mv	s0, a7
   1ac80: b6 e4        	sd	a3, 0x48(sp)
   1ac82: f2 e8        	sd	t3, 0x50(sp)
   1ac84: f6 84        	mv	s1, t4
   1ac86: 11 a8        	j	0x1ac9a <_vfiprintf_r+0x99c>
   1ac88: 1b 05 26 00  	addiw	a0, a2, 0x2
   1ac8c: 41 07        	addi	a4, a4, 0x10
   1ac8e: 2e 86        	mv	a2, a1
   1ac90: 41 34        	addiw	s0, s0, -0x10
   1ac92: 63 df 82 02  	bge	t0, s0, 0x1acd0 <_vfiprintf_r+0x9d2>
   1ac96: 9b 05 16 00  	addiw	a1, a2, 0x1
   1ac9a: c1 07        	addi	a5, a5, 0x10
   1ac9c: 3e e1        	sd	a5, 0x80(sp)
   1ac9e: 04 e3        	sd	s1, 0x0(a4)
   1aca0: 23 34 e7 01  	sd	t5, 0x8(a4)
   1aca4: ae dc        	sw	a1, 0x78(sp)
   1aca6: e3 d1 bf fe  	bge	t6, a1, 0x1ac88 <_vfiprintf_r+0x98a>
   1acaa: b1 cb        	beqz	a5, 0x1acfe <_vfiprintf_r+0xa00>
   1acac: 90 18        	addi	a2, sp, 0x70
   1acae: d2 85        	mv	a1, s4
   1acb0: 5e 85        	mv	a0, s7
   1acb2: ef f0 cf d7  	jal	0x1a22e <__sprint_r.part.0>
   1acb6: e3 11 05 8a  	bnez	a0, 0x1a558 <_vfiprintf_r+0x25a>
   1acba: 66 56        	lw	a2, 0x78(sp)
   1acbc: c1 42        	li	t0, 0x10
   1acbe: 41 34        	addiw	s0, s0, -0x10
   1acc0: 8a 67        	ld	a5, 0x80(sp)
   1acc2: 56 87        	mv	a4, s5
   1acc4: 1b 05 16 00  	addiw	a0, a2, 0x1
   1acc8: 9d 4f        	li	t6, 0x7
   1acca: 16 8f        	mv	t5, t0
   1accc: e3 c5 82 fc  	blt	t0, s0, 0x1ac96 <_vfiprintf_r+0x998>
   1acd0: a6 8e        	mv	t4, s1
   1acd2: 62 68        	ld	a6, 0x18(sp)
   1acd4: a2 73        	ld	t2, 0x28(sp)
   1acd6: a6 66        	ld	a3, 0x48(sp)
   1acd8: 46 6e        	ld	t3, 0x50(sp)
   1acda: 82 74        	ld	s1, 0x20(sp)
   1acdc: a2 88        	mv	a7, s0
   1acde: 3a 84        	mv	s0, a4
   1ace0: c6 97        	add	a5, a5, a7
   1ace2: 3e e1        	sd	a5, 0x80(sp)
   1ace4: 23 30 d4 01  	sd	t4, 0x0(s0)
   1ace8: 23 34 14 01  	sd	a7, 0x8(s0)
   1acec: aa dc        	sw	a0, 0x78(sp)
   1acee: 1d 46        	li	a2, 0x7
   1acf0: 63 42 a6 14  	blt	a2, a0, 0x1ae34 <_vfiprintf_r+0xb36>
   1acf4: 41 04        	addi	s0, s0, 0x10
   1acf6: 9b 0e 15 00  	addiw	t4, a0, 0x1
   1acfa: 2a 86        	mv	a2, a0
   1acfc: 65 b2        	j	0x1a6a4 <_vfiprintf_r+0x3a6>
   1acfe: 05 45        	li	a0, 0x1
   1ad00: 01 46        	li	a2, 0x0
   1ad02: 56 87        	mv	a4, s5
   1ad04: 71 b7        	j	0x1ac90 <_vfiprintf_r+0x992>
   1ad06: 82 dc        	sw	zero, 0x78(sp)
   1ad08: 91 8a        	andi	a3, a3, 0x4
   1ad0a: c5 c6        	beqz	a3, 0x1adb2 <_vfiprintf_r+0xab4>
   1ad0c: bb 04 28 41  	subw	s1, a6, s2
   1ad10: 63 51 90 0a  	blez	s1, 0x1adb2 <_vfiprintf_r+0xab4>
   1ad14: 56 84        	mv	s0, s5
   1ad16: c1 4d        	li	s11, 0x10
   1ad18: 66 56        	lw	a2, 0x78(sp)
   1ad1a: 63 d2 9d 54  	bge	s11, s1, 0x1b25e <_vfiprintf_r+0xf60>
   1ad1e: 97 5e 00 00  	auipc	t4, 0x5
   1ad22: 93 8e 2e 96  	addi	t4, t4, -0x69e
   1ad26: a2 86        	mv	a3, s0
   1ad28: 6e 8e        	mv	t3, s11
   1ad2a: 9d 48        	li	a7, 0x7
   1ad2c: 42 ec        	sd	a6, 0x18(sp)
   1ad2e: 76 84        	mv	s0, t4
   1ad30: 01 a8        	j	0x1ad40 <_vfiprintf_r+0xa42>
   1ad32: 9b 05 26 00  	addiw	a1, a2, 0x2
   1ad36: c1 06        	addi	a3, a3, 0x10
   1ad38: 3a 86        	mv	a2, a4
   1ad3a: c1 34        	addiw	s1, s1, -0x10
   1ad3c: 63 5e 9e 02  	bge	t3, s1, 0x1ad78 <_vfiprintf_r+0xa7a>
   1ad40: c1 07        	addi	a5, a5, 0x10
   1ad42: 1b 07 16 00  	addiw	a4, a2, 0x1
   1ad46: 3e e1        	sd	a5, 0x80(sp)
   1ad48: 80 e2        	sd	s0, 0x0(a3)
   1ad4a: 23 b4 b6 01  	sd	s11, 0x8(a3)
   1ad4e: ba dc        	sw	a4, 0x78(sp)
   1ad50: e3 d1 e8 fe  	bge	a7, a4, 0x1ad32 <_vfiprintf_r+0xa34>
   1ad54: b9 cb        	beqz	a5, 0x1adaa <_vfiprintf_r+0xaac>
   1ad56: 90 18        	addi	a2, sp, 0x70
   1ad58: d2 85        	mv	a1, s4
   1ad5a: 5e 85        	mv	a0, s7
   1ad5c: ef f0 2f cd  	jal	0x1a22e <__sprint_r.part.0>
   1ad60: 63 1c 05 fe  	bnez	a0, 0x1a558 <_vfiprintf_r+0x25a>
   1ad64: 66 56        	lw	a2, 0x78(sp)
   1ad66: 41 4e        	li	t3, 0x10
   1ad68: c1 34        	addiw	s1, s1, -0x10
   1ad6a: 8a 67        	ld	a5, 0x80(sp)
   1ad6c: d6 86        	mv	a3, s5
   1ad6e: 9b 05 16 00  	addiw	a1, a2, 0x1
   1ad72: 9d 48        	li	a7, 0x7
   1ad74: e3 46 9e fc  	blt	t3, s1, 0x1ad40 <_vfiprintf_r+0xa42>
   1ad78: 62 68        	ld	a6, 0x18(sp)
   1ad7a: a2 8e        	mv	t4, s0
   1ad7c: 36 84        	mv	s0, a3
   1ad7e: a6 97        	add	a5, a5, s1
   1ad80: 3e e1        	sd	a5, 0x80(sp)
   1ad82: 23 30 d4 01  	sd	t4, 0x0(s0)
   1ad86: 04 e4        	sd	s1, 0x8(s0)
   1ad88: ae dc        	sw	a1, 0x78(sp)
   1ad8a: 9d 46        	li	a3, 0x7
   1ad8c: 63 d3 b6 fa  	bge	a3, a1, 0x1a532 <_vfiprintf_r+0x234>
   1ad90: 8d c3        	beqz	a5, 0x1adb2 <_vfiprintf_r+0xab4>
   1ad92: 90 18        	addi	a2, sp, 0x70
   1ad94: d2 85        	mv	a1, s4
   1ad96: 5e 85        	mv	a0, s7
   1ad98: 42 ec        	sd	a6, 0x18(sp)
   1ad9a: ef f0 4f c9  	jal	0x1a22e <__sprint_r.part.0>
   1ad9e: 63 1d 05 fa  	bnez	a0, 0x1a558 <_vfiprintf_r+0x25a>
   1ada2: 8a 67        	ld	a5, 0x80(sp)
   1ada4: 62 68        	ld	a6, 0x18(sp)
   1ada6: 6f f0 cf f8  	j	0x1a532 <_vfiprintf_r+0x234>
   1adaa: 85 45        	li	a1, 0x1
   1adac: 01 46        	li	a2, 0x0
   1adae: d6 86        	mv	a3, s5
   1adb0: 69 b7        	j	0x1ad3a <_vfiprintf_r+0xa3c>
   1adb2: c2 87        	mv	a5, a6
   1adb4: 63 53 28 01  	bge	a6, s2, 0x1adba <_vfiprintf_r+0xabc>
   1adb8: ca 87        	mv	a5, s2
   1adba: 22 67        	ld	a4, 0x8(sp)
   1adbc: b9 9f        	addw	a5, a5, a4
   1adbe: 3e e4        	sd	a5, 0x8(sp)
   1adc0: 6f f0 4f f8  	j	0x1a544 <_vfiprintf_r+0x246>
   1adc4: 3b 0e be 41  	subw	t3, t3, s11
   1adc8: 26 83        	mv	t1, s1
   1adca: 63 d3 c4 01  	bge	s1, t3, 0x1add0 <_vfiprintf_r+0xad2>
   1adce: 72 83        	mv	t1, t3
   1add0: 1b 09 03 00  	sext.w	s2, t1
   1add4: 6f f0 0f ea  	j	0x1a474 <_vfiprintf_r+0x176>
   1add8: e3 8b 07 80  	beqz	a5, 0x1a5ee <_vfiprintf_r+0x2f0>
   1addc: 90 18        	addi	a2, sp, 0x70
   1adde: d2 85        	mv	a1, s4
   1ade0: 5e 85        	mv	a0, s7
   1ade2: 72 f4        	sd	t3, 0x28(sp)
   1ade4: 36 f0        	sd	a3, 0x20(sp)
   1ade6: 42 ec        	sd	a6, 0x18(sp)
   1ade8: ef f0 6f c4  	jal	0x1a22e <__sprint_r.part.0>
   1adec: 63 16 05 f6  	bnez	a0, 0x1a558 <_vfiprintf_r+0x25a>
   1adf0: e6 5e        	lw	t4, 0x78(sp)
   1adf2: 8a 67        	ld	a5, 0x80(sp)
   1adf4: 22 7e        	ld	t3, 0x28(sp)
   1adf6: 82 76        	ld	a3, 0x20(sp)
   1adf8: 62 68        	ld	a6, 0x18(sp)
   1adfa: 56 84        	mv	s0, s5
   1adfc: 85 2e        	addiw	t4, t4, 0x1
   1adfe: 6f f0 af ef  	j	0x1a4f8 <_vfiprintf_r+0x1fa>
   1ae02: 82 dc        	sw	zero, 0x78(sp)
   1ae04: 6f f0 4f de  	j	0x1a3e8 <_vfiprintf_r+0xea>
   1ae08: 85 4e        	li	t4, 0x1
   1ae0a: 01 46        	li	a2, 0x0
   1ae0c: 56 84        	mv	s0, s5
   1ae0e: 6f f0 af ed  	j	0x1a4e8 <_vfiprintf_r+0x1ea>
   1ae12: 63 83 03 0e  	beqz	t2, 0x1aef8 <_vfiprintf_r+0xbfa>
   1ae16: b2 8e        	mv	t4, a2
   1ae18: ac 10        	addi	a1, sp, 0x68
   1ae1a: 89 47        	li	a5, 0x2
   1ae1c: 56 84        	mv	s0, s5
   1ae1e: 76 86        	mv	a2, t4
   1ae20: ae f9        	sd	a1, 0xf0(sp)
   1ae22: be fd        	sd	a5, 0xf8(sp)
   1ae24: 41 04        	addi	s0, s0, 0x10
   1ae26: 85 2e        	addiw	t4, t4, 0x1
   1ae28: 4d b0        	j	0x1a6ca <_vfiprintf_r+0x3cc>
   1ae2a: 13 73 f3 bf  	andi	t1, t1, -0x401
   1ae2e: 9b 06 03 00  	sext.w	a3, t1
   1ae32: a9 b1        	j	0x1aa7c <_vfiprintf_r+0x77e>
   1ae34: 63 85 07 1a  	beqz	a5, 0x1afde <_vfiprintf_r+0xce0>
   1ae38: 90 18        	addi	a2, sp, 0x70
   1ae3a: d2 85        	mv	a1, s4
   1ae3c: 5e 85        	mv	a0, s7
   1ae3e: f2 e4        	sd	t3, 0x48(sp)
   1ae40: 36 f4        	sd	a3, 0x28(sp)
   1ae42: 1e f0        	sd	t2, 0x20(sp)
   1ae44: 42 ec        	sd	a6, 0x18(sp)
   1ae46: ef f0 8f be  	jal	0x1a22e <__sprint_r.part.0>
   1ae4a: 63 17 05 f0  	bnez	a0, 0x1a558 <_vfiprintf_r+0x25a>
   1ae4e: 66 56        	lw	a2, 0x78(sp)
   1ae50: 8a 67        	ld	a5, 0x80(sp)
   1ae52: 26 6e        	ld	t3, 0x48(sp)
   1ae54: a2 76        	ld	a3, 0x28(sp)
   1ae56: 82 73        	ld	t2, 0x20(sp)
   1ae58: 62 68        	ld	a6, 0x18(sp)
   1ae5a: 56 84        	mv	s0, s5
   1ae5c: 9b 0e 16 00  	addiw	t4, a2, 0x1
   1ae60: 91 b0        	j	0x1a6a4 <_vfiprintf_r+0x3a6>
   1ae62: 3e e8        	sd	a5, 0x10(sp)
   1ae64: 83 47 0c 00  	lbu	a5, 0x0(s8)
   1ae68: 6f f0 af da  	j	0x1a412 <_vfiprintf_r+0x114>
   1ae6c: e3 98 04 c0  	bnez	s1, 0x1aa7c <_vfiprintf_r+0x77e>
   1ae70: 13 79 13 00  	andi	s2, t1, 0x1
   1ae74: 63 06 09 1c  	beqz	s2, 0x1b040 <_vfiprintf_r+0xd42>
   1ae78: 93 07 00 03  	li	a5, 0x30
   1ae7c: a3 05 f1 0e  	sb	a5, 0xeb(sp)
   1ae80: 4a 8e        	mv	t3, s2
   1ae82: 93 0d b1 0e  	addi	s11, sp, 0xeb
   1ae86: 6f f0 ef de  	j	0x1a474 <_vfiprintf_r+0x176>
   1ae8a: 03 35 0a 0a  	ld	a0, 0xa0(s4)
   1ae8e: ef b0 6f c5  	jal	0x162e4 <__retarget_lock_acquire_recursive>
   1ae92: 83 17 0a 01  	lh	a5, 0x10(s4)
   1ae96: 6f f0 6f c9  	j	0x1a32c <_vfiprintf_r+0x2e>
   1ae9a: 41 04        	addi	s0, s0, 0x10
   1ae9c: 9b 0e 15 00  	addiw	t4, a0, 0x1
   1aea0: 2a 86        	mv	a2, a0
   1aea2: 6f f0 ef e4  	j	0x1a4f0 <_vfiprintf_r+0x1f2>
   1aea6: 93 f7 06 01  	andi	a5, a3, 0x10
   1aeaa: e3 9f 07 d2  	bnez	a5, 0x1abe8 <_vfiprintf_r+0x8ea>
   1aeae: 93 f7 06 04  	andi	a5, a3, 0x40
   1aeb2: 63 99 07 34  	bnez	a5, 0x1b204 <_vfiprintf_r+0xf06>
   1aeb6: 93 f6 06 20  	andi	a3, a3, 0x200
   1aeba: a2 67        	ld	a5, 0x8(sp)
   1aebc: 63 84 06 3c  	beqz	a3, 0x1b284 <_vfiprintf_r+0xf86>
   1aec0: 23 00 f6 00  	sb	a5, 0x0(a2)
   1aec4: 25 b3        	j	0x1abec <_vfiprintf_r+0x8ee>
   1aec6: 36 83        	mv	t1, a3
   1aec8: 71 be        	j	0x1aa64 <_vfiprintf_r+0x766>
   1aeca: c2 67        	ld	a5, 0x10(sp)
   1aecc: a3 03 01 06  	sb	zero, 0x67(sp)
   1aed0: 36 86        	mv	a2, a3
   1aed2: 93 85 87 00  	addi	a1, a5, 0x8
   1aed6: 9c 63        	ld	a5, 0x0(a5)
   1aed8: e3 d6 04 aa  	bgez	s1, 0x1a984 <_vfiprintf_r+0x686>
   1aedc: 2e e8        	sd	a1, 0x10(sp)
   1aede: b2 86        	mv	a3, a2
   1aee0: 6f f0 cf f7  	j	0x1a65c <_vfiprintf_r+0x35e>
   1aee4: 42 67        	ld	a4, 0x10(sp)
   1aee6: 13 06 87 00  	addi	a2, a4, 0x8
   1aeea: 42 67        	ld	a4, 0x10(sp)
   1aeec: be 86        	mv	a3, a5
   1aeee: 32 e8        	sd	a2, 0x10(sp)
   1aef0: 0c 63        	ld	a1, 0x0(a4)
   1aef2: ae 87        	mv	a5, a1
   1aef4: 6f f0 6f f5  	j	0x1a64a <_vfiprintf_r+0x34c>
   1aef8: b2 8e        	mv	t4, a2
   1aefa: 56 84        	mv	s0, s5
   1aefc: 01 46        	li	a2, 0x0
   1aefe: 6f f0 af de  	j	0x1a4e8 <_vfiprintf_r+0x1ea>
   1af02: 93 77 f6 00  	andi	a5, a2, 0xf
   1af06: 97 45 00 00  	auipc	a1, 0x4
   1af0a: 93 85 a5 df  	addi	a1, a1, -0x206
   1af0e: ae 97        	add	a5, a5, a1
   1af10: 83 c8 07 00  	lbu	a7, 0x0(a5)
   1af14: 93 e6 26 00  	ori	a3, a3, 0x2
   1af18: 93 57 46 00  	srli	a5, a2, 0x4
   1af1c: a3 05 11 0f  	sb	a7, 0xeb(sp)
   1af20: 2a e8        	sd	a0, 0x10(sp)
   1af22: 81 26        	sext.w	a3, a3
   1af24: 09 49        	li	s2, 0x2
   1af26: e3 93 07 c4  	bnez	a5, 0x1ab6c <_vfiprintf_r+0x86e>
   1af2a: 85 47        	li	a5, 0x1
   1af2c: 3e 8e        	mv	t3, a5
   1af2e: 93 0d b1 0e  	addi	s11, sp, 0xeb
   1af32: a5 b1        	j	0x1ab9a <_vfiprintf_r+0x89c>
   1af34: 72 83        	mv	t1, t3
   1af36: 1b 09 03 00  	sext.w	s2, t1
   1af3a: ae 8d        	mv	s11, a1
   1af3c: 6f f0 8f d3  	j	0x1a474 <_vfiprintf_r+0x176>
   1af40: fd 54        	li	s1, -0x1
   1af42: 2a 8c        	mv	s8, a0
   1af44: 6f f0 0f cd  	j	0x1a414 <_vfiprintf_r+0x116>
   1af48: 63 86 04 28  	beqz	s1, 0x1b1d4 <_vfiprintf_r+0xed6>
   1af4c: 93 07 00 03  	li	a5, 0x30
   1af50: 6f f0 af f1  	j	0x1a66a <_vfiprintf_r+0x36c>
   1af54: 4a 88        	mv	a6, s2
   1af56: 97 45 00 00  	auipc	a1, 0x4
   1af5a: 93 85 25 dc  	addi	a1, a1, -0x23e
   1af5e: 42 67        	ld	a4, 0x10(sp)
   1af60: 13 f6 06 02  	andi	a2, a3, 0x20
   1af64: 13 05 87 00  	addi	a0, a4, 0x8
   1af68: 09 e6        	bnez	a2, 0x1af72 <_vfiprintf_r+0xc74>
   1af6a: 13 f6 06 01  	andi	a2, a3, 0x10
   1af6e: 71 ce        	beqz	a2, 0x1b04a <_vfiprintf_r+0xd4c>
   1af70: 42 67        	ld	a4, 0x10(sp)
   1af72: 10 63        	ld	a2, 0x0(a4)
   1af74: 13 f9 16 00  	andi	s2, a3, 0x1
   1af78: 63 0f 09 06  	beqz	s2, 0x1aff6 <_vfiprintf_r+0xcf8>
   1af7c: 65 e2        	bnez	a2, 0x1b05c <_vfiprintf_r+0xd5e>
   1af7e: a3 03 01 06  	sb	zero, 0x67(sp)
   1af82: 63 c7 04 22  	bltz	s1, 0x1b1b0 <_vfiprintf_r+0xeb2>
   1af86: 93 f6 f6 b7  	andi	a3, a3, -0x481
   1af8a: 81 26        	sext.w	a3, a3
   1af8c: 63 8f 04 0e  	beqz	s1, 0x1b08a <_vfiprintf_r+0xd8c>
   1af90: 83 c7 05 00  	lbu	a5, 0x0(a1)
   1af94: 4a 8e        	mv	t3, s2
   1af96: 2a e8        	sd	a0, 0x10(sp)
   1af98: a3 05 f1 0e  	sb	a5, 0xeb(sp)
   1af9c: 26 89        	mv	s2, s1
   1af9e: 93 0d b1 0e  	addi	s11, sp, 0xeb
   1afa2: 6f f0 2f cd  	j	0x1a474 <_vfiprintf_r+0x176>
   1afa6: 4a 88        	mv	a6, s2
   1afa8: 97 45 00 00  	auipc	a1, 0x4
   1afac: 93 85 85 d5  	addi	a1, a1, -0x2a8
   1afb0: 7d b7        	j	0x1af5e <_vfiprintf_r+0xc60>
   1afb2: 6e 85        	mv	a0, s11
   1afb4: ef 50 1f cd  	jal	0x10c84 <strlen>
   1afb8: 1b 0e 05 00  	sext.w	t3, a0
   1afbc: 42 67        	ld	a4, 0x10(sp)
   1afbe: 62 68        	ld	a6, 0x18(sp)
   1afc0: 82 76        	ld	a3, 0x20(sp)
   1afc2: f2 87        	mv	a5, t3
   1afc4: 63 53 0e 00  	bgez	t3, 0x1afca <_vfiprintf_r+0xccc>
   1afc8: 81 47        	li	a5, 0x0
   1afca: 03 46 71 06  	lbu	a2, 0x67(sp)
   1afce: 3e 89        	mv	s2, a5
   1afd0: 01 ce        	beqz	a2, 0x1afe8 <_vfiprintf_r+0xcea>
   1afd2: 1b 89 17 00  	addiw	s2, a5, 0x1
   1afd6: 3a e8        	sd	a4, 0x10(sp)
   1afd8: 81 44        	li	s1, 0x0
   1afda: 6f f0 af c9  	j	0x1a474 <_vfiprintf_r+0x176>
   1afde: 85 4e        	li	t4, 0x1
   1afe0: 01 46        	li	a2, 0x0
   1afe2: 56 84        	mv	s0, s5
   1afe4: 6f f0 0f ec  	j	0x1a6a4 <_vfiprintf_r+0x3a6>
   1afe8: 3a e8        	sd	a4, 0x10(sp)
   1afea: 81 44        	li	s1, 0x0
   1afec: 6f f0 8f c8  	j	0x1a474 <_vfiprintf_r+0x176>
   1aff0: 89 43        	li	t2, 0x2
   1aff2: 6f f0 0f ea  	j	0x1a692 <_vfiprintf_r+0x394>
   1aff6: a3 03 01 06  	sb	zero, 0x67(sp)
   1affa: 63 c6 04 02  	bltz	s1, 0x1b026 <_vfiprintf_r+0xd28>
   1affe: 93 f6 f6 b7  	andi	a3, a3, -0x481
   1b002: 81 26        	sext.w	a3, a3
   1b004: 25 ee        	bnez	a2, 0x1b07c <_vfiprintf_r+0xd7e>
   1b006: 63 8f 04 18  	beqz	s1, 0x1b1a4 <_vfiprintf_r+0xea6>
   1b00a: 83 c7 05 00  	lbu	a5, 0x0(a1)
   1b00e: 2a e8        	sd	a0, 0x10(sp)
   1b010: 26 89        	mv	s2, s1
   1b012: a3 05 f1 0e  	sb	a5, 0xeb(sp)
   1b016: 05 4e        	li	t3, 0x1
   1b018: 93 0d b1 0e  	addi	s11, sp, 0xeb
   1b01c: 6f f0 8f c5  	j	0x1a474 <_vfiprintf_r+0x176>
   1b020: 93 e6 26 00  	ori	a3, a3, 0x2
   1b024: 81 26        	sext.w	a3, a3
   1b026: 93 77 f6 00  	andi	a5, a2, 0xf
   1b02a: ae 97        	add	a5, a5, a1
   1b02c: 93 f8 f6 bf  	andi	a7, a3, -0x401
   1b030: 13 f9 26 00  	andi	s2, a3, 0x2
   1b034: 83 c7 07 00  	lbu	a5, 0x0(a5)
   1b038: 2a e8        	sd	a0, 0x10(sp)
   1b03a: 9b 86 08 00  	sext.w	a3, a7
   1b03e: 0d b6        	j	0x1ab60 <_vfiprintf_r+0x862>
   1b040: 01 4e        	li	t3, 0x0
   1b042: 93 0d c1 0e  	addi	s11, sp, 0xec
   1b046: 6f f0 ef c2  	j	0x1a474 <_vfiprintf_r+0x176>
   1b04a: 42 67        	ld	a4, 0x10(sp)
   1b04c: 93 f8 06 04  	andi	a7, a3, 0x40
   1b050: 10 43        	lw	a2, 0x0(a4)
   1b052: 63 8e 08 08  	beqz	a7, 0x1b0ee <_vfiprintf_r+0xdf0>
   1b056: 42 16        	slli	a2, a2, 0x30
   1b058: 41 92        	srli	a2, a2, 0x30
   1b05a: 29 bf        	j	0x1af74 <_vfiprintf_r+0xc76>
   1b05c: 93 08 00 03  	li	a7, 0x30
   1b060: a3 04 f1 06  	sb	a5, 0x69(sp)
   1b064: a3 03 01 06  	sb	zero, 0x67(sp)
   1b068: 23 04 11 07  	sb	a7, 0x68(sp)
   1b06c: e3 ca 04 fa  	bltz	s1, 0x1b020 <_vfiprintf_r+0xd22>
   1b070: 93 f6 f6 b7  	andi	a3, a3, -0x481
   1b074: 81 26        	sext.w	a3, a3
   1b076: 93 e6 26 00  	ori	a3, a3, 0x2
   1b07a: 09 49        	li	s2, 0x2
   1b07c: 93 77 f6 00  	andi	a5, a2, 0xf
   1b080: ae 97        	add	a5, a5, a1
   1b082: 83 c7 07 00  	lbu	a5, 0x0(a5)
   1b086: 2a e8        	sd	a0, 0x10(sp)
   1b088: e1 bc        	j	0x1ab60 <_vfiprintf_r+0x862>
   1b08a: 2a e8        	sd	a0, 0x10(sp)
   1b08c: 01 4e        	li	t3, 0x0
   1b08e: 01 49        	li	s2, 0x0
   1b090: 93 0d c1 0e  	addi	s11, sp, 0xec
   1b094: 6f f0 0f be  	j	0x1a474 <_vfiprintf_r+0x176>
   1b098: 93 e6 06 20  	ori	a3, a3, 0x200
   1b09c: 83 47 1c 00  	lbu	a5, 0x1(s8)
   1b0a0: 81 26        	sext.w	a3, a3
   1b0a2: 05 0c        	addi	s8, s8, 0x1
   1b0a4: 6f f0 ef b6  	j	0x1a412 <_vfiprintf_r+0x114>
   1b0a8: 93 e6 06 02  	ori	a3, a3, 0x20
   1b0ac: 83 47 1c 00  	lbu	a5, 0x1(s8)
   1b0b0: 81 26        	sext.w	a3, a3
   1b0b2: 05 0c        	addi	s8, s8, 0x1
   1b0b4: 6f f0 ef b5  	j	0x1a412 <_vfiprintf_r+0x114>
   1b0b8: 99 47        	li	a5, 0x6
   1b0ba: 26 83        	mv	t1, s1
   1b0bc: 63 e5 97 12  	bltu	a5, s1, 0x1b1e6 <_vfiprintf_r+0xee8>
   1b0c0: 1b 09 03 00  	sext.w	s2, t1
   1b0c4: 3a e8        	sd	a4, 0x10(sp)
   1b0c6: 4a 8e        	mv	t3, s2
   1b0c8: 81 44        	li	s1, 0x0
   1b0ca: 97 4d 00 00  	auipc	s11, 0x4
   1b0ce: 93 8d 6d c6  	addi	s11, s11, -0x39a
   1b0d2: 6f f0 2f ba  	j	0x1a474 <_vfiprintf_r+0x176>
   1b0d6: 63 8a 04 10  	beqz	s1, 0x1b1ea <_vfiprintf_r+0xeec>
   1b0da: 93 07 00 03  	li	a5, 0x30
   1b0de: a3 05 f1 0e  	sb	a5, 0xeb(sp)
   1b0e2: 2a e8        	sd	a0, 0x10(sp)
   1b0e4: a6 87        	mv	a5, s1
   1b0e6: 05 4e        	li	t3, 0x1
   1b0e8: 93 0d b1 0e  	addi	s11, sp, 0xeb
   1b0ec: 7d b4        	j	0x1ab9a <_vfiprintf_r+0x89c>
   1b0ee: 93 f8 06 20  	andi	a7, a3, 0x200
   1b0f2: 63 86 08 10  	beqz	a7, 0x1b1fe <_vfiprintf_r+0xf00>
   1b0f6: 13 76 f6 0f  	andi	a2, a2, 0xff
   1b0fa: ad bd        	j	0x1af74 <_vfiprintf_r+0xc76>
   1b0fc: 93 f5 06 20  	andi	a1, a3, 0x200
   1b100: fd c9        	beqz	a1, 0x1b1f6 <_vfiprintf_r+0xef8>
   1b102: 9b 97 87 01  	slliw	a5, a5, 0x18
   1b106: 9b d7 87 41  	sraiw	a5, a5, 0x18
   1b10a: 32 e8        	sd	a2, 0x10(sp)
   1b10c: be 85        	mv	a1, a5
   1b10e: 6f f0 cf d3  	j	0x1a64a <_vfiprintf_r+0x34c>
   1b112: 13 f6 06 20  	andi	a2, a3, 0x200
   1b116: a3 03 01 06  	sb	zero, 0x67(sp)
   1b11a: 63 0e 06 0e  	beqz	a2, 0x1b216 <_vfiprintf_r+0xf18>
   1b11e: 93 f7 f7 0f  	andi	a5, a5, 0xff
   1b122: e3 df 04 9c  	bgez	s1, 0x1ab00 <_vfiprintf_r+0x802>
   1b126: ad b0        	j	0x1a990 <_vfiprintf_r+0x692>
   1b128: 93 f5 06 20  	andi	a1, a3, 0x200
   1b12c: e5 c1        	beqz	a1, 0x1b20c <_vfiprintf_r+0xf0e>
   1b12e: 93 f7 f7 0f  	andi	a5, a5, 0xff
   1b132: 32 e8        	sd	a2, 0x10(sp)
   1b134: 36 83        	mv	t1, a3
   1b136: 15 ba        	j	0x1aa6a <_vfiprintf_r+0x76c>
   1b138: 42 76        	ld	a2, 0x30(sp)
   1b13a: 86 65        	ld	a1, 0x40(sp)
   1b13c: f2 ec        	sd	t3, 0x58(sp)
   1b13e: b3 8f cd 40  	sub	t6, s11, a2
   1b142: 7e 85        	mv	a0, t6
   1b144: b6 e8        	sd	a3, 0x50(sp)
   1b146: be e4        	sd	a5, 0x48(sp)
   1b148: 42 fc        	sd	a6, 0x38(sp)
   1b14a: 76 f4        	sd	t4, 0x28(sp)
   1b14c: 7a f0        	sd	t5, 0x20(sp)
   1b14e: 7e ec        	sd	t6, 0x18(sp)
   1b150: ef c0 bf fd  	jal	0x1812a <strncpy>
   1b154: 97 77 00 00  	auipc	a5, 0x7
   1b158: 93 87 c7 b5  	addi	a5, a5, -0x4a4
   1b15c: 83 b8 07 00  	ld	a7, 0x0(a5)
   1b160: a6 67        	ld	a5, 0x48(sp)
   1b162: a2 7e        	ld	t4, 0x28(sp)
   1b164: e2 6f        	ld	t6, 0x18(sp)
   1b166: b3 b7 17 03  	mulhu	a5, a5, a7
   1b16a: 03 c7 1e 00  	lbu	a4, 0x1(t4)
   1b16e: 02 7f        	ld	t5, 0x20(sp)
   1b170: 62 78        	ld	a6, 0x38(sp)
   1b172: 33 37 e0 00  	snez	a4, a4
   1b176: ba 9e        	add	t4, t4, a4
   1b178: c6 66        	ld	a3, 0x50(sp)
   1b17a: 66 6e        	ld	t3, 0x58(sp)
   1b17c: 93 8d ff ff  	addi	s11, t6, -0x1
   1b180: 05 45        	li	a0, 0x1
   1b182: 8d 83        	srli	a5, a5, 0x3
   1b184: 33 b6 17 03  	mulhu	a2, a5, a7
   1b188: 25 43        	li	t1, 0x9
   1b18a: 0d 82        	srli	a2, a2, 0x3
   1b18c: 13 17 26 00  	slli	a4, a2, 0x2
   1b190: 32 97        	add	a4, a4, a2
   1b192: 06 07        	slli	a4, a4, 0x1
   1b194: 33 87 e7 40  	sub	a4, a5, a4
   1b198: 1b 07 07 03  	addiw	a4, a4, 0x30
   1b19c: a3 8f ef fe  	sb	a4, -0x1(t6)
   1b1a0: 6f f0 ef f7  	j	0x1a91e <_vfiprintf_r+0x620>
   1b1a4: 2a e8        	sd	a0, 0x10(sp)
   1b1a6: 01 4e        	li	t3, 0x0
   1b1a8: 93 0d c1 0e  	addi	s11, sp, 0xec
   1b1ac: 6f f0 8f ac  	j	0x1a474 <_vfiprintf_r+0x176>
   1b1b0: 83 c7 05 00  	lbu	a5, 0x0(a1)
   1b1b4: 93 f6 f6 bf  	andi	a3, a3, -0x401
   1b1b8: 81 26        	sext.w	a3, a3
   1b1ba: a3 05 f1 0e  	sb	a5, 0xeb(sp)
   1b1be: 2a e8        	sd	a0, 0x10(sp)
   1b1c0: 4a 8e        	mv	t3, s2
   1b1c2: 93 0d b1 0e  	addi	s11, sp, 0xeb
   1b1c6: 6f f0 ef aa  	j	0x1a474 <_vfiprintf_r+0x176>
   1b1ca: 85 4e        	li	t4, 0x1
   1b1cc: 01 46        	li	a2, 0x0
   1b1ce: 56 84        	mv	s0, s5
   1b1d0: 6f f0 0f b2  	j	0x1a4f0 <_vfiprintf_r+0x1f2>
   1b1d4: 03 43 71 06  	lbu	t1, 0x67(sp)
   1b1d8: 01 4e        	li	t3, 0x0
   1b1da: 93 0d c1 0e  	addi	s11, sp, 0xec
   1b1de: 33 39 60 00  	snez	s2, t1
   1b1e2: 6f f0 2f a9  	j	0x1a474 <_vfiprintf_r+0x176>
   1b1e6: 3e 83        	mv	t1, a5
   1b1e8: e1 bd        	j	0x1b0c0 <_vfiprintf_r+0xdc2>
   1b1ea: 2a e8        	sd	a0, 0x10(sp)
   1b1ec: 01 4e        	li	t3, 0x0
   1b1ee: 81 47        	li	a5, 0x0
   1b1f0: 93 0d c1 0e  	addi	s11, sp, 0xec
   1b1f4: 5d b2        	j	0x1ab9a <_vfiprintf_r+0x89c>
   1b1f6: 32 e8        	sd	a2, 0x10(sp)
   1b1f8: be 85        	mv	a1, a5
   1b1fa: 6f f0 0f c5  	j	0x1a64a <_vfiprintf_r+0x34c>
   1b1fe: 02 16        	slli	a2, a2, 0x20
   1b200: 01 92        	srli	a2, a2, 0x20
   1b202: 8d bb        	j	0x1af74 <_vfiprintf_r+0xc76>
   1b204: a2 67        	ld	a5, 0x8(sp)
   1b206: 23 10 f6 00  	sh	a5, 0x0(a2)
   1b20a: cd b2        	j	0x1abec <_vfiprintf_r+0x8ee>
   1b20c: 82 17        	slli	a5, a5, 0x20
   1b20e: 81 93        	srli	a5, a5, 0x20
   1b210: 32 e8        	sd	a2, 0x10(sp)
   1b212: 36 83        	mv	t1, a3
   1b214: 99 b8        	j	0x1aa6a <_vfiprintf_r+0x76c>
   1b216: 82 17        	slli	a5, a5, 0x20
   1b218: 81 93        	srli	a5, a5, 0x20
   1b21a: e3 d3 04 8e  	bgez	s1, 0x1ab00 <_vfiprintf_r+0x802>
   1b21e: 6f f0 2f f7  	j	0x1a990 <_vfiprintf_r+0x692>
   1b222: 5e 85        	mv	a0, s7
   1b224: 90 18        	addi	a2, sp, 0x70
   1b226: d2 85        	mv	a1, s4
   1b228: ef f0 6f 80  	jal	0x1a22e <__sprint_r.part.0>
   1b22c: 63 16 05 b2  	bnez	a0, 0x1a558 <_vfiprintf_r+0x25a>
   1b230: 82 dc        	sw	zero, 0x78(sp)
   1b232: 6f f0 6f b2  	j	0x1a558 <_vfiprintf_r+0x25a>
   1b236: 03 35 0a 0a  	ld	a0, 0xa0(s4)
   1b23a: ef b0 6f 8b  	jal	0x162f0 <__retarget_lock_release_recursive>
   1b23e: 6f f0 cf b8  	j	0x1a5ca <_vfiprintf_r+0x2cc>
   1b242: 3a e8        	sd	a4, 0x10(sp)
   1b244: 9d cb        	beqz	a5, 0x1b27a <_vfiprintf_r+0xf7c>
   1b246: 1b 89 14 00  	addiw	s2, s1, 0x1
   1b24a: 26 8e        	mv	t3, s1
   1b24c: 81 44        	li	s1, 0x0
   1b24e: 6f f0 6f a2  	j	0x1a474 <_vfiprintf_r+0x176>
   1b252: 2e 85        	mv	a0, a1
   1b254: 97 4e 00 00  	auipc	t4, 0x4
   1b258: 93 8e ce 42  	addi	t4, t4, 0x42c
   1b25c: 51 b4        	j	0x1ace0 <_vfiprintf_r+0x9e2>
   1b25e: 9b 05 16 00  	addiw	a1, a2, 0x1
   1b262: 97 4e 00 00  	auipc	t4, 0x4
   1b266: 93 8e ee 41  	addi	t4, t4, 0x41e
   1b26a: 11 be        	j	0x1ad7e <_vfiprintf_r+0xa80>
   1b26c: 76 85        	mv	a0, t4
   1b26e: 97 48 00 00  	auipc	a7, 0x4
   1b272: 93 88 28 40  	addi	a7, a7, 0x402
   1b276: 6f f0 ef cd  	j	0x1a754 <_vfiprintf_r+0x456>
   1b27a: 26 8e        	mv	t3, s1
   1b27c: 26 89        	mv	s2, s1
   1b27e: 81 44        	li	s1, 0x0
   1b280: 6f f0 4f 9f  	j	0x1a474 <_vfiprintf_r+0x176>
   1b284: 1c c2        	sw	a5, 0x0(a2)
   1b286: 9d b2        	j	0x1abec <_vfiprintf_r+0x8ee>
   1b288: 42 67        	ld	a4, 0x10(sp)
   1b28a: 1c 43        	lw	a5, 0x0(a4)
   1b28c: 21 07        	addi	a4, a4, 0x8
   1b28e: be 84        	mv	s1, a5
   1b290: 63 d3 07 00  	bgez	a5, 0x1b296 <_vfiprintf_r+0xf98>
   1b294: fd 54        	li	s1, -0x1
   1b296: 83 47 1c 00  	lbu	a5, 0x1(s8)
   1b29a: 3a e8        	sd	a4, 0x10(sp)
   1b29c: 2a 8c        	mv	s8, a0
   1b29e: 6f f0 4f 97  	j	0x1a412 <_vfiprintf_r+0x114>
   1b2a2: 83 27 0a 0b  	lw	a5, 0xb0(s4)
   1b2a6: 85 8b        	andi	a5, a5, 0x1
   1b2a8: 89 c7        	beqz	a5, 0x1b2b2 <_vfiprintf_r+0xfb4>
   1b2aa: fd 57        	li	a5, -0x1
   1b2ac: 3e e4        	sd	a5, 0x8(sp)
   1b2ae: 6f f0 0f ad  	j	0x1a57e <_vfiprintf_r+0x280>
   1b2b2: 83 57 0a 01  	lhu	a5, 0x10(s4)
   1b2b6: 93 f7 07 20  	andi	a5, a5, 0x200
   1b2ba: e5 fb        	bnez	a5, 0x1b2aa <_vfiprintf_r+0xfac>
   1b2bc: 03 35 0a 0a  	ld	a0, 0xa0(s4)
   1b2c0: ef b0 0f 83  	jal	0x162f0 <__retarget_lock_release_recursive>
   1b2c4: dd b7        	j	0x1b2aa <_vfiprintf_r+0xfac>
   1b2c6: b6 87        	mv	a5, a3
   1b2c8: 0d b1        	j	0x1aeea <_vfiprintf_r+0xbec>
   1b2ca: 3e 89        	mv	s2, a5
   1b2cc: 6f f0 8f 9a  	j	0x1a474 <_vfiprintf_r+0x176>
   1b2d0: 93 0d b1 0e  	addi	s11, sp, 0xeb
   1b2d4: 45 b8        	j	0x1ab84 <_vfiprintf_r+0x886>

000000000001b2d6 <vfiprintf>:
   1b2d6: 2a 87        	mv	a4, a0
   1b2d8: 03 b5 81 70  	ld	a0, 0x708(gp)
   1b2dc: ae 87        	mv	a5, a1
   1b2de: b2 86        	mv	a3, a2
   1b2e0: ba 85        	mv	a1, a4
   1b2e2: 3e 86        	mv	a2, a5
   1b2e4: 6f f0 af 81  	j	0x1a2fe <_vfiprintf_r>

000000000001b2e8 <__sbprintf>:
   1b2e8: 83 d7 05 01  	lhu	a5, 0x10(a1)
   1b2ec: 03 ae 05 0b  	lw	t3, 0xb0(a1)
   1b2f0: 03 d3 25 01  	lhu	t1, 0x12(a1)
   1b2f4: 83 b8 05 03  	ld	a7, 0x30(a1)
   1b2f8: 03 b8 05 04  	ld	a6, 0x40(a1)
   1b2fc: 13 01 01 b1  	addi	sp, sp, -0x4f0
   1b300: 13 07 00 40  	li	a4, 0x400
   1b304: f5 9b        	andi	a5, a5, -0x3
   1b306: 23 30 81 4e  	sd	s0, 0x4e0(sp)
   1b30a: 23 38 21 4d  	sd	s2, 0x4d0(sp)
   1b30e: 2e 84        	mv	s0, a1
   1b310: 2a 89        	mv	s2, a0
   1b312: 8c 01        	addi	a1, sp, 0xc0
   1b314: 28 11        	addi	a0, sp, 0xa8
   1b316: 23 34 11 4e  	sd	ra, 0x4e8(sp)
   1b31a: 23 3c 91 4c  	sd	s1, 0x4d8(sp)
   1b31e: 23 34 31 4d  	sd	s3, 0x4c8(sp)
   1b322: b2 84        	mv	s1, a2
   1b324: b6 89        	mv	s3, a3
   1b326: 23 1c f1 00  	sh	a5, 0x18(sp)
   1b32a: 72 dd        	sw	t3, 0xb8(sp)
   1b32c: 23 1d 61 00  	sh	t1, 0x1a(sp)
   1b330: 46 fc        	sd	a7, 0x38(sp)
   1b332: c2 e4        	sd	a6, 0x48(sp)
   1b334: 2e e4        	sd	a1, 0x8(sp)
   1b336: 2e f0        	sd	a1, 0x20(sp)
   1b338: 3a ca        	sw	a4, 0x14(sp)
   1b33a: 3a d4        	sw	a4, 0x28(sp)
   1b33c: 02 d8        	sw	zero, 0x30(sp)
   1b33e: ef a0 ff f9  	jal	0x162dc <__retarget_lock_init_recursive>
   1b342: 26 86        	mv	a2, s1
   1b344: ce 86        	mv	a3, s3
   1b346: 2c 00        	addi	a1, sp, 0x8
   1b348: 4a 85        	mv	a0, s2
   1b34a: ef e0 5f fb  	jal	0x1a2fe <_vfiprintf_r>
   1b34e: aa 84        	mv	s1, a0
   1b350: 63 5e 05 02  	bgez	a0, 0x1b38c <__sbprintf+0xa4>
   1b354: 83 57 81 01  	lhu	a5, 0x18(sp)
   1b358: 93 f7 07 04  	andi	a5, a5, 0x40
   1b35c: 99 c7        	beqz	a5, 0x1b36a <__sbprintf+0x82>
   1b35e: 83 57 04 01  	lhu	a5, 0x10(s0)
   1b362: 93 e7 07 04  	ori	a5, a5, 0x40
   1b366: 23 18 f4 00  	sh	a5, 0x10(s0)
   1b36a: 2a 75        	ld	a0, 0xa8(sp)
   1b36c: ef a0 5f f7  	jal	0x162e0 <__retarget_lock_close_recursive>
   1b370: 83 30 81 4e  	ld	ra, 0x4e8(sp)
   1b374: 03 34 01 4e  	ld	s0, 0x4e0(sp)
   1b378: 03 39 01 4d  	ld	s2, 0x4d0(sp)
   1b37c: 83 39 81 4c  	ld	s3, 0x4c8(sp)
   1b380: 26 85        	mv	a0, s1
   1b382: 83 34 81 4d  	ld	s1, 0x4d8(sp)
   1b386: 13 01 01 4f  	addi	sp, sp, 0x4f0
   1b38a: 82 80        	ret
   1b38c: 2c 00        	addi	a1, sp, 0x8
   1b38e: 4a 85        	mv	a0, s2
   1b390: ef 70 ff ff  	jal	0x1338e <_fflush_r>
   1b394: 61 d1        	beqz	a0, 0x1b354 <__sbprintf+0x6c>
   1b396: fd 54        	li	s1, -0x1
   1b398: 75 bf        	j	0x1b354 <__sbprintf+0x6c>

000000000001b39a <_write_r>:
   1b39a: 41 11        	addi	sp, sp, -0x10
   1b39c: 2e 87        	mv	a4, a1
   1b39e: 22 e0        	sd	s0, 0x0(sp)
   1b3a0: b2 85        	mv	a1, a2
   1b3a2: 2a 84        	mv	s0, a0
   1b3a4: 36 86        	mv	a2, a3
   1b3a6: 3a 85        	mv	a0, a4
   1b3a8: 23 a8 01 78  	sw	zero, 0x790(gp)
   1b3ac: 06 e4        	sd	ra, 0x8(sp)
   1b3ae: ef 20 20 04  	jal	0x1d3f0 <_write>
   1b3b2: fd 57        	li	a5, -0x1
   1b3b4: 63 06 f5 00  	beq	a0, a5, 0x1b3c0 <_write_r+0x26>
   1b3b8: a2 60        	ld	ra, 0x8(sp)
   1b3ba: 02 64        	ld	s0, 0x0(sp)
   1b3bc: 41 01        	addi	sp, sp, 0x10
   1b3be: 82 80        	ret
   1b3c0: 83 a7 01 79  	lw	a5, 0x790(gp)
   1b3c4: f5 db        	beqz	a5, 0x1b3b8 <_write_r+0x1e>
   1b3c6: a2 60        	ld	ra, 0x8(sp)
   1b3c8: 1c c0        	sw	a5, 0x0(s0)
   1b3ca: 02 64        	ld	s0, 0x0(sp)
   1b3cc: 41 01        	addi	sp, sp, 0x10
   1b3ce: 82 80        	ret

000000000001b3d0 <__register_exitproc>:
   1b3d0: 79 71        	addi	sp, sp, -0x30
   1b3d2: 4a e8        	sd	s2, 0x10(sp)
   1b3d4: 13 89 01 71  	addi	s2, gp, 0x710
   1b3d8: 22 f0        	sd	s0, 0x20(sp)
   1b3da: 2a 84        	mv	s0, a0
   1b3dc: 03 35 09 00  	ld	a0, 0x0(s2)
   1b3e0: 26 ec        	sd	s1, 0x18(sp)
   1b3e2: 4e e4        	sd	s3, 0x8(sp)
   1b3e4: 52 e0        	sd	s4, 0x0(sp)
   1b3e6: 06 f4        	sd	ra, 0x28(sp)
   1b3e8: ae 84        	mv	s1, a1
   1b3ea: 32 8a        	mv	s4, a2
   1b3ec: b6 89        	mv	s3, a3
   1b3ee: ef a0 7f ef  	jal	0x162e4 <__retarget_lock_acquire_recursive>
   1b3f2: 03 b7 81 67  	ld	a4, 0x678(gp)
   1b3f6: 83 37 87 1f  	ld	a5, 0x1f8(a4)
   1b3fa: ad c3        	beqz	a5, 0x1b45c <__register_exitproc+0x8c>
   1b3fc: 98 47        	lw	a4, 0x8(a5)
   1b3fe: fd 45        	li	a1, 0x1f
   1b400: 03 35 09 00  	ld	a0, 0x0(s2)
   1b404: 63 c1 e5 06  	blt	a1, a4, 0x1b466 <__register_exitproc+0x96>
   1b408: 15 e0        	bnez	s0, 0x1b42c <__register_exitproc+0x5c>
   1b40a: 93 16 37 00  	slli	a3, a4, 0x3
   1b40e: 05 27        	addiw	a4, a4, 0x1
   1b410: be 96        	add	a3, a3, a5
   1b412: 98 c7        	sw	a4, 0x8(a5)
   1b414: 84 ea        	sd	s1, 0x10(a3)
   1b416: ef a0 bf ed  	jal	0x162f0 <__retarget_lock_release_recursive>
   1b41a: 01 45        	li	a0, 0x0
   1b41c: a2 70        	ld	ra, 0x28(sp)
   1b41e: 02 74        	ld	s0, 0x20(sp)
   1b420: e2 64        	ld	s1, 0x18(sp)
   1b422: 42 69        	ld	s2, 0x10(sp)
   1b424: a2 69        	ld	s3, 0x8(sp)
   1b426: 02 6a        	ld	s4, 0x0(sp)
   1b428: 45 61        	addi	sp, sp, 0x30
   1b42a: 82 80        	ret
   1b42c: 93 15 37 00  	slli	a1, a4, 0x3
   1b430: be 95        	add	a1, a1, a5
   1b432: 23 b8 45 11  	sd	s4, 0x110(a1)
   1b436: 83 a6 07 31  	lw	a3, 0x310(a5)
   1b43a: 05 46        	li	a2, 0x1
   1b43c: 3b 16 e6 00  	sllw	a2, a2, a4
   1b440: d1 8e        	or	a3, a3, a2
   1b442: 23 a8 d7 30  	sw	a3, 0x310(a5)
   1b446: 23 b8 35 21  	sd	s3, 0x210(a1)
   1b44a: 89 46        	li	a3, 0x2
   1b44c: e3 1f d4 fa  	bne	s0, a3, 0x1b40a <__register_exitproc+0x3a>
   1b450: 83 a6 47 31  	lw	a3, 0x314(a5)
   1b454: 55 8e        	or	a2, a2, a3
   1b456: 23 aa c7 30  	sw	a2, 0x314(a5)
   1b45a: 45 bf        	j	0x1b40a <__register_exitproc+0x3a>
   1b45c: 93 07 07 20  	addi	a5, a4, 0x200
   1b460: 23 3c f7 1e  	sd	a5, 0x1f8(a4)
   1b464: 61 bf        	j	0x1b3fc <__register_exitproc+0x2c>
   1b466: ef a0 bf e8  	jal	0x162f0 <__retarget_lock_release_recursive>
   1b46a: 7d 55        	li	a0, -0x1
   1b46c: 45 bf        	j	0x1b41c <__register_exitproc+0x4c>

000000000001b46e <__assert_func>:
   1b46e: 83 b7 81 70  	ld	a5, 0x708(gp)
   1b472: 41 11        	addi	sp, sp, -0x10
   1b474: 32 88        	mv	a6, a2
   1b476: 06 e4        	sd	ra, 0x8(sp)
   1b478: 36 86        	mv	a2, a3
   1b47a: 2e 87        	mv	a4, a1
   1b47c: aa 86        	mv	a3, a0
   1b47e: 88 6f        	ld	a0, 0x18(a5)
   1b480: 97 47 00 00  	auipc	a5, 0x4
   1b484: 93 87 87 94  	addi	a5, a5, -0x6b8
   1b488: 63 0a 08 00  	beqz	a6, 0x1b49c <__assert_func+0x2e>
   1b48c: 97 45 00 00  	auipc	a1, 0x4
   1b490: 93 85 c5 94  	addi	a1, a1, -0x6b4
   1b494: ef 00 40 20  	jal	0x1b698 <fiprintf>
   1b498: ef 10 f0 21  	jal	0x1ceb6 <abort>
   1b49c: 97 47 00 00  	auipc	a5, 0x4
   1b4a0: 93 87 c7 88  	addi	a5, a5, -0x774
   1b4a4: 3e 88        	mv	a6, a5
   1b4a6: dd b7        	j	0x1b48c <__assert_func+0x1e>

000000000001b4a8 <__assert>:
   1b4a8: 41 11        	addi	sp, sp, -0x10
   1b4aa: b2 86        	mv	a3, a2
   1b4ac: 01 46        	li	a2, 0x0
   1b4ae: 06 e4        	sd	ra, 0x8(sp)
   1b4b0: ef f0 ff fb  	jal	0x1b46e <__assert_func>

000000000001b4b4 <_calloc_r>:
   1b4b4: b3 85 c5 02  	mul	a1, a1, a2
   1b4b8: 41 11        	addi	sp, sp, -0x10
   1b4ba: 22 e0        	sd	s0, 0x0(sp)
   1b4bc: 06 e4        	sd	ra, 0x8(sp)
   1b4be: ef a0 ff fc  	jal	0x1648c <_malloc_r>
   1b4c2: 2a 84        	mv	s0, a0
   1b4c4: 21 c5        	beqz	a0, 0x1b50c <_calloc_r+0x58>
   1b4c6: 03 36 85 ff  	ld	a2, -0x8(a0)
   1b4ca: 13 07 80 04  	li	a4, 0x48
   1b4ce: 71 9a        	andi	a2, a2, -0x4
   1b4d0: 61 16        	addi	a2, a2, -0x8
   1b4d2: 63 62 c7 04  	bltu	a4, a2, 0x1b516 <_calloc_r+0x62>
   1b4d6: 93 06 70 02  	li	a3, 0x27
   1b4da: aa 87        	mv	a5, a0
   1b4dc: 63 f2 c6 02  	bgeu	a3, a2, 0x1b500 <_calloc_r+0x4c>
   1b4e0: 23 30 05 00  	sd	zero, 0x0(a0)
   1b4e4: 23 34 05 00  	sd	zero, 0x8(a0)
   1b4e8: 93 07 70 03  	li	a5, 0x37
   1b4ec: 63 fd c7 02  	bgeu	a5, a2, 0x1b526 <_calloc_r+0x72>
   1b4f0: 23 38 05 00  	sd	zero, 0x10(a0)
   1b4f4: 23 3c 05 00  	sd	zero, 0x18(a0)
   1b4f8: 93 07 05 02  	addi	a5, a0, 0x20
   1b4fc: 63 0e e6 02  	beq	a2, a4, 0x1b538 <_calloc_r+0x84>
   1b500: 23 b0 07 00  	sd	zero, 0x0(a5)
   1b504: 23 b4 07 00  	sd	zero, 0x8(a5)
   1b508: 23 b8 07 00  	sd	zero, 0x10(a5)
   1b50c: a2 60        	ld	ra, 0x8(sp)
   1b50e: 22 85        	mv	a0, s0
   1b510: 02 64        	ld	s0, 0x0(sp)
   1b512: 41 01        	addi	sp, sp, 0x10
   1b514: 82 80        	ret
   1b516: 81 45        	li	a1, 0x0
   1b518: ef 50 8f da  	jal	0x10ac0 <memset>
   1b51c: a2 60        	ld	ra, 0x8(sp)
   1b51e: 22 85        	mv	a0, s0
   1b520: 02 64        	ld	s0, 0x0(sp)
   1b522: 41 01        	addi	sp, sp, 0x10
   1b524: 82 80        	ret
   1b526: 93 07 05 01  	addi	a5, a0, 0x10
   1b52a: 23 b0 07 00  	sd	zero, 0x0(a5)
   1b52e: 23 b4 07 00  	sd	zero, 0x8(a5)
   1b532: 23 b8 07 00  	sd	zero, 0x10(a5)
   1b536: d9 bf        	j	0x1b50c <_calloc_r+0x58>
   1b538: 23 30 05 02  	sd	zero, 0x20(a0)
   1b53c: 23 34 05 02  	sd	zero, 0x28(a0)
   1b540: 93 07 05 03  	addi	a5, a0, 0x30
   1b544: 75 bf        	j	0x1b500 <_calloc_r+0x4c>

000000000001b546 <_close_r>:
   1b546: 41 11        	addi	sp, sp, -0x10
   1b548: 22 e0        	sd	s0, 0x0(sp)
   1b54a: 2a 84        	mv	s0, a0
   1b54c: 2e 85        	mv	a0, a1
   1b54e: 23 a8 01 78  	sw	zero, 0x790(gp)
   1b552: 06 e4        	sd	ra, 0x8(sp)
   1b554: ef 10 70 4e  	jal	0x1d23a <_close>
   1b558: fd 57        	li	a5, -0x1
   1b55a: 63 06 f5 00  	beq	a0, a5, 0x1b566 <_close_r+0x20>
   1b55e: a2 60        	ld	ra, 0x8(sp)
   1b560: 02 64        	ld	s0, 0x0(sp)
   1b562: 41 01        	addi	sp, sp, 0x10
   1b564: 82 80        	ret
   1b566: 83 a7 01 79  	lw	a5, 0x790(gp)
   1b56a: f5 db        	beqz	a5, 0x1b55e <_close_r+0x18>
   1b56c: a2 60        	ld	ra, 0x8(sp)
   1b56e: 1c c0        	sw	a5, 0x0(s0)
   1b570: 02 64        	ld	s0, 0x0(sp)
   1b572: 41 01        	addi	sp, sp, 0x10
   1b574: 82 80        	ret

000000000001b576 <_fclose_r>:
   1b576: 01 11        	addi	sp, sp, -0x20
   1b578: 06 ec        	sd	ra, 0x18(sp)
   1b57a: 4a e0        	sd	s2, 0x0(sp)
   1b57c: d9 c9        	beqz	a1, 0x1b612 <_fclose_r+0x9c>
   1b57e: 22 e8        	sd	s0, 0x10(sp)
   1b580: 26 e4        	sd	s1, 0x8(sp)
   1b582: 2e 84        	mv	s0, a1
   1b584: aa 84        	mv	s1, a0
   1b586: 19 c1        	beqz	a0, 0x1b58c <_fclose_r+0x16>
   1b588: 3c 49        	lw	a5, 0x50(a0)
   1b58a: d1 cb        	beqz	a5, 0x1b61e <_fclose_r+0xa8>
   1b58c: 83 27 04 0b  	lw	a5, 0xb0(s0)
   1b590: 03 17 04 01  	lh	a4, 0x10(s0)
   1b594: 85 8b        	andi	a5, a5, 0x1
   1b596: bd eb        	bnez	a5, 0x1b60c <_fclose_r+0x96>
   1b598: 13 77 07 20  	andi	a4, a4, 0x200
   1b59c: 4d c7        	beqz	a4, 0x1b646 <_fclose_r+0xd0>
   1b59e: a2 85        	mv	a1, s0
   1b5a0: 26 85        	mv	a0, s1
   1b5a2: ef 70 5f c5  	jal	0x131f6 <__sflush_r>
   1b5a6: 3c 68        	ld	a5, 0x50(s0)
   1b5a8: 2a 89        	mv	s2, a0
   1b5aa: 91 c7        	beqz	a5, 0x1b5b6 <_fclose_r+0x40>
   1b5ac: 0c 78        	ld	a1, 0x30(s0)
   1b5ae: 26 85        	mv	a0, s1
   1b5b0: 82 97        	jalr	a5
   1b5b2: 63 4f 05 06  	bltz	a0, 0x1b630 <_fclose_r+0xba>
   1b5b6: 83 57 04 01  	lhu	a5, 0x10(s0)
   1b5ba: 93 f7 07 08  	andi	a5, a5, 0x80
   1b5be: bd ef        	bnez	a5, 0x1b63c <_fclose_r+0xc6>
   1b5c0: 2c 6c        	ld	a1, 0x58(s0)
   1b5c2: 91 c9        	beqz	a1, 0x1b5d6 <_fclose_r+0x60>
   1b5c4: 93 07 44 07  	addi	a5, s0, 0x74
   1b5c8: 63 85 f5 00  	beq	a1, a5, 0x1b5d2 <_fclose_r+0x5c>
   1b5cc: 26 85        	mv	a0, s1
   1b5ce: ef 80 ef b2  	jal	0x138fc <_free_r>
   1b5d2: 23 3c 04 04  	sd	zero, 0x58(s0)
   1b5d6: 2c 7c        	ld	a1, 0x78(s0)
   1b5d8: 91 c5        	beqz	a1, 0x1b5e4 <_fclose_r+0x6e>
   1b5da: 26 85        	mv	a0, s1
   1b5dc: ef 80 0f b2  	jal	0x138fc <_free_r>
   1b5e0: 23 3c 04 06  	sd	zero, 0x78(s0)
   1b5e4: ef 80 8f 9a  	jal	0x1378c <__sfp_lock_acquire>
   1b5e8: 83 27 04 0b  	lw	a5, 0xb0(s0)
   1b5ec: 23 18 04 00  	sh	zero, 0x10(s0)
   1b5f0: 85 8b        	andi	a5, a5, 0x1
   1b5f2: b5 cb        	beqz	a5, 0x1b666 <_fclose_r+0xf0>
   1b5f4: 48 70        	ld	a0, 0xa0(s0)
   1b5f6: ef a0 bf ce  	jal	0x162e0 <__retarget_lock_close_recursive>
   1b5fa: ef 80 af 99  	jal	0x13794 <__sfp_lock_release>
   1b5fe: e2 60        	ld	ra, 0x18(sp)
   1b600: 42 64        	ld	s0, 0x10(sp)
   1b602: a2 64        	ld	s1, 0x8(sp)
   1b604: 4a 85        	mv	a0, s2
   1b606: 02 69        	ld	s2, 0x0(sp)
   1b608: 05 61        	addi	sp, sp, 0x20
   1b60a: 82 80        	ret
   1b60c: 49 fb        	bnez	a4, 0x1b59e <_fclose_r+0x28>
   1b60e: 42 64        	ld	s0, 0x10(sp)
   1b610: a2 64        	ld	s1, 0x8(sp)
   1b612: e2 60        	ld	ra, 0x18(sp)
   1b614: 01 49        	li	s2, 0x0
   1b616: 4a 85        	mv	a0, s2
   1b618: 02 69        	ld	s2, 0x0(sp)
   1b61a: 05 61        	addi	sp, sp, 0x20
   1b61c: 82 80        	ret
   1b61e: ef 70 1f f3  	jal	0x1354e <__sinit>
   1b622: 83 27 04 0b  	lw	a5, 0xb0(s0)
   1b626: 03 17 04 01  	lh	a4, 0x10(s0)
   1b62a: 85 8b        	andi	a5, a5, 0x1
   1b62c: e5 f3        	bnez	a5, 0x1b60c <_fclose_r+0x96>
   1b62e: ad b7        	j	0x1b598 <_fclose_r+0x22>
   1b630: 83 57 04 01  	lhu	a5, 0x10(s0)
   1b634: 7d 59        	li	s2, -0x1
   1b636: 93 f7 07 08  	andi	a5, a5, 0x80
   1b63a: d9 d3        	beqz	a5, 0x1b5c0 <_fclose_r+0x4a>
   1b63c: 0c 6c        	ld	a1, 0x18(s0)
   1b63e: 26 85        	mv	a0, s1
   1b640: ef 80 cf ab  	jal	0x138fc <_free_r>
   1b644: b5 bf        	j	0x1b5c0 <_fclose_r+0x4a>
   1b646: 48 70        	ld	a0, 0xa0(s0)
   1b648: ef a0 df c9  	jal	0x162e4 <__retarget_lock_acquire_recursive>
   1b64c: 83 17 04 01  	lh	a5, 0x10(s0)
   1b650: b9 f7        	bnez	a5, 0x1b59e <_fclose_r+0x28>
   1b652: 83 27 04 0b  	lw	a5, 0xb0(s0)
   1b656: 85 8b        	andi	a5, a5, 0x1
   1b658: dd fb        	bnez	a5, 0x1b60e <_fclose_r+0x98>
   1b65a: 48 70        	ld	a0, 0xa0(s0)
   1b65c: ef a0 5f c9  	jal	0x162f0 <__retarget_lock_release_recursive>
   1b660: 42 64        	ld	s0, 0x10(sp)
   1b662: a2 64        	ld	s1, 0x8(sp)
   1b664: 7d b7        	j	0x1b612 <_fclose_r+0x9c>
   1b666: 48 70        	ld	a0, 0xa0(s0)
   1b668: ef a0 9f c8  	jal	0x162f0 <__retarget_lock_release_recursive>
   1b66c: 61 b7        	j	0x1b5f4 <_fclose_r+0x7e>

000000000001b66e <fclose>:
   1b66e: aa 85        	mv	a1, a0
   1b670: 03 b5 81 70  	ld	a0, 0x708(gp)
   1b674: 6f f0 3f f0  	j	0x1b576 <_fclose_r>

000000000001b678 <_fiprintf_r>:
   1b678: 5d 71        	addi	sp, sp, -0x50
   1b67a: 13 03 81 02  	addi	t1, sp, 0x28
   1b67e: 36 f4        	sd	a3, 0x28(sp)
   1b680: 9a 86        	mv	a3, t1
   1b682: 06 ec        	sd	ra, 0x18(sp)
   1b684: 3a f8        	sd	a4, 0x30(sp)
   1b686: 3e fc        	sd	a5, 0x38(sp)
   1b688: c2 e0        	sd	a6, 0x40(sp)
   1b68a: c6 e4        	sd	a7, 0x48(sp)
   1b68c: 1a e4        	sd	t1, 0x8(sp)
   1b68e: ef e0 1f c7  	jal	0x1a2fe <_vfiprintf_r>
   1b692: e2 60        	ld	ra, 0x18(sp)
   1b694: 61 61        	addi	sp, sp, 0x50
   1b696: 82 80        	ret

000000000001b698 <fiprintf>:
   1b698: 5d 71        	addi	sp, sp, -0x50
   1b69a: aa 8e        	mv	t4, a0
   1b69c: 03 b5 81 70  	ld	a0, 0x708(gp)
   1b6a0: 13 03 01 02  	addi	t1, sp, 0x20
   1b6a4: 2e 8e        	mv	t3, a1
   1b6a6: 32 f0        	sd	a2, 0x20(sp)
   1b6a8: 36 f4        	sd	a3, 0x28(sp)
   1b6aa: f6 85        	mv	a1, t4
   1b6ac: 72 86        	mv	a2, t3
   1b6ae: 9a 86        	mv	a3, t1
   1b6b0: 06 ec        	sd	ra, 0x18(sp)
   1b6b2: 3a f8        	sd	a4, 0x30(sp)
   1b6b4: 3e fc        	sd	a5, 0x38(sp)
   1b6b6: c2 e0        	sd	a6, 0x40(sp)
   1b6b8: c6 e4        	sd	a7, 0x48(sp)
   1b6ba: 1a e4        	sd	t1, 0x8(sp)
   1b6bc: ef e0 3f c4  	jal	0x1a2fe <_vfiprintf_r>
   1b6c0: e2 60        	ld	ra, 0x18(sp)
   1b6c2: 61 61        	addi	sp, sp, 0x50
   1b6c4: 82 80        	ret

000000000001b6c6 <__fputwc>:
   1b6c6: 79 71        	addi	sp, sp, -0x30
   1b6c8: 22 f0        	sd	s0, 0x20(sp)
   1b6ca: 26 ec        	sd	s1, 0x18(sp)
   1b6cc: 4a e8        	sd	s2, 0x10(sp)
   1b6ce: 06 f4        	sd	ra, 0x28(sp)
   1b6d0: 2a 89        	mv	s2, a0
   1b6d2: ae 84        	mv	s1, a1
   1b6d4: 32 84        	mv	s0, a2
   1b6d6: ef 00 80 28  	jal	0x1b95e <__locale_mb_cur_max>
   1b6da: 85 47        	li	a5, 0x1
   1b6dc: 63 14 f5 04  	bne	a0, a5, 0x1b724 <__fputwc+0x5e>
   1b6e0: 9b 87 f4 ff  	addiw	a5, s1, -0x1
   1b6e4: 13 07 e0 0f  	li	a4, 0xfe
   1b6e8: 63 6e f7 02  	bltu	a4, a5, 0x1b724 <__fputwc+0x5e>
   1b6ec: 5c 44        	lw	a5, 0xc(s0)
   1b6ee: 23 04 91 00  	sb	s1, 0x8(sp)
   1b6f2: 83 45 81 00  	lbu	a1, 0x8(sp)
   1b6f6: fd 37        	addiw	a5, a5, -0x1
   1b6f8: 5c c4        	sw	a5, 0xc(s0)
   1b6fa: 63 d8 07 00  	bgez	a5, 0x1b70a <__fputwc+0x44>
   1b6fe: 18 54        	lw	a4, 0x28(s0)
   1b700: 63 cb e7 04  	blt	a5, a4, 0x1b756 <__fputwc+0x90>
   1b704: a9 47        	li	a5, 0xa
   1b706: 63 88 f5 04  	beq	a1, a5, 0x1b756 <__fputwc+0x90>
   1b70a: 1c 60        	ld	a5, 0x0(s0)
   1b70c: 13 87 17 00  	addi	a4, a5, 0x1
   1b710: 18 e0        	sd	a4, 0x0(s0)
   1b712: 23 80 b7 00  	sb	a1, 0x0(a5)
   1b716: a2 70        	ld	ra, 0x28(sp)
   1b718: 02 74        	ld	s0, 0x20(sp)
   1b71a: 42 69        	ld	s2, 0x10(sp)
   1b71c: 26 85        	mv	a0, s1
   1b71e: e2 64        	ld	s1, 0x18(sp)
   1b720: 45 61        	addi	sp, sp, 0x30
   1b722: 82 80        	ret
   1b724: 93 06 84 0a  	addi	a3, s0, 0xa8
   1b728: 26 86        	mv	a2, s1
   1b72a: 2c 00        	addi	a1, sp, 0x8
   1b72c: 4a 85        	mv	a0, s2
   1b72e: ef 10 c0 6c  	jal	0x1cdfa <_wcrtomb_r>
   1b732: fd 57        	li	a5, -0x1
   1b734: 63 0f f5 02  	beq	a0, a5, 0x1b772 <__fputwc+0xac>
   1b738: 79 dd        	beqz	a0, 0x1b716 <__fputwc+0x50>
   1b73a: 5c 44        	lw	a5, 0xc(s0)
   1b73c: 83 45 81 00  	lbu	a1, 0x8(sp)
   1b740: fd 37        	addiw	a5, a5, -0x1
   1b742: 5c c4        	sw	a5, 0xc(s0)
   1b744: e3 cd 07 fa  	bltz	a5, 0x1b6fe <__fputwc+0x38>
   1b748: 1c 60        	ld	a5, 0x0(s0)
   1b74a: 13 87 17 00  	addi	a4, a5, 0x1
   1b74e: 18 e0        	sd	a4, 0x0(s0)
   1b750: 23 80 b7 00  	sb	a1, 0x0(a5)
   1b754: c9 b7        	j	0x1b716 <__fputwc+0x50>
   1b756: 22 86        	mv	a2, s0
   1b758: 4a 85        	mv	a0, s2
   1b75a: ef 10 e0 58  	jal	0x1cce8 <__swbuf_r>
   1b75e: fd 57        	li	a5, -0x1
   1b760: e3 1b f5 fa  	bne	a0, a5, 0x1b716 <__fputwc+0x50>
   1b764: 7d 55        	li	a0, -0x1
   1b766: a2 70        	ld	ra, 0x28(sp)
   1b768: 02 74        	ld	s0, 0x20(sp)
   1b76a: e2 64        	ld	s1, 0x18(sp)
   1b76c: 42 69        	ld	s2, 0x10(sp)
   1b76e: 45 61        	addi	sp, sp, 0x30
   1b770: 82 80        	ret
   1b772: 83 57 04 01  	lhu	a5, 0x10(s0)
   1b776: 7d 55        	li	a0, -0x1
   1b778: 93 e7 07 04  	ori	a5, a5, 0x40
   1b77c: 23 18 f4 00  	sh	a5, 0x10(s0)
   1b780: dd b7        	j	0x1b766 <__fputwc+0xa0>

000000000001b782 <_fputwc_r>:
   1b782: 83 27 06 0b  	lw	a5, 0xb0(a2)
   1b786: 79 71        	addi	sp, sp, -0x30
   1b788: 22 f0        	sd	s0, 0x20(sp)
   1b78a: 26 ec        	sd	s1, 0x18(sp)
   1b78c: 13 f7 17 00  	andi	a4, a5, 0x1
   1b790: 06 f4        	sd	ra, 0x28(sp)
   1b792: 83 17 06 01  	lh	a5, 0x10(a2)
   1b796: 32 84        	mv	s0, a2
   1b798: aa 84        	mv	s1, a0
   1b79a: 01 e7        	bnez	a4, 0x1b7a2 <_fputwc_r+0x20>
   1b79c: 13 f7 07 20  	andi	a4, a5, 0x200
   1b7a0: 21 cf        	beqz	a4, 0x1b7f8 <_fputwc_r+0x76>
   1b7a2: 13 97 27 03  	slli	a4, a5, 0x32
   1b7a6: 89 66        	lui	a3, 0x2
   1b7a8: 63 4b 07 00  	bltz	a4, 0x1b7be <_fputwc_r+0x3c>
   1b7ac: 03 27 04 0b  	lw	a4, 0xb0(s0)
   1b7b0: d5 8f        	or	a5, a5, a3
   1b7b2: 23 18 f4 00  	sh	a5, 0x10(s0)
   1b7b6: b3 67 d7 00  	or	a5, a4, a3
   1b7ba: 23 28 f4 0a  	sw	a5, 0xb0(s0)
   1b7be: 26 85        	mv	a0, s1
   1b7c0: 22 86        	mv	a2, s0
   1b7c2: ef f0 5f f0  	jal	0x1b6c6 <__fputwc>
   1b7c6: 83 27 04 0b  	lw	a5, 0xb0(s0)
   1b7ca: aa 84        	mv	s1, a0
   1b7cc: 85 8b        	andi	a5, a5, 0x1
   1b7ce: 91 e7        	bnez	a5, 0x1b7da <_fputwc_r+0x58>
   1b7d0: 83 57 04 01  	lhu	a5, 0x10(s0)
   1b7d4: 93 f7 07 20  	andi	a5, a5, 0x200
   1b7d8: 99 c7        	beqz	a5, 0x1b7e6 <_fputwc_r+0x64>
   1b7da: a2 70        	ld	ra, 0x28(sp)
   1b7dc: 02 74        	ld	s0, 0x20(sp)
   1b7de: 26 85        	mv	a0, s1
   1b7e0: e2 64        	ld	s1, 0x18(sp)
   1b7e2: 45 61        	addi	sp, sp, 0x30
   1b7e4: 82 80        	ret
   1b7e6: 48 70        	ld	a0, 0xa0(s0)
   1b7e8: ef a0 9f b0  	jal	0x162f0 <__retarget_lock_release_recursive>
   1b7ec: a2 70        	ld	ra, 0x28(sp)
   1b7ee: 02 74        	ld	s0, 0x20(sp)
   1b7f0: 26 85        	mv	a0, s1
   1b7f2: e2 64        	ld	s1, 0x18(sp)
   1b7f4: 45 61        	addi	sp, sp, 0x30
   1b7f6: 82 80        	ret
   1b7f8: 48 72        	ld	a0, 0xa0(a2)
   1b7fa: 2e e4        	sd	a1, 0x8(sp)
   1b7fc: ef a0 9f ae  	jal	0x162e4 <__retarget_lock_acquire_recursive>
   1b800: 83 17 04 01  	lh	a5, 0x10(s0)
   1b804: a2 65        	ld	a1, 0x8(sp)
   1b806: 71 bf        	j	0x1b7a2 <_fputwc_r+0x20>

000000000001b808 <fputwc>:
   1b808: 79 71        	addi	sp, sp, -0x30
   1b80a: 26 ec        	sd	s1, 0x18(sp)
   1b80c: 83 b4 81 70  	ld	s1, 0x708(gp)
   1b810: 22 f0        	sd	s0, 0x20(sp)
   1b812: 06 f4        	sd	ra, 0x28(sp)
   1b814: 2e 84        	mv	s0, a1
   1b816: aa 85        	mv	a1, a0
   1b818: 99 c0        	beqz	s1, 0x1b81e <fputwc+0x16>
   1b81a: bc 48        	lw	a5, 0x50(s1)
   1b81c: a1 cf        	beqz	a5, 0x1b874 <fputwc+0x6c>
   1b81e: 03 27 04 0b  	lw	a4, 0xb0(s0)
   1b822: 83 17 04 01  	lh	a5, 0x10(s0)
   1b826: 05 8b        	andi	a4, a4, 0x1
   1b828: 01 e7        	bnez	a4, 0x1b830 <fputwc+0x28>
   1b82a: 13 f7 07 20  	andi	a4, a5, 0x200
   1b82e: 35 c3        	beqz	a4, 0x1b892 <fputwc+0x8a>
   1b830: 13 97 27 03  	slli	a4, a5, 0x32
   1b834: 89 66        	lui	a3, 0x2
   1b836: 63 4b 07 00  	bltz	a4, 0x1b84c <fputwc+0x44>
   1b83a: 03 27 04 0b  	lw	a4, 0xb0(s0)
   1b83e: d5 8f        	or	a5, a5, a3
   1b840: 23 18 f4 00  	sh	a5, 0x10(s0)
   1b844: b3 67 d7 00  	or	a5, a4, a3
   1b848: 23 28 f4 0a  	sw	a5, 0xb0(s0)
   1b84c: 26 85        	mv	a0, s1
   1b84e: 22 86        	mv	a2, s0
   1b850: ef f0 7f e7  	jal	0x1b6c6 <__fputwc>
   1b854: 83 27 04 0b  	lw	a5, 0xb0(s0)
   1b858: aa 84        	mv	s1, a0
   1b85a: 85 8b        	andi	a5, a5, 0x1
   1b85c: 91 e7        	bnez	a5, 0x1b868 <fputwc+0x60>
   1b85e: 83 57 04 01  	lhu	a5, 0x10(s0)
   1b862: 93 f7 07 20  	andi	a5, a5, 0x200
   1b866: 89 cf        	beqz	a5, 0x1b880 <fputwc+0x78>
   1b868: a2 70        	ld	ra, 0x28(sp)
   1b86a: 02 74        	ld	s0, 0x20(sp)
   1b86c: 26 85        	mv	a0, s1
   1b86e: e2 64        	ld	s1, 0x18(sp)
   1b870: 45 61        	addi	sp, sp, 0x30
   1b872: 82 80        	ret
   1b874: 2a e4        	sd	a0, 0x8(sp)
   1b876: 26 85        	mv	a0, s1
   1b878: ef 70 7f cd  	jal	0x1354e <__sinit>
   1b87c: a2 65        	ld	a1, 0x8(sp)
   1b87e: 45 b7        	j	0x1b81e <fputwc+0x16>
   1b880: 48 70        	ld	a0, 0xa0(s0)
   1b882: ef a0 ff a6  	jal	0x162f0 <__retarget_lock_release_recursive>
   1b886: a2 70        	ld	ra, 0x28(sp)
   1b888: 02 74        	ld	s0, 0x20(sp)
   1b88a: 26 85        	mv	a0, s1
   1b88c: e2 64        	ld	s1, 0x18(sp)
   1b88e: 45 61        	addi	sp, sp, 0x30
   1b890: 82 80        	ret
   1b892: 48 70        	ld	a0, 0xa0(s0)
   1b894: 2e e4        	sd	a1, 0x8(sp)
   1b896: ef a0 ff a4  	jal	0x162e4 <__retarget_lock_acquire_recursive>
   1b89a: 83 17 04 01  	lh	a5, 0x10(s0)
   1b89e: a2 65        	ld	a1, 0x8(sp)
   1b8a0: 41 bf        	j	0x1b830 <fputwc+0x28>

000000000001b8a2 <_fstat_r>:
   1b8a2: 41 11        	addi	sp, sp, -0x10
   1b8a4: 2e 87        	mv	a4, a1
   1b8a6: 22 e0        	sd	s0, 0x0(sp)
   1b8a8: b2 85        	mv	a1, a2
   1b8aa: 2a 84        	mv	s0, a0
   1b8ac: 3a 85        	mv	a0, a4
   1b8ae: 23 a8 01 78  	sw	zero, 0x790(gp)
   1b8b2: 06 e4        	sd	ra, 0x8(sp)
   1b8b4: ef 10 90 1e  	jal	0x1d29c <_fstat>
   1b8b8: fd 57        	li	a5, -0x1
   1b8ba: 63 06 f5 00  	beq	a0, a5, 0x1b8c6 <_fstat_r+0x24>
   1b8be: a2 60        	ld	ra, 0x8(sp)
   1b8c0: 02 64        	ld	s0, 0x0(sp)
   1b8c2: 41 01        	addi	sp, sp, 0x10
   1b8c4: 82 80        	ret
   1b8c6: 83 a7 01 79  	lw	a5, 0x790(gp)
   1b8ca: f5 db        	beqz	a5, 0x1b8be <_fstat_r+0x1c>
   1b8cc: a2 60        	ld	ra, 0x8(sp)
   1b8ce: 1c c0        	sw	a5, 0x0(s0)
   1b8d0: 02 64        	ld	s0, 0x0(sp)
   1b8d2: 41 01        	addi	sp, sp, 0x10
   1b8d4: 82 80        	ret

000000000001b8d6 <_isatty_r>:
   1b8d6: 41 11        	addi	sp, sp, -0x10
   1b8d8: 22 e0        	sd	s0, 0x0(sp)
   1b8da: 2a 84        	mv	s0, a0
   1b8dc: 2e 85        	mv	a0, a1
   1b8de: 23 a8 01 78  	sw	zero, 0x790(gp)
   1b8e2: 06 e4        	sd	ra, 0x8(sp)
   1b8e4: ef 10 50 20  	jal	0x1d2e8 <_isatty>
   1b8e8: fd 57        	li	a5, -0x1
   1b8ea: 63 06 f5 00  	beq	a0, a5, 0x1b8f6 <_isatty_r+0x20>
   1b8ee: a2 60        	ld	ra, 0x8(sp)
   1b8f0: 02 64        	ld	s0, 0x0(sp)
   1b8f2: 41 01        	addi	sp, sp, 0x10
   1b8f4: 82 80        	ret
   1b8f6: 83 a7 01 79  	lw	a5, 0x790(gp)
   1b8fa: f5 db        	beqz	a5, 0x1b8ee <_isatty_r+0x18>
   1b8fc: a2 60        	ld	ra, 0x8(sp)
   1b8fe: 1c c0        	sw	a5, 0x0(s0)
   1b900: 02 64        	ld	s0, 0x0(sp)
   1b902: 41 01        	addi	sp, sp, 0x10
   1b904: 82 80        	ret

000000000001b906 <_setlocale_r>:
   1b906: 0d c6        	beqz	a2, 0x1b930 <_setlocale_r+0x2a>
   1b908: 41 11        	addi	sp, sp, -0x10
   1b90a: 97 35 00 00  	auipc	a1, 0x3
   1b90e: 93 85 65 50  	addi	a1, a1, 0x506
   1b912: 32 85        	mv	a0, a2
   1b914: 22 e0        	sd	s0, 0x0(sp)
   1b916: 06 e4        	sd	ra, 0x8(sp)
   1b918: 32 84        	mv	s0, a2
   1b91a: ef 00 60 26  	jal	0x1bb80 <strcmp>
   1b91e: 11 ed        	bnez	a0, 0x1b93a <_setlocale_r+0x34>
   1b920: 17 35 00 00  	auipc	a0, 0x3
   1b924: 13 05 85 4e  	addi	a0, a0, 0x4e8
   1b928: a2 60        	ld	ra, 0x8(sp)
   1b92a: 02 64        	ld	s0, 0x0(sp)
   1b92c: 41 01        	addi	sp, sp, 0x10
   1b92e: 82 80        	ret
   1b930: 17 35 00 00  	auipc	a0, 0x3
   1b934: 13 05 85 4d  	addi	a0, a0, 0x4d8
   1b938: 82 80        	ret
   1b93a: 97 35 00 00  	auipc	a1, 0x3
   1b93e: 93 85 e5 4c  	addi	a1, a1, 0x4ce
   1b942: 22 85        	mv	a0, s0
   1b944: ef 00 c0 23  	jal	0x1bb80 <strcmp>
   1b948: 61 dd        	beqz	a0, 0x1b920 <_setlocale_r+0x1a>
   1b94a: 22 85        	mv	a0, s0
   1b94c: 97 35 00 00  	auipc	a1, 0x3
   1b950: 93 85 c5 3d  	addi	a1, a1, 0x3dc
   1b954: ef 00 c0 22  	jal	0x1bb80 <strcmp>
   1b958: 61 d5        	beqz	a0, 0x1b920 <_setlocale_r+0x1a>
   1b95a: 01 45        	li	a0, 0x0
   1b95c: f1 b7        	j	0x1b928 <_setlocale_r+0x22>

000000000001b95e <__locale_mb_cur_max>:
   1b95e: 03 c5 01 60  	lbu	a0, 0x600(gp)
   1b962: 82 80        	ret

000000000001b964 <setlocale>:
   1b964: 8d c5        	beqz	a1, 0x1b98e <setlocale+0x2a>
   1b966: 41 11        	addi	sp, sp, -0x10
   1b968: 22 e0        	sd	s0, 0x0(sp)
   1b96a: 2e 84        	mv	s0, a1
   1b96c: 22 85        	mv	a0, s0
   1b96e: 97 35 00 00  	auipc	a1, 0x3
   1b972: 93 85 25 4a  	addi	a1, a1, 0x4a2
   1b976: 06 e4        	sd	ra, 0x8(sp)
   1b978: ef 00 80 20  	jal	0x1bb80 <strcmp>
   1b97c: 11 ed        	bnez	a0, 0x1b998 <setlocale+0x34>
   1b97e: 17 35 00 00  	auipc	a0, 0x3
   1b982: 13 05 a5 48  	addi	a0, a0, 0x48a
   1b986: a2 60        	ld	ra, 0x8(sp)
   1b988: 02 64        	ld	s0, 0x0(sp)
   1b98a: 41 01        	addi	sp, sp, 0x10
   1b98c: 82 80        	ret
   1b98e: 17 35 00 00  	auipc	a0, 0x3
   1b992: 13 05 a5 47  	addi	a0, a0, 0x47a
   1b996: 82 80        	ret
   1b998: 97 35 00 00  	auipc	a1, 0x3
   1b99c: 93 85 05 47  	addi	a1, a1, 0x470
   1b9a0: 22 85        	mv	a0, s0
   1b9a2: ef 00 e0 1d  	jal	0x1bb80 <strcmp>
   1b9a6: 61 dd        	beqz	a0, 0x1b97e <setlocale+0x1a>
   1b9a8: 22 85        	mv	a0, s0
   1b9aa: 97 35 00 00  	auipc	a1, 0x3
   1b9ae: 93 85 e5 37  	addi	a1, a1, 0x37e
   1b9b2: ef 00 e0 1c  	jal	0x1bb80 <strcmp>
   1b9b6: 61 d5        	beqz	a0, 0x1b97e <setlocale+0x1a>
   1b9b8: 01 45        	li	a0, 0x0
   1b9ba: f1 b7        	j	0x1b986 <setlocale+0x22>

000000000001b9bc <_lseek_r>:
   1b9bc: 41 11        	addi	sp, sp, -0x10
   1b9be: 2e 87        	mv	a4, a1
   1b9c0: 22 e0        	sd	s0, 0x0(sp)
   1b9c2: b2 85        	mv	a1, a2
   1b9c4: 2a 84        	mv	s0, a0
   1b9c6: 36 86        	mv	a2, a3
   1b9c8: 3a 85        	mv	a0, a4
   1b9ca: 23 a8 01 78  	sw	zero, 0x790(gp)
   1b9ce: 06 e4        	sd	ra, 0x8(sp)
   1b9d0: ef 10 30 15  	jal	0x1d322 <_lseek>
   1b9d4: fd 57        	li	a5, -0x1
   1b9d6: 63 06 f5 00  	beq	a0, a5, 0x1b9e2 <_lseek_r+0x26>
   1b9da: a2 60        	ld	ra, 0x8(sp)
   1b9dc: 02 64        	ld	s0, 0x0(sp)
   1b9de: 41 01        	addi	sp, sp, 0x10
   1b9e0: 82 80        	ret
   1b9e2: 83 a7 01 79  	lw	a5, 0x790(gp)
   1b9e6: f5 db        	beqz	a5, 0x1b9da <_lseek_r+0x1e>
   1b9e8: a2 60        	ld	ra, 0x8(sp)
   1b9ea: 1c c0        	sw	a5, 0x0(s0)
   1b9ec: 02 64        	ld	s0, 0x0(sp)
   1b9ee: 41 01        	addi	sp, sp, 0x10
   1b9f0: 82 80        	ret

000000000001b9f2 <_mbtowc_r>:
   1b9f2: 83 b7 81 58  	ld	a5, 0x588(gp)
   1b9f6: 82 87        	jr	a5

000000000001b9f8 <__ascii_mbtowc>:
   1b9f8: 99 c9        	beqz	a1, 0x1ba0e <__ascii_mbtowc+0x16>
   1b9fa: 1d c6        	beqz	a2, 0x1ba28 <__ascii_mbtowc+0x30>
   1b9fc: 95 ca        	beqz	a3, 0x1ba30 <__ascii_mbtowc+0x38>
   1b9fe: 83 47 06 00  	lbu	a5, 0x0(a2)
   1ba02: 9c c1        	sw	a5, 0x0(a1)
   1ba04: 03 45 06 00  	lbu	a0, 0x0(a2)
   1ba08: 33 35 a0 00  	snez	a0, a0
   1ba0c: 82 80        	ret
   1ba0e: 41 11        	addi	sp, sp, -0x10
   1ba10: 6c 00        	addi	a1, sp, 0xc
   1ba12: 09 ce        	beqz	a2, 0x1ba2c <__ascii_mbtowc+0x34>
   1ba14: 85 c2        	beqz	a3, 0x1ba34 <__ascii_mbtowc+0x3c>
   1ba16: 83 47 06 00  	lbu	a5, 0x0(a2)
   1ba1a: 9c c1        	sw	a5, 0x0(a1)
   1ba1c: 03 45 06 00  	lbu	a0, 0x0(a2)
   1ba20: 33 35 a0 00  	snez	a0, a0
   1ba24: 41 01        	addi	sp, sp, 0x10
   1ba26: 82 80        	ret
   1ba28: 01 45        	li	a0, 0x0
   1ba2a: 82 80        	ret
   1ba2c: 01 45        	li	a0, 0x0
   1ba2e: dd bf        	j	0x1ba24 <__ascii_mbtowc+0x2c>
   1ba30: 79 55        	li	a0, -0x2
   1ba32: 82 80        	ret
   1ba34: 79 55        	li	a0, -0x2
   1ba36: fd b7        	j	0x1ba24 <__ascii_mbtowc+0x2c>

000000000001ba38 <_read_r>:
   1ba38: 41 11        	addi	sp, sp, -0x10
   1ba3a: 2e 87        	mv	a4, a1
   1ba3c: 22 e0        	sd	s0, 0x0(sp)
   1ba3e: b2 85        	mv	a1, a2
   1ba40: 2a 84        	mv	s0, a0
   1ba42: 36 86        	mv	a2, a3
   1ba44: 3a 85        	mv	a0, a4
   1ba46: 23 a8 01 78  	sw	zero, 0x790(gp)
   1ba4a: 06 e4        	sd	ra, 0x8(sp)
   1ba4c: ef 10 90 10  	jal	0x1d354 <_read>
   1ba50: fd 57        	li	a5, -0x1
   1ba52: 63 06 f5 00  	beq	a0, a5, 0x1ba5e <_read_r+0x26>
   1ba56: a2 60        	ld	ra, 0x8(sp)
   1ba58: 02 64        	ld	s0, 0x0(sp)
   1ba5a: 41 01        	addi	sp, sp, 0x10
   1ba5c: 82 80        	ret
   1ba5e: 83 a7 01 79  	lw	a5, 0x790(gp)
   1ba62: f5 db        	beqz	a5, 0x1ba56 <_read_r+0x1e>
   1ba64: a2 60        	ld	ra, 0x8(sp)
   1ba66: 1c c0        	sw	a5, 0x0(s0)
   1ba68: 02 64        	ld	s0, 0x0(sp)
   1ba6a: 41 01        	addi	sp, sp, 0x10
   1ba6c: 82 80        	ret

000000000001ba6e <cleanup_glue>:
   1ba6e: 79 71        	addi	sp, sp, -0x30
   1ba70: 4a e8        	sd	s2, 0x10(sp)
   1ba72: 03 b9 05 00  	ld	s2, 0x0(a1)
   1ba76: 22 f0        	sd	s0, 0x20(sp)
   1ba78: 26 ec        	sd	s1, 0x18(sp)
   1ba7a: 06 f4        	sd	ra, 0x28(sp)
   1ba7c: 2e 84        	mv	s0, a1
   1ba7e: aa 84        	mv	s1, a0
   1ba80: 63 0f 09 02  	beqz	s2, 0x1babe <cleanup_glue+0x50>
   1ba84: 4e e4        	sd	s3, 0x8(sp)
   1ba86: 83 39 09 00  	ld	s3, 0x0(s2)
   1ba8a: 63 85 09 02  	beqz	s3, 0x1bab4 <cleanup_glue+0x46>
   1ba8e: 52 e0        	sd	s4, 0x0(sp)
   1ba90: 03 ba 09 00  	ld	s4, 0x0(s3)
   1ba94: 63 0b 0a 00  	beqz	s4, 0x1baaa <cleanup_glue+0x3c>
   1ba98: 83 35 0a 00  	ld	a1, 0x0(s4)
   1ba9c: 99 c1        	beqz	a1, 0x1baa2 <cleanup_glue+0x34>
   1ba9e: ef f0 1f fd  	jal	0x1ba6e <cleanup_glue>
   1baa2: d2 85        	mv	a1, s4
   1baa4: 26 85        	mv	a0, s1
   1baa6: ef 70 7f e5  	jal	0x138fc <_free_r>
   1baaa: ce 85        	mv	a1, s3
   1baac: 26 85        	mv	a0, s1
   1baae: ef 70 ff e4  	jal	0x138fc <_free_r>
   1bab2: 02 6a        	ld	s4, 0x0(sp)
   1bab4: ca 85        	mv	a1, s2
   1bab6: 26 85        	mv	a0, s1
   1bab8: ef 70 5f e4  	jal	0x138fc <_free_r>
   1babc: a2 69        	ld	s3, 0x8(sp)
   1babe: a2 85        	mv	a1, s0
   1bac0: 02 74        	ld	s0, 0x20(sp)
   1bac2: a2 70        	ld	ra, 0x28(sp)
   1bac4: 42 69        	ld	s2, 0x10(sp)
   1bac6: 26 85        	mv	a0, s1
   1bac8: e2 64        	ld	s1, 0x18(sp)
   1baca: 45 61        	addi	sp, sp, 0x30
   1bacc: 6f 70 1f e3  	j	0x138fc <_free_r>

000000000001bad0 <_reclaim_reent>:
   1bad0: 83 b7 81 70  	ld	a5, 0x708(gp)
   1bad4: 63 84 a7 0a  	beq	a5, a0, 0x1bb7c <_reclaim_reent+0xac>
   1bad8: 2c 7d        	ld	a1, 0x78(a0)
   1bada: 79 71        	addi	sp, sp, -0x30
   1badc: 26 ec        	sd	s1, 0x18(sp)
   1bade: 06 f4        	sd	ra, 0x28(sp)
   1bae0: 22 f0        	sd	s0, 0x20(sp)
   1bae2: 4a e8        	sd	s2, 0x10(sp)
   1bae4: aa 84        	mv	s1, a0
   1bae6: 9d c5        	beqz	a1, 0x1bb14 <_reclaim_reent+0x44>
   1bae8: 4e e4        	sd	s3, 0x8(sp)
   1baea: 01 49        	li	s2, 0x0
   1baec: 93 09 00 20  	li	s3, 0x200
   1baf0: b3 87 25 01  	add	a5, a1, s2
   1baf4: 80 63        	ld	s0, 0x0(a5)
   1baf6: 01 c8        	beqz	s0, 0x1bb06 <_reclaim_reent+0x36>
   1baf8: a2 85        	mv	a1, s0
   1bafa: 00 60        	ld	s0, 0x0(s0)
   1bafc: 26 85        	mv	a0, s1
   1bafe: ef 70 ff df  	jal	0x138fc <_free_r>
   1bb02: 7d f8        	bnez	s0, 0x1baf8 <_reclaim_reent+0x28>
   1bb04: ac 7c        	ld	a1, 0x78(s1)
   1bb06: 21 09        	addi	s2, s2, 0x8
   1bb08: e3 14 39 ff  	bne	s2, s3, 0x1baf0 <_reclaim_reent+0x20>
   1bb0c: 26 85        	mv	a0, s1
   1bb0e: ef 70 ff de  	jal	0x138fc <_free_r>
   1bb12: a2 69        	ld	s3, 0x8(sp)
   1bb14: ac 70        	ld	a1, 0x60(s1)
   1bb16: 81 c5        	beqz	a1, 0x1bb1e <_reclaim_reent+0x4e>
   1bb18: 26 85        	mv	a0, s1
   1bb1a: ef 70 3f de  	jal	0x138fc <_free_r>
   1bb1e: 03 b4 84 1f  	ld	s0, 0x1f8(s1)
   1bb22: 01 cc        	beqz	s0, 0x1bb3a <_reclaim_reent+0x6a>
   1bb24: 13 89 04 20  	addi	s2, s1, 0x200
   1bb28: 63 09 24 01  	beq	s0, s2, 0x1bb3a <_reclaim_reent+0x6a>
   1bb2c: a2 85        	mv	a1, s0
   1bb2e: 00 60        	ld	s0, 0x0(s0)
   1bb30: 26 85        	mv	a0, s1
   1bb32: ef 70 bf dc  	jal	0x138fc <_free_r>
   1bb36: e3 1b 89 fe  	bne	s2, s0, 0x1bb2c <_reclaim_reent+0x5c>
   1bb3a: cc 64        	ld	a1, 0x88(s1)
   1bb3c: 81 c5        	beqz	a1, 0x1bb44 <_reclaim_reent+0x74>
   1bb3e: 26 85        	mv	a0, s1
   1bb40: ef 70 df db  	jal	0x138fc <_free_r>
   1bb44: bc 48        	lw	a5, 0x50(s1)
   1bb46: 8d c7        	beqz	a5, 0x1bb70 <_reclaim_reent+0xa0>
   1bb48: bc 6c        	ld	a5, 0x58(s1)
   1bb4a: 26 85        	mv	a0, s1
   1bb4c: 82 97        	jalr	a5
   1bb4e: 03 b4 04 52  	ld	s0, 0x520(s1)
   1bb52: 19 cc        	beqz	s0, 0x1bb70 <_reclaim_reent+0xa0>
   1bb54: 0c 60        	ld	a1, 0x0(s0)
   1bb56: 81 c5        	beqz	a1, 0x1bb5e <_reclaim_reent+0x8e>
   1bb58: 26 85        	mv	a0, s1
   1bb5a: ef f0 5f f1  	jal	0x1ba6e <cleanup_glue>
   1bb5e: a2 85        	mv	a1, s0
   1bb60: 02 74        	ld	s0, 0x20(sp)
   1bb62: a2 70        	ld	ra, 0x28(sp)
   1bb64: 42 69        	ld	s2, 0x10(sp)
   1bb66: 26 85        	mv	a0, s1
   1bb68: e2 64        	ld	s1, 0x18(sp)
   1bb6a: 45 61        	addi	sp, sp, 0x30
   1bb6c: 6f 70 1f d9  	j	0x138fc <_free_r>
   1bb70: a2 70        	ld	ra, 0x28(sp)
   1bb72: 02 74        	ld	s0, 0x20(sp)
   1bb74: e2 64        	ld	s1, 0x18(sp)
   1bb76: 42 69        	ld	s2, 0x10(sp)
   1bb78: 45 61        	addi	sp, sp, 0x30
   1bb7a: 82 80        	ret
   1bb7c: 82 80        	ret
   1bb7e: 00 00        	unimp

000000000001bb80 <strcmp>:
   1bb80: 33 67 b5 00  	or	a4, a0, a1
   1bb84: fd 53        	li	t2, -0x1
   1bb86: 1d 8b        	andi	a4, a4, 0x7
   1bb88: 4d eb        	bnez	a4, 0x1bc3a <strcmp+0xba>
   1bb8a: 97 67 00 00  	auipc	a5, 0x6
   1bb8e: 83 b7 e7 12  	ld	a5, 0x12e(a5)
   1bb92: 10 61        	ld	a2, 0x0(a0)
   1bb94: 94 61        	ld	a3, 0x0(a1)
   1bb96: b3 72 f6 00  	and	t0, a2, a5
   1bb9a: 33 63 f6 00  	or	t1, a2, a5
   1bb9e: be 92        	add	t0, t0, a5
   1bba0: b3 e2 62 00  	or	t0, t0, t1
   1bba4: 63 99 72 0a  	bne	t0, t2, 0x1bc56 <strcmp+0xd6>
   1bba8: 63 1e d6 02  	bne	a2, a3, 0x1bbe4 <strcmp+0x64>
   1bbac: 10 65        	ld	a2, 0x8(a0)
   1bbae: 94 65        	ld	a3, 0x8(a1)
   1bbb0: b3 72 f6 00  	and	t0, a2, a5
   1bbb4: 33 63 f6 00  	or	t1, a2, a5
   1bbb8: be 92        	add	t0, t0, a5
   1bbba: b3 e2 62 00  	or	t0, t0, t1
   1bbbe: 63 9a 72 08  	bne	t0, t2, 0x1bc52 <strcmp+0xd2>
   1bbc2: 63 11 d6 02  	bne	a2, a3, 0x1bbe4 <strcmp+0x64>
   1bbc6: 10 69        	ld	a2, 0x10(a0)
   1bbc8: 94 69        	ld	a3, 0x10(a1)
   1bbca: b3 72 f6 00  	and	t0, a2, a5
   1bbce: 33 63 f6 00  	or	t1, a2, a5
   1bbd2: be 92        	add	t0, t0, a5
   1bbd4: b3 e2 62 00  	or	t0, t0, t1
   1bbd8: 63 93 72 08  	bne	t0, t2, 0x1bc5e <strcmp+0xde>
   1bbdc: 61 05        	addi	a0, a0, 0x18
   1bbde: e1 05        	addi	a1, a1, 0x18
   1bbe0: e3 09 d6 fa  	beq	a2, a3, 0x1bb92 <strcmp+0x12>
   1bbe4: 13 17 06 03  	slli	a4, a2, 0x30
   1bbe8: 93 97 06 03  	slli	a5, a3, 0x30
   1bbec: 63 18 f7 02  	bne	a4, a5, 0x1bc1c <strcmp+0x9c>
   1bbf0: 13 17 06 02  	slli	a4, a2, 0x20
   1bbf4: 93 97 06 02  	slli	a5, a3, 0x20
   1bbf8: 63 12 f7 02  	bne	a4, a5, 0x1bc1c <strcmp+0x9c>
   1bbfc: 13 17 06 01  	slli	a4, a2, 0x10
   1bc00: 93 97 06 01  	slli	a5, a3, 0x10
   1bc04: 63 1c f7 00  	bne	a4, a5, 0x1bc1c <strcmp+0x9c>
   1bc08: 13 57 06 03  	srli	a4, a2, 0x30
   1bc0c: 93 d7 06 03  	srli	a5, a3, 0x30
   1bc10: 33 05 f7 40  	sub	a0, a4, a5
   1bc14: 93 75 f5 0f  	andi	a1, a0, 0xff
   1bc18: 91 e9        	bnez	a1, 0x1bc2c <strcmp+0xac>
   1bc1a: 82 80        	ret
   1bc1c: 41 93        	srli	a4, a4, 0x30
   1bc1e: c1 93        	srli	a5, a5, 0x30
   1bc20: 33 05 f7 40  	sub	a0, a4, a5
   1bc24: 93 75 f5 0f  	andi	a1, a0, 0xff
   1bc28: 91 e1        	bnez	a1, 0x1bc2c <strcmp+0xac>
   1bc2a: 82 80        	ret
   1bc2c: 13 77 f7 0f  	andi	a4, a4, 0xff
   1bc30: 93 f7 f7 0f  	andi	a5, a5, 0xff
   1bc34: 33 05 f7 40  	sub	a0, a4, a5
   1bc38: 82 80        	ret
   1bc3a: 03 46 05 00  	lbu	a2, 0x0(a0)
   1bc3e: 83 c6 05 00  	lbu	a3, 0x0(a1)
   1bc42: 05 05        	addi	a0, a0, 0x1
   1bc44: 85 05        	addi	a1, a1, 0x1
   1bc46: 63 13 d6 00  	bne	a2, a3, 0x1bc4c <strcmp+0xcc>
   1bc4a: 65 fa        	bnez	a2, 0x1bc3a <strcmp+0xba>
   1bc4c: 33 05 d6 40  	sub	a0, a2, a3
   1bc50: 82 80        	ret
   1bc52: 21 05        	addi	a0, a0, 0x8
   1bc54: a1 05        	addi	a1, a1, 0x8
   1bc56: e3 12 d6 fe  	bne	a2, a3, 0x1bc3a <strcmp+0xba>
   1bc5a: 01 45        	li	a0, 0x0
   1bc5c: 82 80        	ret
   1bc5e: 41 05        	addi	a0, a0, 0x10
   1bc60: c1 05        	addi	a1, a1, 0x10
   1bc62: e3 1c d6 fc  	bne	a2, a3, 0x1bc3a <strcmp+0xba>
   1bc66: 01 45        	li	a0, 0x0
   1bc68: 82 80        	ret

000000000001bc6a <__ssprint_r>:
   1bc6a: 1c 6a        	ld	a5, 0x10(a2)
   1bc6c: 5d 71        	addi	sp, sp, -0x50
   1bc6e: 56 ec        	sd	s5, 0x18(sp)
   1bc70: 86 e4        	sd	ra, 0x48(sp)
   1bc72: b2 8a        	mv	s5, a2
   1bc74: bd c7        	beqz	a5, 0x1bce2 <__ssprint_r+0x78>
   1bc76: 4e f4        	sd	s3, 0x28(sp)
   1bc78: 9c 61        	ld	a5, 0x0(a1)
   1bc7a: 83 39 06 00  	ld	s3, 0x0(a2)
   1bc7e: a2 e0        	sd	s0, 0x40(sp)
   1bc80: 26 fc        	sd	s1, 0x38(sp)
   1bc82: 52 f0        	sd	s4, 0x20(sp)
   1bc84: 5a e8        	sd	s6, 0x10(sp)
   1bc86: 4a f8        	sd	s2, 0x30(sp)
   1bc88: 5e e4        	sd	s7, 0x8(sp)
   1bc8a: 62 e0        	sd	s8, 0x0(sp)
   1bc8c: 2a 8b        	mv	s6, a0
   1bc8e: ae 84        	mv	s1, a1
   1bc90: 01 4a        	li	s4, 0x0
   1bc92: 01 44        	li	s0, 0x0
   1bc94: 31 cc        	beqz	s0, 0x1bcf0 <__ssprint_r+0x86>
   1bc96: 03 a9 c4 00  	lw	s2, 0xc(s1)
   1bc9a: 63 71 24 07  	bgeu	s0, s2, 0x1bcfc <__ssprint_r+0x92>
   1bc9e: 1b 07 04 00  	sext.w	a4, s0
   1bca2: 3a 89        	mv	s2, a4
   1bca4: 3e 85        	mv	a0, a5
   1bca6: ba 8b        	mv	s7, a4
   1bca8: d2 85        	mv	a1, s4
   1bcaa: 4a 86        	mv	a2, s2
   1bcac: ef a0 ff f8  	jal	0x16c3a <memmove>
   1bcb0: d4 44        	lw	a3, 0xc(s1)
   1bcb2: 9c 60        	ld	a5, 0x0(s1)
   1bcb4: 03 b7 0a 01  	ld	a4, 0x10(s5)
   1bcb8: bb 86 26 41  	subw	a3, a3, s2
   1bcbc: ca 97        	add	a5, a5, s2
   1bcbe: d4 c4        	sw	a3, 0xc(s1)
   1bcc0: 9c e0        	sd	a5, 0x0(s1)
   1bcc2: 33 07 77 41  	sub	a4, a4, s7
   1bcc6: 23 b8 ea 00  	sd	a4, 0x10(s5)
   1bcca: 5e 9a        	add	s4, s4, s7
   1bccc: 33 04 74 41  	sub	s0, s0, s7
   1bcd0: 71 f3        	bnez	a4, 0x1bc94 <__ssprint_r+0x2a>
   1bcd2: 06 64        	ld	s0, 0x40(sp)
   1bcd4: e2 74        	ld	s1, 0x38(sp)
   1bcd6: 42 79        	ld	s2, 0x30(sp)
   1bcd8: a2 79        	ld	s3, 0x28(sp)
   1bcda: 02 7a        	ld	s4, 0x20(sp)
   1bcdc: 42 6b        	ld	s6, 0x10(sp)
   1bcde: a2 6b        	ld	s7, 0x8(sp)
   1bce0: 02 6c        	ld	s8, 0x0(sp)
   1bce2: a6 60        	ld	ra, 0x48(sp)
   1bce4: 23 a4 0a 00  	sw	zero, 0x8(s5)
   1bce8: 01 45        	li	a0, 0x0
   1bcea: e2 6a        	ld	s5, 0x18(sp)
   1bcec: 61 61        	addi	sp, sp, 0x50
   1bcee: 82 80        	ret
   1bcf0: 03 ba 09 00  	ld	s4, 0x0(s3)
   1bcf4: 03 b4 89 00  	ld	s0, 0x8(s3)
   1bcf8: c1 09        	addi	s3, s3, 0x10
   1bcfa: 69 bf        	j	0x1bc94 <__ssprint_r+0x2a>
   1bcfc: 03 97 04 01  	lh	a4, 0x10(s1)
   1bd00: 3e 85        	mv	a0, a5
   1bd02: 9b 0b 04 00  	sext.w	s7, s0
   1bd06: 93 76 07 48  	andi	a3, a4, 0x480
   1bd0a: d9 de        	beqz	a3, 0x1bca8 <__ssprint_r+0x3e>
   1bd0c: 90 50        	lw	a2, 0x20(s1)
   1bd0e: 8c 6c        	ld	a1, 0x18(s1)
   1bd10: 9b 16 16 00  	slliw	a3, a2, 0x1
   1bd14: b1 9e        	addw	a3, a3, a2
   1bd16: 8d 8f        	sub	a5, a5, a1
   1bd18: 1b d9 f6 01  	srliw	s2, a3, 0x1f
   1bd1c: 9b 8b 07 00  	sext.w	s7, a5
   1bd20: 3b 09 d9 00  	addw	s2, s2, a3
   1bd24: 93 86 1b 00  	addi	a3, s7, 0x1
   1bd28: 1b 59 19 40  	sraiw	s2, s2, 0x1
   1bd2c: a2 96        	add	a3, a3, s0
   1bd2e: 63 75 d9 00  	bgeu	s2, a3, 0x1bd38 <__ssprint_r+0xce>
   1bd32: 85 27        	addiw	a5, a5, 0x1
   1bd34: 3b 89 87 00  	addw	s2, a5, s0
   1bd38: 13 77 07 40  	andi	a4, a4, 0x400
   1bd3c: 31 c7        	beqz	a4, 0x1bd88 <__ssprint_r+0x11e>
   1bd3e: ca 85        	mv	a1, s2
   1bd40: 5a 85        	mv	a0, s6
   1bd42: ef a0 af f4  	jal	0x1648c <_malloc_r>
   1bd46: 2a 8c        	mv	s8, a0
   1bd48: 31 c9        	beqz	a0, 0x1bd9c <__ssprint_r+0x132>
   1bd4a: 8c 6c        	ld	a1, 0x18(s1)
   1bd4c: 5e 86        	mv	a2, s7
   1bd4e: ef a0 ff e2  	jal	0x16b7c <memcpy>
   1bd52: 83 d7 04 01  	lhu	a5, 0x10(s1)
   1bd56: 93 f7 f7 b7  	andi	a5, a5, -0x481
   1bd5a: 93 e7 07 08  	ori	a5, a5, 0x80
   1bd5e: 23 98 f4 00  	sh	a5, 0x10(s1)
   1bd62: 33 05 7c 01  	add	a0, s8, s7
   1bd66: bb 0b 79 41  	subw	s7, s2, s7
   1bd6a: 1b 07 04 00  	sext.w	a4, s0
   1bd6e: 23 a6 74 01  	sw	s7, 0xc(s1)
   1bd72: 23 a0 24 03  	sw	s2, 0x20(s1)
   1bd76: 23 bc 84 01  	sd	s8, 0x18(s1)
   1bd7a: 88 e0        	sd	a0, 0x0(s1)
   1bd7c: 3a 89        	mv	s2, a4
   1bd7e: ba 8b        	mv	s7, a4
   1bd80: aa 87        	mv	a5, a0
   1bd82: e3 73 e4 f2  	bgeu	s0, a4, 0x1bca8 <__ssprint_r+0x3e>
   1bd86: 31 bf        	j	0x1bca2 <__ssprint_r+0x38>
   1bd88: 4a 86        	mv	a2, s2
   1bd8a: 5a 85        	mv	a0, s6
   1bd8c: ef b0 5f cc  	jal	0x17a50 <_realloc_r>
   1bd90: 2a 8c        	mv	s8, a0
   1bd92: 61 f9        	bnez	a0, 0x1bd62 <__ssprint_r+0xf8>
   1bd94: 8c 6c        	ld	a1, 0x18(s1)
   1bd96: 5a 85        	mv	a0, s6
   1bd98: ef 70 5f b6  	jal	0x138fc <_free_r>
   1bd9c: 83 d7 04 01  	lhu	a5, 0x10(s1)
   1bda0: 31 47        	li	a4, 0xc
   1bda2: 23 20 eb 00  	sw	a4, 0x0(s6)
   1bda6: 06 64        	ld	s0, 0x40(sp)
   1bda8: a6 60        	ld	ra, 0x48(sp)
   1bdaa: 93 e7 07 04  	ori	a5, a5, 0x40
   1bdae: 23 98 f4 00  	sh	a5, 0x10(s1)
   1bdb2: 42 79        	ld	s2, 0x30(sp)
   1bdb4: e2 74        	ld	s1, 0x38(sp)
   1bdb6: a2 79        	ld	s3, 0x28(sp)
   1bdb8: 02 7a        	ld	s4, 0x20(sp)
   1bdba: 42 6b        	ld	s6, 0x10(sp)
   1bdbc: a2 6b        	ld	s7, 0x8(sp)
   1bdbe: 02 6c        	ld	s8, 0x0(sp)
   1bdc0: 23 b8 0a 00  	sd	zero, 0x10(s5)
   1bdc4: 23 a4 0a 00  	sw	zero, 0x8(s5)
   1bdc8: 7d 55        	li	a0, -0x1
   1bdca: e2 6a        	ld	s5, 0x18(sp)
   1bdcc: 61 61        	addi	sp, sp, 0x50
   1bdce: 82 80        	ret

000000000001bdd0 <_svfiprintf_r>:
   1bdd0: 83 d7 05 01  	lhu	a5, 0x10(a1)
   1bdd4: 05 71        	addi	sp, sp, -0x1e0
   1bdd6: 5a f3        	sd	s6, 0x1a0(sp)
   1bdd8: 66 e7        	sd	s9, 0x188(sp)
   1bdda: 86 ef        	sd	ra, 0x1d8(sp)
   1bddc: 93 f7 07 08  	andi	a5, a5, 0x80
   1bde0: 2a e0        	sd	a0, 0x0(sp)
   1bde2: 2e 8b        	mv	s6, a1
   1bde4: 32 87        	mv	a4, a2
   1bde6: b6 8c        	mv	s9, a3
   1bde8: 81 c7        	beqz	a5, 0x1bdf0 <_svfiprintf_r+0x20>
   1bdea: 9c 6d        	ld	a5, 0x18(a1)
   1bdec: e3 85 07 38  	beqz	a5, 0x1c976 <_svfiprintf_r+0xba6>
   1bdf0: a2 eb        	sd	s0, 0x1d0(sp)
   1bdf2: a6 e7        	sd	s1, 0x1c8(sp)
   1bdf4: ca e3        	sd	s2, 0x1c0(sp)
   1bdf6: 4e ff        	sd	s3, 0x1b8(sp)
   1bdf8: 52 fb        	sd	s4, 0x1b0(sp)
   1bdfa: 56 f7        	sd	s5, 0x1a8(sp)
   1bdfc: 5e ef        	sd	s7, 0x198(sp)
   1bdfe: 62 eb        	sd	s8, 0x190(sp)
   1be00: 6a e3        	sd	s10, 0x180(sp)
   1be02: ee fe        	sd	s11, 0x178(sp)
   1be04: 93 0b 01 0f  	addi	s7, sp, 0xf0
   1be08: de f8        	sd	s7, 0x70(sp)
   1be0a: de 84        	mv	s1, s7
   1be0c: 01 49        	li	s2, 0x0
   1be0e: 01 44        	li	s0, 0x0
   1be10: 02 fc        	sd	zero, 0x38(sp)
   1be12: 02 f8        	sd	zero, 0x30(sp)
   1be14: 82 e0        	sd	zero, 0x40(sp)
   1be16: 02 e4        	sd	zero, 0x8(sp)
   1be18: 13 0c 50 02  	li	s8, 0x25
   1be1c: 9d 4a        	li	s5, 0x7
   1be1e: 17 4d 00 00  	auipc	s10, 0x4
   1be22: 13 0d 2d 87  	addi	s10, s10, -0x78e
   1be26: 41 4a        	li	s4, 0x10
   1be28: ba 8d        	mv	s11, a4
   1be2a: e6 8e        	mv	t4, s9
   1be2c: 83 c7 0d 00  	lbu	a5, 0x0(s11)
   1be30: 63 84 07 12  	beqz	a5, 0x1bf58 <_svfiprintf_r+0x188>
   1be34: ee 89        	mv	s3, s11
   1be36: 63 8c 87 17  	beq	a5, s8, 0x1bfae <_svfiprintf_r+0x1de>
   1be3a: 83 c7 19 00  	lbu	a5, 0x1(s3)
   1be3e: 85 09        	addi	s3, s3, 0x1
   1be40: fd fb        	bnez	a5, 0x1be36 <_svfiprintf_r+0x66>
   1be42: bb 8c b9 41  	subw	s9, s3, s11
   1be46: 63 89 0c 10  	beqz	s9, 0x1bf58 <_svfiprintf_r+0x188>
   1be4a: 23 b0 b4 01  	sd	s11, 0x0(s1)
   1be4e: 23 b4 94 01  	sd	s9, 0x8(s1)
   1be52: 05 24        	addiw	s0, s0, 0x1
   1be54: 66 99        	add	s2, s2, s9
   1be56: c1 04        	addi	s1, s1, 0x10
   1be58: 63 c2 8a 16  	blt	s5, s0, 0x1bfbc <_svfiprintf_r+0x1ec>
   1be5c: 22 67        	ld	a4, 0x8(sp)
   1be5e: 83 c7 09 00  	lbu	a5, 0x0(s3)
   1be62: 3b 07 97 01  	addw	a4, a4, s9
   1be66: 3a e4        	sd	a4, 0x8(sp)
   1be68: e5 cb        	beqz	a5, 0x1bf58 <_svfiprintf_r+0x188>
   1be6a: 03 c6 19 00  	lbu	a2, 0x1(s3)
   1be6e: 93 8d 19 00  	addi	s11, s3, 0x1
   1be72: a3 03 01 06  	sb	zero, 0x67(sp)
   1be76: fd 59        	li	s3, -0x1
   1be78: 81 46        	li	a3, 0x0
   1be7a: 81 47        	li	a5, 0x0
   1be7c: 93 0c a0 05  	li	s9, 0x5a
   1be80: 85 0d        	addi	s11, s11, 0x1
   1be82: 1b 07 06 fe  	addiw	a4, a2, -0x20
   1be86: 63 e1 ec 04  	bltu	s9, a4, 0x1bec8 <_svfiprintf_r+0xf8>
   1be8a: 93 15 07 02  	slli	a1, a4, 0x20
   1be8e: 13 d7 e5 01  	srli	a4, a1, 0x1e
   1be92: 6a 97        	add	a4, a4, s10
   1be94: 18 43        	lw	a4, 0x0(a4)
   1be96: 6a 97        	add	a4, a4, s10
   1be98: 02 87        	jr	a4
   1be9a: 81 46        	li	a3, 0x0
   1be9c: 25 45        	li	a0, 0x9
   1be9e: 83 c5 0d 00  	lbu	a1, 0x0(s11)
   1bea2: 1b 97 26 00  	slliw	a4, a3, 0x2
   1bea6: b9 9e        	addw	a3, a3, a4
   1bea8: 1b 06 06 fd  	addiw	a2, a2, -0x30
   1beac: 9b 96 16 00  	slliw	a3, a3, 0x1
   1beb0: 1b 87 05 fd  	addiw	a4, a1, -0x30
   1beb4: 85 0d        	addi	s11, s11, 0x1
   1beb6: b1 9e        	addw	a3, a3, a2
   1beb8: 1b 86 05 00  	sext.w	a2, a1
   1bebc: e3 71 e5 fe  	bgeu	a0, a4, 0x1be9e <_svfiprintf_r+0xce>
   1bec0: 1b 07 06 fe  	addiw	a4, a2, -0x20
   1bec4: e3 f3 ec fc  	bgeu	s9, a4, 0x1be8a <_svfiprintf_r+0xba>
   1bec8: 41 ca        	beqz	a2, 0x1bf58 <_svfiprintf_r+0x188>
   1beca: 05 43        	li	t1, 0x1
   1becc: 23 04 c1 08  	sb	a2, 0x88(sp)
   1bed0: a3 03 01 06  	sb	zero, 0x67(sp)
   1bed4: 9a 88        	mv	a7, t1
   1bed6: 81 49        	li	s3, 0x0
   1bed8: 93 0c 81 08  	addi	s9, sp, 0x88
   1bedc: 13 ff 47 08  	andi	t5, a5, 0x84
   1bee0: 63 01 0f 16  	beqz	t5, 0x1c042 <_svfiprintf_r+0x272>
   1bee4: 03 46 71 06  	lbu	a2, 0x67(sp)
   1bee8: 11 ce        	beqz	a2, 0x1bf04 <_svfiprintf_r+0x134>
   1beea: 05 46        	li	a2, 0x1
   1beec: 93 05 71 06  	addi	a1, sp, 0x67
   1bef0: 90 e4        	sd	a2, 0x8(s1)
   1bef2: 8c e0        	sd	a1, 0x0(s1)
   1bef4: 19 46        	li	a2, 0x6
   1bef6: 05 09        	addi	s2, s2, 0x1
   1bef8: 1b 05 14 00  	addiw	a0, s0, 0x1
   1befc: e3 41 86 0e  	blt	a2, s0, 0x1c7de <_svfiprintf_r+0xa0e>
   1bf00: c1 04        	addi	s1, s1, 0x10
   1bf02: 2a 84        	mv	s0, a0
   1bf04: 13 06 00 08  	li	a2, 0x80
   1bf08: 63 16 cf 00  	bne	t5, a2, 0x1bf14 <_svfiprintf_r+0x144>
   1bf0c: 3b 8e 16 41  	subw	t3, a3, a7
   1bf10: e3 4a c0 01  	bgtz	t3, 0x1c724 <_svfiprintf_r+0x954>
   1bf14: bb 89 69 40  	subw	s3, s3, t1
   1bf18: 63 4c 30 15  	bgtz	s3, 0x1c070 <_svfiprintf_r+0x2a0>
   1bf1c: 23 b0 94 01  	sd	s9, 0x0(s1)
   1bf20: 23 b4 64 00  	sd	t1, 0x8(s1)
   1bf24: 05 24        	addiw	s0, s0, 0x1
   1bf26: 1a 99        	add	s2, s2, t1
   1bf28: c1 04        	addi	s1, s1, 0x10
   1bf2a: 63 c0 8a 20  	blt	s5, s0, 0x1c12a <_svfiprintf_r+0x35a>
   1bf2e: 91 8b        	andi	a5, a5, 0x4
   1bf30: 89 c7        	beqz	a5, 0x1bf3a <_svfiprintf_r+0x16a>
   1bf32: bb 89 16 41  	subw	s3, a3, a7
   1bf36: 63 4d 30 73  	bgtz	s3, 0x1c670 <_svfiprintf_r+0x8a0>
   1bf3a: c6 87        	mv	a5, a7
   1bf3c: 63 d3 d8 00  	bge	a7, a3, 0x1bf42 <_svfiprintf_r+0x172>
   1bf40: b6 87        	mv	a5, a3
   1bf42: 22 67        	ld	a4, 0x8(sp)
   1bf44: b9 9f        	addw	a5, a5, a4
   1bf46: 3e e4        	sd	a5, 0x8(sp)
   1bf48: 63 1a 09 62  	bnez	s2, 0x1c57c <_svfiprintf_r+0x7ac>
   1bf4c: 83 c7 0d 00  	lbu	a5, 0x0(s11)
   1bf50: 01 44        	li	s0, 0x0
   1bf52: de 84        	mv	s1, s7
   1bf54: e3 90 07 ee  	bnez	a5, 0x1be34 <_svfiprintf_r+0x64>
   1bf58: e3 17 09 50  	bnez	s2, 0x1cc66 <_svfiprintf_r+0xe96>
   1bf5c: 83 57 0b 01  	lhu	a5, 0x10(s6)
   1bf60: 5e 64        	ld	s0, 0x1d0(sp)
   1bf62: be 64        	ld	s1, 0x1c8(sp)
   1bf64: 93 f7 07 04  	andi	a5, a5, 0x40
   1bf68: 1e 69        	ld	s2, 0x1c0(sp)
   1bf6a: fa 79        	ld	s3, 0x1b8(sp)
   1bf6c: 5a 7a        	ld	s4, 0x1b0(sp)
   1bf6e: ba 7a        	ld	s5, 0x1a8(sp)
   1bf70: fa 6b        	ld	s7, 0x198(sp)
   1bf72: 5a 6c        	ld	s8, 0x190(sp)
   1bf74: 1a 6d        	ld	s10, 0x180(sp)
   1bf76: f6 7d        	ld	s11, 0x178(sp)
   1bf78: e3 94 07 56  	bnez	a5, 0x1cce0 <_svfiprintf_r+0xf10>
   1bf7c: fe 60        	ld	ra, 0x1d8(sp)
   1bf7e: 22 65        	ld	a0, 0x8(sp)
   1bf80: 1a 7b        	ld	s6, 0x1a0(sp)
   1bf82: ba 6c        	ld	s9, 0x188(sp)
   1bf84: 3d 61        	addi	sp, sp, 0x1e0
   1bf86: 82 80        	ret
   1bf88: 93 e7 07 01  	ori	a5, a5, 0x10
   1bf8c: 03 c6 0d 00  	lbu	a2, 0x0(s11)
   1bf90: 81 27        	sext.w	a5, a5
   1bf92: fd b5        	j	0x1be80 <_svfiprintf_r+0xb0>
   1bf94: 83 a6 0e 00  	lw	a3, 0x0(t4)
   1bf98: a1 0e        	addi	t4, t4, 0x8
   1bf9a: 63 d2 06 2a  	bgez	a3, 0x1c23e <_svfiprintf_r+0x46e>
   1bf9e: bb 06 d0 40  	negw	a3, a3
   1bfa2: 93 e7 47 00  	ori	a5, a5, 0x4
   1bfa6: 03 c6 0d 00  	lbu	a2, 0x0(s11)
   1bfaa: 81 27        	sext.w	a5, a5
   1bfac: d1 bd        	j	0x1be80 <_svfiprintf_r+0xb0>
   1bfae: bb 8c b9 41  	subw	s9, s3, s11
   1bfb2: e3 9c 0c e8  	bnez	s9, 0x1be4a <_svfiprintf_r+0x7a>
   1bfb6: 83 c7 09 00  	lbu	a5, 0x0(s3)
   1bfba: 7d b5        	j	0x1be68 <_svfiprintf_r+0x98>
   1bfbc: 02 65        	ld	a0, 0x0(sp)
   1bfbe: 90 18        	addi	a2, sp, 0x70
   1bfc0: da 85        	mv	a1, s6
   1bfc2: a2 dc        	sw	s0, 0x78(sp)
   1bfc4: 4a e1        	sd	s2, 0x80(sp)
   1bfc6: 76 e8        	sd	t4, 0x10(sp)
   1bfc8: ef f0 3f ca  	jal	0x1bc6a <__ssprint_r>
   1bfcc: 66 54        	lw	s0, 0x78(sp)
   1bfce: 0a 69        	ld	s2, 0x80(sp)
   1bfd0: 51 f5        	bnez	a0, 0x1bf5c <_svfiprintf_r+0x18c>
   1bfd2: c2 6e        	ld	t4, 0x10(sp)
   1bfd4: de 84        	mv	s1, s7
   1bfd6: 59 b5        	j	0x1be5c <_svfiprintf_r+0x8c>
   1bfd8: 13 f6 07 02  	andi	a2, a5, 0x20
   1bfdc: 93 85 8e 00  	addi	a1, t4, 0x8
   1bfe0: e3 11 06 08  	bnez	a2, 0x1c862 <_svfiprintf_r+0xa92>
   1bfe4: 13 f6 07 01  	andi	a2, a5, 0x10
   1bfe8: e3 1d 06 06  	bnez	a2, 0x1c862 <_svfiprintf_r+0xa92>
   1bfec: 13 f6 07 04  	andi	a2, a5, 0x40
   1bff0: 03 a8 0e 00  	lw	a6, 0x0(t4)
   1bff4: e3 0e 06 38  	beqz	a2, 0x1cb90 <_svfiprintf_r+0xdc0>
   1bff8: 1b 18 08 01  	slliw	a6, a6, 0x10
   1bffc: 1b 58 08 41  	sraiw	a6, a6, 0x10
   1c000: ae 8e        	mv	t4, a1
   1c002: 42 86        	mv	a2, a6
   1c004: 63 43 06 3e  	bltz	a2, 0x1c3ea <_svfiprintf_r+0x61a>
   1c008: 63 cf 09 1a  	bltz	s3, 0x1c1c6 <_svfiprintf_r+0x3f6>
   1c00c: 13 f6 f7 f7  	andi	a2, a5, -0x81
   1c010: 01 26        	sext.w	a2, a2
   1c012: e3 12 08 06  	bnez	a6, 0x1c876 <_svfiprintf_r+0xaa6>
   1c016: e3 87 09 3e  	beqz	s3, 0x1cc04 <_svfiprintf_r+0xe34>
   1c01a: b2 87        	mv	a5, a2
   1c01c: 13 06 00 03  	li	a2, 0x30
   1c020: 55 aa        	j	0x1c1d4 <_svfiprintf_r+0x404>
   1c022: 03 a6 0e 00  	lw	a2, 0x0(t4)
   1c026: 05 43        	li	t1, 0x1
   1c028: a3 03 01 06  	sb	zero, 0x67(sp)
   1c02c: 23 04 c1 08  	sb	a2, 0x88(sp)
   1c030: 13 ff 47 08  	andi	t5, a5, 0x84
   1c034: a1 0e        	addi	t4, t4, 0x8
   1c036: 9a 88        	mv	a7, t1
   1c038: 81 49        	li	s3, 0x0
   1c03a: 93 0c 81 08  	addi	s9, sp, 0x88
   1c03e: e3 13 0f ea  	bnez	t5, 0x1bee4 <_svfiprintf_r+0x114>
   1c042: 3b 88 16 41  	subw	a6, a3, a7
   1c046: 63 49 00 55  	bgtz	a6, 0x1c598 <_svfiprintf_r+0x7c8>
   1c04a: 03 46 71 06  	lbu	a2, 0x67(sp)
   1c04e: e3 03 06 ec  	beqz	a2, 0x1bf14 <_svfiprintf_r+0x144>
   1c052: 05 46        	li	a2, 0x1
   1c054: 93 05 71 06  	addi	a1, sp, 0x67
   1c058: 90 e4        	sd	a2, 0x8(s1)
   1c05a: 05 24        	addiw	s0, s0, 0x1
   1c05c: 8c e0        	sd	a1, 0x0(s1)
   1c05e: 1d 46        	li	a2, 0x7
   1c060: 05 09        	addi	s2, s2, 0x1
   1c062: 63 4d 86 76  	blt	a2, s0, 0x1c7dc <_svfiprintf_r+0xa0c>
   1c066: bb 89 69 40  	subw	s3, s3, t1
   1c06a: c1 04        	addi	s1, s1, 0x10
   1c06c: e3 58 30 eb  	blez	s3, 0x1bf1c <_svfiprintf_r+0x14c>
   1c070: 17 38 00 00  	auipc	a6, 0x3
   1c074: 13 08 08 79  	addi	a6, a6, 0x790
   1c078: 63 51 3a 07  	bge	s4, s3, 0x1c0da <_svfiprintf_r+0x30a>
   1c07c: 46 e8        	sd	a7, 0x10(sp)
   1c07e: 26 87        	mv	a4, s1
   1c080: ca 88        	mv	a7, s2
   1c082: 36 ec        	sd	a3, 0x18(sp)
   1c084: 3e 89        	mv	s2, a5
   1c086: 1a f0        	sd	t1, 0x20(sp)
   1c088: a2 87        	mv	a5, s0
   1c08a: c2 84        	mv	s1, a6
   1c08c: 4e 84        	mv	s0, s3
   1c08e: f6 89        	mv	s3, t4
   1c090: 21 a0        	j	0x1c098 <_svfiprintf_r+0x2c8>
   1c092: 41 34        	addiw	s0, s0, -0x10
   1c094: 63 59 8a 02  	bge	s4, s0, 0x1c0c6 <_svfiprintf_r+0x2f6>
   1c098: 04 e3        	sd	s1, 0x0(a4)
   1c09a: 23 34 47 01  	sd	s4, 0x8(a4)
   1c09e: 85 27        	addiw	a5, a5, 0x1
   1c0a0: c1 08        	addi	a7, a7, 0x10
   1c0a2: 41 07        	addi	a4, a4, 0x10
   1c0a4: e3 d7 fa fe  	bge	s5, a5, 0x1c092 <_svfiprintf_r+0x2c2>
   1c0a8: 02 65        	ld	a0, 0x0(sp)
   1c0aa: 90 18        	addi	a2, sp, 0x70
   1c0ac: da 85        	mv	a1, s6
   1c0ae: be dc        	sw	a5, 0x78(sp)
   1c0b0: 46 e1        	sd	a7, 0x80(sp)
   1c0b2: ef f0 9f bb  	jal	0x1bc6a <__ssprint_r>
   1c0b6: e6 57        	lw	a5, 0x78(sp)
   1c0b8: 8a 68        	ld	a7, 0x80(sp)
   1c0ba: e3 11 05 ea  	bnez	a0, 0x1bf5c <_svfiprintf_r+0x18c>
   1c0be: 41 34        	addiw	s0, s0, -0x10
   1c0c0: 5e 87        	mv	a4, s7
   1c0c2: e3 4b 8a fc  	blt	s4, s0, 0x1c098 <_svfiprintf_r+0x2c8>
   1c0c6: ce 8e        	mv	t4, s3
   1c0c8: e2 66        	ld	a3, 0x18(sp)
   1c0ca: a2 89        	mv	s3, s0
   1c0cc: 02 73        	ld	t1, 0x20(sp)
   1c0ce: 3e 84        	mv	s0, a5
   1c0d0: ca 87        	mv	a5, s2
   1c0d2: 46 89        	mv	s2, a7
   1c0d4: c2 68        	ld	a7, 0x10(sp)
   1c0d6: 26 88        	mv	a6, s1
   1c0d8: ba 84        	mv	s1, a4
   1c0da: 23 b0 04 01  	sd	a6, 0x0(s1)
   1c0de: 23 b4 34 01  	sd	s3, 0x8(s1)
   1c0e2: 05 24        	addiw	s0, s0, 0x1
   1c0e4: 4e 99        	add	s2, s2, s3
   1c0e6: c1 04        	addi	s1, s1, 0x10
   1c0e8: e3 da 8a e2  	bge	s5, s0, 0x1bf1c <_svfiprintf_r+0x14c>
   1c0ec: 02 65        	ld	a0, 0x0(sp)
   1c0ee: 90 18        	addi	a2, sp, 0x70
   1c0f0: da 85        	mv	a1, s6
   1c0f2: a2 dc        	sw	s0, 0x78(sp)
   1c0f4: 4a e1        	sd	s2, 0x80(sp)
   1c0f6: f6 e4        	sd	t4, 0x48(sp)
   1c0f8: 3e f4        	sd	a5, 0x28(sp)
   1c0fa: 1a f0        	sd	t1, 0x20(sp)
   1c0fc: 36 ec        	sd	a3, 0x18(sp)
   1c0fe: 46 e8        	sd	a7, 0x10(sp)
   1c100: ef f0 bf b6  	jal	0x1bc6a <__ssprint_r>
   1c104: 66 54        	lw	s0, 0x78(sp)
   1c106: 0a 69        	ld	s2, 0x80(sp)
   1c108: e3 1a 05 e4  	bnez	a0, 0x1bf5c <_svfiprintf_r+0x18c>
   1c10c: 02 73        	ld	t1, 0x20(sp)
   1c10e: de 84        	mv	s1, s7
   1c110: 23 b0 94 01  	sd	s9, 0x0(s1)
   1c114: 23 b4 64 00  	sd	t1, 0x8(s1)
   1c118: 05 24        	addiw	s0, s0, 0x1
   1c11a: a6 6e        	ld	t4, 0x48(sp)
   1c11c: a2 77        	ld	a5, 0x28(sp)
   1c11e: e2 66        	ld	a3, 0x18(sp)
   1c120: c2 68        	ld	a7, 0x10(sp)
   1c122: 1a 99        	add	s2, s2, t1
   1c124: c1 04        	addi	s1, s1, 0x10
   1c126: e3 d4 8a e0  	bge	s5, s0, 0x1bf2e <_svfiprintf_r+0x15e>
   1c12a: 02 65        	ld	a0, 0x0(sp)
   1c12c: 90 18        	addi	a2, sp, 0x70
   1c12e: da 85        	mv	a1, s6
   1c130: a2 dc        	sw	s0, 0x78(sp)
   1c132: 4a e1        	sd	s2, 0x80(sp)
   1c134: 76 f4        	sd	t4, 0x28(sp)
   1c136: 3e f0        	sd	a5, 0x20(sp)
   1c138: 36 ec        	sd	a3, 0x18(sp)
   1c13a: 46 e8        	sd	a7, 0x10(sp)
   1c13c: ef f0 ff b2  	jal	0x1bc6a <__ssprint_r>
   1c140: 66 54        	lw	s0, 0x78(sp)
   1c142: 0a 69        	ld	s2, 0x80(sp)
   1c144: e3 1c 05 e0  	bnez	a0, 0x1bf5c <_svfiprintf_r+0x18c>
   1c148: a2 7e        	ld	t4, 0x28(sp)
   1c14a: 82 77        	ld	a5, 0x20(sp)
   1c14c: e2 66        	ld	a3, 0x18(sp)
   1c14e: c2 68        	ld	a7, 0x10(sp)
   1c150: de 84        	mv	s1, s7
   1c152: f1 bb        	j	0x1bf2e <_svfiprintf_r+0x15e>
   1c154: 83 bc 0e 00  	ld	s9, 0x0(t4)
   1c158: a3 03 01 06  	sb	zero, 0x67(sp)
   1c15c: a1 0e        	addi	t4, t4, 0x8
   1c15e: e3 81 0c 20  	beqz	s9, 0x1cb60 <_svfiprintf_r+0xd90>
   1c162: 3e f0        	sd	a5, 0x20(sp)
   1c164: 76 ec        	sd	t4, 0x18(sp)
   1c166: 36 e8        	sd	a3, 0x10(sp)
   1c168: 63 c5 09 7c  	bltz	s3, 0x1c932 <_svfiprintf_r+0xb62>
   1c16c: 4e 86        	mv	a2, s3
   1c16e: 81 45        	li	a1, 0x0
   1c170: 66 85        	mv	a0, s9
   1c172: ef a0 9f 96  	jal	0x16ada <memchr>
   1c176: 03 46 71 06  	lbu	a2, 0x67(sp)
   1c17a: c2 66        	ld	a3, 0x10(sp)
   1c17c: e2 6e        	ld	t4, 0x18(sp)
   1c17e: 82 77        	ld	a5, 0x20(sp)
   1c180: e3 0c 05 2e  	beqz	a0, 0x1cc78 <_svfiprintf_r+0xea8>
   1c184: 3b 03 95 41  	subw	t1, a0, s9
   1c188: 9a 85        	mv	a1, t1
   1c18a: 63 53 03 00  	bgez	t1, 0x1c190 <_svfiprintf_r+0x3c0>
   1c18e: 81 45        	li	a1, 0x0
   1c190: ae 88        	mv	a7, a1
   1c192: e3 04 06 1a  	beqz	a2, 0x1cb3a <_svfiprintf_r+0xd6a>
   1c196: 9b 88 15 00  	addiw	a7, a1, 0x1
   1c19a: 81 49        	li	s3, 0x0
   1c19c: 81 b3        	j	0x1bedc <_svfiprintf_r+0x10c>
   1c19e: 13 e6 07 01  	ori	a2, a5, 0x10
   1c1a2: 01 26        	sext.w	a2, a2
   1c1a4: a3 03 01 06  	sb	zero, 0x67(sp)
   1c1a8: 93 85 8e 00  	addi	a1, t4, 0x8
   1c1ac: 03 b8 0e 00  	ld	a6, 0x0(t4)
   1c1b0: b2 87        	mv	a5, a2
   1c1b2: ae 8e        	mv	t4, a1
   1c1b4: 63 c9 09 00  	bltz	s3, 0x1c1c6 <_svfiprintf_r+0x3f6>
   1c1b8: 13 76 f6 f7  	andi	a2, a2, -0x81
   1c1bc: 9b 07 06 00  	sext.w	a5, a2
   1c1c0: 63 07 08 06  	beqz	a6, 0x1c22e <_svfiprintf_r+0x45e>
   1c1c4: ae 8e        	mv	t4, a1
   1c1c6: 25 4e        	li	t3, 0x9
   1c1c8: 63 6f 0e 23  	bltu	t3, a6, 0x1c406 <_svfiprintf_r+0x636>
   1c1cc: 1b 06 08 03  	addiw	a2, a6, 0x30
   1c1d0: 13 76 f6 0f  	andi	a2, a2, 0xff
   1c1d4: a3 05 c1 0e  	sb	a2, 0xeb(sp)
   1c1d8: 4e 86        	mv	a2, s3
   1c1da: 63 43 30 01  	bgtz	s3, 0x1c1e0 <_svfiprintf_r+0x410>
   1c1de: 05 46        	li	a2, 0x1
   1c1e0: 83 45 71 06  	lbu	a1, 0x67(sp)
   1c1e4: 9b 08 06 00  	sext.w	a7, a2
   1c1e8: 99 c1        	beqz	a1, 0x1c1ee <_svfiprintf_r+0x41e>
   1c1ea: 9b 08 16 00  	addiw	a7, a2, 0x1
   1c1ee: 05 43        	li	t1, 0x1
   1c1f0: 93 0c b1 0e  	addi	s9, sp, 0xeb
   1c1f4: e5 b1        	j	0x1bedc <_svfiprintf_r+0x10c>
   1c1f6: 13 f6 07 02  	andi	a2, a5, 0x20
   1c1fa: 63 12 06 66  	bnez	a2, 0x1c85e <_svfiprintf_r+0xa8e>
   1c1fe: 13 f6 07 01  	andi	a2, a5, 0x10
   1c202: 63 1e 06 64  	bnez	a2, 0x1c85e <_svfiprintf_r+0xa8e>
   1c206: 13 f6 07 04  	andi	a2, a5, 0x40
   1c20a: 03 a8 0e 00  	lw	a6, 0x0(t4)
   1c20e: 93 85 8e 00  	addi	a1, t4, 0x8
   1c212: e3 0a 06 18  	beqz	a2, 0x1cba6 <_svfiprintf_r+0xdd6>
   1c216: 42 18        	slli	a6, a6, 0x30
   1c218: a3 03 01 06  	sb	zero, 0x67(sp)
   1c21c: 13 58 08 03  	srli	a6, a6, 0x30
   1c220: e3 c2 09 fa  	bltz	s3, 0x1c1c4 <_svfiprintf_r+0x3f4>
   1c224: 93 f7 f7 f7  	andi	a5, a5, -0x81
   1c228: 81 27        	sext.w	a5, a5
   1c22a: e3 1d 08 f8  	bnez	a6, 0x1c1c4 <_svfiprintf_r+0x3f4>
   1c22e: ae 8e        	mv	t4, a1
   1c230: e3 83 09 0c  	beqz	s3, 0x1caf6 <_svfiprintf_r+0xd26>
   1c234: 01 48        	li	a6, 0x0
   1c236: 59 bf        	j	0x1c1cc <_svfiprintf_r+0x3fc>
   1c238: 93 e7 07 02  	ori	a5, a5, 0x20
   1c23c: 81 27        	sext.w	a5, a5
   1c23e: 03 c6 0d 00  	lbu	a2, 0x0(s11)
   1c242: 3d b9        	j	0x1be80 <_svfiprintf_r+0xb0>
   1c244: 21 66        	lui	a2, 0x8
   1c246: 13 06 06 83  	addi	a2, a2, -0x7d0
   1c24a: a3 03 01 06  	sb	zero, 0x67(sp)
   1c24e: 23 14 c1 06  	sh	a2, 0x68(sp)
   1c252: 83 b5 0e 00  	ld	a1, 0x0(t4)
   1c256: 13 88 8e 00  	addi	a6, t4, 0x8
   1c25a: e3 c4 09 0a  	bltz	s3, 0x1cb02 <_svfiprintf_r+0xd32>
   1c25e: 93 f7 f7 f7  	andi	a5, a5, -0x81
   1c262: 81 27        	sext.w	a5, a5
   1c264: 93 e7 27 00  	ori	a5, a5, 0x2
   1c268: 63 8b 05 6e  	beqz	a1, 0x1c95e <_svfiprintf_r+0xb8e>
   1c26c: 13 f6 f5 00  	andi	a2, a1, 0xf
   1c270: 17 35 00 00  	auipc	a0, 0x3
   1c274: 13 05 05 a9  	addi	a0, a0, -0x570
   1c278: 2a 96        	add	a2, a2, a0
   1c27a: 03 46 06 00  	lbu	a2, 0x0(a2)
   1c27e: c2 8e        	mv	t4, a6
   1c280: 89 48        	li	a7, 0x2
   1c282: a3 05 c1 0e  	sb	a2, 0xeb(sp)
   1c286: 13 d6 45 00  	srli	a2, a1, 0x4
   1c28a: e3 0d 06 22  	beqz	a2, 0x1ccc4 <_svfiprintf_r+0xef4>
   1c28e: 93 0c b1 0e  	addi	s9, sp, 0xeb
   1c292: 13 77 f6 00  	andi	a4, a2, 0xf
   1c296: 2a 97        	add	a4, a4, a0
   1c298: 03 47 07 00  	lbu	a4, 0x0(a4)
   1c29c: 11 82        	srli	a2, a2, 0x4
   1c29e: fd 1c        	addi	s9, s9, -0x1
   1c2a0: 23 80 ec 00  	sb	a4, 0x0(s9)
   1c2a4: 7d f6        	bnez	a2, 0x1c292 <_svfiprintf_r+0x4c2>
   1c2a6: 13 03 c1 0e  	addi	t1, sp, 0xec
   1c2aa: 3b 03 93 41  	subw	t1, t1, s9
   1c2ae: 1b 86 09 00  	sext.w	a2, s3
   1c2b2: 63 d3 69 00  	bge	s3, t1, 0x1c2b8 <_svfiprintf_r+0x4e8>
   1c2b6: 1a 86        	mv	a2, t1
   1c2b8: e3 8e 08 20  	beqz	a7, 0x1ccd4 <_svfiprintf_r+0xf04>
   1c2bc: 13 ff 47 08  	andi	t5, a5, 0x84
   1c2c0: 9b 08 26 00  	addiw	a7, a2, 0x2
   1c2c4: 63 19 0f 54  	bnez	t5, 0x1c816 <_svfiprintf_r+0xa46>
   1c2c8: 3b 88 16 41  	subw	a6, a3, a7
   1c2cc: 63 45 00 2d  	bgtz	a6, 0x1c596 <_svfiprintf_r+0x7c6>
   1c2d0: 09 46        	li	a2, 0x2
   1c2d2: ac 10        	addi	a1, sp, 0x68
   1c2d4: 90 e4        	sd	a2, 0x8(s1)
   1c2d6: 05 24        	addiw	s0, s0, 0x1
   1c2d8: 8c e0        	sd	a1, 0x0(s1)
   1c2da: 1d 46        	li	a2, 0x7
   1c2dc: 09 09        	addi	s2, s2, 0x2
   1c2de: e3 54 86 d8  	bge	a2, s0, 0x1c066 <_svfiprintf_r+0x296>
   1c2e2: 90 18        	addi	a2, sp, 0x70
   1c2e4: 02 65        	ld	a0, 0x0(sp)
   1c2e6: da 85        	mv	a1, s6
   1c2e8: a2 dc        	sw	s0, 0x78(sp)
   1c2ea: 4a e1        	sd	s2, 0x80(sp)
   1c2ec: f6 e8        	sd	t4, 0x50(sp)
   1c2ee: be e4        	sd	a5, 0x48(sp)
   1c2f0: 1a f4        	sd	t1, 0x28(sp)
   1c2f2: 7a f0        	sd	t5, 0x20(sp)
   1c2f4: 36 ec        	sd	a3, 0x18(sp)
   1c2f6: 46 e8        	sd	a7, 0x10(sp)
   1c2f8: ef f0 3f 97  	jal	0x1bc6a <__ssprint_r>
   1c2fc: 66 54        	lw	s0, 0x78(sp)
   1c2fe: 0a 69        	ld	s2, 0x80(sp)
   1c300: e3 1e 05 c4  	bnez	a0, 0x1bf5c <_svfiprintf_r+0x18c>
   1c304: c6 6e        	ld	t4, 0x50(sp)
   1c306: a6 67        	ld	a5, 0x48(sp)
   1c308: 22 73        	ld	t1, 0x28(sp)
   1c30a: 02 7f        	ld	t5, 0x20(sp)
   1c30c: e2 66        	ld	a3, 0x18(sp)
   1c30e: c2 68        	ld	a7, 0x10(sp)
   1c310: de 84        	mv	s1, s7
   1c312: cd be        	j	0x1bf04 <_svfiprintf_r+0x134>
   1c314: 13 f6 07 02  	andi	a2, a5, 0x20
   1c318: 93 85 8e 00  	addi	a1, t4, 0x8
   1c31c: 63 1f 06 52  	bnez	a2, 0x1c85a <_svfiprintf_r+0xa8a>
   1c320: 13 f6 07 01  	andi	a2, a5, 0x10
   1c324: 63 1b 06 52  	bnez	a2, 0x1c85a <_svfiprintf_r+0xa8a>
   1c328: 13 f5 07 04  	andi	a0, a5, 0x40
   1c32c: 03 a6 0e 00  	lw	a2, 0x0(t4)
   1c330: e3 07 05 08  	beqz	a0, 0x1cbbe <_svfiprintf_r+0xdee>
   1c334: 42 16        	slli	a2, a2, 0x30
   1c336: 41 92        	srli	a2, a2, 0x30
   1c338: ae 8e        	mv	t4, a1
   1c33a: be 88        	mv	a7, a5
   1c33c: 91 a0        	j	0x1c380 <_svfiprintf_r+0x5b0>
   1c33e: 93 f6 07 02  	andi	a3, a5, 0x20
   1c342: 03 b6 0e 00  	ld	a2, 0x0(t4)
   1c346: 8d e2        	bnez	a3, 0x1c368 <_svfiprintf_r+0x598>
   1c348: 93 f6 07 01  	andi	a3, a5, 0x10
   1c34c: 91 ee        	bnez	a3, 0x1c368 <_svfiprintf_r+0x598>
   1c34e: 93 f6 07 04  	andi	a3, a5, 0x40
   1c352: e3 9a 06 0c  	bnez	a3, 0x1cc26 <_svfiprintf_r+0xe56>
   1c356: 93 f7 07 20  	andi	a5, a5, 0x200
   1c35a: e3 87 07 12  	beqz	a5, 0x1cc88 <_svfiprintf_r+0xeb8>
   1c35e: a2 67        	ld	a5, 0x8(sp)
   1c360: a1 0e        	addi	t4, t4, 0x8
   1c362: 23 00 f6 00  	sb	a5, 0x0(a2)
   1c366: d9 b4        	j	0x1be2c <_svfiprintf_r+0x5c>
   1c368: a2 67        	ld	a5, 0x8(sp)
   1c36a: a1 0e        	addi	t4, t4, 0x8
   1c36c: 1c e2        	sd	a5, 0x0(a2)
   1c36e: 7d bc        	j	0x1be2c <_svfiprintf_r+0x5c>
   1c370: 93 e8 07 01  	ori	a7, a5, 0x10
   1c374: 81 28        	sext.w	a7, a7
   1c376: 93 85 8e 00  	addi	a1, t4, 0x8
   1c37a: 03 b6 0e 00  	ld	a2, 0x0(t4)
   1c37e: ae 8e        	mv	t4, a1
   1c380: a3 03 01 06  	sb	zero, 0x67(sp)
   1c384: 63 c3 09 4a  	bltz	s3, 0x1c82a <_svfiprintf_r+0xa5a>
   1c388: 93 f7 f8 b7  	andi	a5, a7, -0x481
   1c38c: 81 27        	sext.w	a5, a5
   1c38e: 63 0a 06 6a  	beqz	a2, 0x1ca42 <_svfiprintf_r+0xc72>
   1c392: 13 03 c1 0e  	addi	t1, sp, 0xec
   1c396: 9a 8c        	mv	s9, t1
   1c398: 93 75 76 00  	andi	a1, a2, 0x7
   1c39c: 66 85        	mv	a0, s9
   1c39e: 93 85 05 03  	addi	a1, a1, 0x30
   1c3a2: 0d 82        	srli	a2, a2, 0x3
   1c3a4: a3 8f bc fe  	sb	a1, -0x1(s9)
   1c3a8: fd 1c        	addi	s9, s9, -0x1
   1c3aa: 7d f6        	bnez	a2, 0x1c398 <_svfiprintf_r+0x5c8>
   1c3ac: 13 f6 17 00  	andi	a2, a5, 0x1
   1c3b0: 63 01 06 36  	beqz	a2, 0x1c712 <_svfiprintf_r+0x942>
   1c3b4: 13 06 00 03  	li	a2, 0x30
   1c3b8: 63 8d c5 34  	beq	a1, a2, 0x1c712 <_svfiprintf_r+0x942>
   1c3bc: 79 15        	addi	a0, a0, -0x2
   1c3be: 3b 03 a3 40  	subw	t1, t1, a0
   1c3c2: a3 8f cc fe  	sb	a2, -0x1(s9)
   1c3c6: 9b 88 09 00  	sext.w	a7, s3
   1c3ca: 63 ce 69 48  	blt	s3, t1, 0x1c866 <_svfiprintf_r+0xa96>
   1c3ce: aa 8c        	mv	s9, a0
   1c3d0: 31 b6        	j	0x1bedc <_svfiprintf_r+0x10c>
   1c3d2: 13 e5 07 01  	ori	a0, a5, 0x10
   1c3d6: 01 25        	sext.w	a0, a0
   1c3d8: 93 85 8e 00  	addi	a1, t4, 0x8
   1c3dc: 03 b6 0e 00  	ld	a2, 0x0(t4)
   1c3e0: aa 87        	mv	a5, a0
   1c3e2: ae 8e        	mv	t4, a1
   1c3e4: 32 88        	mv	a6, a2
   1c3e6: e3 51 06 c2  	bgez	a2, 0x1c008 <_svfiprintf_r+0x238>
   1c3ea: 13 06 d0 02  	li	a2, 0x2d
   1c3ee: a3 03 c1 06  	sb	a2, 0x67(sp)
   1c3f2: 33 08 00 41  	neg	a6, a6
   1c3f6: e3 c8 09 dc  	bltz	s3, 0x1c1c6 <_svfiprintf_r+0x3f6>
   1c3fa: 93 f7 f7 f7  	andi	a5, a5, -0x81
   1c3fe: 25 4e        	li	t3, 0x9
   1c400: 81 27        	sext.w	a5, a5
   1c402: e3 75 0e dd  	bgeu	t3, a6, 0x1c1cc <_svfiprintf_r+0x3fc>
   1c406: 37 d6 cc cc  	lui	a2, 0xccccd
   1c40a: 13 06 d6 cc  	addi	a2, a2, -0x333
   1c40e: 93 18 06 02  	slli	a7, a2, 0x20
   1c412: 13 03 c1 0e  	addi	t1, sp, 0xec
   1c416: e2 7f        	ld	t6, 0x38(sp)
   1c418: b2 98        	add	a7, a7, a2
   1c41a: 1a 85        	mv	a0, t1
   1c41c: 93 f2 07 40  	andi	t0, a5, 0x400
   1c420: 81 45        	li	a1, 0x0
   1c422: 13 0f f0 0f  	li	t5, 0xff
   1c426: 09 a8        	j	0x1c438 <_svfiprintf_r+0x668>
   1c428: 42 87        	mv	a4, a6
   1c42a: 33 38 18 03  	mulhu	a6, a6, a7
   1c42e: 66 85        	mv	a0, s9
   1c430: 13 58 38 00  	srli	a6, a6, 0x3
   1c434: 63 7c ee 02  	bgeu	t3, a4, 0x1c46c <_svfiprintf_r+0x69c>
   1c438: 33 36 18 03  	mulhu	a2, a6, a7
   1c43c: 85 25        	addiw	a1, a1, 0x1
   1c43e: 93 0c f5 ff  	addi	s9, a0, -0x1
   1c442: 0d 82        	srli	a2, a2, 0x3
   1c444: 13 17 26 00  	slli	a4, a2, 0x2
   1c448: 32 97        	add	a4, a4, a2
   1c44a: 06 07        	slli	a4, a4, 0x1
   1c44c: 33 07 e8 40  	sub	a4, a6, a4
   1c450: 1b 07 07 03  	addiw	a4, a4, 0x30
   1c454: a3 0f e5 fe  	sb	a4, -0x1(a0)
   1c458: e3 88 02 fc  	beqz	t0, 0x1c428 <_svfiprintf_r+0x658>
   1c45c: 03 c7 0f 00  	lbu	a4, 0x0(t6)
   1c460: e3 14 b7 fc  	bne	a4, a1, 0x1c428 <_svfiprintf_r+0x658>
   1c464: e3 02 e7 fd  	beq	a4, t5, 0x1c428 <_svfiprintf_r+0x658>
   1c468: 63 63 0e 55  	bltu	t3, a6, 0x1c9ae <_svfiprintf_r+0xbde>
   1c46c: 7e fc        	sd	t6, 0x38(sp)
   1c46e: 3b 03 93 41  	subw	t1, t1, s9
   1c472: 4e 86        	mv	a2, s3
   1c474: 63 c6 69 4a  	blt	s3, t1, 0x1c920 <_svfiprintf_r+0xb50>
   1c478: 83 45 71 06  	lbu	a1, 0x67(sp)
   1c47c: 9b 08 06 00  	sext.w	a7, a2
   1c480: e3 8e 05 a4  	beqz	a1, 0x1bedc <_svfiprintf_r+0x10c>
   1c484: 9b 08 16 00  	addiw	a7, a2, 0x1
   1c488: 91 bc        	j	0x1bedc <_svfiprintf_r+0x10c>
   1c48a: 03 c6 0d 00  	lbu	a2, 0x0(s11)
   1c48e: 13 07 c0 06  	li	a4, 0x6c
   1c492: 63 0f e6 6a  	beq	a2, a4, 0x1cb50 <_svfiprintf_r+0xd80>
   1c496: 93 e7 07 01  	ori	a5, a5, 0x10
   1c49a: 81 27        	sext.w	a5, a5
   1c49c: d5 b2        	j	0x1be80 <_svfiprintf_r+0xb0>
   1c49e: 03 c6 0d 00  	lbu	a2, 0x0(s11)
   1c4a2: 13 07 80 06  	li	a4, 0x68
   1c4a6: 63 0d e6 68  	beq	a2, a4, 0x1cb40 <_svfiprintf_r+0xd70>
   1c4aa: 93 e7 07 04  	ori	a5, a5, 0x40
   1c4ae: 81 27        	sext.w	a5, a5
   1c4b0: c1 ba        	j	0x1be80 <_svfiprintf_r+0xb0>
   1c4b2: 93 e7 07 08  	ori	a5, a5, 0x80
   1c4b6: 03 c6 0d 00  	lbu	a2, 0x0(s11)
   1c4ba: 81 27        	sext.w	a5, a5
   1c4bc: d1 b2        	j	0x1be80 <_svfiprintf_r+0xb0>
   1c4be: 03 c6 0d 00  	lbu	a2, 0x0(s11)
   1c4c2: 13 07 a0 02  	li	a4, 0x2a
   1c4c6: 13 88 1d 00  	addi	a6, s11, 0x1
   1c4ca: 63 04 e6 7c  	beq	a2, a4, 0x1cc92 <_svfiprintf_r+0xec2>
   1c4ce: 9b 05 06 fd  	addiw	a1, a2, -0x30
   1c4d2: a5 48        	li	a7, 0x9
   1c4d4: 01 45        	li	a0, 0x0
   1c4d6: c2 8d        	mv	s11, a6
   1c4d8: 81 49        	li	s3, 0x0
   1c4da: e3 e4 b8 9a  	bltu	a7, a1, 0x1be82 <_svfiprintf_r+0xb2>
   1c4de: 1b 17 25 00  	slliw	a4, a0, 0x2
   1c4e2: 03 46 08 00  	lbu	a2, 0x0(a6)
   1c4e6: 29 9f        	addw	a4, a4, a0
   1c4e8: 1b 17 17 00  	slliw	a4, a4, 0x1
   1c4ec: 3b 05 b7 00  	addw	a0, a4, a1
   1c4f0: 9b 05 06 fd  	addiw	a1, a2, -0x30
   1c4f4: 05 08        	addi	a6, a6, 0x1
   1c4f6: e3 f4 b8 fe  	bgeu	a7, a1, 0x1c4de <_svfiprintf_r+0x70e>
   1c4fa: aa 89        	mv	s3, a0
   1c4fc: 63 49 05 36  	bltz	a0, 0x1c86e <_svfiprintf_r+0xa9e>
   1c500: c2 8d        	mv	s11, a6
   1c502: 41 b2        	j	0x1be82 <_svfiprintf_r+0xb2>
   1c504: 13 07 b0 02  	li	a4, 0x2b
   1c508: 03 c6 0d 00  	lbu	a2, 0x0(s11)
   1c50c: a3 03 e1 06  	sb	a4, 0x67(sp)
   1c510: 85 ba        	j	0x1be80 <_svfiprintf_r+0xb0>
   1c512: 02 65        	ld	a0, 0x0(sp)
   1c514: 76 f0        	sd	t4, 0x20(sp)
   1c516: 36 e8        	sd	a3, 0x10(sp)
   1c518: 3e ec        	sd	a5, 0x18(sp)
   1c51a: ef 90 5f db  	jal	0x162ce <_localeconv_r>
   1c51e: 1c 65        	ld	a5, 0x8(a0)
   1c520: 3e 85        	mv	a0, a5
   1c522: be e0        	sd	a5, 0x40(sp)
   1c524: ef 40 0f f6  	jal	0x10c84 <strlen>
   1c528: 2a 87        	mv	a4, a0
   1c52a: 02 65        	ld	a0, 0x0(sp)
   1c52c: 3a f8        	sd	a4, 0x30(sp)
   1c52e: ef 90 1f da  	jal	0x162ce <_localeconv_r>
   1c532: 0c 69        	ld	a1, 0x10(a0)
   1c534: 42 77        	ld	a4, 0x30(sp)
   1c536: 03 c6 0d 00  	lbu	a2, 0x0(s11)
   1c53a: 2e fc        	sd	a1, 0x38(sp)
   1c53c: c2 66        	ld	a3, 0x10(sp)
   1c53e: e2 67        	ld	a5, 0x18(sp)
   1c540: 82 7e        	ld	t4, 0x20(sp)
   1c542: e3 0f 07 92  	beqz	a4, 0x1be80 <_svfiprintf_r+0xb0>
   1c546: e3 8d 05 92  	beqz	a1, 0x1be80 <_svfiprintf_r+0xb0>
   1c54a: 03 c7 05 00  	lbu	a4, 0x0(a1)
   1c54e: e3 09 07 92  	beqz	a4, 0x1be80 <_svfiprintf_r+0xb0>
   1c552: 93 e7 07 40  	ori	a5, a5, 0x400
   1c556: 81 27        	sext.w	a5, a5
   1c558: 25 b2        	j	0x1be80 <_svfiprintf_r+0xb0>
   1c55a: 93 e7 17 00  	ori	a5, a5, 0x1
   1c55e: 03 c6 0d 00  	lbu	a2, 0x0(s11)
   1c562: 81 27        	sext.w	a5, a5
   1c564: 31 ba        	j	0x1be80 <_svfiprintf_r+0xb0>
   1c566: 03 47 71 06  	lbu	a4, 0x67(sp)
   1c56a: 03 c6 0d 00  	lbu	a2, 0x0(s11)
   1c56e: e3 19 07 90  	bnez	a4, 0x1be80 <_svfiprintf_r+0xb0>
   1c572: 13 07 00 02  	li	a4, 0x20
   1c576: a3 03 e1 06  	sb	a4, 0x67(sp)
   1c57a: 19 b2        	j	0x1be80 <_svfiprintf_r+0xb0>
   1c57c: 02 65        	ld	a0, 0x0(sp)
   1c57e: 90 18        	addi	a2, sp, 0x70
   1c580: da 85        	mv	a1, s6
   1c582: 76 e8        	sd	t4, 0x10(sp)
   1c584: 4a e1        	sd	s2, 0x80(sp)
   1c586: a2 dc        	sw	s0, 0x78(sp)
   1c588: ef f0 2f ee  	jal	0x1bc6a <__ssprint_r>
   1c58c: c2 6e        	ld	t4, 0x10(sp)
   1c58e: 0a 69        	ld	s2, 0x80(sp)
   1c590: e3 0e 05 9a  	beqz	a0, 0x1bf4c <_svfiprintf_r+0x17c>
   1c594: e1 b2        	j	0x1bf5c <_svfiprintf_r+0x18c>
   1c596: 09 4f        	li	t5, 0x2
   1c598: c1 4f        	li	t6, 0x10
   1c59a: 17 3e 00 00  	auipc	t3, 0x3
   1c59e: 13 0e 6e 27  	addi	t3, t3, 0x276
   1c5a2: 63 d8 0f 07  	bge	t6, a6, 0x1c612 <_svfiprintf_r+0x842>
   1c5a6: 36 ec        	sd	a3, 0x18(sp)
   1c5a8: 26 87        	mv	a4, s1
   1c5aa: ca 86        	mv	a3, s2
   1c5ac: be e4        	sd	a5, 0x48(sp)
   1c5ae: fe 83        	mv	t2, t6
   1c5b0: a2 87        	mv	a5, s0
   1c5b2: 9d 42        	li	t0, 0x7
   1c5b4: 46 e8        	sd	a7, 0x10(sp)
   1c5b6: 7a f0        	sd	t5, 0x20(sp)
   1c5b8: 1a f4        	sd	t1, 0x28(sp)
   1c5ba: 42 84        	mv	s0, a6
   1c5bc: 76 89        	mv	s2, t4
   1c5be: f2 84        	mv	s1, t3
   1c5c0: 21 a0        	j	0x1c5c8 <_svfiprintf_r+0x7f8>
   1c5c2: 41 34        	addiw	s0, s0, -0x10
   1c5c4: 63 dc 83 02  	bge	t2, s0, 0x1c5fc <_svfiprintf_r+0x82c>
   1c5c8: 04 e3        	sd	s1, 0x0(a4)
   1c5ca: 23 34 f7 01  	sd	t6, 0x8(a4)
   1c5ce: 85 27        	addiw	a5, a5, 0x1
   1c5d0: c1 06        	addi	a3, a3, 0x10
   1c5d2: 41 07        	addi	a4, a4, 0x10
   1c5d4: e3 d7 f2 fe  	bge	t0, a5, 0x1c5c2 <_svfiprintf_r+0x7f2>
   1c5d8: 02 65        	ld	a0, 0x0(sp)
   1c5da: 90 18        	addi	a2, sp, 0x70
   1c5dc: da 85        	mv	a1, s6
   1c5de: be dc        	sw	a5, 0x78(sp)
   1c5e0: 36 e1        	sd	a3, 0x80(sp)
   1c5e2: ef f0 8f e8  	jal	0x1bc6a <__ssprint_r>
   1c5e6: e6 57        	lw	a5, 0x78(sp)
   1c5e8: 8a 66        	ld	a3, 0x80(sp)
   1c5ea: e3 19 05 96  	bnez	a0, 0x1bf5c <_svfiprintf_r+0x18c>
   1c5ee: c1 43        	li	t2, 0x10
   1c5f0: 41 34        	addiw	s0, s0, -0x10
   1c5f2: 5e 87        	mv	a4, s7
   1c5f4: 9d 42        	li	t0, 0x7
   1c5f6: 9e 8f        	mv	t6, t2
   1c5f8: e3 c8 83 fc  	blt	t2, s0, 0x1c5c8 <_svfiprintf_r+0x7f8>
   1c5fc: 22 88        	mv	a6, s0
   1c5fe: ca 8e        	mv	t4, s2
   1c600: 3e 84        	mv	s0, a5
   1c602: 36 89        	mv	s2, a3
   1c604: c2 68        	ld	a7, 0x10(sp)
   1c606: 02 7f        	ld	t5, 0x20(sp)
   1c608: 22 73        	ld	t1, 0x28(sp)
   1c60a: a6 67        	ld	a5, 0x48(sp)
   1c60c: e2 66        	ld	a3, 0x18(sp)
   1c60e: 26 8e        	mv	t3, s1
   1c610: ba 84        	mv	s1, a4
   1c612: 23 b0 c4 01  	sd	t3, 0x0(s1)
   1c616: 23 b4 04 01  	sd	a6, 0x8(s1)
   1c61a: 1b 0e 14 00  	addiw	t3, s0, 0x1
   1c61e: 1d 46        	li	a2, 0x7
   1c620: 4a 98        	add	a6, a6, s2
   1c622: 63 44 c6 45  	blt	a2, t3, 0x1ca6a <_svfiprintf_r+0xc9a>
   1c626: 83 45 71 06  	lbu	a1, 0x67(sp)
   1c62a: 13 86 04 01  	addi	a2, s1, 0x10
   1c62e: 63 86 05 20  	beqz	a1, 0x1c83a <_svfiprintf_r+0xa6a>
   1c632: 13 05 71 06  	addi	a0, sp, 0x67
   1c636: 85 45        	li	a1, 0x1
   1c638: 08 e2        	sd	a0, 0x0(a2)
   1c63a: 0c e6        	sd	a1, 0x8(a2)
   1c63c: 1b 05 1e 00  	addiw	a0, t3, 0x1
   1c640: 9d 45        	li	a1, 0x7
   1c642: 13 09 18 00  	addi	s2, a6, 0x1
   1c646: 63 c7 a5 1e  	blt	a1, a0, 0x1c834 <_svfiprintf_r+0xa64>
   1c64a: 93 04 06 01  	addi	s1, a2, 0x10
   1c64e: 63 07 0f 52  	beqz	t5, 0x1cb7c <_svfiprintf_r+0xdac>
   1c652: ac 10        	addi	a1, sp, 0x68
   1c654: 0c ea        	sd	a1, 0x10(a2)
   1c656: 89 45        	li	a1, 0x2
   1c658: 8c e4        	sd	a1, 0x8(s1)
   1c65a: 1b 04 2e 00  	addiw	s0, t3, 0x2
   1c65e: a1 45        	li	a1, 0x8
   1c660: 13 09 38 00  	addi	s2, a6, 0x3
   1c664: 93 04 06 02  	addi	s1, a2, 0x20
   1c668: e3 16 b4 8a  	bne	s0, a1, 0x1bf14 <_svfiprintf_r+0x144>
   1c66c: 01 4f        	li	t5, 0x0
   1c66e: 95 b9        	j	0x1c2e2 <_svfiprintf_r+0x512>
   1c670: c1 4c        	li	s9, 0x10
   1c672: 17 3e 00 00  	auipc	t3, 0x3
   1c676: 13 0e ee 19  	addi	t3, t3, 0x19e
   1c67a: 63 d1 3c 07  	bge	s9, s3, 0x1c6dc <_svfiprintf_r+0x90c>
   1c67e: 22 87        	mv	a4, s0
   1c680: 4a 83        	mv	t1, s2
   1c682: 4e 84        	mv	s0, s3
   1c684: 36 89        	mv	s2, a3
   1c686: 66 88        	mv	a6, s9
   1c688: a6 86        	mv	a3, s1
   1c68a: 9d 47        	li	a5, 0x7
   1c68c: 46 e8        	sd	a7, 0x10(sp)
   1c68e: f6 89        	mv	s3, t4
   1c690: f2 84        	mv	s1, t3
   1c692: 21 a0        	j	0x1c69a <_svfiprintf_r+0x8ca>
   1c694: 41 34        	addiw	s0, s0, -0x10
   1c696: 63 5b 88 02  	bge	a6, s0, 0x1c6cc <_svfiprintf_r+0x8fc>
   1c69a: 84 e2        	sd	s1, 0x0(a3)
   1c69c: 23 b4 96 01  	sd	s9, 0x8(a3)
   1c6a0: 05 27        	addiw	a4, a4, 0x1
   1c6a2: 41 03        	addi	t1, t1, 0x10
   1c6a4: c1 06        	addi	a3, a3, 0x10
   1c6a6: e3 d7 e7 fe  	bge	a5, a4, 0x1c694 <_svfiprintf_r+0x8c4>
   1c6aa: 02 65        	ld	a0, 0x0(sp)
   1c6ac: 90 18        	addi	a2, sp, 0x70
   1c6ae: da 85        	mv	a1, s6
   1c6b0: ba dc        	sw	a4, 0x78(sp)
   1c6b2: 1a e1        	sd	t1, 0x80(sp)
   1c6b4: ef f0 6f db  	jal	0x1bc6a <__ssprint_r>
   1c6b8: 66 57        	lw	a4, 0x78(sp)
   1c6ba: 0a 63        	ld	t1, 0x80(sp)
   1c6bc: e3 10 05 8a  	bnez	a0, 0x1bf5c <_svfiprintf_r+0x18c>
   1c6c0: 41 48        	li	a6, 0x10
   1c6c2: 41 34        	addiw	s0, s0, -0x10
   1c6c4: de 86        	mv	a3, s7
   1c6c6: 9d 47        	li	a5, 0x7
   1c6c8: e3 49 88 fc  	blt	a6, s0, 0x1c69a <_svfiprintf_r+0x8ca>
   1c6cc: c2 68        	ld	a7, 0x10(sp)
   1c6ce: ce 8e        	mv	t4, s3
   1c6d0: 26 8e        	mv	t3, s1
   1c6d2: a2 89        	mv	s3, s0
   1c6d4: b6 84        	mv	s1, a3
   1c6d6: 3a 84        	mv	s0, a4
   1c6d8: ca 86        	mv	a3, s2
   1c6da: 1a 89        	mv	s2, t1
   1c6dc: 23 b0 c4 01  	sd	t3, 0x0(s1)
   1c6e0: 23 b4 34 01  	sd	s3, 0x8(s1)
   1c6e4: 05 24        	addiw	s0, s0, 0x1
   1c6e6: 9d 47        	li	a5, 0x7
   1c6e8: 4e 99        	add	s2, s2, s3
   1c6ea: e3 d8 87 84  	bge	a5, s0, 0x1bf3a <_svfiprintf_r+0x16a>
   1c6ee: 02 65        	ld	a0, 0x0(sp)
   1c6f0: 90 18        	addi	a2, sp, 0x70
   1c6f2: da 85        	mv	a1, s6
   1c6f4: 76 f0        	sd	t4, 0x20(sp)
   1c6f6: 36 ec        	sd	a3, 0x18(sp)
   1c6f8: 46 e8        	sd	a7, 0x10(sp)
   1c6fa: a2 dc        	sw	s0, 0x78(sp)
   1c6fc: 4a e1        	sd	s2, 0x80(sp)
   1c6fe: ef f0 cf d6  	jal	0x1bc6a <__ssprint_r>
   1c702: c2 68        	ld	a7, 0x10(sp)
   1c704: 66 54        	lw	s0, 0x78(sp)
   1c706: 0a 69        	ld	s2, 0x80(sp)
   1c708: e2 66        	ld	a3, 0x18(sp)
   1c70a: 82 7e        	ld	t4, 0x20(sp)
   1c70c: e3 07 05 82  	beqz	a0, 0x1bf3a <_svfiprintf_r+0x16a>
   1c710: b1 b0        	j	0x1bf5c <_svfiprintf_r+0x18c>
   1c712: 3b 03 93 41  	subw	t1, t1, s9
   1c716: 9b 88 09 00  	sext.w	a7, s3
   1c71a: 63 d1 69 fc  	bge	s3, t1, 0x1bedc <_svfiprintf_r+0x10c>
   1c71e: 9a 88        	mv	a7, t1
   1c720: 6f f0 cf fb  	j	0x1bedc <_svfiprintf_r+0x10c>
   1c724: 41 4f        	li	t5, 0x10
   1c726: 17 38 00 00  	auipc	a6, 0x3
   1c72a: 13 08 a8 0d  	addi	a6, a6, 0xda
   1c72e: 63 56 cf 07  	bge	t5, t3, 0x1c79a <_svfiprintf_r+0x9ca>
   1c732: 36 ec        	sd	a3, 0x18(sp)
   1c734: 3e f4        	sd	a5, 0x28(sp)
   1c736: ca 86        	mv	a3, s2
   1c738: a6 87        	mv	a5, s1
   1c73a: 22 87        	mv	a4, s0
   1c73c: fa 82        	mv	t0, t5
   1c73e: 9d 4f        	li	t6, 0x7
   1c740: 46 e8        	sd	a7, 0x10(sp)
   1c742: 1a f0        	sd	t1, 0x20(sp)
   1c744: 72 84        	mv	s0, t3
   1c746: 76 89        	mv	s2, t4
   1c748: c2 84        	mv	s1, a6
   1c74a: 21 a0        	j	0x1c752 <_svfiprintf_r+0x982>
   1c74c: 41 34        	addiw	s0, s0, -0x10
   1c74e: 63 dc 82 02  	bge	t0, s0, 0x1c786 <_svfiprintf_r+0x9b6>
   1c752: 84 e3        	sd	s1, 0x0(a5)
   1c754: 23 b4 e7 01  	sd	t5, 0x8(a5)
   1c758: 05 27        	addiw	a4, a4, 0x1
   1c75a: c1 06        	addi	a3, a3, 0x10
   1c75c: c1 07        	addi	a5, a5, 0x10
   1c75e: e3 d7 ef fe  	bge	t6, a4, 0x1c74c <_svfiprintf_r+0x97c>
   1c762: 02 65        	ld	a0, 0x0(sp)
   1c764: 90 18        	addi	a2, sp, 0x70
   1c766: da 85        	mv	a1, s6
   1c768: ba dc        	sw	a4, 0x78(sp)
   1c76a: 36 e1        	sd	a3, 0x80(sp)
   1c76c: ef f0 ef cf  	jal	0x1bc6a <__ssprint_r>
   1c770: 66 57        	lw	a4, 0x78(sp)
   1c772: 8a 66        	ld	a3, 0x80(sp)
   1c774: 63 14 05 fe  	bnez	a0, 0x1bf5c <_svfiprintf_r+0x18c>
   1c778: c1 42        	li	t0, 0x10
   1c77a: 41 34        	addiw	s0, s0, -0x10
   1c77c: de 87        	mv	a5, s7
   1c77e: 9d 4f        	li	t6, 0x7
   1c780: 16 8f        	mv	t5, t0
   1c782: e3 c8 82 fc  	blt	t0, s0, 0x1c752 <_svfiprintf_r+0x982>
   1c786: ca 8e        	mv	t4, s2
   1c788: 26 88        	mv	a6, s1
   1c78a: 36 89        	mv	s2, a3
   1c78c: be 84        	mv	s1, a5
   1c78e: c2 68        	ld	a7, 0x10(sp)
   1c790: 02 73        	ld	t1, 0x20(sp)
   1c792: e2 66        	ld	a3, 0x18(sp)
   1c794: a2 77        	ld	a5, 0x28(sp)
   1c796: 22 8e        	mv	t3, s0
   1c798: 3a 84        	mv	s0, a4
   1c79a: 23 b0 04 01  	sd	a6, 0x0(s1)
   1c79e: 23 b4 c4 01  	sd	t3, 0x8(s1)
   1c7a2: 05 24        	addiw	s0, s0, 0x1
   1c7a4: 1d 46        	li	a2, 0x7
   1c7a6: 72 99        	add	s2, s2, t3
   1c7a8: e3 5f 86 8a  	bge	a2, s0, 0x1c066 <_svfiprintf_r+0x296>
   1c7ac: 02 65        	ld	a0, 0x0(sp)
   1c7ae: 90 18        	addi	a2, sp, 0x70
   1c7b0: da 85        	mv	a1, s6
   1c7b2: a2 dc        	sw	s0, 0x78(sp)
   1c7b4: 4a e1        	sd	s2, 0x80(sp)
   1c7b6: f6 e4        	sd	t4, 0x48(sp)
   1c7b8: 3e f4        	sd	a5, 0x28(sp)
   1c7ba: 1a f0        	sd	t1, 0x20(sp)
   1c7bc: 36 ec        	sd	a3, 0x18(sp)
   1c7be: 46 e8        	sd	a7, 0x10(sp)
   1c7c0: ef f0 af ca  	jal	0x1bc6a <__ssprint_r>
   1c7c4: 66 54        	lw	s0, 0x78(sp)
   1c7c6: 0a 69        	ld	s2, 0x80(sp)
   1c7c8: 63 1a 05 f8  	bnez	a0, 0x1bf5c <_svfiprintf_r+0x18c>
   1c7cc: c2 68        	ld	a7, 0x10(sp)
   1c7ce: e2 66        	ld	a3, 0x18(sp)
   1c7d0: 02 73        	ld	t1, 0x20(sp)
   1c7d2: a2 77        	ld	a5, 0x28(sp)
   1c7d4: a6 6e        	ld	t4, 0x48(sp)
   1c7d6: de 84        	mv	s1, s7
   1c7d8: 6f f0 cf f3  	j	0x1bf14 <_svfiprintf_r+0x144>
   1c7dc: 22 85        	mv	a0, s0
   1c7de: 82 ec        	sd	zero, 0x58(sp)
   1c7e0: aa dc        	sw	a0, 0x78(sp)
   1c7e2: 02 65        	ld	a0, 0x0(sp)
   1c7e4: 90 18        	addi	a2, sp, 0x70
   1c7e6: da 85        	mv	a1, s6
   1c7e8: 4a e1        	sd	s2, 0x80(sp)
   1c7ea: f6 e8        	sd	t4, 0x50(sp)
   1c7ec: be e4        	sd	a5, 0x48(sp)
   1c7ee: 1a f4        	sd	t1, 0x28(sp)
   1c7f0: 7a f0        	sd	t5, 0x20(sp)
   1c7f2: 36 ec        	sd	a3, 0x18(sp)
   1c7f4: 46 e8        	sd	a7, 0x10(sp)
   1c7f6: ef f0 4f c7  	jal	0x1bc6a <__ssprint_r>
   1c7fa: 66 54        	lw	s0, 0x78(sp)
   1c7fc: 0a 69        	ld	s2, 0x80(sp)
   1c7fe: 63 1f 05 f4  	bnez	a0, 0x1bf5c <_svfiprintf_r+0x18c>
   1c802: 66 67        	ld	a4, 0x58(sp)
   1c804: c2 68        	ld	a7, 0x10(sp)
   1c806: e2 66        	ld	a3, 0x18(sp)
   1c808: 02 7f        	ld	t5, 0x20(sp)
   1c80a: 22 73        	ld	t1, 0x28(sp)
   1c80c: a6 67        	ld	a5, 0x48(sp)
   1c80e: c6 6e        	ld	t4, 0x50(sp)
   1c810: de 84        	mv	s1, s7
   1c812: 63 09 07 ee  	beqz	a4, 0x1bf04 <_svfiprintf_r+0x134>
   1c816: 09 46        	li	a2, 0x2
   1c818: ac 10        	addi	a1, sp, 0x68
   1c81a: 8c e0        	sd	a1, 0x0(s1)
   1c81c: 90 e4        	sd	a2, 0x8(s1)
   1c81e: 05 24        	addiw	s0, s0, 0x1
   1c820: 32 99        	add	s2, s2, a2
   1c822: c1 04        	addi	s1, s1, 0x10
   1c824: 63 d0 8a ee  	bge	s5, s0, 0x1bf04 <_svfiprintf_r+0x134>
   1c828: 6d bc        	j	0x1c2e2 <_svfiprintf_r+0x512>
   1c82a: 93 f8 f8 bf  	andi	a7, a7, -0x401
   1c82e: 9b 87 08 00  	sext.w	a5, a7
   1c832: 85 b6        	j	0x1c392 <_svfiprintf_r+0x5c2>
   1c834: fa ec        	sd	t5, 0x58(sp)
   1c836: 01 4f        	li	t5, 0x0
   1c838: 65 b7        	j	0x1c7e0 <_svfiprintf_r+0xa10>
   1c83a: 63 06 0f 34  	beqz	t5, 0x1cb86 <_svfiprintf_r+0xdb6>
   1c83e: 09 46        	li	a2, 0x2
   1c840: ac 10        	addi	a1, sp, 0x68
   1c842: 90 ec        	sd	a2, 0x18(s1)
   1c844: 8c e8        	sd	a1, 0x10(s1)
   1c846: 09 24        	addiw	s0, s0, 0x2
   1c848: 21 46        	li	a2, 0x8
   1c84a: 13 09 28 00  	addi	s2, a6, 0x2
   1c84e: 93 84 04 02  	addi	s1, s1, 0x20
   1c852: 63 11 c4 ec  	bne	s0, a2, 0x1bf14 <_svfiprintf_r+0x144>
   1c856: 01 4f        	li	t5, 0x0
   1c858: 69 b4        	j	0x1c2e2 <_svfiprintf_r+0x512>
   1c85a: be 88        	mv	a7, a5
   1c85c: 39 be        	j	0x1c37a <_svfiprintf_r+0x5aa>
   1c85e: 3e 86        	mv	a2, a5
   1c860: 91 b2        	j	0x1c1a4 <_svfiprintf_r+0x3d4>
   1c862: 3e 85        	mv	a0, a5
   1c864: a5 be        	j	0x1c3dc <_svfiprintf_r+0x60c>
   1c866: 9a 88        	mv	a7, t1
   1c868: aa 8c        	mv	s9, a0
   1c86a: 6f f0 2f e7  	j	0x1bedc <_svfiprintf_r+0x10c>
   1c86e: fd 59        	li	s3, -0x1
   1c870: c2 8d        	mv	s11, a6
   1c872: 6f f0 0f e1  	j	0x1be82 <_svfiprintf_r+0xb2>
   1c876: b2 87        	mv	a5, a2
   1c878: b9 b2        	j	0x1c1c6 <_svfiprintf_r+0x3f6>
   1c87a: 93 f5 07 02  	andi	a1, a5, 0x20
   1c87e: 17 25 00 00  	auipc	a0, 0x2
   1c882: 13 05 a5 49  	addi	a0, a0, 0x49a
   1c886: 13 88 8e 00  	addi	a6, t4, 0x8
   1c88a: b9 ed        	bnez	a1, 0x1c8e8 <_svfiprintf_r+0xb18>
   1c88c: 93 f5 07 01  	andi	a1, a5, 0x10
   1c890: a1 ed        	bnez	a1, 0x1c8e8 <_svfiprintf_r+0xb18>
   1c892: 93 f8 07 04  	andi	a7, a5, 0x40
   1c896: 83 a5 0e 00  	lw	a1, 0x0(t4)
   1c89a: 63 8b 08 32  	beqz	a7, 0x1cbd0 <_svfiprintf_r+0xe00>
   1c89e: c2 15        	slli	a1, a1, 0x30
   1c8a0: c1 91        	srli	a1, a1, 0x30
   1c8a2: 93 f8 17 00  	andi	a7, a5, 0x1
   1c8a6: 63 87 08 04  	beqz	a7, 0x1c8f4 <_svfiprintf_r+0xb24>
   1c8aa: 63 9d 05 20  	bnez	a1, 0x1cac4 <_svfiprintf_r+0xcf4>
   1c8ae: a3 03 01 06  	sb	zero, 0x67(sp)
   1c8b2: 63 cc 09 32  	bltz	s3, 0x1cbea <_svfiprintf_r+0xe1a>
   1c8b6: 93 f7 f7 b7  	andi	a5, a5, -0x481
   1c8ba: 81 27        	sext.w	a5, a5
   1c8bc: 63 8c 09 22  	beqz	s3, 0x1caf4 <_svfiprintf_r+0xd24>
   1c8c0: 03 46 05 00  	lbu	a2, 0x0(a0)
   1c8c4: 46 83        	mv	t1, a7
   1c8c6: c2 8e        	mv	t4, a6
   1c8c8: a3 05 c1 0e  	sb	a2, 0xeb(sp)
   1c8cc: ce 88        	mv	a7, s3
   1c8ce: 93 0c b1 0e  	addi	s9, sp, 0xeb
   1c8d2: 6f f0 af e0  	j	0x1bedc <_svfiprintf_r+0x10c>
   1c8d6: 93 f5 07 02  	andi	a1, a5, 0x20
   1c8da: 17 25 00 00  	auipc	a0, 0x2
   1c8de: 13 05 65 42  	addi	a0, a0, 0x426
   1c8e2: 13 88 8e 00  	addi	a6, t4, 0x8
   1c8e6: dd d1        	beqz	a1, 0x1c88c <_svfiprintf_r+0xabc>
   1c8e8: 93 f8 17 00  	andi	a7, a5, 0x1
   1c8ec: 83 b5 0e 00  	ld	a1, 0x0(t4)
   1c8f0: e3 9d 08 fa  	bnez	a7, 0x1c8aa <_svfiprintf_r+0xada>
   1c8f4: a3 03 01 06  	sb	zero, 0x67(sp)
   1c8f8: 63 c8 09 12  	bltz	s3, 0x1ca28 <_svfiprintf_r+0xc58>
   1c8fc: 93 f7 f7 b7  	andi	a5, a5, -0x481
   1c900: 81 27        	sext.w	a5, a5
   1c902: 63 91 05 1e  	bnez	a1, 0x1cae4 <_svfiprintf_r+0xd14>
   1c906: 63 8c 09 2c  	beqz	s3, 0x1cbde <_svfiprintf_r+0xe0e>
   1c90a: 03 46 05 00  	lbu	a2, 0x0(a0)
   1c90e: c2 8e        	mv	t4, a6
   1c910: ce 88        	mv	a7, s3
   1c912: a3 05 c1 0e  	sb	a2, 0xeb(sp)
   1c916: 05 43        	li	t1, 0x1
   1c918: 93 0c b1 0e  	addi	s9, sp, 0xeb
   1c91c: 6f f0 0f dc  	j	0x1bedc <_svfiprintf_r+0x10c>
   1c920: 83 45 71 06  	lbu	a1, 0x67(sp)
   1c924: 1a 86        	mv	a2, t1
   1c926: 9b 08 06 00  	sext.w	a7, a2
   1c92a: e3 9d 05 b4  	bnez	a1, 0x1c484 <_svfiprintf_r+0x6b4>
   1c92e: 6f f0 ef da  	j	0x1bedc <_svfiprintf_r+0x10c>
   1c932: 66 85        	mv	a0, s9
   1c934: ef 40 0f b5  	jal	0x10c84 <strlen>
   1c938: 1b 03 05 00  	sext.w	t1, a0
   1c93c: c2 66        	ld	a3, 0x10(sp)
   1c93e: e2 6e        	ld	t4, 0x18(sp)
   1c940: 82 77        	ld	a5, 0x20(sp)
   1c942: 1a 86        	mv	a2, t1
   1c944: 63 53 03 00  	bgez	t1, 0x1c94a <_svfiprintf_r+0xb7a>
   1c948: 01 46        	li	a2, 0x0
   1c94a: 83 45 71 06  	lbu	a1, 0x67(sp)
   1c94e: b2 88        	mv	a7, a2
   1c950: 63 85 05 1e  	beqz	a1, 0x1cb3a <_svfiprintf_r+0xd6a>
   1c954: 9b 08 16 00  	addiw	a7, a2, 0x1
   1c958: 81 49        	li	s3, 0x0
   1c95a: 6f f0 2f d8  	j	0x1bedc <_svfiprintf_r+0x10c>
   1c95e: 63 8d 09 2a  	beqz	s3, 0x1cc18 <_svfiprintf_r+0xe48>
   1c962: 13 06 00 03  	li	a2, 0x30
   1c966: a3 05 c1 0e  	sb	a2, 0xeb(sp)
   1c96a: c2 8e        	mv	t4, a6
   1c96c: 4e 86        	mv	a2, s3
   1c96e: 05 43        	li	t1, 0x1
   1c970: 93 0c b1 0e  	addi	s9, sp, 0xeb
   1c974: a1 b2        	j	0x1c2bc <_svfiprintf_r+0x4ec>
   1c976: 93 05 00 04  	li	a1, 0x40
   1c97a: 32 e4        	sd	a2, 0x8(sp)
   1c97c: ef 90 1f b1  	jal	0x1648c <_malloc_r>
   1c980: 23 30 ab 00  	sd	a0, 0x0(s6)
   1c984: 23 3c ab 00  	sd	a0, 0x18(s6)
   1c988: 22 67        	ld	a4, 0x8(sp)
   1c98a: 63 08 05 34  	beqz	a0, 0x1ccda <_svfiprintf_r+0xf0a>
   1c98e: a2 eb        	sd	s0, 0x1d0(sp)
   1c990: a6 e7        	sd	s1, 0x1c8(sp)
   1c992: ca e3        	sd	s2, 0x1c0(sp)
   1c994: 4e ff        	sd	s3, 0x1b8(sp)
   1c996: 52 fb        	sd	s4, 0x1b0(sp)
   1c998: 56 f7        	sd	s5, 0x1a8(sp)
   1c99a: 5e ef        	sd	s7, 0x198(sp)
   1c99c: 62 eb        	sd	s8, 0x190(sp)
   1c99e: 6a e3        	sd	s10, 0x180(sp)
   1c9a0: ee fe        	sd	s11, 0x178(sp)
   1c9a2: 93 07 00 04  	li	a5, 0x40
   1c9a6: 23 20 fb 02  	sw	a5, 0x20(s6)
   1c9aa: 6f f0 af c5  	j	0x1be04 <_svfiprintf_r+0x34>
   1c9ae: 42 76        	ld	a2, 0x30(sp)
   1c9b0: 86 65        	ld	a1, 0x40(sp)
   1c9b2: 9a ec        	sd	t1, 0x58(sp)
   1c9b4: b3 83 cc 40  	sub	t2, s9, a2
   1c9b8: 1e 85        	mv	a0, t2
   1c9ba: f6 e8        	sd	t4, 0x50(sp)
   1c9bc: 96 e4        	sd	t0, 0x48(sp)
   1c9be: 42 fc        	sd	a6, 0x38(sp)
   1c9c0: 3e f4        	sd	a5, 0x28(sp)
   1c9c2: 36 f0        	sd	a3, 0x20(sp)
   1c9c4: 7e ec        	sd	t6, 0x18(sp)
   1c9c6: 1e e8        	sd	t2, 0x10(sp)
   1c9c8: ef b0 2f f6  	jal	0x1812a <strncpy>
   1c9cc: 97 57 00 00  	auipc	a5, 0x5
   1c9d0: 93 87 47 2e  	addi	a5, a5, 0x2e4
   1c9d4: 83 b8 07 00  	ld	a7, 0x0(a5)
   1c9d8: 62 78        	ld	a6, 0x38(sp)
   1c9da: e2 6f        	ld	t6, 0x18(sp)
   1c9dc: c2 63        	ld	t2, 0x10(sp)
   1c9de: 33 38 18 03  	mulhu	a6, a6, a7
   1c9e2: 03 c7 1f 00  	lbu	a4, 0x1(t6)
   1c9e6: 82 76        	ld	a3, 0x20(sp)
   1c9e8: a2 77        	ld	a5, 0x28(sp)
   1c9ea: 33 37 e0 00  	snez	a4, a4
   1c9ee: ba 9f        	add	t6, t6, a4
   1c9f0: a6 62        	ld	t0, 0x48(sp)
   1c9f2: c6 6e        	ld	t4, 0x50(sp)
   1c9f4: 66 63        	ld	t1, 0x58(sp)
   1c9f6: 93 8c f3 ff  	addi	s9, t2, -0x1
   1c9fa: 13 58 38 00  	srli	a6, a6, 0x3
   1c9fe: 33 36 18 03  	mulhu	a2, a6, a7
   1ca02: 85 45        	li	a1, 0x1
   1ca04: 13 0f f0 0f  	li	t5, 0xff
   1ca08: 25 4e        	li	t3, 0x9
   1ca0a: 0d 82        	srli	a2, a2, 0x3
   1ca0c: 13 17 26 00  	slli	a4, a2, 0x2
   1ca10: 32 97        	add	a4, a4, a2
   1ca12: 06 07        	slli	a4, a4, 0x1
   1ca14: 33 07 e8 40  	sub	a4, a6, a4
   1ca18: 1b 07 07 03  	addiw	a4, a4, 0x30
   1ca1c: a3 8f e3 fe  	sb	a4, -0x1(t2)
   1ca20: 35 bc        	j	0x1c45c <_svfiprintf_r+0x68c>
   1ca22: 93 e7 27 00  	ori	a5, a5, 0x2
   1ca26: 81 27        	sext.w	a5, a5
   1ca28: 13 f6 f5 00  	andi	a2, a1, 0xf
   1ca2c: 2a 96        	add	a2, a2, a0
   1ca2e: 13 f3 f7 bf  	andi	t1, a5, -0x401
   1ca32: 93 f8 27 00  	andi	a7, a5, 0x2
   1ca36: 03 46 06 00  	lbu	a2, 0x0(a2)
   1ca3a: c2 8e        	mv	t4, a6
   1ca3c: 9b 07 03 00  	sext.w	a5, t1
   1ca40: 89 b0        	j	0x1c282 <_svfiprintf_r+0x4b2>
   1ca42: e3 98 09 94  	bnez	s3, 0x1c392 <_svfiprintf_r+0x5c2>
   1ca46: 93 f8 18 00  	andi	a7, a7, 0x1
   1ca4a: 63 8b 08 00  	beqz	a7, 0x1ca60 <_svfiprintf_r+0xc90>
   1ca4e: 13 06 00 03  	li	a2, 0x30
   1ca52: a3 05 c1 0e  	sb	a2, 0xeb(sp)
   1ca56: 46 83        	mv	t1, a7
   1ca58: 93 0c b1 0e  	addi	s9, sp, 0xeb
   1ca5c: 6f f0 0f c8  	j	0x1bedc <_svfiprintf_r+0x10c>
   1ca60: 01 43        	li	t1, 0x0
   1ca62: 93 0c c1 0e  	addi	s9, sp, 0xec
   1ca66: 6f f0 6f c7  	j	0x1bedc <_svfiprintf_r+0x10c>
   1ca6a: 02 65        	ld	a0, 0x0(sp)
   1ca6c: 90 18        	addi	a2, sp, 0x70
   1ca6e: da 85        	mv	a1, s6
   1ca70: f2 dc        	sw	t3, 0x78(sp)
   1ca72: 42 e1        	sd	a6, 0x80(sp)
   1ca74: f6 e8        	sd	t4, 0x50(sp)
   1ca76: be e4        	sd	a5, 0x48(sp)
   1ca78: 1a f4        	sd	t1, 0x28(sp)
   1ca7a: 7a f0        	sd	t5, 0x20(sp)
   1ca7c: 36 ec        	sd	a3, 0x18(sp)
   1ca7e: 46 e8        	sd	a7, 0x10(sp)
   1ca80: b2 ec        	sd	a2, 0x58(sp)
   1ca82: ef f0 8f 9e  	jal	0x1bc6a <__ssprint_r>
   1ca86: 66 5e        	lw	t3, 0x78(sp)
   1ca88: 0a 68        	ld	a6, 0x80(sp)
   1ca8a: 63 19 05 cc  	bnez	a0, 0x1bf5c <_svfiprintf_r+0x18c>
   1ca8e: 83 45 71 06  	lbu	a1, 0x67(sp)
   1ca92: c2 68        	ld	a7, 0x10(sp)
   1ca94: e2 66        	ld	a3, 0x18(sp)
   1ca96: 02 7f        	ld	t5, 0x20(sp)
   1ca98: 22 73        	ld	t1, 0x28(sp)
   1ca9a: a6 67        	ld	a5, 0x48(sp)
   1ca9c: c6 6e        	ld	t4, 0x50(sp)
   1ca9e: f5 e1        	bnez	a1, 0x1cb82 <_svfiprintf_r+0xdb2>
   1caa0: 63 0e 0f 1a  	beqz	t5, 0x1cc5c <_svfiprintf_r+0xe8c>
   1caa4: 89 45        	li	a1, 0x2
   1caa6: a8 10        	addi	a0, sp, 0x68
   1caa8: ae fd        	sd	a1, 0xf8(sp)
   1caaa: aa f9        	sd	a0, 0xf0(sp)
   1caac: 99 45        	li	a1, 0x6
   1caae: 66 66        	ld	a2, 0x58(sp)
   1cab0: 13 09 28 00  	addi	s2, a6, 0x2
   1cab4: 1b 04 1e 00  	addiw	s0, t3, 0x1
   1cab8: 04 02        	addi	s1, sp, 0x100
   1caba: 63 dd c5 c5  	bge	a1, t3, 0x1bf14 <_svfiprintf_r+0x144>
   1cabe: 01 4f        	li	t5, 0x0
   1cac0: 6f f0 5f 82  	j	0x1c2e4 <_svfiprintf_r+0x514>
   1cac4: 93 08 00 03  	li	a7, 0x30
   1cac8: a3 04 c1 06  	sb	a2, 0x69(sp)
   1cacc: a3 03 01 06  	sb	zero, 0x67(sp)
   1cad0: 23 04 11 07  	sb	a7, 0x68(sp)
   1cad4: e3 c7 09 f4  	bltz	s3, 0x1ca22 <_svfiprintf_r+0xc52>
   1cad8: 93 f7 f7 b7  	andi	a5, a5, -0x481
   1cadc: 81 27        	sext.w	a5, a5
   1cade: 93 e7 27 00  	ori	a5, a5, 0x2
   1cae2: 89 48        	li	a7, 0x2
   1cae4: 13 f6 f5 00  	andi	a2, a1, 0xf
   1cae8: 2a 96        	add	a2, a2, a0
   1caea: 03 46 06 00  	lbu	a2, 0x0(a2)
   1caee: c2 8e        	mv	t4, a6
   1caf0: 6f f0 2f f9  	j	0x1c282 <_svfiprintf_r+0x4b2>
   1caf4: c2 8e        	mv	t4, a6
   1caf6: 01 43        	li	t1, 0x0
   1caf8: 81 48        	li	a7, 0x0
   1cafa: 93 0c c1 0e  	addi	s9, sp, 0xec
   1cafe: 6f f0 ef bd  	j	0x1bedc <_svfiprintf_r+0x10c>
   1cb02: 13 f6 f5 00  	andi	a2, a1, 0xf
   1cb06: 17 25 00 00  	auipc	a0, 0x2
   1cb0a: 13 05 a5 1f  	addi	a0, a0, 0x1fa
   1cb0e: 2a 96        	add	a2, a2, a0
   1cb10: 83 48 06 00  	lbu	a7, 0x0(a2)
   1cb14: 93 e7 27 00  	ori	a5, a5, 0x2
   1cb18: 13 d6 45 00  	srli	a2, a1, 0x4
   1cb1c: a3 05 11 0f  	sb	a7, 0xeb(sp)
   1cb20: 81 27        	sext.w	a5, a5
   1cb22: c2 8e        	mv	t4, a6
   1cb24: 89 48        	li	a7, 0x2
   1cb26: 63 14 06 f6  	bnez	a2, 0x1c28e <_svfiprintf_r+0x4be>
   1cb2a: 05 46        	li	a2, 0x1
   1cb2c: 32 83        	mv	t1, a2
   1cb2e: 93 0c b1 0e  	addi	s9, sp, 0xeb
   1cb32: 6f f0 af f8  	j	0x1c2bc <_svfiprintf_r+0x4ec>
   1cb36: 4e 83        	mv	t1, s3
   1cb38: ce 88        	mv	a7, s3
   1cb3a: 81 49        	li	s3, 0x0
   1cb3c: 6f f0 0f ba  	j	0x1bedc <_svfiprintf_r+0x10c>
   1cb40: 93 e7 07 20  	ori	a5, a5, 0x200
   1cb44: 03 c6 1d 00  	lbu	a2, 0x1(s11)
   1cb48: 81 27        	sext.w	a5, a5
   1cb4a: 85 0d        	addi	s11, s11, 0x1
   1cb4c: 6f f0 4f b3  	j	0x1be80 <_svfiprintf_r+0xb0>
   1cb50: 93 e7 07 02  	ori	a5, a5, 0x20
   1cb54: 03 c6 1d 00  	lbu	a2, 0x1(s11)
   1cb58: 81 27        	sext.w	a5, a5
   1cb5a: 85 0d        	addi	s11, s11, 0x1
   1cb5c: 6f f0 4f b2  	j	0x1be80 <_svfiprintf_r+0xb0>
   1cb60: 19 46        	li	a2, 0x6
   1cb62: 9b 88 09 00  	sext.w	a7, s3
   1cb66: 63 73 36 01  	bgeu	a2, s3, 0x1cb6c <_svfiprintf_r+0xd9c>
   1cb6a: b2 88        	mv	a7, a2
   1cb6c: 46 83        	mv	t1, a7
   1cb6e: 81 49        	li	s3, 0x0
   1cb70: 97 2c 00 00  	auipc	s9, 0x2
   1cb74: 93 8c 0c 1c  	addi	s9, s9, 0x1c0
   1cb78: 6f f0 4f b6  	j	0x1bedc <_svfiprintf_r+0x10c>
   1cb7c: 2a 84        	mv	s0, a0
   1cb7e: 6f f0 6f b9  	j	0x1bf14 <_svfiprintf_r+0x144>
   1cb82: 5e 86        	mv	a2, s7
   1cb84: 7d b4        	j	0x1c632 <_svfiprintf_r+0x862>
   1cb86: 42 89        	mv	s2, a6
   1cb88: 72 84        	mv	s0, t3
   1cb8a: b2 84        	mv	s1, a2
   1cb8c: 6f f0 8f b8  	j	0x1bf14 <_svfiprintf_r+0x144>
   1cb90: 13 f6 07 20  	andi	a2, a5, 0x200
   1cb94: 61 c2        	beqz	a2, 0x1cc54 <_svfiprintf_r+0xe84>
   1cb96: 1b 18 88 01  	slliw	a6, a6, 0x18
   1cb9a: 1b 58 88 41  	sraiw	a6, a6, 0x18
   1cb9e: ae 8e        	mv	t4, a1
   1cba0: 42 86        	mv	a2, a6
   1cba2: 6f f0 2f c6  	j	0x1c004 <_svfiprintf_r+0x234>
   1cba6: 13 f6 07 20  	andi	a2, a5, 0x200
   1cbaa: a3 03 01 06  	sb	zero, 0x67(sp)
   1cbae: 59 ca        	beqz	a2, 0x1cc44 <_svfiprintf_r+0xe74>
   1cbb0: 13 78 f8 0f  	andi	a6, a6, 0xff
   1cbb4: 63 d8 09 e6  	bgez	s3, 0x1c224 <_svfiprintf_r+0x454>
   1cbb8: ae 8e        	mv	t4, a1
   1cbba: 6f f0 cf e0  	j	0x1c1c6 <_svfiprintf_r+0x3f6>
   1cbbe: 13 f5 07 20  	andi	a0, a5, 0x200
   1cbc2: 3d c9        	beqz	a0, 0x1cc38 <_svfiprintf_r+0xe68>
   1cbc4: 13 76 f6 0f  	andi	a2, a2, 0xff
   1cbc8: ae 8e        	mv	t4, a1
   1cbca: be 88        	mv	a7, a5
   1cbcc: 6f f0 4f fb  	j	0x1c380 <_svfiprintf_r+0x5b0>
   1cbd0: 93 f8 07 20  	andi	a7, a5, 0x200
   1cbd4: 63 8f 08 04  	beqz	a7, 0x1cc32 <_svfiprintf_r+0xe62>
   1cbd8: 93 f5 f5 0f  	andi	a1, a1, 0xff
   1cbdc: d9 b1        	j	0x1c8a2 <_svfiprintf_r+0xad2>
   1cbde: c2 8e        	mv	t4, a6
   1cbe0: 01 43        	li	t1, 0x0
   1cbe2: 93 0c c1 0e  	addi	s9, sp, 0xec
   1cbe6: 6f f0 6f af  	j	0x1bedc <_svfiprintf_r+0x10c>
   1cbea: 03 46 05 00  	lbu	a2, 0x0(a0)
   1cbee: 93 f7 f7 bf  	andi	a5, a5, -0x401
   1cbf2: 81 27        	sext.w	a5, a5
   1cbf4: a3 05 c1 0e  	sb	a2, 0xeb(sp)
   1cbf8: c2 8e        	mv	t4, a6
   1cbfa: 46 83        	mv	t1, a7
   1cbfc: 93 0c b1 0e  	addi	s9, sp, 0xeb
   1cc00: 6f f0 cf ad  	j	0x1bedc <_svfiprintf_r+0x10c>
   1cc04: 83 45 71 06  	lbu	a1, 0x67(sp)
   1cc08: cd c1        	beqz	a1, 0x1ccaa <_svfiprintf_r+0xeda>
   1cc0a: b2 87        	mv	a5, a2
   1cc0c: 01 43        	li	t1, 0x0
   1cc0e: 93 0c c1 0e  	addi	s9, sp, 0xec
   1cc12: 85 48        	li	a7, 0x1
   1cc14: 6f f0 8f ac  	j	0x1bedc <_svfiprintf_r+0x10c>
   1cc18: c2 8e        	mv	t4, a6
   1cc1a: 01 43        	li	t1, 0x0
   1cc1c: 01 46        	li	a2, 0x0
   1cc1e: 93 0c c1 0e  	addi	s9, sp, 0xec
   1cc22: 6f f0 af e9  	j	0x1c2bc <_svfiprintf_r+0x4ec>
   1cc26: a2 67        	ld	a5, 0x8(sp)
   1cc28: a1 0e        	addi	t4, t4, 0x8
   1cc2a: 23 10 f6 00  	sh	a5, 0x0(a2)
   1cc2e: 6f f0 ef 9f  	j	0x1be2c <_svfiprintf_r+0x5c>
   1cc32: 82 15        	slli	a1, a1, 0x20
   1cc34: 81 91        	srli	a1, a1, 0x20
   1cc36: b5 b1        	j	0x1c8a2 <_svfiprintf_r+0xad2>
   1cc38: 02 16        	slli	a2, a2, 0x20
   1cc3a: 01 92        	srli	a2, a2, 0x20
   1cc3c: ae 8e        	mv	t4, a1
   1cc3e: be 88        	mv	a7, a5
   1cc40: 6f f0 0f f4  	j	0x1c380 <_svfiprintf_r+0x5b0>
   1cc44: 02 18        	slli	a6, a6, 0x20
   1cc46: 13 58 08 02  	srli	a6, a6, 0x20
   1cc4a: 63 dd 09 dc  	bgez	s3, 0x1c224 <_svfiprintf_r+0x454>
   1cc4e: ae 8e        	mv	t4, a1
   1cc50: 6f f0 6f d7  	j	0x1c1c6 <_svfiprintf_r+0x3f6>
   1cc54: ae 8e        	mv	t4, a1
   1cc56: 42 86        	mv	a2, a6
   1cc58: 6f f0 cf ba  	j	0x1c004 <_svfiprintf_r+0x234>
   1cc5c: 42 89        	mv	s2, a6
   1cc5e: 72 84        	mv	s0, t3
   1cc60: de 84        	mv	s1, s7
   1cc62: 6f f0 2f ab  	j	0x1bf14 <_svfiprintf_r+0x144>
   1cc66: 02 65        	ld	a0, 0x0(sp)
   1cc68: 90 18        	addi	a2, sp, 0x70
   1cc6a: da 85        	mv	a1, s6
   1cc6c: a2 dc        	sw	s0, 0x78(sp)
   1cc6e: 4a e1        	sd	s2, 0x80(sp)
   1cc70: ef e0 bf ff  	jal	0x1bc6a <__ssprint_r>
   1cc74: 6f f0 8f ae  	j	0x1bf5c <_svfiprintf_r+0x18c>
   1cc78: e3 0f 06 ea  	beqz	a2, 0x1cb36 <_svfiprintf_r+0xd66>
   1cc7c: 9b 88 19 00  	addiw	a7, s3, 0x1
   1cc80: 4e 83        	mv	t1, s3
   1cc82: 81 49        	li	s3, 0x0
   1cc84: 6f f0 8f a5  	j	0x1bedc <_svfiprintf_r+0x10c>
   1cc88: a2 67        	ld	a5, 0x8(sp)
   1cc8a: a1 0e        	addi	t4, t4, 0x8
   1cc8c: 1c c2        	sw	a5, 0x0(a2)
   1cc8e: 6f f0 ef 99  	j	0x1be2c <_svfiprintf_r+0x5c>
   1cc92: 03 a7 0e 00  	lw	a4, 0x0(t4)
   1cc96: a1 0e        	addi	t4, t4, 0x8
   1cc98: ba 89        	mv	s3, a4
   1cc9a: 63 53 07 00  	bgez	a4, 0x1cca0 <_svfiprintf_r+0xed0>
   1cc9e: fd 59        	li	s3, -0x1
   1cca0: 03 c6 1d 00  	lbu	a2, 0x1(s11)
   1cca4: c2 8d        	mv	s11, a6
   1cca6: 6f f0 af 9d  	j	0x1be80 <_svfiprintf_r+0xb0>
   1ccaa: 13 ff 47 00  	andi	t5, a5, 0x4
   1ccae: 01 43        	li	t1, 0x0
   1ccb0: b2 87        	mv	a5, a2
   1ccb2: 81 48        	li	a7, 0x0
   1ccb4: 63 14 0f 00  	bnez	t5, 0x1ccbc <_svfiprintf_r+0xeec>
   1ccb8: 63 4a d0 00  	bgtz	a3, 0x1cccc <_svfiprintf_r+0xefc>
   1ccbc: 93 0c c1 0e  	addi	s9, sp, 0xec
   1ccc0: 6f f0 cf a5  	j	0x1bf1c <_svfiprintf_r+0x14c>
   1ccc4: 93 0c b1 0e  	addi	s9, sp, 0xeb
   1ccc8: 6f f0 ef dd  	j	0x1c2a6 <_svfiprintf_r+0x4d6>
   1cccc: 36 88        	mv	a6, a3
   1ccce: 93 0c c1 0e  	addi	s9, sp, 0xec
   1ccd2: d9 b0        	j	0x1c598 <_svfiprintf_r+0x7c8>
   1ccd4: b2 88        	mv	a7, a2
   1ccd6: 6f f0 6f a0  	j	0x1bedc <_svfiprintf_r+0x10c>
   1ccda: 02 67        	ld	a4, 0x0(sp)
   1ccdc: b1 47        	li	a5, 0xc
   1ccde: 1c c3        	sw	a5, 0x0(a4)
   1cce0: fd 57        	li	a5, -0x1
   1cce2: 3e e4        	sd	a5, 0x8(sp)
   1cce4: 6f f0 8f a9  	j	0x1bf7c <_svfiprintf_r+0x1ac>

000000000001cce8 <__swbuf_r>:
   1cce8: 79 71        	addi	sp, sp, -0x30
   1ccea: 22 f0        	sd	s0, 0x20(sp)
   1ccec: 26 ec        	sd	s1, 0x18(sp)
   1ccee: 4a e8        	sd	s2, 0x10(sp)
   1ccf0: 06 f4        	sd	ra, 0x28(sp)
   1ccf2: 2a 89        	mv	s2, a0
   1ccf4: ae 84        	mv	s1, a1
   1ccf6: 32 84        	mv	s0, a2
   1ccf8: 19 c1        	beqz	a0, 0x1ccfe <__swbuf_r+0x16>
   1ccfa: 3c 49        	lw	a5, 0x50(a0)
   1ccfc: ed c7        	beqz	a5, 0x1cde6 <__swbuf_r+0xfe>
   1ccfe: 1c 54        	lw	a5, 0x28(s0)
   1cd00: 03 17 04 01  	lh	a4, 0x10(s0)
   1cd04: 5c c4        	sw	a5, 0xc(s0)
   1cd06: 93 77 87 00  	andi	a5, a4, 0x8
   1cd0a: b1 cb        	beqz	a5, 0x1cd5e <__swbuf_r+0x76>
   1cd0c: 1c 6c        	ld	a5, 0x18(s0)
   1cd0e: a1 cb        	beqz	a5, 0x1cd5e <__swbuf_r+0x76>
   1cd10: 4e e4        	sd	s3, 0x8(sp)
   1cd12: 93 16 27 03  	slli	a3, a4, 0x32
   1cd16: 93 f9 f4 0f  	andi	s3, s1, 0xff
   1cd1a: ce 84        	mv	s1, s3
   1cd1c: 89 65        	lui	a1, 0x2
   1cd1e: 63 d1 06 06  	bgez	a3, 0x1cd80 <__swbuf_r+0x98>
   1cd22: 18 60        	ld	a4, 0x0(s0)
   1cd24: 14 50        	lw	a3, 0x20(s0)
   1cd26: bb 07 f7 40  	subw	a5, a4, a5
   1cd2a: 63 db d7 06  	bge	a5, a3, 0x1cda0 <__swbuf_r+0xb8>
   1cd2e: 54 44        	lw	a3, 0xc(s0)
   1cd30: 13 06 17 00  	addi	a2, a4, 0x1
   1cd34: 10 e0        	sd	a2, 0x0(s0)
   1cd36: fd 36        	addiw	a3, a3, -0x1
   1cd38: 54 c4        	sw	a3, 0xc(s0)
   1cd3a: 23 00 37 01  	sb	s3, 0x0(a4)
   1cd3e: 18 50        	lw	a4, 0x20(s0)
   1cd40: 85 27        	addiw	a5, a5, 0x1
   1cd42: 63 01 f7 08  	beq	a4, a5, 0x1cdc4 <__swbuf_r+0xdc>
   1cd46: 83 57 04 01  	lhu	a5, 0x10(s0)
   1cd4a: 85 8b        	andi	a5, a5, 0x1
   1cd4c: c1 e7        	bnez	a5, 0x1cdd4 <__swbuf_r+0xec>
   1cd4e: a2 69        	ld	s3, 0x8(sp)
   1cd50: a2 70        	ld	ra, 0x28(sp)
   1cd52: 02 74        	ld	s0, 0x20(sp)
   1cd54: 42 69        	ld	s2, 0x10(sp)
   1cd56: 26 85        	mv	a0, s1
   1cd58: e2 64        	ld	s1, 0x18(sp)
   1cd5a: 45 61        	addi	sp, sp, 0x30
   1cd5c: 82 80        	ret
   1cd5e: a2 85        	mv	a1, s0
   1cd60: 4a 85        	mv	a0, s2
   1cd62: ef 60 2f a8  	jal	0x12fe4 <__swsetup_r>
   1cd66: 2d e5        	bnez	a0, 0x1cdd0 <__swbuf_r+0xe8>
   1cd68: 03 17 04 01  	lh	a4, 0x10(s0)
   1cd6c: 4e e4        	sd	s3, 0x8(sp)
   1cd6e: 93 f9 f4 0f  	andi	s3, s1, 0xff
   1cd72: 93 16 27 03  	slli	a3, a4, 0x32
   1cd76: 1c 6c        	ld	a5, 0x18(s0)
   1cd78: ce 84        	mv	s1, s3
   1cd7a: 89 65        	lui	a1, 0x2
   1cd7c: e3 c3 06 fa  	bltz	a3, 0x1cd22 <__swbuf_r+0x3a>
   1cd80: 83 26 04 0b  	lw	a3, 0xb0(s0)
   1cd84: 79 76        	lui	a2, 0xffffe
   1cd86: 4d 8f        	or	a4, a4, a1
   1cd88: 7d 16        	addi	a2, a2, -0x1
   1cd8a: f1 8e        	and	a3, a3, a2
   1cd8c: 23 18 e4 00  	sh	a4, 0x10(s0)
   1cd90: 18 60        	ld	a4, 0x0(s0)
   1cd92: 23 28 d4 0a  	sw	a3, 0xb0(s0)
   1cd96: 14 50        	lw	a3, 0x20(s0)
   1cd98: bb 07 f7 40  	subw	a5, a4, a5
   1cd9c: e3 c9 d7 f8  	blt	a5, a3, 0x1cd2e <__swbuf_r+0x46>
   1cda0: a2 85        	mv	a1, s0
   1cda2: 4a 85        	mv	a0, s2
   1cda4: ef 60 af de  	jal	0x1338e <_fflush_r>
   1cda8: 1d e1        	bnez	a0, 0x1cdce <__swbuf_r+0xe6>
   1cdaa: 18 60        	ld	a4, 0x0(s0)
   1cdac: 54 44        	lw	a3, 0xc(s0)
   1cdae: 85 47        	li	a5, 0x1
   1cdb0: 13 06 17 00  	addi	a2, a4, 0x1
   1cdb4: fd 36        	addiw	a3, a3, -0x1
   1cdb6: 10 e0        	sd	a2, 0x0(s0)
   1cdb8: 54 c4        	sw	a3, 0xc(s0)
   1cdba: 23 00 37 01  	sb	s3, 0x0(a4)
   1cdbe: 18 50        	lw	a4, 0x20(s0)
   1cdc0: e3 13 f7 f8  	bne	a4, a5, 0x1cd46 <__swbuf_r+0x5e>
   1cdc4: a2 85        	mv	a1, s0
   1cdc6: 4a 85        	mv	a0, s2
   1cdc8: ef 60 6f dc  	jal	0x1338e <_fflush_r>
   1cdcc: 49 d1        	beqz	a0, 0x1cd4e <__swbuf_r+0x66>
   1cdce: a2 69        	ld	s3, 0x8(sp)
   1cdd0: fd 54        	li	s1, -0x1
   1cdd2: bd bf        	j	0x1cd50 <__swbuf_r+0x68>
   1cdd4: a9 47        	li	a5, 0xa
   1cdd6: e3 9c f4 f6  	bne	s1, a5, 0x1cd4e <__swbuf_r+0x66>
   1cdda: a2 85        	mv	a1, s0
   1cddc: 4a 85        	mv	a0, s2
   1cdde: ef 60 0f db  	jal	0x1338e <_fflush_r>
   1cde2: 35 d5        	beqz	a0, 0x1cd4e <__swbuf_r+0x66>
   1cde4: ed b7        	j	0x1cdce <__swbuf_r+0xe6>
   1cde6: ef 60 8f f6  	jal	0x1354e <__sinit>
   1cdea: 11 bf        	j	0x1ccfe <__swbuf_r+0x16>

000000000001cdec <__swbuf>:
   1cdec: aa 87        	mv	a5, a0
   1cdee: 03 b5 81 70  	ld	a0, 0x708(gp)
   1cdf2: 2e 86        	mv	a2, a1
   1cdf4: be 85        	mv	a1, a5
   1cdf6: 6f f0 3f ef  	j	0x1cce8 <__swbuf_r>

000000000001cdfa <_wcrtomb_r>:
   1cdfa: 79 71        	addi	sp, sp, -0x30
   1cdfc: 22 f0        	sd	s0, 0x20(sp)
   1cdfe: 26 ec        	sd	s1, 0x18(sp)
   1ce00: 06 f4        	sd	ra, 0x28(sp)
   1ce02: 83 b7 01 58  	ld	a5, 0x580(gp)
   1ce06: 2a 84        	mv	s0, a0
   1ce08: b6 84        	mv	s1, a3
   1ce0a: 91 c9        	beqz	a1, 0x1ce1e <_wcrtomb_r+0x24>
   1ce0c: 82 97        	jalr	a5
   1ce0e: fd 57        	li	a5, -0x1
   1ce10: 63 0d f5 00  	beq	a0, a5, 0x1ce2a <_wcrtomb_r+0x30>
   1ce14: a2 70        	ld	ra, 0x28(sp)
   1ce16: 02 74        	ld	s0, 0x20(sp)
   1ce18: e2 64        	ld	s1, 0x18(sp)
   1ce1a: 45 61        	addi	sp, sp, 0x30
   1ce1c: 82 80        	ret
   1ce1e: 01 46        	li	a2, 0x0
   1ce20: 8a 85        	mv	a1, sp
   1ce22: 82 97        	jalr	a5
   1ce24: fd 57        	li	a5, -0x1
   1ce26: e3 17 f5 fe  	bne	a0, a5, 0x1ce14 <_wcrtomb_r+0x1a>
   1ce2a: 23 a0 04 00  	sw	zero, 0x0(s1)
   1ce2e: 93 07 a0 08  	li	a5, 0x8a
   1ce32: a2 70        	ld	ra, 0x28(sp)
   1ce34: 1c c0        	sw	a5, 0x0(s0)
   1ce36: 02 74        	ld	s0, 0x20(sp)
   1ce38: e2 64        	ld	s1, 0x18(sp)
   1ce3a: 45 61        	addi	sp, sp, 0x30
   1ce3c: 82 80        	ret

000000000001ce3e <wcrtomb>:
   1ce3e: 79 71        	addi	sp, sp, -0x30
   1ce40: 22 f0        	sd	s0, 0x20(sp)
   1ce42: 26 ec        	sd	s1, 0x18(sp)
   1ce44: 06 f4        	sd	ra, 0x28(sp)
   1ce46: 83 b4 81 70  	ld	s1, 0x708(gp)
   1ce4a: 83 b7 01 58  	ld	a5, 0x580(gp)
   1ce4e: 32 84        	mv	s0, a2
   1ce50: 11 cd        	beqz	a0, 0x1ce6c <wcrtomb+0x2e>
   1ce52: 2e 86        	mv	a2, a1
   1ce54: a2 86        	mv	a3, s0
   1ce56: aa 85        	mv	a1, a0
   1ce58: 26 85        	mv	a0, s1
   1ce5a: 82 97        	jalr	a5
   1ce5c: fd 57        	li	a5, -0x1
   1ce5e: 63 0f f5 00  	beq	a0, a5, 0x1ce7c <wcrtomb+0x3e>
   1ce62: a2 70        	ld	ra, 0x28(sp)
   1ce64: 02 74        	ld	s0, 0x20(sp)
   1ce66: e2 64        	ld	s1, 0x18(sp)
   1ce68: 45 61        	addi	sp, sp, 0x30
   1ce6a: 82 80        	ret
   1ce6c: b2 86        	mv	a3, a2
   1ce6e: 8a 85        	mv	a1, sp
   1ce70: 01 46        	li	a2, 0x0
   1ce72: 26 85        	mv	a0, s1
   1ce74: 82 97        	jalr	a5
   1ce76: fd 57        	li	a5, -0x1
   1ce78: e3 15 f5 fe  	bne	a0, a5, 0x1ce62 <wcrtomb+0x24>
   1ce7c: 23 20 04 00  	sw	zero, 0x0(s0)
   1ce80: a2 70        	ld	ra, 0x28(sp)
   1ce82: 02 74        	ld	s0, 0x20(sp)
   1ce84: 93 07 a0 08  	li	a5, 0x8a
   1ce88: 9c c0        	sw	a5, 0x0(s1)
   1ce8a: e2 64        	ld	s1, 0x18(sp)
   1ce8c: 45 61        	addi	sp, sp, 0x30
   1ce8e: 82 80        	ret

000000000001ce90 <_wctomb_r>:
   1ce90: 83 b7 01 58  	ld	a5, 0x580(gp)
   1ce94: 82 87        	jr	a5

000000000001ce96 <__ascii_wctomb>:
   1ce96: 91 cd        	beqz	a1, 0x1ceb2 <__ascii_wctomb+0x1c>
   1ce98: 93 07 f0 0f  	li	a5, 0xff
   1ce9c: 63 e6 c7 00  	bltu	a5, a2, 0x1cea8 <__ascii_wctomb+0x12>
   1cea0: 23 80 c5 00  	sb	a2, 0x0(a1)
   1cea4: 05 45        	li	a0, 0x1
   1cea6: 82 80        	ret
   1cea8: 93 07 a0 08  	li	a5, 0x8a
   1ceac: 1c c1        	sw	a5, 0x0(a0)
   1ceae: 7d 55        	li	a0, -0x1
   1ceb0: 82 80        	ret
   1ceb2: 01 45        	li	a0, 0x0
   1ceb4: 82 80        	ret

000000000001ceb6 <abort>:
   1ceb6: 41 11        	addi	sp, sp, -0x10
   1ceb8: 19 45        	li	a0, 0x6
   1ceba: 06 e4        	sd	ra, 0x8(sp)
   1cebc: ef 00 00 1a  	jal	0x1d05c <raise>
   1cec0: 05 45        	li	a0, 0x1
   1cec2: ef 00 e0 3a  	jal	0x1d270 <_exit>

000000000001cec6 <_init_signal_r>:
   1cec6: 83 37 85 51  	ld	a5, 0x518(a0)
   1ceca: 99 c3        	beqz	a5, 0x1ced0 <_init_signal_r+0xa>
   1cecc: 01 45        	li	a0, 0x0
   1cece: 82 80        	ret
   1ced0: 41 11        	addi	sp, sp, -0x10
   1ced2: 93 05 00 10  	li	a1, 0x100
   1ced6: 22 e0        	sd	s0, 0x0(sp)
   1ced8: 06 e4        	sd	ra, 0x8(sp)
   1ceda: 2a 84        	mv	s0, a0
   1cedc: ef 90 0f db  	jal	0x1648c <_malloc_r>
   1cee0: 23 3c a4 50  	sd	a0, 0x518(s0)
   1cee4: 09 cd        	beqz	a0, 0x1cefe <_init_signal_r+0x38>
   1cee6: 93 07 05 10  	addi	a5, a0, 0x100
   1ceea: 23 30 05 00  	sd	zero, 0x0(a0)
   1ceee: 21 05        	addi	a0, a0, 0x8
   1cef0: e3 1d f5 fe  	bne	a0, a5, 0x1ceea <_init_signal_r+0x24>
   1cef4: 01 45        	li	a0, 0x0
   1cef6: a2 60        	ld	ra, 0x8(sp)
   1cef8: 02 64        	ld	s0, 0x0(sp)
   1cefa: 41 01        	addi	sp, sp, 0x10
   1cefc: 82 80        	ret
   1cefe: 7d 55        	li	a0, -0x1
   1cf00: dd bf        	j	0x1cef6 <_init_signal_r+0x30>

000000000001cf02 <_signal_r>:
   1cf02: 79 71        	addi	sp, sp, -0x30
   1cf04: 26 ec        	sd	s1, 0x18(sp)
   1cf06: 06 f4        	sd	ra, 0x28(sp)
   1cf08: fd 47        	li	a5, 0x1f
   1cf0a: aa 84        	mv	s1, a0
   1cf0c: 63 e0 b7 02  	bltu	a5, a1, 0x1cf2c <_signal_r+0x2a>
   1cf10: 83 37 85 51  	ld	a5, 0x518(a0)
   1cf14: 22 f0        	sd	s0, 0x20(sp)
   1cf16: 2e 84        	mv	s0, a1
   1cf18: 8d c3        	beqz	a5, 0x1cf3a <_signal_r+0x38>
   1cf1a: 0e 04        	slli	s0, s0, 0x3
   1cf1c: a2 97        	add	a5, a5, s0
   1cf1e: a2 70        	ld	ra, 0x28(sp)
   1cf20: 02 74        	ld	s0, 0x20(sp)
   1cf22: 88 63        	ld	a0, 0x0(a5)
   1cf24: 90 e3        	sd	a2, 0x0(a5)
   1cf26: e2 64        	ld	s1, 0x18(sp)
   1cf28: 45 61        	addi	sp, sp, 0x30
   1cf2a: 82 80        	ret
   1cf2c: d9 47        	li	a5, 0x16
   1cf2e: 1c c1        	sw	a5, 0x0(a0)
   1cf30: 7d 55        	li	a0, -0x1
   1cf32: a2 70        	ld	ra, 0x28(sp)
   1cf34: e2 64        	ld	s1, 0x18(sp)
   1cf36: 45 61        	addi	sp, sp, 0x30
   1cf38: 82 80        	ret
   1cf3a: 93 05 00 10  	li	a1, 0x100
   1cf3e: 32 e4        	sd	a2, 0x8(sp)
   1cf40: ef 90 cf d4  	jal	0x1648c <_malloc_r>
   1cf44: 23 bc a4 50  	sd	a0, 0x518(s1)
   1cf48: 22 66        	ld	a2, 0x8(sp)
   1cf4a: aa 87        	mv	a5, a0
   1cf4c: 2a 87        	mv	a4, a0
   1cf4e: 93 06 05 10  	addi	a3, a0, 0x100
   1cf52: 19 c5        	beqz	a0, 0x1cf60 <_signal_r+0x5e>
   1cf54: 23 30 07 00  	sd	zero, 0x0(a4)
   1cf58: 21 07        	addi	a4, a4, 0x8
   1cf5a: e3 1d d7 fe  	bne	a4, a3, 0x1cf54 <_signal_r+0x52>
   1cf5e: 75 bf        	j	0x1cf1a <_signal_r+0x18>
   1cf60: 02 74        	ld	s0, 0x20(sp)
   1cf62: 7d 55        	li	a0, -0x1
   1cf64: f9 b7        	j	0x1cf32 <_signal_r+0x30>

000000000001cf66 <_raise_r>:
   1cf66: 01 11        	addi	sp, sp, -0x20
   1cf68: 26 e4        	sd	s1, 0x8(sp)
   1cf6a: 06 ec        	sd	ra, 0x18(sp)
   1cf6c: fd 47        	li	a5, 0x1f
   1cf6e: aa 84        	mv	s1, a0
   1cf70: 63 ee b7 04  	bltu	a5, a1, 0x1cfcc <_raise_r+0x66>
   1cf74: 83 37 85 51  	ld	a5, 0x518(a0)
   1cf78: 22 e8        	sd	s0, 0x10(sp)
   1cf7a: 2e 84        	mv	s0, a1
   1cf7c: 95 c7        	beqz	a5, 0x1cfa8 <_raise_r+0x42>
   1cf7e: 13 97 35 00  	slli	a4, a1, 0x3
   1cf82: ba 97        	add	a5, a5, a4
   1cf84: 98 63        	ld	a4, 0x0(a5)
   1cf86: 0d c3        	beqz	a4, 0x1cfa8 <_raise_r+0x42>
   1cf88: 05 45        	li	a0, 0x1
   1cf8a: 63 09 a7 00  	beq	a4, a0, 0x1cf9c <_raise_r+0x36>
   1cf8e: fd 56        	li	a3, -0x1
   1cf90: 63 07 d7 02  	beq	a4, a3, 0x1cfbe <_raise_r+0x58>
   1cf94: 23 b0 07 00  	sd	zero, 0x0(a5)
   1cf98: 2e 85        	mv	a0, a1
   1cf9a: 02 97        	jalr	a4
   1cf9c: 42 64        	ld	s0, 0x10(sp)
   1cf9e: 01 45        	li	a0, 0x0
   1cfa0: e2 60        	ld	ra, 0x18(sp)
   1cfa2: a2 64        	ld	s1, 0x8(sp)
   1cfa4: 05 61        	addi	sp, sp, 0x20
   1cfa6: 82 80        	ret
   1cfa8: 26 85        	mv	a0, s1
   1cfaa: ef 00 e0 28  	jal	0x1d238 <_getpid_r>
   1cfae: 22 86        	mv	a2, s0
   1cfb0: 42 64        	ld	s0, 0x10(sp)
   1cfb2: e2 60        	ld	ra, 0x18(sp)
   1cfb4: aa 85        	mv	a1, a0
   1cfb6: 26 85        	mv	a0, s1
   1cfb8: a2 64        	ld	s1, 0x8(sp)
   1cfba: 05 61        	addi	sp, sp, 0x20
   1cfbc: a1 a4        	j	0x1d204 <_kill_r>
   1cfbe: 42 64        	ld	s0, 0x10(sp)
   1cfc0: e2 60        	ld	ra, 0x18(sp)
   1cfc2: d9 47        	li	a5, 0x16
   1cfc4: 9c c0        	sw	a5, 0x0(s1)
   1cfc6: a2 64        	ld	s1, 0x8(sp)
   1cfc8: 05 61        	addi	sp, sp, 0x20
   1cfca: 82 80        	ret
   1cfcc: d9 47        	li	a5, 0x16
   1cfce: 1c c1        	sw	a5, 0x0(a0)
   1cfd0: 7d 55        	li	a0, -0x1
   1cfd2: f9 b7        	j	0x1cfa0 <_raise_r+0x3a>

000000000001cfd4 <__sigtramp_r>:
   1cfd4: fd 47        	li	a5, 0x1f
   1cfd6: 63 e1 b7 08  	bltu	a5, a1, 0x1d058 <__sigtramp_r+0x84>
   1cfda: 83 37 85 51  	ld	a5, 0x518(a0)
   1cfde: 01 11        	addi	sp, sp, -0x20
   1cfe0: 22 e8        	sd	s0, 0x10(sp)
   1cfe2: 26 e4        	sd	s1, 0x8(sp)
   1cfe4: 06 ec        	sd	ra, 0x18(sp)
   1cfe6: 2e 84        	mv	s0, a1
   1cfe8: aa 84        	mv	s1, a0
   1cfea: a1 c7        	beqz	a5, 0x1d032 <__sigtramp_r+0x5e>
   1cfec: 13 17 34 00  	slli	a4, s0, 0x3
   1cff0: ba 97        	add	a5, a5, a4
   1cff2: 98 63        	ld	a4, 0x0(a5)
   1cff4: 0d c3        	beqz	a4, 0x1d016 <__sigtramp_r+0x42>
   1cff6: fd 56        	li	a3, -0x1
   1cff8: 63 0b d7 02  	beq	a4, a3, 0x1d02e <__sigtramp_r+0x5a>
   1cffc: 85 46        	li	a3, 0x1
   1cffe: 63 02 d7 02  	beq	a4, a3, 0x1d022 <__sigtramp_r+0x4e>
   1d002: 22 85        	mv	a0, s0
   1d004: 23 b0 07 00  	sd	zero, 0x0(a5)
   1d008: 02 97        	jalr	a4
   1d00a: 01 45        	li	a0, 0x0
   1d00c: e2 60        	ld	ra, 0x18(sp)
   1d00e: 42 64        	ld	s0, 0x10(sp)
   1d010: a2 64        	ld	s1, 0x8(sp)
   1d012: 05 61        	addi	sp, sp, 0x20
   1d014: 82 80        	ret
   1d016: e2 60        	ld	ra, 0x18(sp)
   1d018: 42 64        	ld	s0, 0x10(sp)
   1d01a: a2 64        	ld	s1, 0x8(sp)
   1d01c: 05 45        	li	a0, 0x1
   1d01e: 05 61        	addi	sp, sp, 0x20
   1d020: 82 80        	ret
   1d022: e2 60        	ld	ra, 0x18(sp)
   1d024: 42 64        	ld	s0, 0x10(sp)
   1d026: a2 64        	ld	s1, 0x8(sp)
   1d028: 0d 45        	li	a0, 0x3
   1d02a: 05 61        	addi	sp, sp, 0x20
   1d02c: 82 80        	ret
   1d02e: 09 45        	li	a0, 0x2
   1d030: f1 bf        	j	0x1d00c <__sigtramp_r+0x38>
   1d032: 93 05 00 10  	li	a1, 0x100
   1d036: ef 90 6f c5  	jal	0x1648c <_malloc_r>
   1d03a: 23 bc a4 50  	sd	a0, 0x518(s1)
   1d03e: aa 87        	mv	a5, a0
   1d040: 11 c9        	beqz	a0, 0x1d054 <__sigtramp_r+0x80>
   1d042: 2a 87        	mv	a4, a0
   1d044: 93 06 05 10  	addi	a3, a0, 0x100
   1d048: 23 30 07 00  	sd	zero, 0x0(a4)
   1d04c: 21 07        	addi	a4, a4, 0x8
   1d04e: e3 1d d7 fe  	bne	a4, a3, 0x1d048 <__sigtramp_r+0x74>
   1d052: 69 bf        	j	0x1cfec <__sigtramp_r+0x18>
   1d054: 7d 55        	li	a0, -0x1
   1d056: 5d bf        	j	0x1d00c <__sigtramp_r+0x38>
   1d058: 7d 55        	li	a0, -0x1
   1d05a: 82 80        	ret

000000000001d05c <raise>:
   1d05c: 01 11        	addi	sp, sp, -0x20
   1d05e: 26 e4        	sd	s1, 0x8(sp)
   1d060: 06 ec        	sd	ra, 0x18(sp)
   1d062: fd 47        	li	a5, 0x1f
   1d064: 83 b4 81 70  	ld	s1, 0x708(gp)
   1d068: 63 ee a7 04  	bltu	a5, a0, 0x1d0c4 <raise+0x68>
   1d06c: 83 b7 84 51  	ld	a5, 0x518(s1)
   1d070: 22 e8        	sd	s0, 0x10(sp)
   1d072: 2a 84        	mv	s0, a0
   1d074: 8d c7        	beqz	a5, 0x1d09e <raise+0x42>
   1d076: 13 17 35 00  	slli	a4, a0, 0x3
   1d07a: ba 97        	add	a5, a5, a4
   1d07c: 98 63        	ld	a4, 0x0(a5)
   1d07e: 05 c3        	beqz	a4, 0x1d09e <raise+0x42>
   1d080: 85 46        	li	a3, 0x1
   1d082: 63 08 d7 00  	beq	a4, a3, 0x1d092 <raise+0x36>
   1d086: 7d 56        	li	a2, -0x1
   1d088: 63 06 c7 02  	beq	a4, a2, 0x1d0b4 <raise+0x58>
   1d08c: 23 b0 07 00  	sd	zero, 0x0(a5)
   1d090: 02 97        	jalr	a4
   1d092: 42 64        	ld	s0, 0x10(sp)
   1d094: 01 45        	li	a0, 0x0
   1d096: e2 60        	ld	ra, 0x18(sp)
   1d098: a2 64        	ld	s1, 0x8(sp)
   1d09a: 05 61        	addi	sp, sp, 0x20
   1d09c: 82 80        	ret
   1d09e: 26 85        	mv	a0, s1
   1d0a0: ef 00 80 19  	jal	0x1d238 <_getpid_r>
   1d0a4: 22 86        	mv	a2, s0
   1d0a6: 42 64        	ld	s0, 0x10(sp)
   1d0a8: e2 60        	ld	ra, 0x18(sp)
   1d0aa: aa 85        	mv	a1, a0
   1d0ac: 26 85        	mv	a0, s1
   1d0ae: a2 64        	ld	s1, 0x8(sp)
   1d0b0: 05 61        	addi	sp, sp, 0x20
   1d0b2: 89 aa        	j	0x1d204 <_kill_r>
   1d0b4: 42 64        	ld	s0, 0x10(sp)
   1d0b6: e2 60        	ld	ra, 0x18(sp)
   1d0b8: d9 47        	li	a5, 0x16
   1d0ba: 9c c0        	sw	a5, 0x0(s1)
   1d0bc: 36 85        	mv	a0, a3
   1d0be: a2 64        	ld	s1, 0x8(sp)
   1d0c0: 05 61        	addi	sp, sp, 0x20
   1d0c2: 82 80        	ret
   1d0c4: d9 47        	li	a5, 0x16
   1d0c6: 9c c0        	sw	a5, 0x0(s1)
   1d0c8: 7d 55        	li	a0, -0x1
   1d0ca: f1 b7        	j	0x1d096 <raise+0x3a>

000000000001d0cc <signal>:
   1d0cc: 01 11        	addi	sp, sp, -0x20
   1d0ce: 4a e0        	sd	s2, 0x0(sp)
   1d0d0: 06 ec        	sd	ra, 0x18(sp)
   1d0d2: fd 47        	li	a5, 0x1f
   1d0d4: 03 b9 81 70  	ld	s2, 0x708(gp)
   1d0d8: 63 e4 a7 02  	bltu	a5, a0, 0x1d100 <signal+0x34>
   1d0dc: 22 e8        	sd	s0, 0x10(sp)
   1d0de: 2a 84        	mv	s0, a0
   1d0e0: 03 35 89 51  	ld	a0, 0x518(s2)
   1d0e4: 26 e4        	sd	s1, 0x8(sp)
   1d0e6: ae 84        	mv	s1, a1
   1d0e8: 05 c5        	beqz	a0, 0x1d110 <signal+0x44>
   1d0ea: 0e 04        	slli	s0, s0, 0x3
   1d0ec: b3 07 85 00  	add	a5, a0, s0
   1d0f0: e2 60        	ld	ra, 0x18(sp)
   1d0f2: 42 64        	ld	s0, 0x10(sp)
   1d0f4: 88 63        	ld	a0, 0x0(a5)
   1d0f6: 84 e3        	sd	s1, 0x0(a5)
   1d0f8: 02 69        	ld	s2, 0x0(sp)
   1d0fa: a2 64        	ld	s1, 0x8(sp)
   1d0fc: 05 61        	addi	sp, sp, 0x20
   1d0fe: 82 80        	ret
   1d100: d9 47        	li	a5, 0x16
   1d102: 23 20 f9 00  	sw	a5, 0x0(s2)
   1d106: 7d 55        	li	a0, -0x1
   1d108: e2 60        	ld	ra, 0x18(sp)
   1d10a: 02 69        	ld	s2, 0x0(sp)
   1d10c: 05 61        	addi	sp, sp, 0x20
   1d10e: 82 80        	ret
   1d110: 93 05 00 10  	li	a1, 0x100
   1d114: 4a 85        	mv	a0, s2
   1d116: ef 90 6f b7  	jal	0x1648c <_malloc_r>
   1d11a: 23 3c a9 50  	sd	a0, 0x518(s2)
   1d11e: aa 87        	mv	a5, a0
   1d120: 13 07 05 10  	addi	a4, a0, 0x100
   1d124: 19 c5        	beqz	a0, 0x1d132 <signal+0x66>
   1d126: 23 b0 07 00  	sd	zero, 0x0(a5)
   1d12a: a1 07        	addi	a5, a5, 0x8
   1d12c: e3 1d f7 fe  	bne	a4, a5, 0x1d126 <signal+0x5a>
   1d130: 6d bf        	j	0x1d0ea <signal+0x1e>
   1d132: 42 64        	ld	s0, 0x10(sp)
   1d134: a2 64        	ld	s1, 0x8(sp)
   1d136: 7d 55        	li	a0, -0x1
   1d138: c1 bf        	j	0x1d108 <signal+0x3c>

000000000001d13a <_init_signal>:
   1d13a: 41 11        	addi	sp, sp, -0x10
   1d13c: 22 e0        	sd	s0, 0x0(sp)
   1d13e: 03 b4 81 70  	ld	s0, 0x708(gp)
   1d142: 06 e4        	sd	ra, 0x8(sp)
   1d144: 83 37 84 51  	ld	a5, 0x518(s0)
   1d148: 91 c7        	beqz	a5, 0x1d154 <_init_signal+0x1a>
   1d14a: 01 45        	li	a0, 0x0
   1d14c: a2 60        	ld	ra, 0x8(sp)
   1d14e: 02 64        	ld	s0, 0x0(sp)
   1d150: 41 01        	addi	sp, sp, 0x10
   1d152: 82 80        	ret
   1d154: 93 05 00 10  	li	a1, 0x100
   1d158: 22 85        	mv	a0, s0
   1d15a: ef 90 2f b3  	jal	0x1648c <_malloc_r>
   1d15e: 23 3c a4 50  	sd	a0, 0x518(s0)
   1d162: 09 c9        	beqz	a0, 0x1d174 <_init_signal+0x3a>
   1d164: 93 07 05 10  	addi	a5, a0, 0x100
   1d168: 23 30 05 00  	sd	zero, 0x0(a0)
   1d16c: 21 05        	addi	a0, a0, 0x8
   1d16e: e3 1d f5 fe  	bne	a0, a5, 0x1d168 <_init_signal+0x2e>
   1d172: e1 bf        	j	0x1d14a <_init_signal+0x10>
   1d174: 7d 55        	li	a0, -0x1
   1d176: d9 bf        	j	0x1d14c <_init_signal+0x12>

000000000001d178 <__sigtramp>:
   1d178: 01 11        	addi	sp, sp, -0x20
   1d17a: 26 e4        	sd	s1, 0x8(sp)
   1d17c: 06 ec        	sd	ra, 0x18(sp)
   1d17e: fd 47        	li	a5, 0x1f
   1d180: 83 b4 81 70  	ld	s1, 0x708(gp)
   1d184: 63 ee a7 06  	bltu	a5, a0, 0x1d200 <__sigtramp+0x88>
   1d188: 83 b7 84 51  	ld	a5, 0x518(s1)
   1d18c: 22 e8        	sd	s0, 0x10(sp)
   1d18e: 2a 84        	mv	s0, a0
   1d190: a9 c7        	beqz	a5, 0x1d1da <__sigtramp+0x62>
   1d192: 13 17 34 00  	slli	a4, s0, 0x3
   1d196: ba 97        	add	a5, a5, a4
   1d198: 98 63        	ld	a4, 0x0(a5)
   1d19a: 0d c3        	beqz	a4, 0x1d1bc <__sigtramp+0x44>
   1d19c: fd 56        	li	a3, -0x1
   1d19e: 63 0b d7 02  	beq	a4, a3, 0x1d1d4 <__sigtramp+0x5c>
   1d1a2: 85 46        	li	a3, 0x1
   1d1a4: 63 02 d7 02  	beq	a4, a3, 0x1d1c8 <__sigtramp+0x50>
   1d1a8: 22 85        	mv	a0, s0
   1d1aa: 23 b0 07 00  	sd	zero, 0x0(a5)
   1d1ae: 02 97        	jalr	a4
   1d1b0: 42 64        	ld	s0, 0x10(sp)
   1d1b2: 01 45        	li	a0, 0x0
   1d1b4: e2 60        	ld	ra, 0x18(sp)
   1d1b6: a2 64        	ld	s1, 0x8(sp)
   1d1b8: 05 61        	addi	sp, sp, 0x20
   1d1ba: 82 80        	ret
   1d1bc: 42 64        	ld	s0, 0x10(sp)
   1d1be: e2 60        	ld	ra, 0x18(sp)
   1d1c0: a2 64        	ld	s1, 0x8(sp)
   1d1c2: 05 45        	li	a0, 0x1
   1d1c4: 05 61        	addi	sp, sp, 0x20
   1d1c6: 82 80        	ret
   1d1c8: 42 64        	ld	s0, 0x10(sp)
   1d1ca: e2 60        	ld	ra, 0x18(sp)
   1d1cc: a2 64        	ld	s1, 0x8(sp)
   1d1ce: 0d 45        	li	a0, 0x3
   1d1d0: 05 61        	addi	sp, sp, 0x20
   1d1d2: 82 80        	ret
   1d1d4: 42 64        	ld	s0, 0x10(sp)
   1d1d6: 09 45        	li	a0, 0x2
   1d1d8: f1 bf        	j	0x1d1b4 <__sigtramp+0x3c>
   1d1da: 93 05 00 10  	li	a1, 0x100
   1d1de: 26 85        	mv	a0, s1
   1d1e0: ef 90 cf aa  	jal	0x1648c <_malloc_r>
   1d1e4: 23 bc a4 50  	sd	a0, 0x518(s1)
   1d1e8: aa 87        	mv	a5, a0
   1d1ea: 11 c9        	beqz	a0, 0x1d1fe <__sigtramp+0x86>
   1d1ec: 2a 87        	mv	a4, a0
   1d1ee: 93 06 05 10  	addi	a3, a0, 0x100
   1d1f2: 23 30 07 00  	sd	zero, 0x0(a4)
   1d1f6: 21 07        	addi	a4, a4, 0x8
   1d1f8: e3 9d e6 fe  	bne	a3, a4, 0x1d1f2 <__sigtramp+0x7a>
   1d1fc: 59 bf        	j	0x1d192 <__sigtramp+0x1a>
   1d1fe: 42 64        	ld	s0, 0x10(sp)
   1d200: 7d 55        	li	a0, -0x1
   1d202: 4d bf        	j	0x1d1b4 <__sigtramp+0x3c>

000000000001d204 <_kill_r>:
   1d204: 41 11        	addi	sp, sp, -0x10
   1d206: 2e 87        	mv	a4, a1
   1d208: 22 e0        	sd	s0, 0x0(sp)
   1d20a: b2 85        	mv	a1, a2
   1d20c: 2a 84        	mv	s0, a0
   1d20e: 3a 85        	mv	a0, a4
   1d210: 23 a8 01 78  	sw	zero, 0x790(gp)
   1d214: 06 e4        	sd	ra, 0x8(sp)
   1d216: ef 00 80 0f  	jal	0x1d30e <_kill>
   1d21a: fd 57        	li	a5, -0x1
   1d21c: 63 06 f5 00  	beq	a0, a5, 0x1d228 <_kill_r+0x24>
   1d220: a2 60        	ld	ra, 0x8(sp)
   1d222: 02 64        	ld	s0, 0x0(sp)
   1d224: 41 01        	addi	sp, sp, 0x10
   1d226: 82 80        	ret
   1d228: 83 a7 01 79  	lw	a5, 0x790(gp)
   1d22c: f5 db        	beqz	a5, 0x1d220 <_kill_r+0x1c>
   1d22e: a2 60        	ld	ra, 0x8(sp)
   1d230: 1c c0        	sw	a5, 0x0(s0)
   1d232: 02 64        	ld	s0, 0x0(sp)
   1d234: 41 01        	addi	sp, sp, 0x10
   1d236: 82 80        	ret

000000000001d238 <_getpid_r>:
   1d238: 75 a0        	j	0x1d2e4 <_getpid>

000000000001d23a <_close>:
   1d23a: 41 11        	addi	sp, sp, -0x10
   1d23c: 06 e4        	sd	ra, 0x8(sp)
   1d23e: 22 e0        	sd	s0, 0x0(sp)
   1d240: 81 45        	li	a1, 0x0
   1d242: 01 46        	li	a2, 0x0
   1d244: 81 46        	li	a3, 0x0
   1d246: 01 47        	li	a4, 0x0
   1d248: 81 47        	li	a5, 0x0
   1d24a: 93 08 90 03  	li	a7, 0x39
   1d24e: 73 00 00 00  	ecall
   1d252: 2a 84        	mv	s0, a0
   1d254: 63 47 05 00  	bltz	a0, 0x1d262 <_close+0x28>
   1d258: 01 25        	sext.w	a0, a0
   1d25a: a2 60        	ld	ra, 0x8(sp)
   1d25c: 02 64        	ld	s0, 0x0(sp)
   1d25e: 41 01        	addi	sp, sp, 0x10
   1d260: 82 80        	ret
   1d262: ef 00 a0 21  	jal	0x1d47c <__errno>
   1d266: 3b 04 80 40  	negw	s0, s0
   1d26a: 00 c1        	sw	s0, 0x0(a0)
   1d26c: 7d 55        	li	a0, -0x1
   1d26e: f5 b7        	j	0x1d25a <_close+0x20>

000000000001d270 <_exit>:
   1d270: 81 45        	li	a1, 0x0
   1d272: 01 46        	li	a2, 0x0
   1d274: 81 46        	li	a3, 0x0
   1d276: 01 47        	li	a4, 0x0
   1d278: 81 47        	li	a5, 0x0
   1d27a: 93 08 d0 05  	li	a7, 0x5d
   1d27e: 73 00 00 00  	ecall
   1d282: 63 43 05 00  	bltz	a0, 0x1d288 <_exit+0x18>
   1d286: 01 a0        	j	0x1d286 <_exit+0x16>
   1d288: 41 11        	addi	sp, sp, -0x10
   1d28a: 22 e0        	sd	s0, 0x0(sp)
   1d28c: 2a 84        	mv	s0, a0
   1d28e: 06 e4        	sd	ra, 0x8(sp)
   1d290: 3b 04 80 40  	negw	s0, s0
   1d294: ef 00 80 1e  	jal	0x1d47c <__errno>
   1d298: 00 c1        	sw	s0, 0x0(a0)
   1d29a: 01 a0        	j	0x1d29a <_exit+0x2a>

000000000001d29c <_fstat>:
   1d29c: 35 71        	addi	sp, sp, -0xa0
   1d29e: 26 e5        	sd	s1, 0x88(sp)
   1d2a0: 06 ed        	sd	ra, 0x98(sp)
   1d2a2: ae 84        	mv	s1, a1
   1d2a4: 22 e9        	sd	s0, 0x90(sp)
   1d2a6: 8a 85        	mv	a1, sp
   1d2a8: 01 46        	li	a2, 0x0
   1d2aa: 81 46        	li	a3, 0x0
   1d2ac: 01 47        	li	a4, 0x0
   1d2ae: 81 47        	li	a5, 0x0
   1d2b0: 93 08 00 05  	li	a7, 0x50
   1d2b4: 73 00 00 00  	ecall
   1d2b8: 2a 84        	mv	s0, a0
   1d2ba: 63 4e 05 00  	bltz	a0, 0x1d2d6 <_fstat+0x3a>
   1d2be: 1b 04 05 00  	sext.w	s0, a0
   1d2c2: 26 85        	mv	a0, s1
   1d2c4: 8a 85        	mv	a1, sp
   1d2c6: ef 00 c0 15  	jal	0x1d422 <_conv_stat>
   1d2ca: ea 60        	ld	ra, 0x98(sp)
   1d2cc: 22 85        	mv	a0, s0
   1d2ce: 4a 64        	ld	s0, 0x90(sp)
   1d2d0: aa 64        	ld	s1, 0x88(sp)
   1d2d2: 0d 61        	addi	sp, sp, 0xa0
   1d2d4: 82 80        	ret
   1d2d6: 3b 04 80 40  	negw	s0, s0
   1d2da: ef 00 20 1a  	jal	0x1d47c <__errno>
   1d2de: 00 c1        	sw	s0, 0x0(a0)
   1d2e0: 7d 54        	li	s0, -0x1
   1d2e2: c5 b7        	j	0x1d2c2 <_fstat+0x26>

000000000001d2e4 <_getpid>:
   1d2e4: 05 45        	li	a0, 0x1
   1d2e6: 82 80        	ret

000000000001d2e8 <_isatty>:
   1d2e8: 19 71        	addi	sp, sp, -0x80
   1d2ea: 2c 00        	addi	a1, sp, 0x8
   1d2ec: 86 fc        	sd	ra, 0x78(sp)
   1d2ee: ef f0 ff fa  	jal	0x1d29c <_fstat>
   1d2f2: fd 57        	li	a5, -0x1
   1d2f4: 63 09 f5 00  	beq	a0, a5, 0x1d306 <_isatty+0x1e>
   1d2f8: 32 45        	lw	a0, 0xc(sp)
   1d2fa: e6 70        	ld	ra, 0x78(sp)
   1d2fc: 1b 55 d5 00  	srliw	a0, a0, 0xd
   1d300: 05 89        	andi	a0, a0, 0x1
   1d302: 09 61        	addi	sp, sp, 0x80
   1d304: 82 80        	ret
   1d306: e6 70        	ld	ra, 0x78(sp)
   1d308: 01 45        	li	a0, 0x0
   1d30a: 09 61        	addi	sp, sp, 0x80
   1d30c: 82 80        	ret

000000000001d30e <_kill>:
   1d30e: 41 11        	addi	sp, sp, -0x10
   1d310: 06 e4        	sd	ra, 0x8(sp)
   1d312: ef 00 a0 16  	jal	0x1d47c <__errno>
   1d316: a2 60        	ld	ra, 0x8(sp)
   1d318: d9 47        	li	a5, 0x16
   1d31a: 1c c1        	sw	a5, 0x0(a0)
   1d31c: 7d 55        	li	a0, -0x1
   1d31e: 41 01        	addi	sp, sp, 0x10
   1d320: 82 80        	ret

000000000001d322 <_lseek>:
   1d322: 41 11        	addi	sp, sp, -0x10
   1d324: 06 e4        	sd	ra, 0x8(sp)
   1d326: 22 e0        	sd	s0, 0x0(sp)
   1d328: 81 46        	li	a3, 0x0
   1d32a: 01 47        	li	a4, 0x0
   1d32c: 81 47        	li	a5, 0x0
   1d32e: 93 08 e0 03  	li	a7, 0x3e
   1d332: 73 00 00 00  	ecall
   1d336: 2a 84        	mv	s0, a0
   1d338: 63 47 05 00  	bltz	a0, 0x1d346 <_lseek+0x24>
   1d33c: a2 60        	ld	ra, 0x8(sp)
   1d33e: 22 85        	mv	a0, s0
   1d340: 02 64        	ld	s0, 0x0(sp)
   1d342: 41 01        	addi	sp, sp, 0x10
   1d344: 82 80        	ret
   1d346: 3b 04 80 40  	negw	s0, s0
   1d34a: ef 00 20 13  	jal	0x1d47c <__errno>
   1d34e: 00 c1        	sw	s0, 0x0(a0)
   1d350: 7d 54        	li	s0, -0x1
   1d352: ed b7        	j	0x1d33c <_lseek+0x1a>

000000000001d354 <_read>:
   1d354: 41 11        	addi	sp, sp, -0x10
   1d356: 06 e4        	sd	ra, 0x8(sp)
   1d358: 22 e0        	sd	s0, 0x0(sp)
   1d35a: 81 46        	li	a3, 0x0
   1d35c: 01 47        	li	a4, 0x0
   1d35e: 81 47        	li	a5, 0x0
   1d360: 93 08 f0 03  	li	a7, 0x3f
   1d364: 73 00 00 00  	ecall
   1d368: 2a 84        	mv	s0, a0
   1d36a: 63 47 05 00  	bltz	a0, 0x1d378 <_read+0x24>
   1d36e: a2 60        	ld	ra, 0x8(sp)
   1d370: 22 85        	mv	a0, s0
   1d372: 02 64        	ld	s0, 0x0(sp)
   1d374: 41 01        	addi	sp, sp, 0x10
   1d376: 82 80        	ret
   1d378: 3b 04 80 40  	negw	s0, s0
   1d37c: ef 00 00 10  	jal	0x1d47c <__errno>
   1d380: 00 c1        	sw	s0, 0x0(a0)
   1d382: 7d 54        	li	s0, -0x1
   1d384: ed b7        	j	0x1d36e <_read+0x1a>

000000000001d386 <_sbrk>:
   1d386: 13 83 81 79  	addi	t1, gp, 0x798
   1d38a: 83 37 03 00  	ld	a5, 0x0(t1)
   1d38e: 41 11        	addi	sp, sp, -0x10
   1d390: 06 e4        	sd	ra, 0x8(sp)
   1d392: 2a 88        	mv	a6, a0
   1d394: 85 e3        	bnez	a5, 0x1d3b4 <_sbrk+0x2e>
   1d396: 01 45        	li	a0, 0x0
   1d398: 81 45        	li	a1, 0x0
   1d39a: 01 46        	li	a2, 0x0
   1d39c: 81 46        	li	a3, 0x0
   1d39e: 01 47        	li	a4, 0x0
   1d3a0: 93 08 60 0d  	li	a7, 0xd6
   1d3a4: 73 00 00 00  	ecall
   1d3a8: 7d 57        	li	a4, -0x1
   1d3aa: aa 87        	mv	a5, a0
   1d3ac: 63 0a e5 02  	beq	a0, a4, 0x1d3e0 <_sbrk+0x5a>
   1d3b0: 23 30 a3 00  	sd	a0, 0x0(t1)
   1d3b4: 33 05 f8 00  	add	a0, a6, a5
   1d3b8: 81 45        	li	a1, 0x0
   1d3ba: 01 46        	li	a2, 0x0
   1d3bc: 81 46        	li	a3, 0x0
   1d3be: 01 47        	li	a4, 0x0
   1d3c0: 81 47        	li	a5, 0x0
   1d3c2: 93 08 60 0d  	li	a7, 0xd6
   1d3c6: 73 00 00 00  	ecall
   1d3ca: 83 37 03 00  	ld	a5, 0x0(t1)
   1d3ce: 3e 98        	add	a6, a6, a5
   1d3d0: 63 18 05 01  	bne	a0, a6, 0x1d3e0 <_sbrk+0x5a>
   1d3d4: a2 60        	ld	ra, 0x8(sp)
   1d3d6: 23 30 a3 00  	sd	a0, 0x0(t1)
   1d3da: 3e 85        	mv	a0, a5
   1d3dc: 41 01        	addi	sp, sp, 0x10
   1d3de: 82 80        	ret
   1d3e0: ef 00 c0 09  	jal	0x1d47c <__errno>
   1d3e4: a2 60        	ld	ra, 0x8(sp)
   1d3e6: b1 47        	li	a5, 0xc
   1d3e8: 1c c1        	sw	a5, 0x0(a0)
   1d3ea: 7d 55        	li	a0, -0x1
   1d3ec: 41 01        	addi	sp, sp, 0x10
   1d3ee: 82 80        	ret

000000000001d3f0 <_write>:
   1d3f0: 41 11        	addi	sp, sp, -0x10
   1d3f2: 06 e4        	sd	ra, 0x8(sp)
   1d3f4: 22 e0        	sd	s0, 0x0(sp)
   1d3f6: 81 46        	li	a3, 0x0
   1d3f8: 01 47        	li	a4, 0x0
   1d3fa: 81 47        	li	a5, 0x0
   1d3fc: 93 08 00 04  	li	a7, 0x40
   1d400: 73 00 00 00  	ecall
   1d404: 2a 84        	mv	s0, a0
   1d406: 63 47 05 00  	bltz	a0, 0x1d414 <_write+0x24>
   1d40a: a2 60        	ld	ra, 0x8(sp)
   1d40c: 22 85        	mv	a0, s0
   1d40e: 02 64        	ld	s0, 0x0(sp)
   1d410: 41 01        	addi	sp, sp, 0x10
   1d412: 82 80        	ret
   1d414: 3b 04 80 40  	negw	s0, s0
   1d418: ef 00 40 06  	jal	0x1d47c <__errno>
   1d41c: 00 c1        	sw	s0, 0x0(a0)
   1d41e: 7d 54        	li	s0, -0x1
   1d420: ed b7        	j	0x1d40a <_write+0x1a>

000000000001d422 <_conv_stat>:
   1d422: 83 b3 05 00  	ld	t2, 0x0(a1)
   1d426: 83 b2 85 00  	ld	t0, 0x8(a1)
   1d42a: 83 af 05 01  	lw	t6, 0x10(a1)
   1d42e: 03 af 45 01  	lw	t5, 0x14(a1)
   1d432: 83 ae 85 01  	lw	t4, 0x18(a1)
   1d436: 03 ae c5 01  	lw	t3, 0x1c(a1)
   1d43a: 03 b3 05 02  	ld	t1, 0x20(a1)
   1d43e: 83 b8 05 03  	ld	a7, 0x30(a1)
   1d442: 03 b8 05 04  	ld	a6, 0x40(a1)
   1d446: 90 5d        	lw	a2, 0x38(a1)
   1d448: b4 65        	ld	a3, 0x48(a1)
   1d44a: b8 6d        	ld	a4, 0x58(a1)
   1d44c: bc 75        	ld	a5, 0x68(a1)
   1d44e: 23 10 75 00  	sh	t2, 0x0(a0)
   1d452: 23 11 55 00  	sh	t0, 0x2(a0)
   1d456: 23 22 f5 01  	sw	t6, 0x4(a0)
   1d45a: 23 14 e5 01  	sh	t5, 0x8(a0)
   1d45e: 23 15 d5 01  	sh	t4, 0xa(a0)
   1d462: 23 16 c5 01  	sh	t3, 0xc(a0)
   1d466: 23 17 65 00  	sh	t1, 0xe(a0)
   1d46a: 23 38 15 01  	sd	a7, 0x10(a0)
   1d46e: 23 38 05 05  	sd	a6, 0x50(a0)
   1d472: 30 e5        	sd	a2, 0x48(a0)
   1d474: 14 ed        	sd	a3, 0x18(a0)
   1d476: 18 f5        	sd	a4, 0x28(a0)
   1d478: 1c fd        	sd	a5, 0x38(a0)
   1d47a: 82 80        	ret

000000000001d47c <__errno>:
   1d47c: 03 b5 81 70  	ld	a0, 0x708(gp)
   1d480: 82 80        	ret

000000000001d482 <__netf2>:
   1d482: aa 88        	mv	a7, a0
   1d484: f3 27 20 00  	frrm	a5
   1d488: 7d 55        	li	a0, -0x1
   1d48a: 21 68        	lui	a6, 0x8
   1d48c: 93 d7 05 03  	srli	a5, a1, 0x30
   1d490: 2a 98        	add	a6, a6, a0
   1d492: 13 57 05 01  	srli	a4, a0, 0x10
   1d496: 13 de 06 03  	srli	t3, a3, 0x30
   1d49a: b3 f7 07 01  	and	a5, a5, a6
   1d49e: 33 f3 e5 00  	and	t1, a1, a4
   1d4a2: 33 7e 0e 01  	and	t3, t3, a6
   1d4a6: 75 8f        	and	a4, a4, a3
   1d4a8: fd 91        	srli	a1, a1, 0x3f
   1d4aa: fd 92        	srli	a3, a3, 0x3f
   1d4ac: 63 99 07 01  	bne	a5, a6, 0x1d4be <__netf2+0x3c>
   1d4b0: b3 ee 68 00  	or	t4, a7, t1
   1d4b4: 63 95 0e 02  	bnez	t4, 0x1d4de <__netf2+0x5c>
   1d4b8: 63 13 fe 04  	bne	t3, a5, 0x1d4fe <__netf2+0x7c>
   1d4bc: 19 a0        	j	0x1d4c2 <__netf2+0x40>
   1d4be: 63 12 0e 05  	bne	t3, a6, 0x1d502 <__netf2+0x80>
   1d4c2: 33 65 e6 00  	or	a0, a2, a4
   1d4c6: 15 cd        	beqz	a0, 0x1d502 <__netf2+0x80>
   1d4c8: 63 94 07 03  	bne	a5, a6, 0x1d4f0 <__netf2+0x6e>
   1d4cc: b3 e8 68 00  	or	a7, a7, t1
   1d4d0: 63 8d 08 00  	beqz	a7, 0x1d4ea <__netf2+0x68>
   1d4d4: fd 57        	li	a5, -0x1
   1d4d6: c5 83        	srli	a5, a5, 0x11
   1d4d8: 63 f1 67 02  	bgeu	a5, t1, 0x1d4fa <__netf2+0x78>
   1d4dc: 39 a0        	j	0x1d4ea <__netf2+0x68>
   1d4de: 45 81        	srli	a0, a0, 0x11
   1d4e0: 63 7d 65 00  	bgeu	a0, t1, 0x1d4fa <__netf2+0x78>
   1d4e4: 05 45        	li	a0, 0x1
   1d4e6: 63 1f fe 02  	bne	t3, a5, 0x1d524 <__netf2+0xa2>
   1d4ea: 59 8e        	or	a2, a2, a4
   1d4ec: 05 45        	li	a0, 0x1
   1d4ee: 1d ca        	beqz	a2, 0x1d524 <__netf2+0xa2>
   1d4f0: fd 57        	li	a5, -0x1
   1d4f2: c5 83        	srli	a5, a5, 0x11
   1d4f4: 05 45        	li	a0, 0x1
   1d4f6: 63 e7 e7 02  	bltu	a5, a4, 0x1d524 <__netf2+0xa2>
   1d4fa: 73 60 18 00  	csrsi	fflags, 0x10
   1d4fe: 05 45        	li	a0, 0x1
   1d500: 82 80        	ret
   1d502: 05 45        	li	a0, 0x1
   1d504: 63 90 c7 03  	bne	a5, t3, 0x1d524 <__netf2+0xa2>
   1d508: 63 1e e3 00  	bne	t1, a4, 0x1d524 <__netf2+0xa2>
   1d50c: 63 1c 16 01  	bne	a2, a7, 0x1d524 <__netf2+0xa2>
   1d510: 63 88 d5 00  	beq	a1, a3, 0x1d520 <__netf2+0x9e>
   1d514: 81 eb        	bnez	a5, 0x1d524 <__netf2+0xa2>
   1d516: 33 66 66 00  	or	a2, a2, t1
   1d51a: 33 35 c0 00  	snez	a0, a2
   1d51e: 82 80        	ret
   1d520: 01 45        	li	a0, 0x0
   1d522: 82 80        	ret
   1d524: 82 80        	ret

000000000001d526 <__gttf2>:
   1d526: aa 88        	mv	a7, a0
   1d528: f3 27 20 00  	frrm	a5
   1d52c: 21 63        	lui	t1, 0x8
   1d52e: 13 d8 05 03  	srli	a6, a1, 0x30
   1d532: 7d 13        	addi	t1, t1, -0x1
   1d534: 7d 57        	li	a4, -0x1
   1d536: 41 83        	srli	a4, a4, 0x10
   1d538: 93 d7 06 03  	srli	a5, a3, 0x30
   1d53c: 33 78 68 00  	and	a6, a6, t1
   1d540: 33 fe e5 00  	and	t3, a1, a4
   1d544: 33 f5 67 00  	and	a0, a5, t1
   1d548: 75 8f        	and	a4, a4, a3
   1d54a: fd 91        	srli	a1, a1, 0x3f
   1d54c: fd 92        	srli	a3, a3, 0x3f
   1d54e: 63 15 68 00  	bne	a6, t1, 0x1d558 <__gttf2+0x32>
   1d552: b3 67 1e 01  	or	a5, t3, a7
   1d556: b1 eb        	bnez	a5, 0x1d5aa <__gttf2+0x84>
   1d558: 63 15 65 00  	bne	a0, t1, 0x1d562 <__gttf2+0x3c>
   1d55c: b3 67 c7 00  	or	a5, a4, a2
   1d560: a9 e7        	bnez	a5, 0x1d5aa <__gttf2+0x84>
   1d562: 81 47        	li	a5, 0x0
   1d564: 63 16 08 00  	bnez	a6, 0x1d570 <__gttf2+0x4a>
   1d568: b3 67 1e 01  	or	a5, t3, a7
   1d56c: 93 b7 17 00  	seqz	a5, a5
   1d570: 29 e1        	bnez	a0, 0x1d5b2 <__gttf2+0x8c>
   1d572: 33 63 c7 00  	or	t1, a4, a2
   1d576: 99 c7        	beqz	a5, 0x1d584 <__gttf2+0x5e>
   1d578: 63 0a 03 00  	beqz	t1, 0x1d58c <__gttf2+0x66>
   1d57c: 05 45        	li	a0, 0x1
   1d57e: 99 e6        	bnez	a3, 0x1d58c <__gttf2+0x66>
   1d580: 7d 55        	li	a0, -0x1
   1d582: 82 80        	ret
   1d584: 63 18 03 02  	bnez	t1, 0x1d5b4 <__gttf2+0x8e>
   1d588: 7d 55        	li	a0, -0x1
   1d58a: 9d c9        	beqz	a1, 0x1d5c0 <__gttf2+0x9a>
   1d58c: 82 80        	ret
   1d58e: e3 47 a8 fe  	blt	a6, a0, 0x1d57c <__gttf2+0x56>
   1d592: e3 6b c7 ff  	bltu	a4, t3, 0x1d588 <__gttf2+0x62>
   1d596: 63 17 ee 00  	bne	t3, a4, 0x1d5a4 <__gttf2+0x7e>
   1d59a: e3 67 16 ff  	bltu	a2, a7, 0x1d588 <__gttf2+0x62>
   1d59e: 01 45        	li	a0, 0x0
   1d5a0: e3 f6 c8 fe  	bgeu	a7, a2, 0x1d58c <__gttf2+0x66>
   1d5a4: 05 45        	li	a0, 0x1
   1d5a6: fd f1        	bnez	a1, 0x1d58c <__gttf2+0x66>
   1d5a8: e1 bf        	j	0x1d580 <__gttf2+0x5a>
   1d5aa: 73 60 18 00  	csrsi	fflags, 0x10
   1d5ae: 79 55        	li	a0, -0x2
   1d5b0: 82 80        	ret
   1d5b2: e9 f7        	bnez	a5, 0x1d57c <__gttf2+0x56>
   1d5b4: e3 9a b6 fc  	bne	a3, a1, 0x1d588 <__gttf2+0x62>
   1d5b8: e3 5b 05 fd  	bge	a0, a6, 0x1d58e <__gttf2+0x68>
   1d5bc: 7d 55        	li	a0, -0x1
   1d5be: f9 f6        	bnez	a3, 0x1d58c <__gttf2+0x66>
   1d5c0: 05 45        	li	a0, 0x1
   1d5c2: 82 80        	ret

000000000001d5c4 <__lttf2>:
   1d5c4: aa 88        	mv	a7, a0
   1d5c6: f3 27 20 00  	frrm	a5
   1d5ca: 21 63        	lui	t1, 0x8
   1d5cc: 13 d8 05 03  	srli	a6, a1, 0x30
   1d5d0: 7d 13        	addi	t1, t1, -0x1
   1d5d2: 7d 57        	li	a4, -0x1
   1d5d4: 41 83        	srli	a4, a4, 0x10
   1d5d6: 93 d7 06 03  	srli	a5, a3, 0x30
   1d5da: 33 78 68 00  	and	a6, a6, t1
   1d5de: 33 fe e5 00  	and	t3, a1, a4
   1d5e2: 33 f5 67 00  	and	a0, a5, t1
   1d5e6: 75 8f        	and	a4, a4, a3
   1d5e8: fd 91        	srli	a1, a1, 0x3f
   1d5ea: fd 92        	srli	a3, a3, 0x3f
   1d5ec: 63 15 68 00  	bne	a6, t1, 0x1d5f6 <__lttf2+0x32>
   1d5f0: b3 67 1e 01  	or	a5, t3, a7
   1d5f4: b1 eb        	bnez	a5, 0x1d648 <__lttf2+0x84>
   1d5f6: 63 15 65 00  	bne	a0, t1, 0x1d600 <__lttf2+0x3c>
   1d5fa: b3 67 c7 00  	or	a5, a4, a2
   1d5fe: a9 e7        	bnez	a5, 0x1d648 <__lttf2+0x84>
   1d600: 81 47        	li	a5, 0x0
   1d602: 63 16 08 00  	bnez	a6, 0x1d60e <__lttf2+0x4a>
   1d606: b3 67 1e 01  	or	a5, t3, a7
   1d60a: 93 b7 17 00  	seqz	a5, a5
   1d60e: 29 e1        	bnez	a0, 0x1d650 <__lttf2+0x8c>
   1d610: 33 63 c7 00  	or	t1, a4, a2
   1d614: 99 c7        	beqz	a5, 0x1d622 <__lttf2+0x5e>
   1d616: 63 0a 03 00  	beqz	t1, 0x1d62a <__lttf2+0x66>
   1d61a: 05 45        	li	a0, 0x1
   1d61c: 99 e6        	bnez	a3, 0x1d62a <__lttf2+0x66>
   1d61e: 7d 55        	li	a0, -0x1
   1d620: 82 80        	ret
   1d622: 63 18 03 02  	bnez	t1, 0x1d652 <__lttf2+0x8e>
   1d626: 7d 55        	li	a0, -0x1
   1d628: 9d c9        	beqz	a1, 0x1d65e <__lttf2+0x9a>
   1d62a: 82 80        	ret
   1d62c: e3 47 a8 fe  	blt	a6, a0, 0x1d61a <__lttf2+0x56>
   1d630: e3 6b c7 ff  	bltu	a4, t3, 0x1d626 <__lttf2+0x62>
   1d634: 63 17 ee 00  	bne	t3, a4, 0x1d642 <__lttf2+0x7e>
   1d638: e3 67 16 ff  	bltu	a2, a7, 0x1d626 <__lttf2+0x62>
   1d63c: 01 45        	li	a0, 0x0
   1d63e: e3 f6 c8 fe  	bgeu	a7, a2, 0x1d62a <__lttf2+0x66>
   1d642: 05 45        	li	a0, 0x1
   1d644: fd f1        	bnez	a1, 0x1d62a <__lttf2+0x66>
   1d646: e1 bf        	j	0x1d61e <__lttf2+0x5a>
   1d648: 73 60 18 00  	csrsi	fflags, 0x10
   1d64c: 09 45        	li	a0, 0x2
   1d64e: 82 80        	ret
   1d650: e9 f7        	bnez	a5, 0x1d61a <__lttf2+0x56>
   1d652: e3 9a b6 fc  	bne	a3, a1, 0x1d626 <__lttf2+0x62>
   1d656: e3 5b 05 fd  	bge	a0, a6, 0x1d62c <__lttf2+0x68>
   1d65a: 7d 55        	li	a0, -0x1
   1d65c: f9 f6        	bnez	a3, 0x1d62a <__lttf2+0x66>
   1d65e: 05 45        	li	a0, 0x1
   1d660: 82 80        	ret

000000000001d662 <__multf3>:
   1d662: 1d 71        	addi	sp, sp, -0x60
   1d664: a2 e8        	sd	s0, 0x50(sp)
   1d666: 52 f8        	sd	s4, 0x30(sp)
   1d668: 5a f0        	sd	s6, 0x20(sp)
   1d66a: 86 ec        	sd	ra, 0x58(sp)
   1d66c: a6 e4        	sd	s1, 0x48(sp)
   1d66e: ca e0        	sd	s2, 0x40(sp)
   1d670: 4e fc        	sd	s3, 0x38(sp)
   1d672: 56 f4        	sd	s5, 0x28(sp)
   1d674: 5e ec        	sd	s7, 0x18(sp)
   1d676: 62 e8        	sd	s8, 0x10(sp)
   1d678: 66 e4        	sd	s9, 0x8(sp)
   1d67a: 2a 84        	mv	s0, a0
   1d67c: 32 8b        	mv	s6, a2
   1d67e: 36 8a        	mv	s4, a3
   1d680: f3 29 20 00  	frrm	s3
   1d684: 21 67        	lui	a4, 0x8
   1d686: 93 d7 05 03  	srli	a5, a1, 0x30
   1d68a: 7d 17        	addi	a4, a4, -0x1
   1d68c: 93 94 05 01  	slli	s1, a1, 0x10
   1d690: f9 8f        	and	a5, a5, a4
   1d692: 81 29        	sext.w	s3, s3
   1d694: c1 80        	srli	s1, s1, 0x10
   1d696: 93 da f5 03  	srli	s5, a1, 0x3f
   1d69a: 85 c7        	beqz	a5, 0x1d6c2 <__multf3+0x60>
   1d69c: 9b 8c 07 00  	sext.w	s9, a5
   1d6a0: 63 80 e7 08  	beq	a5, a4, 0x1d720 <__multf3+0xbe>
   1d6a4: 8e 04        	slli	s1, s1, 0x3
   1d6a6: 13 57 d5 03  	srli	a4, a0, 0x3d
   1d6aa: 45 8f        	or	a4, a4, s1
   1d6ac: f1 7c        	lui	s9, 0xffffc
   1d6ae: 85 44        	li	s1, 0x1
   1d6b0: ce 14        	slli	s1, s1, 0x33
   1d6b2: 85 0c        	addi	s9, s9, 0x1
   1d6b4: d9 8c        	or	s1, s1, a4
   1d6b6: 93 1b 35 00  	slli	s7, a0, 0x3
   1d6ba: be 9c        	add	s9, s9, a5
   1d6bc: 01 4c        	li	s8, 0x0
   1d6be: 01 49        	li	s2, 0x0
   1d6c0: a5 a8        	j	0x1d738 <__multf3+0xd6>
   1d6c2: b3 6b 95 00  	or	s7, a0, s1
   1d6c6: 63 87 0b 0e  	beqz	s7, 0x1d7b4 <__multf3+0x152>
   1d6ca: 85 cc        	beqz	s1, 0x1d702 <__multf3+0xa0>
   1d6cc: 26 85        	mv	a0, s1
   1d6ce: ef 10 a0 19  	jal	0x1e868 <__clzdi2>
   1d6d2: 1b 07 05 00  	sext.w	a4, a0
   1d6d6: 93 07 17 ff  	addi	a5, a4, -0xf
   1d6da: 93 06 d0 03  	li	a3, 0x3d
   1d6de: 1b 86 37 00  	addiw	a2, a5, 0x3
   1d6e2: bb 87 f6 40  	subw	a5, a3, a5
   1d6e6: b3 94 c4 00  	sll	s1, s1, a2
   1d6ea: b3 57 f4 00  	srl	a5, s0, a5
   1d6ee: c5 8f        	or	a5, a5, s1
   1d6f0: b3 14 c4 00  	sll	s1, s0, a2
   1d6f4: f1 7c        	lui	s9, 0xffffc
   1d6f6: c5 0c        	addi	s9, s9, 0x11
   1d6f8: a6 8b        	mv	s7, s1
   1d6fa: b3 8c ec 40  	sub	s9, s9, a4
   1d6fe: be 84        	mv	s1, a5
   1d700: 75 bf        	j	0x1d6bc <__multf3+0x5a>
   1d702: ef 10 60 16  	jal	0x1e868 <__clzdi2>
   1d706: 1b 07 05 04  	addiw	a4, a0, 0x40
   1d70a: 93 07 17 ff  	addi	a5, a4, -0xf
   1d70e: 93 06 c0 03  	li	a3, 0x3c
   1d712: e3 d4 f6 fc  	bge	a3, a5, 0x1d6da <__multf3+0x78>
   1d716: 9b 87 37 fc  	addiw	a5, a5, -0x3d
   1d71a: b3 17 f4 00  	sll	a5, s0, a5
   1d71e: d9 bf        	j	0x1d6f4 <__multf3+0x92>
   1d720: b3 6b 95 00  	or	s7, a0, s1
   1d724: 63 8c 0b 08  	beqz	s7, 0x1d7bc <__multf3+0x15a>
   1d728: 05 49        	li	s2, 0x1
   1d72a: 3e 19        	slli	s2, s2, 0x2f
   1d72c: 33 b9 24 01  	sltu	s2, s1, s2
   1d730: 1b 19 49 00  	slliw	s2, s2, 0x4
   1d734: aa 8b        	mv	s7, a0
   1d736: 0d 4c        	li	s8, 0x3
   1d738: fd 56        	li	a3, -0x1
   1d73a: a1 65        	lui	a1, 0x8
   1d73c: 13 56 0a 03  	srli	a2, s4, 0x30
   1d740: b6 95        	add	a1, a1, a3
   1d742: 13 d4 06 01  	srli	s0, a3, 0x10
   1d746: 6d 8e        	and	a2, a2, a1
   1d748: 33 74 8a 00  	and	s0, s4, s0
   1d74c: da 87        	mv	a5, s6
   1d74e: 13 5a fa 03  	srli	s4, s4, 0x3f
   1d752: 25 ca        	beqz	a2, 0x1d7c2 <__multf3+0x160>
   1d754: 1b 07 06 00  	sext.w	a4, a2
   1d758: 63 03 b6 0c  	beq	a2, a1, 0x1d81e <__multf3+0x1bc>
   1d75c: 0e 04        	slli	s0, s0, 0x3
   1d75e: 13 57 db 03  	srli	a4, s6, 0x3d
   1d762: 41 8f        	or	a4, a4, s0
   1d764: 05 44        	li	s0, 0x1
   1d766: 4e 14        	slli	s0, s0, 0x33
   1d768: 59 8c        	or	s0, s0, a4
   1d76a: 71 77        	lui	a4, 0xffffc
   1d76c: 05 07        	addi	a4, a4, 0x1
   1d76e: 93 17 3b 00  	slli	a5, s6, 0x3
   1d772: 32 97        	add	a4, a4, a2
   1d774: 81 45        	li	a1, 0x0
   1d776: 93 16 2c 00  	slli	a3, s8, 0x2
   1d77a: 66 97        	add	a4, a4, s9
   1d77c: cd 8e        	or	a3, a3, a1
   1d77e: 29 46        	li	a2, 0xa
   1d780: 13 08 17 00  	addi	a6, a4, 0x1
   1d784: 63 4d d6 0c  	blt	a2, a3, 0x1d85e <__multf3+0x1fc>
   1d788: 89 48        	li	a7, 0x2
   1d78a: 33 c6 4a 01  	xor	a2, s5, s4
   1d78e: 05 45        	li	a0, 0x1
   1d790: 63 c9 d8 0a  	blt	a7, a3, 0x1d842 <__multf3+0x1e0>
   1d794: fd 16        	addi	a3, a3, -0x1
   1d796: 63 6e d5 0c  	bltu	a0, a3, 0x1d872 <__multf3+0x210>
   1d79a: 2e 8c        	mv	s8, a1
   1d79c: 09 47        	li	a4, 0x2
   1d79e: 63 04 ec 4a  	beq	s8, a4, 0x1dc46 <__multf3+0x5e4>
   1d7a2: 0d 47        	li	a4, 0x3
   1d7a4: 63 06 ec 4a  	beq	s8, a4, 0x1dc50 <__multf3+0x5ee>
   1d7a8: 05 47        	li	a4, 0x1
   1d7aa: 63 14 ec 26  	bne	s8, a4, 0x1da12 <__multf3+0x3b0>
   1d7ae: 01 47        	li	a4, 0x0
   1d7b0: 01 45        	li	a0, 0x0
   1d7b2: 95 a9        	j	0x1dc26 <__multf3+0x5c4>
   1d7b4: 81 44        	li	s1, 0x0
   1d7b6: 81 4c        	li	s9, 0x0
   1d7b8: 05 4c        	li	s8, 0x1
   1d7ba: 11 b7        	j	0x1d6be <__multf3+0x5c>
   1d7bc: 81 44        	li	s1, 0x0
   1d7be: 09 4c        	li	s8, 0x2
   1d7c0: fd bd        	j	0x1d6be <__multf3+0x5c>
   1d7c2: b3 67 8b 00  	or	a5, s6, s0
   1d7c6: ad c7        	beqz	a5, 0x1d830 <__multf3+0x1ce>
   1d7c8: 1d c8        	beqz	s0, 0x1d7fe <__multf3+0x19c>
   1d7ca: 22 85        	mv	a0, s0
   1d7cc: ef 10 c0 09  	jal	0x1e868 <__clzdi2>
   1d7d0: 01 25        	sext.w	a0, a0
   1d7d2: 93 07 15 ff  	addi	a5, a0, -0xf
   1d7d6: 13 07 d0 03  	li	a4, 0x3d
   1d7da: 1b 86 37 00  	addiw	a2, a5, 0x3
   1d7de: bb 07 f7 40  	subw	a5, a4, a5
   1d7e2: 33 14 c4 00  	sll	s0, s0, a2
   1d7e6: b3 57 fb 00  	srl	a5, s6, a5
   1d7ea: b3 e6 87 00  	or	a3, a5, s0
   1d7ee: 33 14 cb 00  	sll	s0, s6, a2
   1d7f2: 71 77        	lui	a4, 0xffffc
   1d7f4: 45 07        	addi	a4, a4, 0x11
   1d7f6: a2 87        	mv	a5, s0
   1d7f8: 09 8f        	sub	a4, a4, a0
   1d7fa: 36 84        	mv	s0, a3
   1d7fc: a5 bf        	j	0x1d774 <__multf3+0x112>
   1d7fe: 5a 85        	mv	a0, s6
   1d800: ef 10 80 06  	jal	0x1e868 <__clzdi2>
   1d804: 1b 05 05 04  	addiw	a0, a0, 0x40
   1d808: 93 07 15 ff  	addi	a5, a0, -0xf
   1d80c: 13 07 c0 03  	li	a4, 0x3c
   1d810: e3 53 f7 fc  	bge	a4, a5, 0x1d7d6 <__multf3+0x174>
   1d814: 9b 87 37 fc  	addiw	a5, a5, -0x3d
   1d818: b3 16 fb 00  	sll	a3, s6, a5
   1d81c: d9 bf        	j	0x1d7f2 <__multf3+0x190>
   1d81e: 33 66 8b 00  	or	a2, s6, s0
   1d822: 01 ce        	beqz	a2, 0x1d83a <__multf3+0x1d8>
   1d824: c5 82        	srli	a3, a3, 0x11
   1d826: 8d 45        	li	a1, 0x3
   1d828: e3 e7 86 f4  	bltu	a3, s0, 0x1d776 <__multf3+0x114>
   1d82c: 41 49        	li	s2, 0x10
   1d82e: a1 b7        	j	0x1d776 <__multf3+0x114>
   1d830: 01 44        	li	s0, 0x0
   1d832: 81 47        	li	a5, 0x0
   1d834: 01 47        	li	a4, 0x0
   1d836: 85 45        	li	a1, 0x1
   1d838: 3d bf        	j	0x1d776 <__multf3+0x114>
   1d83a: 01 44        	li	s0, 0x0
   1d83c: 81 47        	li	a5, 0x0
   1d83e: 89 45        	li	a1, 0x2
   1d840: 1d bf        	j	0x1d776 <__multf3+0x114>
   1d842: b3 16 d5 00  	sll	a3, a0, a3
   1d846: 13 f5 06 53  	andi	a0, a3, 0x530
   1d84a: 0d e1        	bnez	a0, 0x1d86c <__multf3+0x20a>
   1d84c: 93 f8 06 24  	andi	a7, a3, 0x240
   1d850: 63 94 08 3e  	bnez	a7, 0x1dc38 <__multf3+0x5d6>
   1d854: 93 f6 86 08  	andi	a3, a3, 0x88
   1d858: 89 ce        	beqz	a3, 0x1d872 <__multf3+0x210>
   1d85a: 52 86        	mv	a2, s4
   1d85c: 3d bf        	j	0x1d79a <__multf3+0x138>
   1d85e: 3d 47        	li	a4, 0xf
   1d860: 63 88 e6 3e  	beq	a3, a4, 0x1dc50 <__multf3+0x5ee>
   1d864: 2d 47        	li	a4, 0xb
   1d866: 56 86        	mv	a2, s5
   1d868: e3 89 e6 fe  	beq	a3, a4, 0x1d85a <__multf3+0x1f8>
   1d86c: 26 84        	mv	s0, s1
   1d86e: de 87        	mv	a5, s7
   1d870: 35 b7        	j	0x1d79c <__multf3+0x13a>
   1d872: b3 85 87 00  	add	a1, a5, s0
   1d876: 93 d6 0b 02  	srli	a3, s7, 0x20
   1d87a: 13 d5 07 02  	srli	a0, a5, 0x20
   1d87e: b3 82 74 01  	add	t0, s1, s7
   1d882: b3 bf f5 00  	sltu	t6, a1, a5
   1d886: 82 1b        	slli	s7, s7, 0x20
   1d888: 82 17        	slli	a5, a5, 0x20
   1d88a: 93 db 0b 02  	srli	s7, s7, 0x20
   1d88e: 81 93        	srli	a5, a5, 0x20
   1d890: b3 88 77 03  	mul	a7, a5, s7
   1d894: 33 bf 92 00  	sltu	t5, t0, s1
   1d898: b3 87 f6 02  	mul	a5, a3, a5
   1d89c: 13 d3 08 02  	srli	t1, a7, 0x20
   1d8a0: b3 86 a6 02  	mul	a3, a3, a0
   1d8a4: 33 05 75 03  	mul	a0, a0, s7
   1d8a8: 3e 95        	add	a0, a0, a5
   1d8aa: 2a 93        	add	t1, t1, a0
   1d8ac: 63 75 f3 00  	bgeu	t1, a5, 0x1d8b6 <__multf3+0x254>
   1d8b0: 85 47        	li	a5, 0x1
   1d8b2: 82 17        	slli	a5, a5, 0x20
   1d8b4: be 96        	add	a3, a3, a5
   1d8b6: 82 18        	slli	a7, a7, 0x20
   1d8b8: 93 5e 03 02  	srli	t4, t1, 0x20
   1d8bc: 93 d8 08 02  	srli	a7, a7, 0x20
   1d8c0: 02 13        	slli	t1, t1, 0x20
   1d8c2: 46 93        	add	t1, t1, a7
   1d8c4: 93 97 05 02  	slli	a5, a1, 0x20
   1d8c8: 93 98 02 02  	slli	a7, t0, 0x20
   1d8cc: 93 d3 02 02  	srli	t2, t0, 0x20
   1d8d0: 93 d8 08 02  	srli	a7, a7, 0x20
   1d8d4: 81 93        	srli	a5, a5, 0x20
   1d8d6: b6 9e        	add	t4, t4, a3
   1d8d8: 93 d6 05 02  	srli	a3, a1, 0x20
   1d8dc: 33 85 17 03  	mul	a0, a5, a7
   1d8e0: b3 87 f3 02  	mul	a5, t2, a5
   1d8e4: 13 5e 05 02  	srli	t3, a0, 0x20
   1d8e8: b3 83 d3 02  	mul	t2, t2, a3
   1d8ec: b3 86 16 03  	mul	a3, a3, a7
   1d8f0: be 96        	add	a3, a3, a5
   1d8f2: 36 9e        	add	t3, t3, a3
   1d8f4: 63 75 fe 00  	bgeu	t3, a5, 0x1d8fe <__multf3+0x29c>
   1d8f8: 85 47        	li	a5, 0x1
   1d8fa: 82 17        	slli	a5, a5, 0x20
   1d8fc: be 93        	add	t2, t2, a5
   1d8fe: 93 d7 04 02  	srli	a5, s1, 0x20
   1d902: 93 56 04 02  	srli	a3, s0, 0x20
   1d906: 82 14        	slli	s1, s1, 0x20
   1d908: 02 14        	slli	s0, s0, 0x20
   1d90a: 81 90        	srli	s1, s1, 0x20
   1d90c: 01 90        	srli	s0, s0, 0x20
   1d90e: 33 0a 94 02  	mul	s4, s0, s1
   1d912: 02 15        	slli	a0, a0, 0x20
   1d914: 01 91        	srli	a0, a0, 0x20
   1d916: 93 58 0e 02  	srli	a7, t3, 0x20
   1d91a: 02 1e        	slli	t3, t3, 0x20
   1d91c: 2a 9e        	add	t3, t3, a0
   1d91e: 33 84 87 02  	mul	s0, a5, s0
   1d922: b3 87 d7 02  	mul	a5, a5, a3
   1d926: b3 86 96 02  	mul	a3, a3, s1
   1d92a: 33 85 86 00  	add	a0, a3, s0
   1d92e: 93 56 0a 02  	srli	a3, s4, 0x20
   1d932: aa 96        	add	a3, a3, a0
   1d934: 63 f5 86 00  	bgeu	a3, s0, 0x1d93e <__multf3+0x2dc>
   1d938: 05 45        	li	a0, 0x1
   1d93a: 02 15        	slli	a0, a0, 0x20
   1d93c: aa 97        	add	a5, a5, a0
   1d93e: 13 d5 06 02  	srli	a0, a3, 0x20
   1d942: 3e 95        	add	a0, a0, a5
   1d944: 93 17 0a 02  	slli	a5, s4, 0x20
   1d948: 81 93        	srli	a5, a5, 0x20
   1d94a: 82 16        	slli	a3, a3, 0x20
   1d94c: be 96        	add	a3, a3, a5
   1d94e: b3 07 f0 41  	neg	a5, t6
   1d952: b3 f7 f2 00  	and	a5, t0, a5
   1d956: b3 02 e0 41  	neg	t0, t5
   1d95a: b3 f5 55 00  	and	a1, a1, t0
   1d95e: b3 02 de 01  	add	t0, t3, t4
   1d962: 33 be c2 01  	sltu	t3, t0, t3
   1d966: f2 98        	add	a7, a7, t3
   1d968: 9e 98        	add	a7, a7, t2
   1d96a: 33 7f ff 01  	and	t5, t5, t6
   1d96e: 33 be c8 01  	sltu	t3, a7, t3
   1d972: c6 97        	add	a5, a5, a7
   1d974: 7a 9e        	add	t3, t3, t5
   1d976: b3 b8 17 01  	sltu	a7, a5, a7
   1d97a: ae 97        	add	a5, a5, a1
   1d97c: f2 98        	add	a7, a7, t3
   1d97e: b3 b5 b7 00  	sltu	a1, a5, a1
   1d982: 33 8e 62 40  	sub	t3, t0, t1
   1d986: 33 bf c2 01  	sltu	t5, t0, t3
   1d98a: c6 95        	add	a1, a1, a7
   1d98c: b3 88 d7 41  	sub	a7, a5, t4
   1d990: b3 bf 17 01  	sltu	t6, a5, a7
   1d994: b3 88 e8 41  	sub	a7, a7, t5
   1d998: 01 4f        	li	t5, 0x0
   1d99a: 63 f6 c2 01  	bgeu	t0, t3, 0x1d9a6 <__multf3+0x344>
   1d99e: b3 8e fe 40  	sub	t4, t4, a5
   1d9a2: 13 bf 1e 00  	seqz	t5, t4
   1d9a6: b3 0e de 40  	sub	t4, t3, a3
   1d9aa: 33 6f ff 01  	or	t5, t5, t6
   1d9ae: aa 95        	add	a1, a1, a0
   1d9b0: b3 3f de 01  	sltu	t6, t3, t4
   1d9b4: 33 85 a8 40  	sub	a0, a7, a0
   1d9b8: b3 b8 a8 00  	sltu	a7, a7, a0
   1d9bc: b3 8f f6 41  	sub	t6, a3, t6
   1d9c0: 81 47        	li	a5, 0x0
   1d9c2: 63 74 de 01  	bgeu	t3, t4, 0x1d9ca <__multf3+0x368>
   1d9c6: 93 37 15 00  	seqz	a5, a0
   1d9ca: 7e 95        	add	a0, a0, t6
   1d9cc: b3 36 d5 00  	sltu	a3, a0, a3
   1d9d0: ae 96        	add	a3, a3, a1
   1d9d2: b3 e7 17 01  	or	a5, a5, a7
   1d9d6: b3 86 e6 41  	sub	a3, a3, t5
   1d9da: 9d 8e        	sub	a3, a3, a5
   1d9dc: 93 97 de 00  	slli	a5, t4, 0xd
   1d9e0: b3 e7 67 00  	or	a5, a5, t1
   1d9e4: b6 06        	slli	a3, a3, 0xd
   1d9e6: 93 d5 3e 03  	srli	a1, t4, 0x33
   1d9ea: b3 37 f0 00  	snez	a5, a5
   1d9ee: 13 54 35 03  	srli	s0, a0, 0x33
   1d9f2: cd 8f        	or	a5, a5, a1
   1d9f4: 36 05        	slli	a0, a0, 0xd
   1d9f6: 93 95 b6 00  	slli	a1, a3, 0xb
   1d9fa: 55 8c        	or	s0, s0, a3
   1d9fc: c9 8f        	or	a5, a5, a0
   1d9fe: 63 d8 05 04  	bgez	a1, 0x1da4e <__multf3+0x3ec>
   1da02: 13 d7 17 00  	srli	a4, a5, 0x1
   1da06: 85 8b        	andi	a5, a5, 0x1
   1da08: 5d 8f        	or	a4, a4, a5
   1da0a: 93 17 f4 03  	slli	a5, s0, 0x3f
   1da0e: d9 8f        	or	a5, a5, a4
   1da10: 05 80        	srli	s0, s0, 0x1
   1da12: 91 66        	lui	a3, 0x4
   1da14: fd 16        	addi	a3, a3, -0x1
   1da16: c2 96        	add	a3, a3, a6
   1da18: 63 55 d0 0c  	blez	a3, 0x1dae2 <__multf3+0x480>
   1da1c: 13 f7 77 00  	andi	a4, a5, 0x7
   1da20: 15 cf        	beqz	a4, 0x1da5c <__multf3+0x3fa>
   1da22: 09 47        	li	a4, 0x2
   1da24: 13 69 19 00  	ori	s2, s2, 0x1
   1da28: 63 89 e9 02  	beq	s3, a4, 0x1da5a <__multf3+0x3f8>
   1da2c: 0d 47        	li	a4, 0x3
   1da2e: 63 82 e9 02  	beq	s3, a4, 0x1da52 <__multf3+0x3f0>
   1da32: 63 95 09 02  	bnez	s3, 0x1da5c <__multf3+0x3fa>
   1da36: 13 f7 f7 00  	andi	a4, a5, 0xf
   1da3a: 91 45        	li	a1, 0x4
   1da3c: 63 00 b7 02  	beq	a4, a1, 0x1da5c <__multf3+0x3fa>
   1da40: 33 87 b7 00  	add	a4, a5, a1
   1da44: b3 35 f7 00  	sltu	a1, a4, a5
   1da48: 2e 94        	add	s0, s0, a1
   1da4a: ba 87        	mv	a5, a4
   1da4c: 01 a8        	j	0x1da5c <__multf3+0x3fa>
   1da4e: 3a 88        	mv	a6, a4
   1da50: c9 b7        	j	0x1da12 <__multf3+0x3b0>
   1da52: 09 e6        	bnez	a2, 0x1da5c <__multf3+0x3fa>
   1da54: 13 87 87 00  	addi	a4, a5, 0x8
   1da58: f5 b7        	j	0x1da44 <__multf3+0x3e2>
   1da5a: 6d fe        	bnez	a2, 0x1da54 <__multf3+0x3f2>
   1da5c: 13 17 b4 00  	slli	a4, s0, 0xb
   1da60: 63 58 07 00  	bgez	a4, 0x1da70 <__multf3+0x40e>
   1da64: 7d 57        	li	a4, -0x1
   1da66: 52 17        	slli	a4, a4, 0x34
   1da68: 7d 17        	addi	a4, a4, -0x1
   1da6a: 91 66        	lui	a3, 0x4
   1da6c: 79 8c        	and	s0, s0, a4
   1da6e: c2 96        	add	a3, a3, a6
   1da70: a1 65        	lui	a1, 0x8
   1da72: 13 87 e5 ff  	addi	a4, a1, -0x2
   1da76: 63 41 d7 04  	blt	a4, a3, 0x1dab8 <__multf3+0x456>
   1da7a: 8d 83        	srli	a5, a5, 0x3
   1da7c: 13 15 d4 03  	slli	a0, s0, 0x3d
   1da80: 5d 8d        	or	a0, a0, a5
   1da82: 13 57 34 00  	srli	a4, s0, 0x3
   1da86: 1b 16 f6 00  	slliw	a2, a2, 0xf
   1da8a: 93 15 07 01  	slli	a1, a4, 0x10
   1da8e: 55 8e        	or	a2, a2, a3
   1da90: 42 16        	slli	a2, a2, 0x30
   1da92: c1 81        	srli	a1, a1, 0x10
   1da94: d1 8d        	or	a1, a1, a2
   1da96: 63 04 09 00  	beqz	s2, 0x1da9e <__multf3+0x43c>
   1da9a: 73 20 19 00  	csrs	fflags, s2
   1da9e: e6 60        	ld	ra, 0x58(sp)
   1daa0: 46 64        	ld	s0, 0x50(sp)
   1daa2: a6 64        	ld	s1, 0x48(sp)
   1daa4: 06 69        	ld	s2, 0x40(sp)
   1daa6: e2 79        	ld	s3, 0x38(sp)
   1daa8: 42 7a        	ld	s4, 0x30(sp)
   1daaa: a2 7a        	ld	s5, 0x28(sp)
   1daac: 02 7b        	ld	s6, 0x20(sp)
   1daae: e2 6b        	ld	s7, 0x18(sp)
   1dab0: 42 6c        	ld	s8, 0x10(sp)
   1dab2: a2 6c        	ld	s9, 0x8(sp)
   1dab4: 25 61        	addi	sp, sp, 0x60
   1dab6: 82 80        	ret
   1dab8: 89 47        	li	a5, 0x2
   1daba: 63 82 f9 02  	beq	s3, a5, 0x1dade <__multf3+0x47c>
   1dabe: 8d 47        	li	a5, 0x3
   1dac0: 63 88 f9 00  	beq	s3, a5, 0x1dad0 <__multf3+0x46e>
   1dac4: 63 97 09 00  	bnez	s3, 0x1dad2 <__multf3+0x470>
   1dac8: 01 45        	li	a0, 0x0
   1daca: 93 86 f5 ff  	addi	a3, a1, -0x1
   1dace: 21 a0        	j	0x1dad6 <__multf3+0x474>
   1dad0: 65 de        	beqz	a2, 0x1dac8 <__multf3+0x466>
   1dad2: 7d 55        	li	a0, -0x1
   1dad4: ba 86        	mv	a3, a4
   1dad6: 13 69 59 00  	ori	s2, s2, 0x5
   1dada: 2a 87        	mv	a4, a0
   1dadc: 6d b7        	j	0x1da86 <__multf3+0x424>
   1dade: 6d f6        	bnez	a2, 0x1dac8 <__multf3+0x466>
   1dae0: cd bf        	j	0x1dad2 <__multf3+0x470>
   1dae2: d1 ee        	bnez	a3, 0x1db7e <__multf3+0x51c>
   1dae4: 93 f6 77 00  	andi	a3, a5, 0x7
   1dae8: 22 87        	mv	a4, s0
   1daea: 9d ca        	beqz	a3, 0x1db20 <__multf3+0x4be>
   1daec: 89 46        	li	a3, 0x2
   1daee: 13 69 19 00  	ori	s2, s2, 0x1
   1daf2: 63 86 d9 02  	beq	s3, a3, 0x1db1e <__multf3+0x4bc>
   1daf6: 8d 46        	li	a3, 0x3
   1daf8: 63 8f d9 00  	beq	s3, a3, 0x1db16 <__multf3+0x4b4>
   1dafc: 63 92 09 02  	bnez	s3, 0x1db20 <__multf3+0x4be>
   1db00: 93 f6 f7 00  	andi	a3, a5, 0xf
   1db04: 91 45        	li	a1, 0x4
   1db06: 63 8d b6 00  	beq	a3, a1, 0x1db20 <__multf3+0x4be>
   1db0a: 13 b7 c7 ff  	sltiu	a4, a5, -0x4
   1db0e: 13 47 17 00  	xori	a4, a4, 0x1
   1db12: 22 97        	add	a4, a4, s0
   1db14: 31 a0        	j	0x1db20 <__multf3+0x4be>
   1db16: 09 e6        	bnez	a2, 0x1db20 <__multf3+0x4be>
   1db18: 13 b7 87 ff  	sltiu	a4, a5, -0x8
   1db1c: cd bf        	j	0x1db0e <__multf3+0x4ac>
   1db1e: 6d fe        	bnez	a2, 0x1db18 <__multf3+0x4b6>
   1db20: 51 93        	srli	a4, a4, 0x34
   1db22: 05 8b        	andi	a4, a4, 0x1
   1db24: 93 45 17 00  	xori	a1, a4, 0x1
   1db28: 05 47        	li	a4, 0x1
   1db2a: 13 05 00 04  	li	a0, 0x40
   1db2e: 19 9d        	subw	a0, a0, a4
   1db30: 33 d8 e7 00  	srl	a6, a5, a4
   1db34: b3 16 a4 00  	sll	a3, s0, a0
   1db38: 33 95 a7 00  	sll	a0, a5, a0
   1db3c: b3 e6 06 01  	or	a3, a3, a6
   1db40: 33 35 a0 00  	snez	a0, a0
   1db44: b3 e7 a6 00  	or	a5, a3, a0
   1db48: 33 57 e4 00  	srl	a4, s0, a4
   1db4c: 93 f6 77 00  	andi	a3, a5, 0x7
   1db50: bd ce        	beqz	a3, 0x1dbce <__multf3+0x56c>
   1db52: 89 46        	li	a3, 0x2
   1db54: 13 69 19 00  	ori	s2, s2, 0x1
   1db58: 63 8a d9 06  	beq	s3, a3, 0x1dbcc <__multf3+0x56a>
   1db5c: 8d 46        	li	a3, 0x3
   1db5e: 63 83 d9 06  	beq	s3, a3, 0x1dbc4 <__multf3+0x562>
   1db62: 63 96 09 06  	bnez	s3, 0x1dbce <__multf3+0x56c>
   1db66: 93 f6 f7 00  	andi	a3, a5, 0xf
   1db6a: 11 45        	li	a0, 0x4
   1db6c: 63 81 a6 06  	beq	a3, a0, 0x1dbce <__multf3+0x56c>
   1db70: b3 86 a7 00  	add	a3, a5, a0
   1db74: 33 b5 f6 00  	sltu	a0, a3, a5
   1db78: 2a 97        	add	a4, a4, a0
   1db7a: b6 87        	mv	a5, a3
   1db7c: 89 a8        	j	0x1dbce <__multf3+0x56c>
   1db7e: 85 45        	li	a1, 0x1
   1db80: 33 87 d5 40  	sub	a4, a1, a3
   1db84: 93 06 40 07  	li	a3, 0x74
   1db88: 63 cc e6 06  	blt	a3, a4, 0x1dc00 <__multf3+0x59e>
   1db8c: 93 06 f0 03  	li	a3, 0x3f
   1db90: 1b 05 07 00  	sext.w	a0, a4
   1db94: e3 db e6 f8  	bge	a3, a4, 0x1db2a <__multf3+0x4c8>
   1db98: 9b 06 05 fc  	addiw	a3, a0, -0x40
   1db9c: 13 08 00 04  	li	a6, 0x40
   1dba0: b3 56 d4 00  	srl	a3, s0, a3
   1dba4: 81 45        	li	a1, 0x0
   1dba6: 63 07 07 01  	beq	a4, a6, 0x1dbb4 <__multf3+0x552>
   1dbaa: 93 05 00 08  	li	a1, 0x80
   1dbae: 89 9d        	subw	a1, a1, a0
   1dbb0: b3 15 b4 00  	sll	a1, s0, a1
   1dbb4: dd 8d        	or	a1, a1, a5
   1dbb6: b3 35 b0 00  	snez	a1, a1
   1dbba: b3 e7 b6 00  	or	a5, a3, a1
   1dbbe: 01 47        	li	a4, 0x0
   1dbc0: 85 45        	li	a1, 0x1
   1dbc2: 69 b7        	j	0x1db4c <__multf3+0x4ea>
   1dbc4: 09 e6        	bnez	a2, 0x1dbce <__multf3+0x56c>
   1dbc6: 93 86 87 00  	addi	a3, a5, 0x8
   1dbca: 6d b7        	j	0x1db74 <__multf3+0x512>
   1dbcc: 6d fe        	bnez	a2, 0x1dbc6 <__multf3+0x564>
   1dbce: 93 16 c7 00  	slli	a3, a4, 0xc
   1dbd2: 63 d0 06 02  	bgez	a3, 0x1dbf2 <__multf3+0x590>
   1dbd6: 13 69 19 00  	ori	s2, s2, 0x1
   1dbda: 01 47        	li	a4, 0x0
   1dbdc: 01 45        	li	a0, 0x0
   1dbde: 85 46        	li	a3, 0x1
   1dbe0: e3 83 05 ea  	beqz	a1, 0x1da86 <__multf3+0x424>
   1dbe4: 93 77 19 00  	andi	a5, s2, 0x1
   1dbe8: 9b 97 17 00  	slliw	a5, a5, 0x1
   1dbec: 33 69 f9 00  	or	s2, s2, a5
   1dbf0: 59 bd        	j	0x1da86 <__multf3+0x424>
   1dbf2: 13 15 d7 03  	slli	a0, a4, 0x3d
   1dbf6: 8d 83        	srli	a5, a5, 0x3
   1dbf8: 5d 8d        	or	a0, a0, a5
   1dbfa: 0d 83        	srli	a4, a4, 0x3
   1dbfc: 81 46        	li	a3, 0x0
   1dbfe: cd b7        	j	0x1dbe0 <__multf3+0x57e>
   1dc00: 33 e5 87 00  	or	a0, a5, s0
   1dc04: 11 cd        	beqz	a0, 0x1dc20 <__multf3+0x5be>
   1dc06: 89 47        	li	a5, 0x2
   1dc08: 13 69 19 00  	ori	s2, s2, 0x1
   1dc0c: 63 83 f9 02  	beq	s3, a5, 0x1dc32 <__multf3+0x5d0>
   1dc10: 8d 47        	li	a5, 0x3
   1dc12: 63 8c f9 00  	beq	s3, a5, 0x1dc2a <__multf3+0x5c8>
   1dc16: 2e 85        	mv	a0, a1
   1dc18: 63 93 09 00  	bnez	s3, 0x1dc1e <__multf3+0x5bc>
   1dc1c: 15 45        	li	a0, 0x5
   1dc1e: 0d 81        	srli	a0, a0, 0x3
   1dc20: 13 69 29 00  	ori	s2, s2, 0x2
   1dc24: 01 47        	li	a4, 0x0
   1dc26: 81 46        	li	a3, 0x0
   1dc28: b9 bd        	j	0x1da86 <__multf3+0x424>
   1dc2a: 25 45        	li	a0, 0x9
   1dc2c: 6d da        	beqz	a2, 0x1dc1e <__multf3+0x5bc>
   1dc2e: 2e 85        	mv	a0, a1
   1dc30: fd b7        	j	0x1dc1e <__multf3+0x5bc>
   1dc32: 25 45        	li	a0, 0x9
   1dc34: 6d f6        	bnez	a2, 0x1dc1e <__multf3+0x5bc>
   1dc36: e5 bf        	j	0x1dc2e <__multf3+0x5cc>
   1dc38: 05 47        	li	a4, 0x1
   1dc3a: a1 66        	lui	a3, 0x8
   1dc3c: 3e 17        	slli	a4, a4, 0x2f
   1dc3e: fd 16        	addi	a3, a3, -0x1
   1dc40: 01 46        	li	a2, 0x0
   1dc42: 41 49        	li	s2, 0x10
   1dc44: 89 b5        	j	0x1da86 <__multf3+0x424>
   1dc46: a1 66        	lui	a3, 0x8
   1dc48: 01 47        	li	a4, 0x0
   1dc4a: 01 45        	li	a0, 0x0
   1dc4c: fd 16        	addi	a3, a3, -0x1
   1dc4e: 25 bd        	j	0x1da86 <__multf3+0x424>
   1dc50: 05 47        	li	a4, 0x1
   1dc52: a1 66        	lui	a3, 0x8
   1dc54: 3e 17        	slli	a4, a4, 0x2f
   1dc56: 01 45        	li	a0, 0x0
   1dc58: fd 16        	addi	a3, a3, -0x1
   1dc5a: 01 46        	li	a2, 0x0
   1dc5c: 2d b5        	j	0x1da86 <__multf3+0x424>

000000000001dc5e <__subtf3>:
   1dc5e: 79 71        	addi	sp, sp, -0x30
   1dc60: 06 f4        	sd	ra, 0x28(sp)
   1dc62: 22 f0        	sd	s0, 0x20(sp)
   1dc64: 26 ec        	sd	s1, 0x18(sp)
   1dc66: 4a e8        	sd	s2, 0x10(sp)
   1dc68: 4e e4        	sd	s3, 0x8(sp)
   1dc6a: 52 e0        	sd	s4, 0x0(sp)
   1dc6c: b6 87        	mv	a5, a3
   1dc6e: 73 29 20 00  	frrm	s2
   1dc72: 7d 57        	li	a4, -0x1
   1dc74: 41 83        	srli	a4, a4, 0x10
   1dc76: a1 6e        	lui	t4, 0x8
   1dc78: 13 d8 05 03  	srli	a6, a1, 0x30
   1dc7c: fd 1e        	addi	t4, t4, -0x1
   1dc7e: 13 de 06 03  	srli	t3, a3, 0x30
   1dc82: f9 8f        	and	a5, a5, a4
   1dc84: 93 d9 f5 03  	srli	s3, a1, 0x3f
   1dc88: f9 8d        	and	a1, a1, a4
   1dc8a: 13 53 d5 03  	srli	t1, a0, 0x3d
   1dc8e: 13 97 37 00  	slli	a4, a5, 0x3
   1dc92: 33 78 d8 01  	and	a6, a6, t4
   1dc96: 93 57 d6 03  	srli	a5, a2, 0x3d
   1dc9a: 8e 05        	slli	a1, a1, 0x3
   1dc9c: 33 7e de 01  	and	t3, t3, t4
   1dca0: 01 29        	sext.w	s2, s2
   1dca2: c2 84        	mv	s1, a6
   1dca4: 33 63 b3 00  	or	t1, t1, a1
   1dca8: 0e 05        	slli	a0, a0, 0x3
   1dcaa: fd 92        	srli	a3, a3, 0x3f
   1dcac: b3 e8 e7 00  	or	a7, a5, a4
   1dcb0: 0e 06        	slli	a2, a2, 0x3
   1dcb2: 63 15 de 01  	bne	t3, t4, 0x1dcbc <__subtf3+0x5e>
   1dcb6: b3 e7 c8 00  	or	a5, a7, a2
   1dcba: 99 e3        	bnez	a5, 0x1dcc0 <__subtf3+0x62>
   1dcbc: 93 c6 16 00  	xori	a3, a3, 0x1
   1dcc0: a1 65        	lui	a1, 0x8
   1dcc2: bb 07 c8 41  	subw	a5, a6, t3
   1dcc6: fd 15        	addi	a1, a1, -0x1
   1dcc8: 63 94 36 35  	bne	a3, s3, 0x1e010 <__subtf3+0x3b2>
   1dccc: 63 5b f0 0e  	blez	a5, 0x1ddc2 <__subtf3+0x164>
   1dcd0: 63 1b 0e 06  	bnez	t3, 0x1dd46 <__subtf3+0xe8>
   1dcd4: 33 e7 c8 00  	or	a4, a7, a2
   1dcd8: 11 e7        	bnez	a4, 0x1dce4 <__subtf3+0x86>
   1dcda: 63 08 b8 04  	beq	a6, a1, 0x1dd2a <__subtf3+0xcc>
   1dcde: 9a 88        	mv	a7, t1
   1dce0: 2a 86        	mv	a2, a0
   1dce2: b5 af        	j	0x1e45e <__subtf3+0x800>
   1dce4: fd 37        	addiw	a5, a5, -0x1
   1dce6: a1 e3        	bnez	a5, 0x1dd26 <__subtf3+0xc8>
   1dce8: 2a 96        	add	a2, a2, a0
   1dcea: 46 93        	add	t1, t1, a7
   1dcec: 33 35 a6 00  	sltu	a0, a2, a0
   1dcf0: b3 08 a3 00  	add	a7, t1, a0
   1dcf4: 93 97 c8 00  	slli	a5, a7, 0xc
   1dcf8: 63 d5 07 02  	bgez	a5, 0x1dd22 <__subtf3+0xc4>
   1dcfc: a1 67        	lui	a5, 0x8
   1dcfe: 85 04        	addi	s1, s1, 0x1
   1dd00: fd 17        	addi	a5, a5, -0x1
   1dd02: 63 8e f4 2c  	beq	s1, a5, 0x1dfde <__subtf3+0x380>
   1dd06: fd 57        	li	a5, -0x1
   1dd08: ce 17        	slli	a5, a5, 0x33
   1dd0a: fd 17        	addi	a5, a5, -0x1
   1dd0c: b3 f7 f8 00  	and	a5, a7, a5
   1dd10: 13 57 16 00  	srli	a4, a2, 0x1
   1dd14: 05 8a        	andi	a2, a2, 0x1
   1dd16: 51 8f        	or	a4, a4, a2
   1dd18: 13 96 f7 03  	slli	a2, a5, 0x3f
   1dd1c: 59 8e        	or	a2, a2, a4
   1dd1e: 93 d8 17 00  	srli	a7, a5, 0x1
   1dd22: 81 47        	li	a5, 0x0
   1dd24: a5 a4        	j	0x1df8c <__subtf3+0x32e>
   1dd26: 63 16 b8 02  	bne	a6, a1, 0x1dd52 <__subtf3+0xf4>
   1dd2a: 33 66 a3 00  	or	a2, t1, a0
   1dd2e: 63 02 06 72  	beqz	a2, 0x1e452 <__subtf3+0x7f4>
   1dd32: 93 57 23 03  	srli	a5, t1, 0x32
   1dd36: 85 8b        	andi	a5, a5, 0x1
   1dd38: 93 c7 17 00  	xori	a5, a5, 0x1
   1dd3c: 9b 97 47 00  	slliw	a5, a5, 0x4
   1dd40: 9a 88        	mv	a7, t1
   1dd42: 2a 86        	mv	a2, a0
   1dd44: 71 a2        	j	0x1ded0 <__subtf3+0x272>
   1dd46: e3 02 b8 fe  	beq	a6, a1, 0x1dd2a <__subtf3+0xcc>
   1dd4a: 05 47        	li	a4, 0x1
   1dd4c: 4e 17        	slli	a4, a4, 0x33
   1dd4e: b3 e8 e8 00  	or	a7, a7, a4
   1dd52: 13 07 40 07  	li	a4, 0x74
   1dd56: 63 41 f7 06  	blt	a4, a5, 0x1ddb8 <__subtf3+0x15a>
   1dd5a: 13 07 f0 03  	li	a4, 0x3f
   1dd5e: 63 49 f7 02  	blt	a4, a5, 0x1dd90 <__subtf3+0x132>
   1dd62: 93 06 00 04  	li	a3, 0x40
   1dd66: 9d 9e        	subw	a3, a3, a5
   1dd68: 33 97 d8 00  	sll	a4, a7, a3
   1dd6c: b3 55 f6 00  	srl	a1, a2, a5
   1dd70: b3 16 d6 00  	sll	a3, a2, a3
   1dd74: 4d 8f        	or	a4, a4, a1
   1dd76: b3 36 d0 00  	snez	a3, a3
   1dd7a: 55 8f        	or	a4, a4, a3
   1dd7c: b3 d7 f8 00  	srl	a5, a7, a5
   1dd80: 3a 95        	add	a0, a0, a4
   1dd82: 9a 97        	add	a5, a5, t1
   1dd84: 33 37 e5 00  	sltu	a4, a0, a4
   1dd88: 2a 86        	mv	a2, a0
   1dd8a: b3 88 e7 00  	add	a7, a5, a4
   1dd8e: 9d b7        	j	0x1dcf4 <__subtf3+0x96>
   1dd90: 1b 87 07 fc  	addiw	a4, a5, -0x40
   1dd94: 93 05 00 04  	li	a1, 0x40
   1dd98: 33 d7 e8 00  	srl	a4, a7, a4
   1dd9c: 81 46        	li	a3, 0x0
   1dd9e: 63 87 b7 00  	beq	a5, a1, 0x1ddac <__subtf3+0x14e>
   1dda2: 93 06 00 08  	li	a3, 0x80
   1dda6: 9d 9e        	subw	a3, a3, a5
   1dda8: b3 96 d8 00  	sll	a3, a7, a3
   1ddac: d1 8e        	or	a3, a3, a2
   1ddae: b3 36 d0 00  	snez	a3, a3
   1ddb2: 55 8f        	or	a4, a4, a3
   1ddb4: 81 47        	li	a5, 0x0
   1ddb6: e9 b7        	j	0x1dd80 <__subtf3+0x122>
   1ddb8: 33 e7 c8 00  	or	a4, a7, a2
   1ddbc: 33 37 e0 00  	snez	a4, a4
   1ddc0: d5 bf        	j	0x1ddb4 <__subtf3+0x156>
   1ddc2: f9 c3        	beqz	a5, 0x1de88 <__subtf3+0x22a>
   1ddc4: 63 10 08 08  	bnez	a6, 0x1de44 <__subtf3+0x1e6>
   1ddc8: 33 67 a3 00  	or	a4, t1, a0
   1ddcc: 05 e3        	bnez	a4, 0x1ddec <__subtf3+0x18e>
   1ddce: 63 17 be 68  	bne	t3, a1, 0x1e45c <__subtf3+0x7fe>
   1ddd2: b3 e7 c8 00  	or	a5, a7, a2
   1ddd6: 63 81 07 68  	beqz	a5, 0x1e458 <__subtf3+0x7fa>
   1ddda: 93 d7 28 03  	srli	a5, a7, 0x32
   1ddde: 85 8b        	andi	a5, a5, 0x1
   1dde0: 93 c7 17 00  	xori	a5, a5, 0x1
   1dde4: 9b 97 47 00  	slliw	a5, a5, 0x4
   1dde8: f2 84        	mv	s1, t3
   1ddea: dd a0        	j	0x1ded0 <__subtf3+0x272>
   1ddec: 13 c7 f7 ff  	not	a4, a5
   1ddf0: 01 27        	sext.w	a4, a4
   1ddf2: 09 eb        	bnez	a4, 0x1de04 <__subtf3+0x1a6>
   1ddf4: 2a 96        	add	a2, a2, a0
   1ddf6: 46 93        	add	t1, t1, a7
   1ddf8: 33 35 a6 00  	sltu	a0, a2, a0
   1ddfc: b3 08 a3 00  	add	a7, t1, a0
   1de00: f2 84        	mv	s1, t3
   1de02: cd bd        	j	0x1dcf4 <__subtf3+0x96>
   1de04: e3 07 be fc  	beq	t3, a1, 0x1ddd2 <__subtf3+0x174>
   1de08: 93 07 40 07  	li	a5, 0x74
   1de0c: 63 c9 e7 06  	blt	a5, a4, 0x1de7e <__subtf3+0x220>
   1de10: 93 07 f0 03  	li	a5, 0x3f
   1de14: 63 c1 e7 04  	blt	a5, a4, 0x1de56 <__subtf3+0x1f8>
   1de18: 93 06 00 04  	li	a3, 0x40
   1de1c: 99 9e        	subw	a3, a3, a4
   1de1e: b3 17 d3 00  	sll	a5, t1, a3
   1de22: b3 55 e5 00  	srl	a1, a0, a4
   1de26: b3 16 d5 00  	sll	a3, a0, a3
   1de2a: cd 8f        	or	a5, a5, a1
   1de2c: b3 36 d0 00  	snez	a3, a3
   1de30: d5 8f        	or	a5, a5, a3
   1de32: 33 57 e3 00  	srl	a4, t1, a4
   1de36: 3e 96        	add	a2, a2, a5
   1de38: 46 97        	add	a4, a4, a7
   1de3a: b3 37 f6 00  	sltu	a5, a2, a5
   1de3e: b3 08 f7 00  	add	a7, a4, a5
   1de42: 7d bf        	j	0x1de00 <__subtf3+0x1a2>
   1de44: e3 07 be f8  	beq	t3, a1, 0x1ddd2 <__subtf3+0x174>
   1de48: 3b 07 f0 40  	negw	a4, a5
   1de4c: 85 47        	li	a5, 0x1
   1de4e: ce 17        	slli	a5, a5, 0x33
   1de50: 33 63 f3 00  	or	t1, t1, a5
   1de54: 55 bf        	j	0x1de08 <__subtf3+0x1aa>
   1de56: 9b 07 07 fc  	addiw	a5, a4, -0x40
   1de5a: 93 05 00 04  	li	a1, 0x40
   1de5e: b3 57 f3 00  	srl	a5, t1, a5
   1de62: 81 46        	li	a3, 0x0
   1de64: 63 07 b7 00  	beq	a4, a1, 0x1de72 <__subtf3+0x214>
   1de68: 93 06 00 08  	li	a3, 0x80
   1de6c: 99 9e        	subw	a3, a3, a4
   1de6e: b3 16 d3 00  	sll	a3, t1, a3
   1de72: c9 8e        	or	a3, a3, a0
   1de74: b3 36 d0 00  	snez	a3, a3
   1de78: d5 8f        	or	a5, a5, a3
   1de7a: 01 47        	li	a4, 0x0
   1de7c: 6d bf        	j	0x1de36 <__subtf3+0x1d8>
   1de7e: b3 67 a3 00  	or	a5, t1, a0
   1de82: b3 37 f0 00  	snez	a5, a5
   1de86: d5 bf        	j	0x1de7a <__subtf3+0x21c>
   1de88: 13 07 18 00  	addi	a4, a6, 0x1
   1de8c: 93 1e 17 03  	slli	t4, a4, 0x31
   1de90: a1 66        	lui	a3, 0x8
   1de92: 93 de 2e 03  	srli	t4, t4, 0x32
   1de96: f9 16        	addi	a3, a3, -0x2
   1de98: 63 9c 0e 0c  	bnez	t4, 0x1df70 <__subtf3+0x312>
   1de9c: 33 67 a3 00  	or	a4, t1, a0
   1dea0: 63 12 08 08  	bnez	a6, 0x1df24 <__subtf3+0x2c6>
   1dea4: 63 0f 07 42  	beqz	a4, 0x1e2e2 <__subtf3+0x684>
   1dea8: 33 e7 c8 00  	or	a4, a7, a2
   1deac: 63 0b 07 4e  	beqz	a4, 0x1e3a2 <__subtf3+0x744>
   1deb0: 2a 96        	add	a2, a2, a0
   1deb2: 46 93        	add	t1, t1, a7
   1deb4: 33 35 a6 00  	sltu	a0, a2, a0
   1deb8: b3 08 a3 00  	add	a7, t1, a0
   1debc: 13 97 c8 00  	slli	a4, a7, 0xc
   1dec0: 63 51 07 42  	bgez	a4, 0x1e2e2 <__subtf3+0x684>
   1dec4: 7d 57        	li	a4, -0x1
   1dec6: 4e 17        	slli	a4, a4, 0x33
   1dec8: 7d 17        	addi	a4, a4, -0x1
   1deca: b3 f8 e8 00  	and	a7, a7, a4
   1dece: 85 44        	li	s1, 0x1
   1ded0: 21 67        	lui	a4, 0x8
   1ded2: 13 95 d8 03  	slli	a0, a7, 0x3d
   1ded6: 0d 82        	srli	a2, a2, 0x3
   1ded8: 7d 17        	addi	a4, a4, -0x1
   1deda: 51 8d        	or	a0, a0, a2
   1dedc: 93 d8 38 00  	srli	a7, a7, 0x3
   1dee0: 63 9a e4 00  	bne	s1, a4, 0x1def4 <__subtf3+0x296>
   1dee4: 33 65 15 01  	or	a0, a0, a7
   1dee8: 81 48        	li	a7, 0x0
   1deea: 09 c5        	beqz	a0, 0x1def4 <__subtf3+0x296>
   1deec: 85 48        	li	a7, 0x1
   1deee: be 18        	slli	a7, a7, 0x2f
   1def0: 01 45        	li	a0, 0x0
   1def2: 81 49        	li	s3, 0x0
   1def4: 13 97 14 03  	slli	a4, s1, 0x31
   1def8: 9b 99 f9 00  	slliw	s3, s3, 0xf
   1defc: 45 93        	srli	a4, a4, 0x31
   1defe: 93 95 08 01  	slli	a1, a7, 0x10
   1df02: b3 e9 e9 00  	or	s3, s3, a4
   1df06: c2 19        	slli	s3, s3, 0x30
   1df08: c1 81        	srli	a1, a1, 0x10
   1df0a: b3 e5 35 01  	or	a1, a1, s3
   1df0e: 99 c3        	beqz	a5, 0x1df14 <__subtf3+0x2b6>
   1df10: 73 a0 17 00  	csrs	fflags, a5
   1df14: a2 70        	ld	ra, 0x28(sp)
   1df16: 02 74        	ld	s0, 0x20(sp)
   1df18: e2 64        	ld	s1, 0x18(sp)
   1df1a: 42 69        	ld	s2, 0x10(sp)
   1df1c: a2 69        	ld	s3, 0x8(sp)
   1df1e: 02 6a        	ld	s4, 0x0(sp)
   1df20: 45 61        	addi	sp, sp, 0x30
   1df22: 82 80        	ret
   1df24: 63 15 b8 02  	bne	a6, a1, 0x1df4e <__subtf3+0x2f0>
   1df28: 1d c3        	beqz	a4, 0x1df4e <__subtf3+0x2f0>
   1df2a: 93 57 23 03  	srli	a5, t1, 0x32
   1df2e: 85 8b        	andi	a5, a5, 0x1
   1df30: 93 c7 17 00  	xori	a5, a5, 0x1
   1df34: 9b 97 47 00  	slliw	a5, a5, 0x4
   1df38: 63 11 0e 03  	bne	t3, a6, 0x1df5a <__subtf3+0x2fc>
   1df3c: b3 e6 c8 00  	or	a3, a7, a2
   1df40: 99 ca        	beqz	a3, 0x1df56 <__subtf3+0x2f8>
   1df42: 93 96 d8 00  	slli	a3, a7, 0xd
   1df46: 63 c8 06 00  	bltz	a3, 0x1df56 <__subtf3+0x2f8>
   1df4a: c1 47        	li	a5, 0x10
   1df4c: 29 a0        	j	0x1df56 <__subtf3+0x2f8>
   1df4e: a1 66        	lui	a3, 0x8
   1df50: fd 16        	addi	a3, a3, -0x1
   1df52: e3 05 de fe  	beq	t3, a3, 0x1df3c <__subtf3+0x2de>
   1df56: 63 0f 07 2e  	beqz	a4, 0x1e254 <__subtf3+0x5f6>
   1df5a: a1 64        	lui	s1, 0x8
   1df5c: b3 e8 c8 00  	or	a7, a7, a2
   1df60: 13 87 f4 ff  	addi	a4, s1, -0x1
   1df64: 63 9d 08 4c  	bnez	a7, 0x1e43e <__subtf3+0x7e0>
   1df68: 9a 88        	mv	a7, t1
   1df6a: 2a 86        	mv	a2, a0
   1df6c: ba 84        	mv	s1, a4
   1df6e: 8d b7        	j	0x1ded0 <__subtf3+0x272>
   1df70: 63 00 b7 02  	beq	a4, a1, 0x1df90 <__subtf3+0x332>
   1df74: 2a 96        	add	a2, a2, a0
   1df76: 46 93        	add	t1, t1, a7
   1df78: 33 35 a6 00  	sltu	a0, a2, a0
   1df7c: 2a 93        	add	t1, t1, a0
   1df7e: 93 16 f3 03  	slli	a3, t1, 0x3f
   1df82: 05 82        	srli	a2, a2, 0x1
   1df84: 55 8e        	or	a2, a2, a3
   1df86: 93 58 13 00  	srli	a7, t1, 0x1
   1df8a: ba 84        	mv	s1, a4
   1df8c: 01 47        	li	a4, 0x0
   1df8e: 71 ae        	j	0x1e32a <__subtf3+0x6cc>
   1df90: 63 0c 09 4a  	beqz	s2, 0x1e448 <__subtf3+0x7ea>
   1df94: 0d 46        	li	a2, 0x3
   1df96: 63 19 c9 02  	bne	s2, a2, 0x1dfc8 <__subtf3+0x36a>
   1df9a: 63 87 09 4a  	beqz	s3, 0x1e448 <__subtf3+0x7ea>
   1df9e: 7d 56        	li	a2, -0x1
   1dfa0: b2 88        	mv	a7, a2
   1dfa2: b6 84        	mv	s1, a3
   1dfa4: 15 47        	li	a4, 0x5
   1dfa6: 8d 46        	li	a3, 0x3
   1dfa8: 63 0f d9 40  	beq	s2, a3, 0x1e3c6 <__subtf3+0x768>
   1dfac: 63 15 09 42  	bnez	s2, 0x1e3d6 <__subtf3+0x778>
   1dfb0: 93 76 f6 00  	andi	a3, a2, 0xf
   1dfb4: 91 45        	li	a1, 0x4
   1dfb6: 63 80 b6 42  	beq	a3, a1, 0x1e3d6 <__subtf3+0x778>
   1dfba: b3 06 b6 00  	add	a3, a2, a1
   1dfbe: b3 b5 c6 00  	sltu	a1, a3, a2
   1dfc2: ae 98        	add	a7, a7, a1
   1dfc4: 36 86        	mv	a2, a3
   1dfc6: 01 a9        	j	0x1e3d6 <__subtf3+0x778>
   1dfc8: 89 47        	li	a5, 0x2
   1dfca: b6 84        	mv	s1, a3
   1dfcc: 63 1e f9 42  	bne	s2, a5, 0x1e408 <__subtf3+0x7aa>
   1dfd0: 63 9c 09 46  	bnez	s3, 0x1e448 <__subtf3+0x7ea>
   1dfd4: 7d 56        	li	a2, -0x1
   1dfd6: b2 88        	mv	a7, a2
   1dfd8: 15 47        	li	a4, 0x5
   1dfda: ba 87        	mv	a5, a4
   1dfdc: 21 a1        	j	0x1e3e4 <__subtf3+0x786>
   1dfde: 63 06 09 46  	beqz	s2, 0x1e44a <__subtf3+0x7ec>
   1dfe2: 8d 47        	li	a5, 0x3
   1dfe4: 63 1b f9 00  	bne	s2, a5, 0x1dffa <__subtf3+0x39c>
   1dfe8: 63 81 09 46  	beqz	s3, 0x1e44a <__subtf3+0x7ec>
   1dfec: 7d 56        	li	a2, -0x1
   1dfee: 21 67        	lui	a4, 0x8
   1dff0: b2 88        	mv	a7, a2
   1dff2: 93 04 e7 ff  	addi	s1, a4, -0x2
   1dff6: 81 47        	li	a5, 0x0
   1dff8: 75 b7        	j	0x1dfa4 <__subtf3+0x346>
   1dffa: 89 47        	li	a5, 0x2
   1dffc: 63 13 f9 40  	bne	s2, a5, 0x1e402 <__subtf3+0x7a4>
   1e000: 63 95 09 44  	bnez	s3, 0x1e44a <__subtf3+0x7ec>
   1e004: 7d 56        	li	a2, -0x1
   1e006: 21 67        	lui	a4, 0x8
   1e008: b2 88        	mv	a7, a2
   1e00a: 93 04 e7 ff  	addi	s1, a4, -0x2
   1e00e: e9 b7        	j	0x1dfd8 <__subtf3+0x37a>
   1e010: 63 5e f0 0a  	blez	a5, 0x1e0cc <__subtf3+0x46e>
   1e014: 63 1c 0e 06  	bnez	t3, 0x1e08c <__subtf3+0x42e>
   1e018: 33 e7 c8 00  	or	a4, a7, a2
   1e01c: e3 0f 07 ca  	beqz	a4, 0x1dcda <__subtf3+0x7c>
   1e020: fd 37        	addiw	a5, a5, -0x1
   1e022: 95 e3        	bnez	a5, 0x1e046 <__subtf3+0x3e8>
   1e024: 33 06 c5 40  	sub	a2, a0, a2
   1e028: 33 03 13 41  	sub	t1, t1, a7
   1e02c: 33 35 c5 00  	sltu	a0, a0, a2
   1e030: b3 08 a3 40  	sub	a7, t1, a0
   1e034: 93 97 c8 00  	slli	a5, a7, 0xc
   1e038: e3 d5 07 ce  	bgez	a5, 0x1dd22 <__subtf3+0xc4>
   1e03c: 13 94 d8 00  	slli	s0, a7, 0xd
   1e040: 35 80        	srli	s0, s0, 0xd
   1e042: 32 8a        	mv	s4, a2
   1e044: b9 a4        	j	0x1e292 <__subtf3+0x634>
   1e046: e3 02 b8 ce  	beq	a6, a1, 0x1dd2a <__subtf3+0xcc>
   1e04a: 13 07 40 07  	li	a4, 0x74
   1e04e: 63 4a f7 06  	blt	a4, a5, 0x1e0c2 <__subtf3+0x464>
   1e052: 13 07 f0 03  	li	a4, 0x3f
   1e056: 63 42 f7 04  	blt	a4, a5, 0x1e09a <__subtf3+0x43c>
   1e05a: 93 06 00 04  	li	a3, 0x40
   1e05e: 9d 9e        	subw	a3, a3, a5
   1e060: 33 97 d8 00  	sll	a4, a7, a3
   1e064: b3 55 f6 00  	srl	a1, a2, a5
   1e068: b3 16 d6 00  	sll	a3, a2, a3
   1e06c: 4d 8f        	or	a4, a4, a1
   1e06e: b3 36 d0 00  	snez	a3, a3
   1e072: 55 8f        	or	a4, a4, a3
   1e074: b3 d7 f8 00  	srl	a5, a7, a5
   1e078: 33 07 e5 40  	sub	a4, a0, a4
   1e07c: b3 07 f3 40  	sub	a5, t1, a5
   1e080: 33 35 e5 00  	sltu	a0, a0, a4
   1e084: 3a 86        	mv	a2, a4
   1e086: b3 88 a7 40  	sub	a7, a5, a0
   1e08a: 6d b7        	j	0x1e034 <__subtf3+0x3d6>
   1e08c: e3 0f b8 c8  	beq	a6, a1, 0x1dd2a <__subtf3+0xcc>
   1e090: 05 47        	li	a4, 0x1
   1e092: 4e 17        	slli	a4, a4, 0x33
   1e094: b3 e8 e8 00  	or	a7, a7, a4
   1e098: 4d bf        	j	0x1e04a <__subtf3+0x3ec>
   1e09a: 1b 87 07 fc  	addiw	a4, a5, -0x40
   1e09e: 93 05 00 04  	li	a1, 0x40
   1e0a2: 33 d7 e8 00  	srl	a4, a7, a4
   1e0a6: 81 46        	li	a3, 0x0
   1e0a8: 63 87 b7 00  	beq	a5, a1, 0x1e0b6 <__subtf3+0x458>
   1e0ac: 93 06 00 08  	li	a3, 0x80
   1e0b0: 9d 9e        	subw	a3, a3, a5
   1e0b2: b3 96 d8 00  	sll	a3, a7, a3
   1e0b6: d1 8e        	or	a3, a3, a2
   1e0b8: b3 36 d0 00  	snez	a3, a3
   1e0bc: 55 8f        	or	a4, a4, a3
   1e0be: 81 47        	li	a5, 0x0
   1e0c0: 65 bf        	j	0x1e078 <__subtf3+0x41a>
   1e0c2: 33 e7 c8 00  	or	a4, a7, a2
   1e0c6: 33 37 e0 00  	snez	a4, a4
   1e0ca: d5 bf        	j	0x1e0be <__subtf3+0x460>
   1e0cc: e1 cf        	beqz	a5, 0x1e1a4 <__subtf3+0x546>
   1e0ce: 63 19 08 08  	bnez	a6, 0x1e160 <__subtf3+0x502>
   1e0d2: 33 67 a3 00  	or	a4, t1, a0
   1e0d6: 0d e3        	bnez	a4, 0x1e0f8 <__subtf3+0x49a>
   1e0d8: b6 89        	mv	s3, a3
   1e0da: 63 11 be 38  	bne	t3, a1, 0x1e45c <__subtf3+0x7fe>
   1e0de: b3 e7 c8 00  	or	a5, a7, a2
   1e0e2: 63 8a 07 36  	beqz	a5, 0x1e456 <__subtf3+0x7f8>
   1e0e6: 93 d7 28 03  	srli	a5, a7, 0x32
   1e0ea: 85 8b        	andi	a5, a5, 0x1
   1e0ec: 93 c7 17 00  	xori	a5, a5, 0x1
   1e0f0: 9b 97 47 00  	slliw	a5, a5, 0x4
   1e0f4: b6 89        	mv	s3, a3
   1e0f6: cd b9        	j	0x1dde8 <__subtf3+0x18a>
   1e0f8: 13 c7 f7 ff  	not	a4, a5
   1e0fc: 01 27        	sext.w	a4, a4
   1e0fe: 09 ef        	bnez	a4, 0x1e118 <__subtf3+0x4ba>
   1e100: 33 05 a6 40  	sub	a0, a2, a0
   1e104: b3 37 a6 00  	sltu	a5, a2, a0
   1e108: 33 83 68 40  	sub	t1, a7, t1
   1e10c: 2a 86        	mv	a2, a0
   1e10e: b3 08 f3 40  	sub	a7, t1, a5
   1e112: f2 84        	mv	s1, t3
   1e114: b6 89        	mv	s3, a3
   1e116: 39 bf        	j	0x1e034 <__subtf3+0x3d6>
   1e118: e3 03 be fc  	beq	t3, a1, 0x1e0de <__subtf3+0x480>
   1e11c: 93 07 40 07  	li	a5, 0x74
   1e120: 63 cd e7 06  	blt	a5, a4, 0x1e19a <__subtf3+0x53c>
   1e124: 93 07 f0 03  	li	a5, 0x3f
   1e128: 63 c5 e7 04  	blt	a5, a4, 0x1e172 <__subtf3+0x514>
   1e12c: 93 05 00 04  	li	a1, 0x40
   1e130: 99 9d        	subw	a1, a1, a4
   1e132: b3 17 b3 00  	sll	a5, t1, a1
   1e136: 33 58 e5 00  	srl	a6, a0, a4
   1e13a: b3 15 b5 00  	sll	a1, a0, a1
   1e13e: b3 e7 07 01  	or	a5, a5, a6
   1e142: b3 35 b0 00  	snez	a1, a1
   1e146: cd 8f        	or	a5, a5, a1
   1e148: 33 57 e3 00  	srl	a4, t1, a4
   1e14c: b3 07 f6 40  	sub	a5, a2, a5
   1e150: b3 35 f6 00  	sltu	a1, a2, a5
   1e154: 33 87 e8 40  	sub	a4, a7, a4
   1e158: 3e 86        	mv	a2, a5
   1e15a: b3 08 b7 40  	sub	a7, a4, a1
   1e15e: 55 bf        	j	0x1e112 <__subtf3+0x4b4>
   1e160: e3 0f be f6  	beq	t3, a1, 0x1e0de <__subtf3+0x480>
   1e164: 3b 07 f0 40  	negw	a4, a5
   1e168: 85 47        	li	a5, 0x1
   1e16a: ce 17        	slli	a5, a5, 0x33
   1e16c: 33 63 f3 00  	or	t1, t1, a5
   1e170: 75 b7        	j	0x1e11c <__subtf3+0x4be>
   1e172: 9b 07 07 fc  	addiw	a5, a4, -0x40
   1e176: 13 08 00 04  	li	a6, 0x40
   1e17a: b3 57 f3 00  	srl	a5, t1, a5
   1e17e: 81 45        	li	a1, 0x0
   1e180: 63 07 07 01  	beq	a4, a6, 0x1e18e <__subtf3+0x530>
   1e184: 93 05 00 08  	li	a1, 0x80
   1e188: 99 9d        	subw	a1, a1, a4
   1e18a: b3 15 b3 00  	sll	a1, t1, a1
   1e18e: c9 8d        	or	a1, a1, a0
   1e190: b3 35 b0 00  	snez	a1, a1
   1e194: cd 8f        	or	a5, a5, a1
   1e196: 01 47        	li	a4, 0x0
   1e198: 55 bf        	j	0x1e14c <__subtf3+0x4ee>
   1e19a: b3 67 a3 00  	or	a5, t1, a0
   1e19e: b3 37 f0 00  	snez	a5, a5
   1e1a2: d5 bf        	j	0x1e196 <__subtf3+0x538>
   1e1a4: 13 07 18 00  	addi	a4, a6, 0x1
   1e1a8: 93 1e 17 03  	slli	t4, a4, 0x31
   1e1ac: 93 de 2e 03  	srli	t4, t4, 0x32
   1e1b0: 63 9d 0e 0a  	bnez	t4, 0x1e26a <__subtf3+0x60c>
   1e1b4: 33 e7 c8 00  	or	a4, a7, a2
   1e1b8: b3 6e a3 00  	or	t4, t1, a0
   1e1bc: 63 1f 08 04  	bnez	a6, 0x1e21a <__subtf3+0x5bc>
   1e1c0: 63 9a 0e 00  	bnez	t4, 0x1e1d4 <__subtf3+0x576>
   1e1c4: 1d ef        	bnez	a4, 0x1e202 <__subtf3+0x5a4>
   1e1c6: 93 09 e9 ff  	addi	s3, s2, -0x2
   1e1ca: 93 b9 19 00  	seqz	s3, s3
   1e1ce: 81 48        	li	a7, 0x0
   1e1d0: 01 46        	li	a2, 0x0
   1e1d2: fd b9        	j	0x1ded0 <__subtf3+0x272>
   1e1d4: 63 07 07 1c  	beqz	a4, 0x1e3a2 <__subtf3+0x744>
   1e1d8: b3 05 c5 40  	sub	a1, a0, a2
   1e1dc: 33 38 b5 00  	sltu	a6, a0, a1
   1e1e0: 33 07 13 41  	sub	a4, t1, a7
   1e1e4: 33 07 07 41  	sub	a4, a4, a6
   1e1e8: 13 18 c7 00  	slli	a6, a4, 0xc
   1e1ec: 63 5d 08 00  	bgez	a6, 0x1e206 <__subtf3+0x5a8>
   1e1f0: 33 05 a6 40  	sub	a0, a2, a0
   1e1f4: b3 37 a6 00  	sltu	a5, a2, a0
   1e1f8: 33 83 68 40  	sub	t1, a7, t1
   1e1fc: 2a 86        	mv	a2, a0
   1e1fe: b3 08 f3 40  	sub	a7, t1, a5
   1e202: b6 89        	mv	s3, a3
   1e204: f9 a8        	j	0x1e2e2 <__subtf3+0x684>
   1e206: 33 e6 e5 00  	or	a2, a1, a4
   1e20a: 63 1f 06 18  	bnez	a2, 0x1e3a8 <__subtf3+0x74a>
   1e20e: 93 09 e9 ff  	addi	s3, s2, -0x2
   1e212: 93 b9 19 00  	seqz	s3, s3
   1e216: 81 48        	li	a7, 0x0
   1e218: 65 b9        	j	0x1ded0 <__subtf3+0x272>
   1e21a: 63 16 b8 02  	bne	a6, a1, 0x1e246 <__subtf3+0x5e8>
   1e21e: 63 83 0e 26  	beqz	t4, 0x1e484 <__subtf3+0x826>
   1e222: 93 57 23 03  	srli	a5, t1, 0x32
   1e226: 85 8b        	andi	a5, a5, 0x1
   1e228: 93 c7 17 00  	xori	a5, a5, 0x1
   1e22c: 9b 97 47 00  	slliw	a5, a5, 0x4
   1e230: 63 16 0e 03  	bne	t3, a6, 0x1e25c <__subtf3+0x5fe>
   1e234: 19 cb        	beqz	a4, 0x1e24a <__subtf3+0x5ec>
   1e236: 93 95 d8 00  	slli	a1, a7, 0xd
   1e23a: 63 c8 05 00  	bltz	a1, 0x1e24a <__subtf3+0x5ec>
   1e23e: c1 47        	li	a5, 0x10
   1e240: 63 89 0e 00  	beqz	t4, 0x1e252 <__subtf3+0x5f4>
   1e244: 31 a8        	j	0x1e260 <__subtf3+0x602>
   1e246: e3 07 be fe  	beq	t3, a1, 0x1e234 <__subtf3+0x5d6>
   1e24a: 63 99 0e 00  	bnez	t4, 0x1e25c <__subtf3+0x5fe>
   1e24e: 63 0a 07 20  	beqz	a4, 0x1e462 <__subtf3+0x804>
   1e252: b6 89        	mv	s3, a3
   1e254: 21 67        	lui	a4, 0x8
   1e256: 93 04 f7 ff  	addi	s1, a4, -0x1
   1e25a: 9d b9        	j	0x1ded0 <__subtf3+0x272>
   1e25c: 63 0d 07 20  	beqz	a4, 0x1e476 <__subtf3+0x818>
   1e260: 85 48        	li	a7, 0x1
   1e262: 81 49        	li	s3, 0x0
   1e264: ca 18        	slli	a7, a7, 0x32
   1e266: 01 46        	li	a2, 0x0
   1e268: f5 b7        	j	0x1e254 <__subtf3+0x5f6>
   1e26a: 33 07 c5 40  	sub	a4, a0, a2
   1e26e: b3 35 e5 00  	sltu	a1, a0, a4
   1e272: 33 04 13 41  	sub	s0, t1, a7
   1e276: 0d 8c        	sub	s0, s0, a1
   1e278: 93 15 c4 00  	slli	a1, s0, 0xc
   1e27c: 3a 8a        	mv	s4, a4
   1e27e: 63 de 05 0a  	bgez	a1, 0x1e33a <__subtf3+0x6dc>
   1e282: 33 0a a6 40  	sub	s4, a2, a0
   1e286: 33 84 68 40  	sub	s0, a7, t1
   1e28a: 33 36 46 01  	sltu	a2, a2, s4
   1e28e: 11 8c        	sub	s0, s0, a2
   1e290: b6 89        	mv	s3, a3
   1e292: 55 cc        	beqz	s0, 0x1e34e <__subtf3+0x6f0>
   1e294: 22 85        	mv	a0, s0
   1e296: ef 00 20 5d  	jal	0x1e868 <__clzdi2>
   1e29a: 1b 06 45 ff  	addiw	a2, a0, -0xc
   1e29e: 93 07 00 04  	li	a5, 0x40
   1e2a2: 91 9f        	subw	a5, a5, a2
   1e2a4: 33 14 c4 00  	sll	s0, s0, a2
   1e2a8: b3 57 fa 00  	srl	a5, s4, a5
   1e2ac: c1 8f        	or	a5, a5, s0
   1e2ae: 33 14 ca 00  	sll	s0, s4, a2
   1e2b2: 63 40 96 0e  	blt	a2, s1, 0x1e392 <__subtf3+0x734>
   1e2b6: 05 9e        	subw	a2, a2, s1
   1e2b8: 9b 06 16 00  	addiw	a3, a2, 0x1
   1e2bc: 13 07 f0 03  	li	a4, 0x3f
   1e2c0: 63 45 d7 0a  	blt	a4, a3, 0x1e36a <__subtf3+0x70c>
   1e2c4: 13 07 00 04  	li	a4, 0x40
   1e2c8: 15 9f        	subw	a4, a4, a3
   1e2ca: 33 96 e7 00  	sll	a2, a5, a4
   1e2ce: b3 55 d4 00  	srl	a1, s0, a3
   1e2d2: 33 17 e4 00  	sll	a4, s0, a4
   1e2d6: 4d 8e        	or	a2, a2, a1
   1e2d8: 33 37 e0 00  	snez	a4, a4
   1e2dc: 59 8e        	or	a2, a2, a4
   1e2de: b3 d8 d7 00  	srl	a7, a5, a3
   1e2e2: b3 67 16 01  	or	a5, a2, a7
   1e2e6: 63 8b 07 18  	beqz	a5, 0x1e47c <__subtf3+0x81e>
   1e2ea: 93 16 16 00  	slli	a3, a2, 0x1
   1e2ee: 13 57 f6 03  	srli	a4, a2, 0x3f
   1e2f2: 93 97 18 00  	slli	a5, a7, 0x1
   1e2f6: 93 f5 76 00  	andi	a1, a3, 0x7
   1e2fa: ba 97        	add	a5, a5, a4
   1e2fc: 01 47        	li	a4, 0x0
   1e2fe: 8d c1        	beqz	a1, 0x1e320 <__subtf3+0x6c2>
   1e300: 09 47        	li	a4, 0x2
   1e302: 63 0e e9 0a  	beq	s2, a4, 0x1e3be <__subtf3+0x760>
   1e306: 0d 47        	li	a4, 0x3
   1e308: 63 03 e9 0a  	beq	s2, a4, 0x1e3ae <__subtf3+0x750>
   1e30c: 05 47        	li	a4, 0x1
   1e30e: 63 19 09 00  	bnez	s2, 0x1e320 <__subtf3+0x6c2>
   1e312: 93 f5 f6 00  	andi	a1, a3, 0xf
   1e316: 11 45        	li	a0, 0x4
   1e318: 93 b6 c6 ff  	sltiu	a3, a3, -0x4
   1e31c: 63 9e a5 08  	bne	a1, a0, 0x1e3b8 <__subtf3+0x75a>
   1e320: d1 93        	srli	a5, a5, 0x34
   1e322: 85 8b        	andi	a5, a5, 0x1
   1e324: 93 c7 17 00  	xori	a5, a5, 0x1
   1e328: 81 44        	li	s1, 0x0
   1e32a: 93 76 76 00  	andi	a3, a2, 0x7
   1e32e: c5 c6        	beqz	a3, 0x1e3d6 <__subtf3+0x778>
   1e330: 09 47        	li	a4, 0x2
   1e332: 63 0f e9 08  	beq	s2, a4, 0x1e3d0 <__subtf3+0x772>
   1e336: 05 47        	li	a4, 0x1
   1e338: bd b1        	j	0x1dfa6 <__subtf3+0x348>
   1e33a: 33 66 87 00  	or	a2, a4, s0
   1e33e: 31 fa        	bnez	a2, 0x1e292 <__subtf3+0x634>
   1e340: 93 09 e9 ff  	addi	s3, s2, -0x2
   1e344: 93 b9 19 00  	seqz	s3, s3
   1e348: 81 48        	li	a7, 0x0
   1e34a: 81 44        	li	s1, 0x0
   1e34c: 51 b6        	j	0x1ded0 <__subtf3+0x272>
   1e34e: 52 85        	mv	a0, s4
   1e350: ef 00 80 51  	jal	0x1e868 <__clzdi2>
   1e354: 1b 06 45 03  	addiw	a2, a0, 0x34
   1e358: 93 07 f0 03  	li	a5, 0x3f
   1e35c: e3 d1 c7 f4  	bge	a5, a2, 0x1e29e <__subtf3+0x640>
   1e360: 9b 07 45 ff  	addiw	a5, a0, -0xc
   1e364: b3 17 fa 00  	sll	a5, s4, a5
   1e368: a9 b7        	j	0x1e2b2 <__subtf3+0x654>
   1e36a: 1b 06 16 fc  	addiw	a2, a2, -0x3f
   1e36e: 93 05 00 04  	li	a1, 0x40
   1e372: 33 d6 c7 00  	srl	a2, a5, a2
   1e376: 01 47        	li	a4, 0x0
   1e378: 63 87 b6 00  	beq	a3, a1, 0x1e386 <__subtf3+0x728>
   1e37c: 13 07 00 08  	li	a4, 0x80
   1e380: 15 9f        	subw	a4, a4, a3
   1e382: 33 97 e7 00  	sll	a4, a5, a4
   1e386: 41 8f        	or	a4, a4, s0
   1e388: 33 37 e0 00  	snez	a4, a4
   1e38c: 59 8e        	or	a2, a2, a4
   1e38e: 81 48        	li	a7, 0x0
   1e390: 89 bf        	j	0x1e2e2 <__subtf3+0x684>
   1e392: 7d 57        	li	a4, -0x1
   1e394: 4e 17        	slli	a4, a4, 0x33
   1e396: 7d 17        	addi	a4, a4, -0x1
   1e398: 91 8c        	sub	s1, s1, a2
   1e39a: b3 f8 e7 00  	and	a7, a5, a4
   1e39e: 22 86        	mv	a2, s0
   1e3a0: 49 b2        	j	0x1dd22 <__subtf3+0xc4>
   1e3a2: 9a 88        	mv	a7, t1
   1e3a4: 2a 86        	mv	a2, a0
   1e3a6: 35 bf        	j	0x1e2e2 <__subtf3+0x684>
   1e3a8: ba 88        	mv	a7, a4
   1e3aa: 2e 86        	mv	a2, a1
   1e3ac: 1d bf        	j	0x1e2e2 <__subtf3+0x684>
   1e3ae: 05 47        	li	a4, 0x1
   1e3b0: e3 98 09 f6  	bnez	s3, 0x1e320 <__subtf3+0x6c2>
   1e3b4: 93 b6 86 ff  	sltiu	a3, a3, -0x8
   1e3b8: b9 8e        	xor	a3, a3, a4
   1e3ba: b6 97        	add	a5, a5, a3
   1e3bc: 95 b7        	j	0x1e320 <__subtf3+0x6c2>
   1e3be: 05 47        	li	a4, 0x1
   1e3c0: e3 80 09 f6  	beqz	s3, 0x1e320 <__subtf3+0x6c2>
   1e3c4: c5 bf        	j	0x1e3b4 <__subtf3+0x756>
   1e3c6: 63 98 09 00  	bnez	s3, 0x1e3d6 <__subtf3+0x778>
   1e3ca: 93 06 86 00  	addi	a3, a2, 0x8
   1e3ce: c5 be        	j	0x1dfbe <__subtf3+0x360>
   1e3d0: 05 47        	li	a4, 0x1
   1e3d2: e3 9c 09 fe  	bnez	s3, 0x1e3ca <__subtf3+0x76c>
   1e3d6: e3 82 07 c0  	beqz	a5, 0x1dfda <__subtf3+0x37c>
   1e3da: 93 77 17 00  	andi	a5, a4, 0x1
   1e3de: 9b 97 17 00  	slliw	a5, a5, 0x1
   1e3e2: d9 8f        	or	a5, a5, a4
   1e3e4: 13 97 c8 00  	slli	a4, a7, 0xc
   1e3e8: e3 54 07 ae  	bgez	a4, 0x1ded0 <__subtf3+0x272>
   1e3ec: 21 67        	lui	a4, 0x8
   1e3ee: 85 04        	addi	s1, s1, 0x1
   1e3f0: 7d 17        	addi	a4, a4, -0x1
   1e3f2: 63 8f e4 00  	beq	s1, a4, 0x1e410 <__subtf3+0x7b2>
   1e3f6: 7d 57        	li	a4, -0x1
   1e3f8: 4e 17        	slli	a4, a4, 0x33
   1e3fa: 7d 17        	addi	a4, a4, -0x1
   1e3fc: b3 f8 e8 00  	and	a7, a7, a4
   1e400: c1 bc        	j	0x1ded0 <__subtf3+0x272>
   1e402: 21 67        	lui	a4, 0x8
   1e404: 93 04 e7 ff  	addi	s1, a4, -0x2
   1e408: fd 58        	li	a7, -0x1
   1e40a: 46 86        	mv	a2, a7
   1e40c: 95 47        	li	a5, 0x5
   1e40e: d9 bf        	j	0x1e3e4 <__subtf3+0x786>
   1e410: 01 46        	li	a2, 0x0
   1e412: 63 01 09 02  	beqz	s2, 0x1e434 <__subtf3+0x7d6>
   1e416: 0d 47        	li	a4, 0x3
   1e418: 63 19 e9 00  	bne	s2, a4, 0x1e42a <__subtf3+0x7cc>
   1e41c: 63 8c 09 00  	beqz	s3, 0x1e434 <__subtf3+0x7d6>
   1e420: 21 67        	lui	a4, 0x8
   1e422: 7d 56        	li	a2, -0x1
   1e424: 93 04 e7 ff  	addi	s1, a4, -0x2
   1e428: 31 a0        	j	0x1e434 <__subtf3+0x7d6>
   1e42a: 09 47        	li	a4, 0x2
   1e42c: e3 1a e9 fe  	bne	s2, a4, 0x1e420 <__subtf3+0x7c2>
   1e430: e3 88 09 fe  	beqz	s3, 0x1e420 <__subtf3+0x7c2>
   1e434: 93 e7 57 00  	ori	a5, a5, 0x5
   1e438: 81 27        	sext.w	a5, a5
   1e43a: b2 88        	mv	a7, a2
   1e43c: 51 bc        	j	0x1ded0 <__subtf3+0x272>
   1e43e: 85 48        	li	a7, 0x1
   1e440: 81 49        	li	s3, 0x0
   1e442: ca 18        	slli	a7, a7, 0x32
   1e444: 01 46        	li	a2, 0x0
   1e446: 1d b6        	j	0x1df6c <__subtf3+0x30e>
   1e448: ba 84        	mv	s1, a4
   1e44a: 81 48        	li	a7, 0x0
   1e44c: 01 46        	li	a2, 0x0
   1e44e: 95 47        	li	a5, 0x5
   1e450: 41 b4        	j	0x1ded0 <__subtf3+0x272>
   1e452: 81 48        	li	a7, 0x0
   1e454: 29 a0        	j	0x1e45e <__subtf3+0x800>
   1e456: b6 89        	mv	s3, a3
   1e458: 81 48        	li	a7, 0x0
   1e45a: 01 46        	li	a2, 0x0
   1e45c: f2 84        	mv	s1, t3
   1e45e: 81 47        	li	a5, 0x0
   1e460: 85 bc        	j	0x1ded0 <__subtf3+0x272>
   1e462: 85 47        	li	a5, 0x1
   1e464: 21 67        	lui	a4, 0x8
   1e466: 93 98 27 03  	slli	a7, a5, 0x32
   1e46a: 81 49        	li	s3, 0x0
   1e46c: 01 46        	li	a2, 0x0
   1e46e: 93 04 f7 ff  	addi	s1, a4, -0x1
   1e472: c1 47        	li	a5, 0x10
   1e474: b1 bc        	j	0x1ded0 <__subtf3+0x272>
   1e476: 9a 88        	mv	a7, t1
   1e478: 2a 86        	mv	a2, a0
   1e47a: e9 bb        	j	0x1e254 <__subtf3+0x5f6>
   1e47c: 81 48        	li	a7, 0x0
   1e47e: 01 46        	li	a2, 0x0
   1e480: 81 44        	li	s1, 0x0
   1e482: f1 bf        	j	0x1e45e <__subtf3+0x800>
   1e484: e3 15 0e dd  	bne	t3, a6, 0x1e24e <__subtf3+0x5f0>
   1e488: 75 b3        	j	0x1e234 <__subtf3+0x5d6>

000000000001e48a <__fixtfsi>:
   1e48a: 2a 86        	mv	a2, a0
   1e48c: f3 27 20 00  	frrm	a5
   1e490: 11 67        	lui	a4, 0x4
   1e492: 93 96 15 00  	slli	a3, a1, 0x1
   1e496: 93 97 05 01  	slli	a5, a1, 0x10
   1e49a: c5 92        	srli	a3, a3, 0x31
   1e49c: 79 17        	addi	a4, a4, -0x2
   1e49e: c1 83        	srli	a5, a5, 0x10
   1e4a0: fd 91        	srli	a1, a1, 0x3f
   1e4a2: 63 48 d7 00  	blt	a4, a3, 0x1e4b2 <__fixtfsi+0x28>
   1e4a6: a5 e2        	bnez	a3, 0x1e506 <__fixtfsi+0x7c>
   1e4a8: 33 66 f5 00  	or	a2, a0, a5
   1e4ac: 01 45        	li	a0, 0x0
   1e4ae: 31 ea        	bnez	a2, 0x1e502 <__fixtfsi+0x78>
   1e4b0: 82 80        	ret
   1e4b2: 11 67        	lui	a4, 0x4
   1e4b4: 75 07        	addi	a4, a4, 0x1d
   1e4b6: 63 50 d7 02  	bge	a4, a3, 0x1e4d6 <__fixtfsi+0x4c>
   1e4ba: 37 05 00 80  	lui	a0, 0x80000
   1e4be: b1 c5        	beqz	a1, 0x1e50a <__fixtfsi+0x80>
   1e4c0: 11 67        	lui	a4, 0x4
   1e4c2: 79 07        	addi	a4, a4, 0x1e
   1e4c4: 63 95 e6 04  	bne	a3, a4, 0x1e50e <__fixtfsi+0x84>
   1e4c8: 13 d7 17 01  	srli	a4, a5, 0x11
   1e4cc: 29 e3        	bnez	a4, 0x1e50e <__fixtfsi+0x84>
   1e4ce: be 17        	slli	a5, a5, 0x2f
   1e4d0: d1 8f        	or	a5, a5, a2
   1e4d2: 85 eb        	bnez	a5, 0x1e502 <__fixtfsi+0x78>
   1e4d4: 82 80        	ret
   1e4d6: 05 47        	li	a4, 0x1
   1e4d8: 42 17        	slli	a4, a4, 0x30
   1e4da: d9 8f        	or	a5, a5, a4
   1e4dc: 11 66        	lui	a2, 0x4
   1e4de: 71 77        	lui	a4, 0xffffc
   1e4e0: 45 27        	addiw	a4, a4, 0x11
   1e4e2: 1b 06 f6 02  	addiw	a2, a2, 0x2f
   1e4e6: 35 9f        	addw	a4, a4, a3
   1e4e8: bb 06 d6 40  	subw	a3, a2, a3
   1e4ec: 33 97 e7 00  	sll	a4, a5, a4
   1e4f0: b3 d7 d7 00  	srl	a5, a5, a3
   1e4f4: 49 8f        	or	a4, a4, a0
   1e4f6: 1b 85 07 00  	sext.w	a0, a5
   1e4fa: 99 c1        	beqz	a1, 0x1e500 <__fixtfsi+0x76>
   1e4fc: 3b 05 a0 40  	negw	a0, a0
   1e500: 11 cb        	beqz	a4, 0x1e514 <__fixtfsi+0x8a>
   1e502: 85 47        	li	a5, 0x1
   1e504: 31 a0        	j	0x1e510 <__fixtfsi+0x86>
   1e506: 01 45        	li	a0, 0x0
   1e508: ed bf        	j	0x1e502 <__fixtfsi+0x78>
   1e50a: 13 45 f5 ff  	not	a0, a0
   1e50e: c1 47        	li	a5, 0x10
   1e510: 73 a0 17 00  	csrs	fflags, a5
   1e514: 82 80        	ret

000000000001e516 <__floatsitf>:
   1e516: 01 11        	addi	sp, sp, -0x20
   1e518: 06 ec        	sd	ra, 0x18(sp)
   1e51a: 22 e8        	sd	s0, 0x10(sp)
   1e51c: 26 e4        	sd	s1, 0x8(sp)
   1e51e: 29 c1        	beqz	a0, 0x1e560 <__floatsitf+0x4a>
   1e520: 9b 57 f5 41  	sraiw	a5, a0, 0x1f
   1e524: 33 44 f5 00  	xor	s0, a0, a5
   1e528: 1d 9c        	subw	s0, s0, a5
   1e52a: 02 14        	slli	s0, s0, 0x20
   1e52c: 01 90        	srli	s0, s0, 0x20
   1e52e: 9b 54 f5 01  	srliw	s1, a0, 0x1f
   1e532: 22 85        	mv	a0, s0
   1e534: ef 00 40 33  	jal	0x1e868 <__clzdi2>
   1e538: 91 67        	lui	a5, 0x4
   1e53a: 9b 87 e7 03  	addiw	a5, a5, 0x3e
   1e53e: 89 9f        	subw	a5, a5, a0
   1e540: 45 35        	addiw	a0, a0, -0xf
   1e542: 33 14 a4 00  	sll	s0, s0, a0
   1e546: 9b 95 f4 00  	slliw	a1, s1, 0xf
   1e54a: 42 04        	slli	s0, s0, 0x10
   1e54c: dd 8d        	or	a1, a1, a5
   1e54e: 41 80        	srli	s0, s0, 0x10
   1e550: c2 15        	slli	a1, a1, 0x30
   1e552: e2 60        	ld	ra, 0x18(sp)
   1e554: c1 8d        	or	a1, a1, s0
   1e556: 42 64        	ld	s0, 0x10(sp)
   1e558: a2 64        	ld	s1, 0x8(sp)
   1e55a: 01 45        	li	a0, 0x0
   1e55c: 05 61        	addi	sp, sp, 0x20
   1e55e: 82 80        	ret
   1e560: 81 44        	li	s1, 0x0
   1e562: 01 44        	li	s0, 0x0
   1e564: 81 47        	li	a5, 0x0
   1e566: c5 b7        	j	0x1e546 <__floatsitf+0x30>

000000000001e568 <__extenddftf2>:
   1e568: 01 11        	addi	sp, sp, -0x20
   1e56a: d3 07 05 e2  	fmv.x.d	a5, fa0
   1e56e: 06 ec        	sd	ra, 0x18(sp)
   1e570: 22 e8        	sd	s0, 0x10(sp)
   1e572: 26 e4        	sd	s1, 0x8(sp)
   1e574: 73 27 20 00  	frrm	a4
   1e578: 13 d5 47 03  	srli	a0, a5, 0x34
   1e57c: 13 75 f5 7f  	andi	a0, a0, 0x7ff
   1e580: 13 94 c7 00  	slli	s0, a5, 0xc
   1e584: 93 d4 f7 03  	srli	s1, a5, 0x3f
   1e588: 93 07 15 00  	addi	a5, a0, 0x1
   1e58c: 93 f7 e7 7f  	andi	a5, a5, 0x7fe
   1e590: 31 80        	srli	s0, s0, 0xc
   1e592: 91 cb        	beqz	a5, 0x1e5a6 <__extenddftf2+0x3e>
   1e594: 91 67        	lui	a5, 0x4
   1e596: 93 87 07 c0  	addi	a5, a5, -0x400
   1e59a: 3e 95        	add	a0, a0, a5
   1e59c: 93 57 44 00  	srli	a5, s0, 0x4
   1e5a0: 72 14        	slli	s0, s0, 0x3c
   1e5a2: 01 47        	li	a4, 0x0
   1e5a4: b9 a8        	j	0x1e602 <__extenddftf2+0x9a>
   1e5a6: 1d ed        	bnez	a0, 0x1e5e4 <__extenddftf2+0x7c>
   1e5a8: 81 47        	li	a5, 0x0
   1e5aa: 65 dc        	beqz	s0, 0x1e5a2 <__extenddftf2+0x3a>
   1e5ac: 22 85        	mv	a0, s0
   1e5ae: ef 00 a0 2b  	jal	0x1e868 <__clzdi2>
   1e5b2: 1b 07 05 00  	sext.w	a4, a0
   1e5b6: b9 47        	li	a5, 0xe
   1e5b8: 63 c0 e7 02  	blt	a5, a4, 0x1e5d8 <__extenddftf2+0x70>
   1e5bc: bd 47        	li	a5, 0xf
   1e5be: 89 9f        	subw	a5, a5, a0
   1e5c0: 1b 07 15 03  	addiw	a4, a0, 0x31
   1e5c4: b3 57 f4 00  	srl	a5, s0, a5
   1e5c8: 33 14 e4 00  	sll	s0, s0, a4
   1e5cc: 11 67        	lui	a4, 0x4
   1e5ce: 1b 07 c7 c0  	addiw	a4, a4, -0x3f4
   1e5d2: 3b 05 a7 40  	subw	a0, a4, a0
   1e5d6: f1 b7        	j	0x1e5a2 <__extenddftf2+0x3a>
   1e5d8: 9b 07 15 ff  	addiw	a5, a0, -0xf
   1e5dc: b3 17 f4 00  	sll	a5, s0, a5
   1e5e0: 01 44        	li	s0, 0x0
   1e5e2: ed b7        	j	0x1e5cc <__extenddftf2+0x64>
   1e5e4: 21 c0        	beqz	s0, 0x1e624 <__extenddftf2+0xbc>
   1e5e6: 05 47        	li	a4, 0x1
   1e5e8: 4e 17        	slli	a4, a4, 0x33
   1e5ea: 85 46        	li	a3, 0x1
   1e5ec: 33 37 e4 00  	sltu	a4, s0, a4
   1e5f0: 93 57 44 00  	srli	a5, s0, 0x4
   1e5f4: be 16        	slli	a3, a3, 0x2f
   1e5f6: 21 65        	lui	a0, 0x8
   1e5f8: 1b 17 47 00  	slliw	a4, a4, 0x4
   1e5fc: 72 14        	slli	s0, s0, 0x3c
   1e5fe: d5 8f        	or	a5, a5, a3
   1e600: 7d 15        	addi	a0, a0, -0x1
   1e602: 93 95 07 01  	slli	a1, a5, 0x10
   1e606: 9b 97 f4 00  	slliw	a5, s1, 0xf
   1e60a: c9 8f        	or	a5, a5, a0
   1e60c: c2 17        	slli	a5, a5, 0x30
   1e60e: c1 81        	srli	a1, a1, 0x10
   1e610: dd 8d        	or	a1, a1, a5
   1e612: 19 c3        	beqz	a4, 0x1e618 <__extenddftf2+0xb0>
   1e614: 73 60 18 00  	csrsi	fflags, 0x10
   1e618: e2 60        	ld	ra, 0x18(sp)
   1e61a: 22 85        	mv	a0, s0
   1e61c: 42 64        	ld	s0, 0x10(sp)
   1e61e: a2 64        	ld	s1, 0x8(sp)
   1e620: 05 61        	addi	sp, sp, 0x20
   1e622: 82 80        	ret
   1e624: 21 65        	lui	a0, 0x8
   1e626: 81 47        	li	a5, 0x0
   1e628: 7d 15        	addi	a0, a0, -0x1
   1e62a: a5 bf        	j	0x1e5a2 <__extenddftf2+0x3a>

000000000001e62c <__trunctfdf2>:
   1e62c: 73 28 20 00  	frrm	a6
   1e630: fd 57        	li	a5, -0x1
   1e632: 93 d6 07 01  	srli	a3, a5, 0x10
   1e636: 21 63        	lui	t1, 0x8
   1e638: 13 d7 05 03  	srli	a4, a1, 0x30
   1e63c: 7d 13        	addi	t1, t1, -0x1
   1e63e: 13 d6 f5 03  	srli	a2, a1, 0x3f
   1e642: f5 8d        	and	a1, a1, a3
   1e644: 8e 05        	slli	a1, a1, 0x3
   1e646: 33 77 67 00  	and	a4, a4, t1
   1e64a: 93 56 d5 03  	srli	a3, a0, 0x3d
   1e64e: cd 8e        	or	a3, a3, a1
   1e650: 93 05 17 00  	addi	a1, a4, 0x1
   1e654: 13 9e 15 03  	slli	t3, a1, 0x31
   1e658: 13 5e 2e 03  	srli	t3, t3, 0x32
   1e65c: 01 28        	sext.w	a6, a6
   1e65e: 93 18 35 00  	slli	a7, a0, 0x3
   1e662: 63 08 0e 12  	beqz	t3, 0x1e792 <__trunctfdf2+0x166>
   1e666: f1 75        	lui	a1, 0xffffc
   1e668: 93 85 05 40  	addi	a1, a1, 0x400
   1e66c: 2e 97        	add	a4, a4, a1
   1e66e: 93 05 e0 7f  	li	a1, 0x7fe
   1e672: 63 da e5 06  	bge	a1, a4, 0x1e6e6 <__trunctfdf2+0xba>
   1e676: 63 04 08 1e  	beqz	a6, 0x1e85e <__trunctfdf2+0x232>
   1e67a: 0d 47        	li	a4, 0x3
   1e67c: 63 19 e8 04  	bne	a6, a4, 0x1e6ce <__trunctfdf2+0xa2>
   1e680: 63 0f 06 1c  	beqz	a2, 0x1e85e <__trunctfdf2+0x232>
   1e684: 2e 87        	mv	a4, a1
   1e686: 81 46        	li	a3, 0x0
   1e688: 95 45        	li	a1, 0x5
   1e68a: 0d 45        	li	a0, 0x3
   1e68c: 63 0b a8 16  	beq	a6, a0, 0x1e802 <__trunctfdf2+0x1d6>
   1e690: 63 18 08 00  	bnez	a6, 0x1e6a0 <__trunctfdf2+0x74>
   1e694: 13 f5 f7 00  	andi	a0, a5, 0xf
   1e698: 91 48        	li	a7, 0x4
   1e69a: 63 03 15 01  	beq	a0, a7, 0x1e6a0 <__trunctfdf2+0x74>
   1e69e: c6 97        	add	a5, a5, a7
   1e6a0: 91 c6        	beqz	a3, 0x1e6ac <__trunctfdf2+0x80>
   1e6a2: 93 f6 15 00  	andi	a3, a1, 0x1
   1e6a6: 9b 96 16 00  	slliw	a3, a3, 0x1
   1e6aa: d5 8d        	or	a1, a1, a3
   1e6ac: 93 96 87 00  	slli	a3, a5, 0x8
   1e6b0: 63 c2 06 16  	bltz	a3, 0x1e814 <__trunctfdf2+0x1e8>
   1e6b4: 8d 83        	srli	a5, a5, 0x3
   1e6b6: b2 07        	slli	a5, a5, 0xc
   1e6b8: 52 17        	slli	a4, a4, 0x34
   1e6ba: b1 83        	srli	a5, a5, 0xc
   1e6bc: d9 8f        	or	a5, a5, a4
   1e6be: 7e 16        	slli	a2, a2, 0x3f
   1e6c0: d1 8f        	or	a5, a5, a2
   1e6c2: 99 c1        	beqz	a1, 0x1e6c8 <__trunctfdf2+0x9c>
   1e6c4: 73 a0 15 00  	csrs	fflags, a1
   1e6c8: 53 85 07 f2  	fmv.d.x	fa0, a5
   1e6cc: 82 80        	ret
   1e6ce: 09 47        	li	a4, 0x2
   1e6d0: 63 1f e8 12  	bne	a6, a4, 0x1e80e <__trunctfdf2+0x1e2>
   1e6d4: 63 15 06 18  	bnez	a2, 0x1e85e <__trunctfdf2+0x232>
   1e6d8: 2e 87        	mv	a4, a1
   1e6da: 81 46        	li	a3, 0x0
   1e6dc: 95 45        	li	a1, 0x5
   1e6de: 13 15 36 00  	slli	a0, a2, 0x3
   1e6e2: aa 97        	add	a5, a5, a0
   1e6e4: 75 bf        	j	0x1e6a0 <__trunctfdf2+0x74>
   1e6e6: 63 4a e0 08  	bgtz	a4, 0x1e77a <__trunctfdf2+0x14e>
   1e6ea: 93 05 c0 fc  	li	a1, -0x34
   1e6ee: 85 47        	li	a5, 0x1
   1e6f0: 63 4c b7 02  	blt	a4, a1, 0x1e728 <__trunctfdf2+0xfc>
   1e6f4: ce 17        	slli	a5, a5, 0x33
   1e6f6: 93 05 d0 03  	li	a1, 0x3d
   1e6fa: dd 8e        	or	a3, a3, a5
   1e6fc: 33 85 e5 40  	sub	a0, a1, a4
   1e700: 93 07 f0 03  	li	a5, 0x3f
   1e704: 01 27        	sext.w	a4, a4
   1e706: 63 c7 a7 04  	blt	a5, a0, 0x1e754 <__trunctfdf2+0x128>
   1e70a: 1b 05 37 00  	addiw	a0, a4, 0x3
   1e70e: bb 87 e5 40  	subw	a5, a1, a4
   1e712: b3 d7 f8 00  	srl	a5, a7, a5
   1e716: b3 98 a8 00  	sll	a7, a7, a0
   1e71a: b3 38 10 01  	snez	a7, a7
   1e71e: b3 e7 17 01  	or	a5, a5, a7
   1e722: b3 96 a6 00  	sll	a3, a3, a0
   1e726: d5 8f        	or	a5, a5, a3
   1e728: 93 96 17 00  	slli	a3, a5, 0x1
   1e72c: 13 f7 76 00  	andi	a4, a3, 0x7
   1e730: 71 c7        	beqz	a4, 0x1e7fc <__trunctfdf2+0x1d0>
   1e732: 09 47        	li	a4, 0x2
   1e734: 63 0f e8 0a  	beq	a6, a4, 0x1e7f2 <__trunctfdf2+0x1c6>
   1e738: 0d 47        	li	a4, 0x3
   1e73a: 63 0b e8 08  	beq	a6, a4, 0x1e7d0 <__trunctfdf2+0x1a4>
   1e73e: 63 1b 08 0a  	bnez	a6, 0x1e7f4 <__trunctfdf2+0x1c8>
   1e742: 13 f7 f6 00  	andi	a4, a3, 0xf
   1e746: 91 45        	li	a1, 0x4
   1e748: ae 96        	add	a3, a3, a1
   1e74a: 63 15 b7 08  	bne	a4, a1, 0x1e7d4 <__trunctfdf2+0x1a8>
   1e74e: 01 47        	li	a4, 0x0
   1e750: 85 46        	li	a3, 0x1
   1e752: 71 a0        	j	0x1e7de <__trunctfdf2+0x1b2>
   1e754: f5 57        	li	a5, -0x3
   1e756: 99 9f        	subw	a5, a5, a4
   1e758: 13 03 00 04  	li	t1, 0x40
   1e75c: b3 d7 f6 00  	srl	a5, a3, a5
   1e760: 81 45        	li	a1, 0x0
   1e762: 63 06 65 00  	beq	a0, t1, 0x1e76e <__trunctfdf2+0x142>
   1e766: 1b 07 37 04  	addiw	a4, a4, 0x43
   1e76a: b3 95 e6 00  	sll	a1, a3, a4
   1e76e: b3 e5 15 01  	or	a1, a1, a7
   1e772: b3 35 b0 00  	snez	a1, a1
   1e776: cd 8f        	or	a5, a5, a1
   1e778: 45 bf        	j	0x1e728 <__trunctfdf2+0xfc>
   1e77a: 1e 05        	slli	a0, a0, 0x7
   1e77c: 93 d7 c8 03  	srli	a5, a7, 0x3c
   1e780: 33 35 a0 00  	snez	a0, a0
   1e784: 92 06        	slli	a3, a3, 0x4
   1e786: 5d 8d        	or	a0, a0, a5
   1e788: b3 e7 a6 00  	or	a5, a3, a0
   1e78c: 81 46        	li	a3, 0x0
   1e78e: 81 45        	li	a1, 0x0
   1e790: 81 a8        	j	0x1e7e0 <__trunctfdf2+0x1b4>
   1e792: b3 e7 16 01  	or	a5, a3, a7
   1e796: 81 45        	li	a1, 0x0
   1e798: 01 e7        	bnez	a4, 0x1e7a0 <__trunctfdf2+0x174>
   1e79a: 91 df        	beqz	a5, 0x1e6b6 <__trunctfdf2+0x8a>
   1e79c: 85 47        	li	a5, 0x1
   1e79e: 69 b7        	j	0x1e728 <__trunctfdf2+0xfc>
   1e7a0: e9 c3        	beqz	a5, 0x1e862 <__trunctfdf2+0x236>
   1e7a2: 63 18 67 00  	bne	a4, t1, 0x1e7b2 <__trunctfdf2+0x186>
   1e7a6: 93 d5 26 03  	srli	a1, a3, 0x32
   1e7aa: 93 c5 15 00  	xori	a1, a1, 0x1
   1e7ae: 9b 95 45 00  	slliw	a1, a1, 0x4
   1e7b2: 93 d7 c8 03  	srli	a5, a7, 0x3c
   1e7b6: 92 06        	slli	a3, a3, 0x4
   1e7b8: dd 8e        	or	a3, a3, a5
   1e7ba: 85 47        	li	a5, 0x1
   1e7bc: 8d 82        	srli	a3, a3, 0x3
   1e7be: ce 17        	slli	a5, a5, 0x33
   1e7c0: d5 8f        	or	a5, a5, a3
   1e7c2: c5 c3        	beqz	a5, 0x1e862 <__trunctfdf2+0x236>
   1e7c4: 85 47        	li	a5, 0x1
   1e7c6: 01 46        	li	a2, 0x0
   1e7c8: 13 07 f0 7f  	li	a4, 0x7ff
   1e7cc: ce 17        	slli	a5, a5, 0x33
   1e7ce: e5 b5        	j	0x1e6b6 <__trunctfdf2+0x8a>
   1e7d0: 15 e2        	bnez	a2, 0x1e7f4 <__trunctfdf2+0x1c8>
   1e7d2: a1 06        	addi	a3, a3, 0x8
   1e7d4: e1 92        	srli	a3, a3, 0x38
   1e7d6: 85 8a        	andi	a3, a3, 0x1
   1e7d8: 93 c6 16 00  	xori	a3, a3, 0x1
   1e7dc: 01 47        	li	a4, 0x0
   1e7de: 85 45        	li	a1, 0x1
   1e7e0: 13 f5 77 00  	andi	a0, a5, 0x7
   1e7e4: e3 0e 05 ea  	beqz	a0, 0x1e6a0 <__trunctfdf2+0x74>
   1e7e8: 89 45        	li	a1, 0x2
   1e7ea: 63 00 b8 02  	beq	a6, a1, 0x1e80a <__trunctfdf2+0x1de>
   1e7ee: 85 45        	li	a1, 0x1
   1e7f0: 69 bd        	j	0x1e68a <__trunctfdf2+0x5e>
   1e7f2: 65 f2        	bnez	a2, 0x1e7d2 <__trunctfdf2+0x1a6>
   1e7f4: 85 46        	li	a3, 0x1
   1e7f6: 01 47        	li	a4, 0x0
   1e7f8: b6 85        	mv	a1, a3
   1e7fa: dd b7        	j	0x1e7e0 <__trunctfdf2+0x1b4>
   1e7fc: 01 47        	li	a4, 0x0
   1e7fe: 85 46        	li	a3, 0x1
   1e800: 79 b7        	j	0x1e78e <__trunctfdf2+0x162>
   1e802: e3 1f 06 e8  	bnez	a2, 0x1e6a0 <__trunctfdf2+0x74>
   1e806: a1 07        	addi	a5, a5, 0x8
   1e808: 61 bd        	j	0x1e6a0 <__trunctfdf2+0x74>
   1e80a: 85 45        	li	a1, 0x1
   1e80c: c9 bd        	j	0x1e6de <__trunctfdf2+0xb2>
   1e80e: 2e 87        	mv	a4, a1
   1e810: 95 45        	li	a1, 0x5
   1e812: 69 bd        	j	0x1e6ac <__trunctfdf2+0x80>
   1e814: 05 07        	addi	a4, a4, 0x1
   1e816: 93 06 f0 7f  	li	a3, 0x7ff
   1e81a: 63 09 d7 00  	beq	a4, a3, 0x1e82c <__trunctfdf2+0x200>
   1e81e: 93 06 f0 1f  	li	a3, 0x1ff
   1e822: d2 16        	slli	a3, a3, 0x34
   1e824: 8d 83        	srli	a5, a5, 0x3
   1e826: fd 16        	addi	a3, a3, -0x1
   1e828: f5 8f        	and	a5, a5, a3
   1e82a: 71 b5        	j	0x1e6b6 <__trunctfdf2+0x8a>
   1e82c: 81 47        	li	a5, 0x0
   1e82e: 63 0e 08 00  	beqz	a6, 0x1e84a <__trunctfdf2+0x21e>
   1e832: 8d 46        	li	a3, 0x3
   1e834: 63 17 d8 00  	bne	a6, a3, 0x1e842 <__trunctfdf2+0x216>
   1e838: 09 ca        	beqz	a2, 0x1e84a <__trunctfdf2+0x21e>
   1e83a: fd 57        	li	a5, -0x1
   1e83c: 13 07 e0 7f  	li	a4, 0x7fe
   1e840: 29 a0        	j	0x1e84a <__trunctfdf2+0x21e>
   1e842: 89 46        	li	a3, 0x2
   1e844: e3 1b d8 fe  	bne	a6, a3, 0x1e83a <__trunctfdf2+0x20e>
   1e848: 6d da        	beqz	a2, 0x1e83a <__trunctfdf2+0x20e>
   1e84a: 93 06 f0 7f  	li	a3, 0x7ff
   1e84e: 93 e5 55 00  	ori	a1, a1, 0x5
   1e852: 8d 83        	srli	a5, a5, 0x3
   1e854: e3 07 d7 f6  	beq	a4, a3, 0x1e7c2 <__trunctfdf2+0x196>
   1e858: 13 07 e0 7f  	li	a4, 0x7fe
   1e85c: a9 bd        	j	0x1e6b6 <__trunctfdf2+0x8a>
   1e85e: 81 47        	li	a5, 0x0
   1e860: 95 45        	li	a1, 0x5
   1e862: 13 07 f0 7f  	li	a4, 0x7ff
   1e866: 81 bd        	j	0x1e6b6 <__trunctfdf2+0x8a>

000000000001e868 <__clzdi2>:
   1e868: 93 07 80 03  	li	a5, 0x38
   1e86c: 33 57 f5 00  	srl	a4, a0, a5
   1e870: 93 76 f7 0f  	andi	a3, a4, 0xff
   1e874: 8d e2        	bnez	a3, 0x1e896 <__clzdi2+0x2e>
   1e876: e1 17        	addi	a5, a5, -0x8
   1e878: f5 fb        	bnez	a5, 0x1e86c <__clzdi2+0x4>
   1e87a: 13 07 00 04  	li	a4, 0x40
   1e87e: b3 07 f7 40  	sub	a5, a4, a5
   1e882: 17 17 00 00  	auipc	a4, 0x1
   1e886: 13 07 67 0a  	addi	a4, a4, 0xa6
   1e88a: 2a 97        	add	a4, a4, a0
   1e88c: 03 45 07 00  	lbu	a0, 0x0(a4)
   1e890: 3b 85 a7 40  	subw	a0, a5, a0
   1e894: 82 80        	ret
   1e896: 3a 85        	mv	a0, a4
   1e898: cd b7        	j	0x1e87a <__clzdi2+0x12>
